competitor,competitor_product,vos_product,vos_url,score,confidence,competitor_url
ninja-vapes.co.uk,Hyola Pro Max 8000 Puffs Prefilled Refill Pods,Hyola Pro Max 8000 Puffs Prefilled Refill Pods,https://vapeonlinestore.co.uk/products/hyola-pro-max-8000-prefilled-replacement-pods,1.0,high,https://www.ninja-vapes.co.uk/product/hyola-pro-max-8000-puffs-prefilled-pods
ninja-vapes.co.uk,crystal pro cp 10k prefilled refill pods,Crystal Pro Cp 10000 Prefilled Pod,https://vapeonlinestore.co.uk/products/box-of-5-crystal-pro-cp-10k-pod,1.0,high,https://www.ninja-vapes.co.uk/product/crystal-pro-cp-10k-prefilled-refill-pods
ninja-vapes.co.uk,Lost Mary Nera 15000 Refill Pods,box of 10 lost mary nera 15k puffs prefilled replacement pods,https://vapeonlinestore.co.uk/products/box-of-10-lost-mary-nera-pods,1.0,high,https://www.ninja-vapes.co.uk/product/lost-mary-nera-15k-pods
ninja-vapes.co.uk,Lost Mary Bm6000 Prefilled Refill Pods,Lost Mary Bm6000 Refill Pods,https://vapeonlinestore.co.uk/products/lost-mary-bm6000-prefilled-replacement-pods,1.0,high,https://www.ninja-vapes.co.uk/product/lost-mary-bm6000-prefilled-refill-pods
ninja-vapes.co.uk,bloody bar 60k prefilled refill pods,bloody bar 60k replacement pods pack of 1,https://vapeonlinestore.co.uk/products/bloody-bar-60k-pods,1.0,high,https://www.ninja-vapes.co.uk/product/prefilled-refill-pod-bloody-bar-60k
ninja-vapes.co.uk,Pixl 8000 Puffs Prefilled Pods Kit,pixl 8000 prefilled pod vape kit,https://vapeonlinestore.co.uk/products/pixl-8000,1.0,high,https://www.ninja-vapes.co.uk/product/pixl-8000-puffs-prefilled-pod-kit
ninja-vapes.co.uk,Hqd Glow Air 70000 Puffs Prefilled Pods Kit,hqd glow air 70k 70k puff vape,https://vapeonlinestore.co.uk/products/hqd-glow-air-70k,1.0,high,https://www.ninja-vapes.co.uk/product/hqd-glow-air-70k-prefilled-pod-kit
ninja-vapes.co.uk,Crystal Pro Cp 10000 Puffs Prefilled Pods Kit,Crystal Pro Cp 10000 Prefilled Pods Kit,https://vapeonlinestore.co.uk/products/crystal-pro-cp-10k,1.0,high,https://www.ninja-vapes.co.uk/product/suonon-crystal-pro-cp-10k-puffs-prefilled-pod-kit
ninja-vapes.co.uk,Hyola Ultra 30000 Puffs Prefilled Pods Kit,Hyola Ultra 30000 Puffs Prefilled Pods Vape Kit,https://vapeonlinestore.co.uk/products/hyola-ultra-30k,1.0,high,https://www.ninja-vapes.co.uk/product/hyola-ultra-30k-puffs-prefilled-pod-kit
ninja-vapes.co.uk,Lost Mary Nera 30000 Puffs Fullview Pod Kit,Lost Mary Nera 30000 Fullview Pod Kit,https://vapeonlinestore.co.uk/products/lost-mary-nera-30k,1.0,high,https://www.ninja-vapes.co.uk/product/lost-mary-nera-30k
ninja-vapes.co.uk,Ivg Pro 12 10000 Puffs Starter Kit 20Mg,Ivg Pro 12 10000 Prefilled Pods Kit,https://vapeonlinestore.co.uk/products/ivg-pro-10000,1.0,high,https://www.ninja-vapes.co.uk/product/ivg-pro-12-starter-kit
ninja-vapes.co.uk,vaporesso dojo blast 2000 go refill pods,vaporesso dojo blast 2000 go prefilled replacement pods,https://vapeonlinestore.co.uk/products/vaporesso-dojo-blast-2000-go-prefilled-replacement-pods,1.0,high,https://www.ninja-vapes.co.uk/product/vaporesso-dojo-blast-2k-refills
ninja-vapes.co.uk,vaporesso dojo blast 2000 go pod kit,vaporesso dojo blast 2000 go puffs pod kit,https://vapeonlinestore.co.uk/products/vaporesso-dojo-blast-2000-go-pod-kit,1.0,high,https://www.ninja-vapes.co.uk/product/vaporesso-dojo-blast-2000-go-pod-kit
ninja-vapes.co.uk,Ivg Savr 3000 Puffs Vape Kit,ivg savr 3000 puffs disposable pod kit,https://vapeonlinestore.co.uk/products/ivg-savr-3000,1.0,high,https://www.ninja-vapes.co.uk/product/ivg-savr-3000
ninja-vapes.co.uk,ske cl2000 puffs prefilled pod kit,ske crystal cl2000 prefilled pod kit,https://vapeonlinestore.co.uk/products/ske-crystal-cl2000,1.0,high,https://www.ninja-vapes.co.uk/product/ske-cl2000-puffs-prefilled-pod-kit
ninja-vapes.co.uk,ske cl2000 prefilled refill pod,ske cl2000 refill pods,https://vapeonlinestore.co.uk/products/ske-cl2000-pods,1.0,high,https://www.ninja-vapes.co.uk/product/ske-cl2000-prefilled-refill-pods
ninja-vapes.co.uk,Bloody Bar Ultra Twist 20000 Puffs Prefilled Pods Kit,Bloody Bar Ultra Twist 20000 Puffs Prefilled Pods Kit,https://vapeonlinestore.co.uk/products/bloody-bar-ultra-twist-20000,1.0,high,https://www.ninja-vapes.co.uk/product/bloody-bar-ultra-twist-20000-puffs
ninja-vapes.co.uk,elf bar dual 10000 puffs prefilled pod kit,Elf Bar Dual 10000 Prefilled Pods Kit,https://vapeonlinestore.co.uk/products/elf-bar-dual-10k-puff-vape,1.0,high,https://www.ninja-vapes.co.uk/product/elfbar-dual-10000
ninja-vapes.co.uk,bloody bar ultra twist 20k refill pods,bloody bar ultra twist 20k refill pods,https://vapeonlinestore.co.uk/products/bloody-bar-ultra-twist-20k-pods,1.0,high,https://www.ninja-vapes.co.uk/product/bloody-bar-ultra-twist-20000-refill-pods
ninja-vapes.co.uk,feoba pro plus 10k prefilled pods,feoba pro plus 10k prefilled pods,https://vapeonlinestore.co.uk/products/feoba-pro-plus-10k-pods,1.0,high,https://www.ninja-vapes.co.uk/product/feoba-pro-plus-10k-prefilled-pods
ninja-vapes.co.uk,Ske Cl6000 Prefilled Pods,ske crystal cl6000 replacement pods pack of 1,https://vapeonlinestore.co.uk/products/ske-crystal-cl6000-pods,1.0,high,https://www.ninja-vapes.co.uk/product/ske-crystal-cl6000-prefilled-pods
ninja-vapes.co.uk,al fakher 30k hypermax refill pods,al fakher 30000 hypermax replacement pods,https://vapeonlinestore.co.uk/products/al-fakher-30k-pods,1.0,high,https://www.ninja-vapes.co.uk/product/al-fakher-30k-puffs-hypermax-refill-pods
ninja-vapes.co.uk,nexel aero 7000 prefilled refill pods,nexel aero 7000 replacement pods,https://vapeonlinestore.co.uk/products/nexel-aero-7000-pods,1.0,high,https://www.ninja-vapes.co.uk/product/nexel-aero-7000-refill-pod-pack
ninja-vapes.co.uk,vaporesso dojo blast 7k fresh vape kit,vaporesso dojo blast 7k fresh prefilled pod kit,https://vapeonlinestore.co.uk/products/vaporesso-dojo-blast-7k-fresh,1.0,high,https://www.ninja-vapes.co.uk/product/vaporesso-dojo-blast-7k-fresh
ninja-vapes.co.uk,tick tock magic 8000 prefilled refill pods,tick tock magic 8000 pods,https://vapeonlinestore.co.uk/products/tick-tock-magic-8k-pods,1.0,high,https://www.ninja-vapes.co.uk/product/tick-tock-magic-8000-prefilled-refill-pods
ninja-vapes.co.uk,Tick Tock Magic 8000 Puffs Vape Kit,tick tock magic 8000 prefilled pod kit,https://vapeonlinestore.co.uk/products/tick-tock-magic-8000,1.0,high,https://www.ninja-vapes.co.uk/product/tick-tock-magic-8000
ninja-vapes.co.uk,Hayati Pro Max Plus 6000 Puffs Prefilled Vape Kit,Hayati Pro Max Plus 6000 Prefilled Pods Kit,https://vapeonlinestore.co.uk/products/hayati-pro-max-plus-6000,1.0,high,https://www.ninja-vapes.co.uk/product/hayati-pro-max-tpd
ninja-vapes.co.uk,Hayati Pro Ultra Plus 25000 Pods,Hayati Pro Ultra Plus 25000 Replacement Refill Pods,https://vapeonlinestore.co.uk/products/hayati-pro-ultra-plus-pods,1.0,high,https://www.ninja-vapes.co.uk/product/hayati-pro-ultra-plus-25k-prefilled-refill-pods
ninja-vapes.co.uk,elux legend 8000 refill pod,elux legend 8000 prefilled pods,https://vapeonlinestore.co.uk/products/elux-legend-8000-pods,1.0,high,https://www.ninja-vapes.co.uk/product/refill-pods-for-elux-legend-8000
ninja-vapes.co.uk,elux legend 8000 puffs prefilled pod kit,elux legend 8000 prefilled pod kit,https://vapeonlinestore.co.uk/products/elux-legend-8000,1.0,high,https://www.ninja-vapes.co.uk/product/elux-legend-8000
ninja-vapes.co.uk,Hayati Pro Ultra Plus 25000 Puffs Vape Kit,Hayati Pro Ultra Plus 25000 Prefilled Pods Kit,https://vapeonlinestore.co.uk/products/hayati-pro-ultra,1.0,high,https://www.ninja-vapes.co.uk/product/box-of-10-hayati-pro-ultra-plus-25000
ninja-vapes.co.uk,randm fumot tornado 18000 puffs vape kit,fumot randm tornado 18000 puffs disposable pod kit,https://vapeonlinestore.co.uk/products/fumot-randm-tornado-18000-pod-kit,1.0,high,https://www.ninja-vapes.co.uk/product/randm-fumot-18000-replaceable-vape
ninja-vapes.co.uk,Oxva Tasteflex Sl 12000 Puffs Prefilled Pods Kit,oxva tasteflex sl 12000 prefilled pod kit,https://vapeonlinestore.co.uk/products/oxva-tasteflex-sl-12000-prefilled-pod-kit,1.0,high,https://www.ninja-vapes.co.uk/product/oxva-tasteflex-sl-12k
ninja-vapes.co.uk,Vaporesso Dojo Blast 10000 Puffs Prefilled Pods Kit,Vaporesso Dojo Blast 10000 Prefilled Pods Vape Kit,https://vapeonlinestore.co.uk/products/vaporesso-dojo-blast-10k,1.0,high,https://www.ninja-vapes.co.uk/product/vaporesso-dojo-blast-10k-vape-kit
ninja-vapes.co.uk,ivg nexio 10k refill pods,ivg nexio 10k refill pods,https://vapeonlinestore.co.uk/products/ivg-nexio-pods,1.0,high,https://www.ninja-vapes.co.uk/product/refill-pods-for-ivg-nexio-10k
ninja-vapes.co.uk,hawcos x lost mary pro max 7000 prefilled refill pods,hawcos x lost mary pro max 7000 replacement refill pods,https://vapeonlinestore.co.uk/products/hawcos-x-lost-mary-pro-max-7000-pods,1.0,high,https://www.ninja-vapes.co.uk/product/howcas-lost-mary-pro-max-7000-refill-pods
ninja-vapes.co.uk,pixl 5k refill pods,pixl 5000 puffs prefilled pods,https://vapeonlinestore.co.uk/products/pixl-5k-pods,1.0,high,https://www.ninja-vapes.co.uk/product/refill-pods-for-pixl-5k
ninja-vapes.co.uk,pixl 5k puffs prefilled pod kit,pixl 5000 puffs prefilled pod kit,https://vapeonlinestore.co.uk/products/pixl-5000-prefilled-pod-kit,1.0,high,https://www.ninja-vapes.co.uk/product/pixl-5k
ninja-vapes.co.uk,pixl 8000 refill pods,pixl 8000 prefilled pods pack of 1,https://vapeonlinestore.co.uk/products/pixl-8000-prefilled-pods,1.0,high,https://www.ninja-vapes.co.uk/product/pixl-8000-puffs-prefilled-refill-pods
ninja-vapes.co.uk,hayati rubik 7000 prefilled refill pods,Hayati Rubik 7000 Prefilled Refill Pods,https://vapeonlinestore.co.uk/products/hayati-rubik-pods,1.0,high,https://www.ninja-vapes.co.uk/product/hayati-rubik-7k-prefilled-refill-pods
ninja-vapes.co.uk,elf bar dual 10k prefilled refill pods,elf bar dual 10k puffs replacement pods,https://vapeonlinestore.co.uk/products/elf-bar-dual-10k-pods,1.0,high,https://www.ninja-vapes.co.uk/product/elf-bar-dual-10000-10k-prefilled-refill-pod
ninja-vapes.co.uk,Crystal Prime 10000 Puffs Vape Aura Bar,crystal prime 10000 puffs vape kit aura bar vape,https://vapeonlinestore.co.uk/products/crystal-prime-10000-aura-bar,1.0,high,https://www.ninja-vapes.co.uk/product/box-of-5-crystal-prime-10k
ninja-vapes.co.uk,Vapes Bars Ghost Pro 8000 Plus Puffs Prefilled Pods Kit,box of 10 ghost pro 8000 plus vape pod kit,https://vapeonlinestore.co.uk/products/box-of-10-vapes-bar-ghost-pro-6000,1.0,high,https://www.ninja-vapes.co.uk/product/vapes-bar-ghost-pro-8000-plus-prefilled-pod-kit
ninja-vapes.co.uk,hayati mini ultra 1500 prefilled refill pods,hayati mini ultra 1500 puff prefilled replacement pods,https://vapeonlinestore.co.uk/products/hayati-mini-ultra-1500-pods,1.0,high,https://www.ninja-vapes.co.uk/product/hayati-mini-ultra-1500-prefilled-refill-pods
ninja-vapes.co.uk,Hayati Pro Max Plus Pods Hayati 6000 Pods,Hayati Pro Max Plus 6000 Replacement Refill Pods,https://vapeonlinestore.co.uk/products/hayati-pro-max-plus-6000-replacement-pods,1.0,high,https://www.ninja-vapes.co.uk/product/hayati-pro-max-plus-6k-prefilled-refills
ninja-vapes.co.uk,uwell viscore 8000 refill pods,uwell viscore 8000 puffs prefilled vape pods 20mg,https://vapeonlinestore.co.uk/products/uwell-viscore-8000-prefilled-pods,1.0,high,https://www.ninja-vapes.co.uk/product/uwell-viscore-8000-refill-pods
ninja-vapes.co.uk,Hayati Mini Ultra 1500 Puffs Vape Kit,hayati mini ultra 1500 puffs pod kit,https://vapeonlinestore.co.uk/products/hayati-mini-ultra-1500,1.0,high,https://www.ninja-vapes.co.uk/product/hayati-mini-ultra-1500-disposable-vape
ninja-vapes.co.uk,lost mary tappo prefilled vape pods,lost mary tappo prefilled replacement pods pack of 2,https://vapeonlinestore.co.uk/products/lost-mary-tappo-prefilled-replacement-pods,1.0,high,https://www.ninja-vapes.co.uk/product/tappo-pefilled-pods-by-lost-mary
ninja-vapes.co.uk,geek bar hagimi pro max 10k puffs pod kit,geek bar hagimi pro max 10k prefilled pod kit,https://vapeonlinestore.co.uk/products/geek-bar-hagimi-pro-max,1.0,high,https://www.ninja-vapes.co.uk/product/geek-bar-hagimi-pro-max-10000
ninja-vapes.co.uk,Vaporesso Dojo Blast 10000 Refill Pods 10Mg,Vaporesso Dojo Blast 10000 Prefilled Pods,https://vapeonlinestore.co.uk/products/vaporesso-dojo-blast-10k-pods,1.0,high,https://www.ninja-vapes.co.uk/product/vaporesso-dojo-blast-10k-10mg-refill-pods
ninja-vapes.co.uk,Ivg Smart Max 10000 Puffs Prefilled Pods Kit 20Mg,Ivg Smart Max 10000 Reusable Vape Kit,https://vapeonlinestore.co.uk/products/ivg-smart-max-10k,1.0,high,https://www.ninja-vapes.co.uk/product/ivg-smart-max-10000
ninja-vapes.co.uk,ske memers wukong v10000 prefilled refill pods,Ske Memers Wukong V10000 Refill Pods 20Mg,https://vapeonlinestore.co.uk/products/ske-memers-wukong-v10000-replacement-pods,1.0,high,https://www.ninja-vapes.co.uk/product/memers-wukong-v10000-prefilled-pods
ninja-vapes.co.uk,Hyola Pro Max 8000 Puffs Prefilled Pods Kit,Hyola Pro Max 8000 Prefilled Pods Kit,https://vapeonlinestore.co.uk/products/box-of-10-hyola-pro-max-8000,1.0,high,https://www.ninja-vapes.co.uk/product/hyola-pro-max-8000-puffs-prefilled-pod-kit
ninja-vapes.co.uk,ske bar 600 puffs prefilled pod kit (zero nicotine),ske bar 600 zero nicotine prefilled pod kit,https://vapeonlinestore.co.uk/products/ske-bar-600-zero-nicotine-vape,1.0,high,https://www.ninja-vapes.co.uk/product/ske-bar-600-prefilled-pod-kit-0mg
ninja-vapes.co.uk,ivg nexio 10k prefilled pod vape kit,ivg nexio 10000 puffs prefilled pod kit,https://vapeonlinestore.co.uk/products/ivg-nexio-10000-pod-kit,1.0,high,https://www.ninja-vapes.co.uk/product/ivg-nexio
ninja-vapes.co.uk,merakii 3000 puffs prefilled pod kit,merakii 3000 puff vape,https://vapeonlinestore.co.uk/products/merakii-3000,1.0,high,https://www.ninja-vapes.co.uk/product/merakii-3000-puffs
ninja-vapes.co.uk,Ivg Pro 12 Prefilled Pods 0Mg,Ivg Pro 12 Prefilled Refill Pods,https://vapeonlinestore.co.uk/products/fresh-menthol-mojito-ivg-pro-12-pods,1.0,high,https://www.ninja-vapes.co.uk/product/refill-pods-for-ivg-pro-12-0mg
ninja-vapes.co.uk,Bloody Bar Crystal 10000 Puffs Vape,bloody bar crystal 10000 puffs vape,https://vapeonlinestore.co.uk/products/bloody-bar-crystal-10000-puff-vape,1.0,high,https://www.ninja-vapes.co.uk/product/bloody-bar-crystal-10k
ninja-vapes.co.uk,bloody bar crystal 10000 prefilled refill pod,bloody bar crystal 10k prefilled pods,https://vapeonlinestore.co.uk/products/bloody-bar-crystal-10k-prefilled-pods,1.0,high,https://www.ninja-vapes.co.uk/product/bloody-bar-crystal-10000-refill-pods
ninja-vapes.co.uk,Vapengin Martian Prefilled Refill Pods,vapengin martian x prefilled refill pods,https://vapeonlinestore.co.uk/products/vapengin-martian-x-pods,1.0,high,https://www.ninja-vapes.co.uk/product/vapengin-martian-x-prefilled-refill-pods-10000
ninja-vapes.co.uk,Hayati Pro Ultra Plus Shisha 30000 Puffs Vape Kit,Hayati Pro Ultra Plus Shisha 30000 Prefilled Pods Kit,https://vapeonlinestore.co.uk/products/hayati-pro-ultra-plus-shisha-30k,1.0,high,https://www.ninja-vapes.co.uk/product/box-of-5-hayati-pro-ultra-plus-shisha-30000
ninja-vapes.co.uk,Uwell Viscore 8000 Puffs Pod Kit,uwell viscore 8000 puffs prefilled pod kit 8000 puff vape,https://vapeonlinestore.co.uk/products/uwell-viscore-8000-puffs-pod-kit,1.0,high,https://www.ninja-vapes.co.uk/product/uwell-viscore-8000
ninja-vapes.co.uk,relx maxgo combo 33k puffs prefilled pod kit,Relx Maxgo Combo 33000 Puffs Vape,https://vapeonlinestore.co.uk/products/cool-mint-watermelon-breeze-relx-maxgo-combo-33k,1.0,high,https://www.ninja-vapes.co.uk/product/relx-maxgo-combo-33k
ninja-vapes.co.uk,Ske Cl6000 Prefilled Pods Vape Kit,ske crystal cl6000 prefilled pod vape kit,https://vapeonlinestore.co.uk/products/ske-crystal-cl6000-prefilled-pod-vape-kit,1.0,high,https://www.ninja-vapes.co.uk/product/ske-crystal-cl6000-disposable-vape
ninja-vapes.co.uk,Ivg Smart Max 10000 Prefilled Refill Pods 10Mg,Ivg Smart Max 10000 Puffs Prefilled Refill Pods,https://vapeonlinestore.co.uk/products/ivg-smart-max-pods,1.0,high,https://www.ninja-vapes.co.uk/product/ivg-smart-max-10k-prefilled-refill-pods-10mg
ninja-vapes.co.uk,elux cyberover 6k refill pod,elux cyberover 6k puffs prefilled replacement pods,https://vapeonlinestore.co.uk/products/elux-cyberover-6k-pods,1.0,high,https://www.ninja-vapes.co.uk/product/elux-cyberover-6000-6k-refill-pods
ninja-vapes.co.uk,Vozol Vista Plug 10000 Puffs,Vozol Vape Vista Plug 10000 Puffs Disposable Kit,https://vapeonlinestore.co.uk/products/vozol-10000,1.0,high,https://www.ninja-vapes.co.uk/product/vozol-vista-plug
ninja-vapes.co.uk,ske 30k pro max vape 2in1 kit,ske 30k pro max 2 in 1 flavour vape kit,https://vapeonlinestore.co.uk/products/ske-30k-pro-max,1.0,high,https://www.ninja-vapes.co.uk/product/ske-30k-pro-max-vape-kit
ninja-vapes.co.uk,hayati finebar prefilled pods (2pack),hayati finebar prefilled replacement pods,https://vapeonlinestore.co.uk/products/hayati-finebar-pods,1.0,high,https://www.ninja-vapes.co.uk/product/refill-pods-for-hayati-finebar-1000
ninja-vapes.co.uk,geek bar up 10000 puffs prefilled pod kit,geek bar up 10000 pod kit,https://vapeonlinestore.co.uk/products/geek-bar-up-10000,1.0,high,https://www.ninja-vapes.co.uk/product/Geek-bar-up-10000-puffs-prefilled-vape-kit
ninja-vapes.co.uk,ske 600 pro prefilled pods,ske 600 pro prefilled replacement pods,https://vapeonlinestore.co.uk/products/ske-600-pro-pre-filled-pods,1.0,high,https://www.ninja-vapes.co.uk/product/ske-600-pro-prefilled-pods
ninja-vapes.co.uk,relx ultra refill pods,relx ultra refill pods,https://vapeonlinestore.co.uk/products/relx-ultra-pods,1.0,high,https://www.ninja-vapes.co.uk/product/refill-pods-for-relx-ultra
ninja-vapes.co.uk,Firerose 5000 Nic Salt E-Liquid By Elux,Elux Firerose 5000 Nic Salt,https://vapeonlinestore.co.uk/products/blue-razz-gummy-elux-firerose-5000-nic-salt,1.0,high,https://www.ninja-vapes.co.uk/product/firerose-5000-white-gummy-nic-salt-e-liquid-elux
ninja-vapes.co.uk,elf bar af5500 puffs prefilled refill pods,elf bar af5500 prefilled pods,https://vapeonlinestore.co.uk/products/elf-bar-af5000-pods,1.0,high,https://www.ninja-vapes.co.uk/product/elf-bar-af5500-prefilled-refill-pods
ninja-vapes.co.uk,al fakher hypermax prime 50k puffs prefilled kit,Al Fakher Hypermax Prime 50000 Prefilled Pods Kit,https://vapeonlinestore.co.uk/products/al-fakher-hypermax-prime-50000,1.0,high,https://www.ninja-vapes.co.uk/product/al-fakher-hypermax-prime-50k
ninja-vapes.co.uk,crystal storm 12k refill pods,crystal storm 12000 prefilled pods,https://vapeonlinestore.co.uk/products/crystal-storm-12000-pods,1.0,high,https://www.ninja-vapes.co.uk/product/refill-pods-for-crystal-storm-12k
ninja-vapes.co.uk,hayati liora prefilled pods (2pack),hayati liora prefilled vape pods,https://vapeonlinestore.co.uk/products/hayati-liora-prefilled-pods,1.0,high,https://www.ninja-vapes.co.uk/product/hayati-liora-prefilled-pods
ninja-vapes.co.uk,hayati pro max plus 6k puffs kit 0mg (zero nicotine),hayati pro max plus 6000 zero nicotine prefilled pod kit,https://vapeonlinestore.co.uk/products/hayati-pro-max-plus-6000-0mg,1.0,high,https://www.ninja-vapes.co.uk/product/hayati-pro-max-plus-6000-0mg
ninja-vapes.co.uk,Pyne Pod Click 10000 Puffs Vape Kit,Pyne Pod Click 10000 Prefilled Pods Kit,https://vapeonlinestore.co.uk/products/box-of-10-pyne-click-10000,1.0,high,https://www.ninja-vapes.co.uk/product/pyne-pod-click-10000
ninja-vapes.co.uk,Lost Mary Bm600 Prefilled Pods,lost mary bm600 prefilled replacement pods pack of 2,https://vapeonlinestore.co.uk/products/lost-mary-bm600-prefilled-pods,1.0,high,https://www.ninja-vapes.co.uk/product/lost-mary-bm600-prefilled-pods
ninja-vapes.co.uk,Smok Novo 2 Pod Vape Starter Kit,Smok Novo 2 Pod Kit,https://vapeonlinestore.co.uk/products/smok-novo-2-pod-kit,1.0,high,https://www.ninja-vapes.co.uk/product/smok-novo-2-pod-vape-starter-kit-800mah
ninja-vapes.co.uk,Ivg 2400 Reload 4In1 Prefilled Refill Pods,ivg 2400 reload 4-in-1 prefilled pods pack of 4,https://vapeonlinestore.co.uk/products/ivg-2400-reload-pods,1.0,high,https://www.ninja-vapes.co.uk/product/ivg-2400-reload-4-in-1-vape-pods
ninja-vapes.co.uk,Lost Mary Bm6000 Puffs Prefilled Vape Kit,Lost Mary Bm6000 Prefilled Pods Vape Kit,https://vapeonlinestore.co.uk/products/triple-mango-lost-mary-bm6000,1.0,high,https://www.ninja-vapes.co.uk/product/lost-mary-bm6000
ninja-vapes.co.uk,elux ene legend 15k refill pods,ene legend 15k puffs replacement pods,https://vapeonlinestore.co.uk/products/ene-legend-15k-puffs-replacement-pods,1.0,high,https://www.ninja-vapes.co.uk/product/refill-pods-for-elux-ene-legend-15k
ninja-vapes.co.uk,elfbar joinone classic refill pod,elf bar joinone classic prefilled pod,https://vapeonlinestore.co.uk/products/elf-bar-joinone-classic-pod,1.0,high,https://www.ninja-vapes.co.uk/product/refill-pods-for-elfbar-joinone-classic
ninja-vapes.co.uk,Crystal Galaxy Focus 2 30000 Refill Pods,Crystal Galaxy Focus 2 30000 Refill Pods,https://vapeonlinestore.co.uk/products/crystal-galaxy-focus-2-30k-refill-pods,1.0,high,https://www.ninja-vapes.co.uk/product/crystal-galaxy-focus-2-30k-refill-pods
ninja-vapes.co.uk,Crystal Galaxy Focus 2 30000 Puffs Prefilled Pods Kit,Crystal Galaxy Focus 2 30000 Prefilled Pods Kit,https://vapeonlinestore.co.uk/products/crystal-galaxy-focus-30000,1.0,high,https://www.ninja-vapes.co.uk/product/box-of-5-crystal-galaxy-focus-2-30k-2-in-1
ninja-vapes.co.uk,Tick Tock Mini 2000 Puffs Vape Kit,tick tock mini 2000 puffs vape,https://vapeonlinestore.co.uk/products/tick-tock-mini-2000,1.0,high,https://www.ninja-vapes.co.uk/product/tick-tock-mini-2000
ninja-vapes.co.uk,feoba pro plus 10k prefilled pod kit,feoba pro plus 10k prefilled pod kit,https://vapeonlinestore.co.uk/products/feoba-pro-plus-10k,1.0,high,https://www.ninja-vapes.co.uk/product/feoba-pro-plus-10k-prefilled-pod-kit
ninja-vapes.co.uk,Feoba Pro 6000 Puffs Prefilled Pods Kit,Feoba Pro 6000 Prefilled Pods Kit,https://vapeonlinestore.co.uk/products/box-of-10-feoba-pro-6000,1.0,high,https://www.ninja-vapes.co.uk/product/feoba-big-bar-pro-6000-puffs
ninja-vapes.co.uk,Ivg Pro 2 10000 Puffs Prefilled Pods Kit,Ivg Pro 2 10000 Puffs Prefilled Pods Kit,https://vapeonlinestore.co.uk/products/ivg-pro-2-10k,1.0,high,https://www.ninja-vapes.co.uk/product/ivg-pro-2-10k
ninja-vapes.co.uk,crystal pro cp 10k puffs kit zero nicotine 0mg,crystal pro cp 10k zero nicotine vape kit,https://vapeonlinestore.co.uk/products/crystal-pro-cp-10k-zero-nicotine-vape,1.0,high,https://www.ninja-vapes.co.uk/product/crystal-pro-cp-10k-0mg
ninja-vapes.co.uk,Juicy Pod Novamax 10000 Puffs Pod Vape Kit,Juicy Pod Novamax 10000 Prefilled Pods Kit,https://vapeonlinestore.co.uk/products/juicy-pod-novamax-10000,1.0,high,https://www.ninja-vapes.co.uk/product/juicy-pod-novamax-10k
ninja-vapes.co.uk,frooti tooti 100ml shortfill e-liquid,Frooti Tooti Shortfill 50Ml E-Liquid,https://vapeonlinestore.co.uk/products/frooti-tooti-shortfill-50ml-e-liquid,1.0,high,https://www.ninja-vapes.co.uk/product/frooti-tooti-100ml-shortfill-eliquids
ninja-vapes.co.uk,drifter bar 6000 puffs prefilled pod kit,drifter bar 6000 prefilled pod vape kit,https://vapeonlinestore.co.uk/products/drifter-bar-6000,1.0,high,https://www.ninja-vapes.co.uk/product/drifter-bar-6000-puffs
ninja-vapes.co.uk,Randm Fumot T7000 Puffs Prefilled Pods Vape Kit,randm fumot t7000 puffs prefilled pod kit,https://vapeonlinestore.co.uk/products/randm-fumot-t7000,1.0,high,https://www.ninja-vapes.co.uk/product/randm-fumot-t7000-prefilled-pod-kit
ninja-vapes.co.uk,uwell caliburn g5 pod kit,uwell caliburn g5 pod vape kit,https://vapeonlinestore.co.uk/products/uwell-caliburn-g5-pod-kit,1.0,high,https://www.ninja-vapes.co.uk/product/uwell-caliburn-g5
ninja-vapes.co.uk,relx ultra prefilled pod kit,relx ultra prefilled pod kit,https://vapeonlinestore.co.uk/products/relx-ultra-prefilled-pod-kit,1.0,high,https://www.ninja-vapes.co.uk/product/relx-ultra
ninja-vapes.co.uk,crystal pro switch 30k prefilled refill pods,crystal pro switch 30k prefilled pods,https://vapeonlinestore.co.uk/products/crystal-pro-switch-30k-pods,1.0,high,https://www.ninja-vapes.co.uk/product/crystal-pro-switch-30k-prefilled-refill-Pods
ninja-vapes.co.uk,Ivg 2400 Puffs Reusable Pod Vape Kit,Ivg 2400 Puffs Disposable Kit,https://vapeonlinestore.co.uk/products/grape-ice-ivg-2400,1.0,high,https://www.ninja-vapes.co.uk/product/ivg-2400-puffs-disposable-pod-kit
ninja-vapes.co.uk,suonon pro x 12k puffs prefilled pod kit,suonon pro x 12k prefilled pod kit,https://vapeonlinestore.co.uk/products/suonon-pro-x-12k,1.0,high,https://www.ninja-vapes.co.uk/product/suonon-pro-x-12k
ninja-vapes.co.uk,Al Fakher Hypermax Prime 50000 Refill Pods,Al Fakher 50000 Hypermax Prime Refill Pods,https://vapeonlinestore.co.uk/products/box-of-10-al-fakher-50k-hypermax-prime-pods,1.0,high,https://www.ninja-vapes.co.uk/product/box-of-10-al-fakher-hypermax-prime-50k-refill-pods
ninja-vapes.co.uk,relx maxgo 12k prefilled pod kit,relx maxgo 12k puff vape,https://vapeonlinestore.co.uk/products/relx-maxgo-12000,1.0,high,https://www.ninja-vapes.co.uk/product/relx-maxgo-12k-12000-puffs-prefilled-pod-vape-kit
ninja-vapes.co.uk,suonon pro x 12k refill pods,suonon pro x 12k refill pods,https://vapeonlinestore.co.uk/products/suonon-pro-x-12k-pods,1.0,high,https://www.ninja-vapes.co.uk/product/refill-pods-for-suonon-pro-x-12k
ninja-vapes.co.uk,Vapes Bars Angel 20000 Puffs Vape Kit,Vapes Bars Angel 20000 Pod Kit Prefilled And Reusable,https://vapeonlinestore.co.uk/products/vapes-bars-angel-20000-puff-vape,1.0,high,https://www.ninja-vapes.co.uk/product/angel-20k-dual-pod
ninja-vapes.co.uk,elf bar elfa prefilled 2ml pods (2pack),Elf Bar Elfa Prefilled Pods,https://vapeonlinestore.co.uk/products/elf-bar-elfa-prefilled-pods,1.0,high,https://www.ninja-vapes.co.uk/product/elf-bar-elfa-pod
ninja-vapes.co.uk,Enjoy Ultra 9000 Puffs Prefilled Pods Kit,Enjoy Ultra 9000 Puffs Pod Vape Kit,https://vapeonlinestore.co.uk/products/enjoy-ultra-9000,1.0,high,https://www.ninja-vapes.co.uk/product/enjoy-ultra-9000
ninja-vapes.co.uk,al fakher crown bar 600 puffs pod kit,al fakher crown bar 600 pod kit,https://vapeonlinestore.co.uk/products/al-fakher-crown-bar-600,1.0,high,https://www.ninja-vapes.co.uk/product/al-fakher-crown-bar-600
ninja-vapes.co.uk,smok rpm2 2ml replacement pod,smok rpm 2 replacement pods pack of 3,https://vapeonlinestore.co.uk/products/smok-rpm-2-pods,1.0,high,https://www.ninja-vapes.co.uk/product/smok-rpm2-2ml-replacement-pod
ninja-vapes.co.uk,jnr p5 glassrock 15k puffs prefilled pod kit,jnr p5 glassrock 15k prefilled pod kit,https://vapeonlinestore.co.uk/products/jnr-p5-glassrock-15k,1.0,high,https://www.ninja-vapes.co.uk/product/jnr-p5-glassrock-15k
ninja-vapes.co.uk,uwell caliburn g5 lite se pod kit,uwell caliburn g5 lite se vape kit,https://vapeonlinestore.co.uk/products/uwell-caliburn-g5-lite-se-vape-kit,1.0,high,https://www.ninja-vapes.co.uk/product/uwell-caliburn-g5-lite-se-vape-kit
ninja-vapes.co.uk,elf bar 4-in-1 prefilled pods,Elf Bar 4In1 Prefilled Pods,https://vapeonlinestore.co.uk/products/elf-bar-4in1-prefilled-pods,1.0,high,https://www.ninja-vapes.co.uk/product/elf-bar-4-in-1-prefilled-vape-pods
ninja-vapes.co.uk,Lost Mary Bm600 Prefilled Pods Vape Kit,Lost Mary Bm600 Prefilled Reusable Pod Kit,https://vapeonlinestore.co.uk/products/lost-mary-bm600-disposable-vape,1.0,high,https://www.ninja-vapes.co.uk/product/lost-mary-bm600-prefilled-pod-kit
ninja-vapes.co.uk,Aura Bar Twist 40000 Puffs Prefilled Pods Kit,Aura Bar Twist 40000 By Crystal Prime Kit,https://vapeonlinestore.co.uk/products/aura-bar-twist-40k,1.0,high,https://www.ninja-vapes.co.uk/product/crystal-prime-aura-bar-twist-40k-puffs
ninja-vapes.co.uk,elux firerose alter 7000 puffs prefilled pod kit,elux firerose alter 7k prefilled pod kit,https://vapeonlinestore.co.uk/products/elux-firerose-alter-7k,1.0,high,https://www.ninja-vapes.co.uk/product/elux-firerose-alter-7000
ninja-vapes.co.uk,Lost Mary Nera 30000 Pureview Pod Kit,lost mary nera 30k pureview prefilled pod kit,https://vapeonlinestore.co.uk/products/lost-mary-nera-30k-pureview,1.0,high,https://www.ninja-vapes.co.uk/product/lost-mary-nera-30k-pureview-pod-kit
ninja-vapes.co.uk,randm fumot t7000 refill pods,randm fumot t7000 refill pods,https://vapeonlinestore.co.uk/products/randm-fumot-t7000-refill-pods,1.0,high,https://www.ninja-vapes.co.uk/product/randm-fumot-t7000-refill-pods
ninja-vapes.co.uk,vaporesso xros mini vape kit,vaporesso xros mini pod kit,https://vapeonlinestore.co.uk/products/vaporesso-vape-mini-pod-kit-xros,1.0,high,https://www.ninja-vapes.co.uk/product/vaporesso-xros-mini-vape-kit
ninja-vapes.co.uk,oxva xlim pro pod vape kit,oxva xlim pro vape kit,https://vapeonlinestore.co.uk/products/oxva-xlim-pro-pod-kit,1.0,high,https://www.ninja-vapes.co.uk/product/oxva-xlim-pro-vape-kit
ninja-vapes.co.uk,fisco angel 50k puffs prefilled pod kit,fisco angel 50k prefilled pod kit,https://vapeonlinestore.co.uk/products/fisco-angel-50k-puffs,1.0,high,https://www.ninja-vapes.co.uk/product/fisco-angel-50k
ninja-vapes.co.uk,elfbar plus 12k puffs prefilled pod kit,elf bar plus 12000 prefilled pod kit,https://vapeonlinestore.co.uk/products/elf-bar-plus-12000,1.0,high,https://www.ninja-vapes.co.uk/product/elfbar-plus12
ninja-vapes.co.uk,relx maxgo refill pods,relx maxgo replacement pods,https://vapeonlinestore.co.uk/products/relx-maxgo-pods,1.0,high,https://www.ninja-vapes.co.uk/product/relx-maxgo-refill-pods
ninja-vapes.co.uk,al fakher crown bar mini 3k refill pods,al fakher crown bar mini 3k refill pods,https://vapeonlinestore.co.uk/products/al-fakher-crown-bar-mini-3k-refill-pods,1.0,high,https://www.ninja-vapes.co.uk/product/al-fakher-mini-3k-refill-pods
ninja-vapes.co.uk,nitecore i4 battery charger,i4 battery charger by nitecore,https://vapeonlinestore.co.uk/products/i4-battery-charger-by-nitecore,1.0,high,https://www.ninja-vapes.co.uk/product/nitecore-i4-battery-charger
ninja-vapes.co.uk,nitecore i2 battery charger,i2 battery charger by nitecore,https://vapeonlinestore.co.uk/products/i2-battery-charger-by-nitecore,1.0,high,https://www.ninja-vapes.co.uk/product/nitecore-i2-battery-charger
ninja-vapes.co.uk,nexay crush 10k refill pods,nexay crush 10k puffs prefilled pods,https://vapeonlinestore.co.uk/products/nexay-crush-10k-pods,1.0,high,https://www.ninja-vapes.co.uk/product/refill-pods-for-nexay-crush-10k
ninja-vapes.co.uk,nexay crush 10k puffs prefilled pod kit,nexay crush 10k prefilled pod kit,https://vapeonlinestore.co.uk/products/nexay-crush-10k,1.0,high,https://www.ninja-vapes.co.uk/product/nexay-crush-10k
ninja-vapes.co.uk,higo bb 4000 refill pods,higo bb 4000 refill pods,https://vapeonlinestore.co.uk/products/higo-bb-4000-pods,1.0,high,https://www.ninja-vapes.co.uk/product/refill-pods-for-higo-bb-4000
ninja-vapes.co.uk,Pyne Pod Click 50000 Puffs Prefilled Pods Kit,Pyne Pod Click 50000 Prefilled Pods Kit,https://vapeonlinestore.co.uk/products/pyne-pod-click-50k,1.0,high,https://www.ninja-vapes.co.uk/product/pyne-pod-click-50k-puffs-prefilled-pod-kit
ninja-vapes.co.uk,Maxfel Ultra Pro 35000 Prefilled Vape Kit,Maxfel Ultra Pro 35000 Puffs Prefilled Vape Pod Kit,https://vapeonlinestore.co.uk/products/maxfel-ultra-pro-35k,1.0,high,https://www.ninja-vapes.co.uk/product/maxfel-ultra-pro-35k-puffs-prefilled-pod-kit
ninja-vapes.co.uk,Enjoy Ultra 9000 Refill Pods,enjoy ultra 9000 prefilled refill pods,https://vapeonlinestore.co.uk/products/enjoy-ultra-9000-pods,1.0,high,https://www.ninja-vapes.co.uk/product/refill-pods-enjoy-ultra-9000
ninja-vapes.co.uk,Hayati Rubik 7000 Puffs Prefilled Vape Kit,Hayati Rubik 7000 Puffs Pod Kit,https://vapeonlinestore.co.uk/products/hayati-rubik-7000,1.0,high,https://www.ninja-vapes.co.uk/product/hayati-rubik-7000
ninja-vapes.co.uk,Vozol Mate 18000 Refill Pods,vozol mate 18k refill pods,https://vapeonlinestore.co.uk/products/vozol-mate-18k-pods,1.0,high,https://www.ninja-vapes.co.uk/product/refill-pods-for-vozol-mate-54k
ninja-vapes.co.uk,elux firerose alter 7000 refill pods,elux firerose alter 7000 prefilled pod,https://vapeonlinestore.co.uk/products/elux-firerose-alter-7000-pod,1.0,high,https://www.ninja-vapes.co.uk/product/refill-pods-for-elux-firerose-alter-7000
ninja-vapes.co.uk,lost mary nera 15k pureview refill pod,lost mary nera 15k pureview prefilled pods,https://vapeonlinestore.co.uk/products/lost-mary-nera-15k-pureview-pods,1.0,high,https://www.ninja-vapes.co.uk/product/lost-mary-nera-15k-pureview-refill-pods
ninja-vapes.co.uk,al fakher crown bar pro max 12k refill pods,al fakher crown bar pro max 12k puff pods,https://vapeonlinestore.co.uk/products/al-fakher-crown-bar-pro-max-12k-pods,1.0,high,https://www.ninja-vapes.co.uk/product/al-fakher-crown-bar-pro-max-12k-refills
ninja-vapes.co.uk,Pixl Duo 12 6000 Puffs Vape Kit,pixl duo 12 6000 puffs pod kit,https://vapeonlinestore.co.uk/products/pixl-duo-12-disposable-vape-kit-20mg,1.0,high,https://www.ninja-vapes.co.uk/product/pixl-duo-12-vape-kit
ninja-vapes.co.uk,Fisco Point Pro 7000 Puffs Prefilled Pods Kit,fisco point pro 7000 puffs disposable pod kit,https://vapeonlinestore.co.uk/products/fisco-point-pro-7000,1.0,high,https://www.ninja-vapes.co.uk/product/fisco-point-pro-7000
ninja-vapes.co.uk,yeti ice cold 100ml shortfill e-liquid,yeti ice cold 100ml shortfill e-liquid,https://vapeonlinestore.co.uk/products/yeti-ice-cold-100ml-e-liquid,1.0,high,https://www.ninja-vapes.co.uk/product/yeti-ice-cold-shortfill-eliquid
ninja-vapes.co.uk,Jnr Fox 10000 Puffs Prefilled Pods Kit,jnr fox 10k puffs prefilled pod vape kit,https://vapeonlinestore.co.uk/products/jnr-fox-10k,1.0,high,https://www.ninja-vapes.co.uk/product/jnr-fox-10k-pod-kit
ninja-vapes.co.uk,Elf Bar 600 Puffs Prefilled Pods Kit,Elf Bar 600 Puffs 20Mg Reusable Vape Pod Kit,https://vapeonlinestore.co.uk/products/elf-bar-600-puffs-disposable-vape,1.0,high,https://www.ninja-vapes.co.uk/product/box-of-10-elf-bar-600-puffs-prefilled-pod-kit
ninja-vapes.co.uk,uwell caliburn explorer replacement pods,uwell caliburn explorer replacement pods,https://vapeonlinestore.co.uk/products/uwell-caliburn-explorer-replacement-pods,1.0,high,https://www.ninja-vapes.co.uk/product/uwell-caliburn-explorer-replacement-pods
ninja-vapes.co.uk,Uwell Caliburn G Refill Pods,uwell caliburn g replacement pods,https://vapeonlinestore.co.uk/products/caliburn-g-replacement-pods-by-uwell,1.0,high,https://www.ninja-vapes.co.uk/product/caliburn-g-replacement-pods
ninja-vapes.co.uk,elux firerose rayo 600 refill pods (2pack),elux firerose rayo 600 puffs prefilled pod,https://vapeonlinestore.co.uk/products/elux-firerose-rayo-600-pod,1.0,high,https://www.ninja-vapes.co.uk/product/refill-pods-for-elux-firerose-rayo-600
ninja-vapes.co.uk,geekvape h45 (hero 2) replacement pod (2pack),geekvape h45 (hero 2) replacement pod,https://vapeonlinestore.co.uk/products/geekvape-h45-hero-2-pod,1.0,high,https://www.ninja-vapes.co.uk/product/geekvape-h45-replacement-pods
ninja-vapes.co.uk,Hayati Pro Ultra Plus Shisha 30000 Refill Pods,Hayati Pro Ultra Plus Shisha 30000 Pods,https://vapeonlinestore.co.uk/products/hayati-pro-ultra-plus-shisha-30k-pods,1.0,high,https://www.ninja-vapes.co.uk/product/box-of-5-hayati-shisha-30k-refill-pods
ninja-vapes.co.uk,tick tock mini 2000 prefilled refill pods,tick tock mini 2000 puffs replacement pods pack of 2,https://vapeonlinestore.co.uk/products/tick-tock-mini-2000-puffs-pods,1.0,high,https://www.ninja-vapes.co.uk/product/tick-tock-mini-2000-prefilled-pod-kit
ninja-vapes.co.uk,fisco flex 10k prefilled pod kit,fisco flex 10000 puffs,https://vapeonlinestore.co.uk/products/fisco-flex-10k,1.0,high,https://www.ninja-vapes.co.uk/product/fisco-flex-10k
ninja-vapes.co.uk,Pyne Pod Click 10000 Prefilled Refill Pods,Pyne Pod Click 10000 Puffs Refill Pods,https://vapeonlinestore.co.uk/products/box-of-10-pyne-pod-click-10000-pods,1.0,high,https://www.ninja-vapes.co.uk/product/pyne-pod-click-10k-prefilled-refill-pods
ninja-vapes.co.uk,yeti no ice 100ml shortfill e-liquid,yeti no ice 100ml shortfill e-liquid,https://vapeonlinestore.co.uk/products/yeti-no-ice-100ml-shortfill-e-liquid,1.0,high,https://www.ninja-vapes.co.uk/product/yeti-no-ice-shortfill-eliquid
ninja-vapes.co.uk,Super Juice 100Ml Shortfill,super juice 100ml shortfill e-liquid,https://vapeonlinestore.co.uk/products/super-juice-100ml-shortfill-e-liquid,1.0,high,https://www.ninja-vapes.co.uk/product/super-juice-fruit-chews-extreme-eliquid
ninja-vapes.co.uk,golisi s30 18650 3000mah battery 1pack,golisi s30 18650 - 3000mah battery,https://vapeonlinestore.co.uk/products/golisi-s30-18650-3000mah-battery,1.0,high,https://www.ninja-vapes.co.uk/product/golisi-s30-18650-3000mah-battery
ninja-vapes.co.uk,golisi g25 18650 2500mah battery (1pack),golisi g25 18650 2500mah battery,https://vapeonlinestore.co.uk/products/golisi-g25-18650-2500mah-battery,1.0,high,https://www.ninja-vapes.co.uk/product/golisi-g25-18650-2500mah-battery
ninja-vapes.co.uk,golisi g30 18650 3000mah vape battery (1pack),golisi g30 18650 3000mah vape battery,https://vapeonlinestore.co.uk/products/golisi-g30-18650-3000mah-vape-battery,1.0,high,https://www.ninja-vapes.co.uk/product/golisi-g30-18650-3000mah-battery
ninja-vapes.co.uk,100Ml Shortfill E-Liquid By Zombie Blood,Zombie Blood Shortfill 50Ml E-Liquid,https://vapeonlinestore.co.uk/products/zombie-blood-50ml-shortfill-e-liquid,1.0,high,https://www.ninja-vapes.co.uk/product/mr-pink-zombie-blood-shortfills
ninja-vapes.co.uk,100Ml By The Old Sweet Shop Shortfill E-Liquid,the old sweet shop 100ml shortfill e-liquid,https://vapeonlinestore.co.uk/products/the-old-sweet-shop-100ml-shortfill,1.0,high,https://www.ninja-vapes.co.uk/product/rhubarb-custard-shortfill-the-old-sweet-shop
ninja-vapes.co.uk,pyne pod click s 30k refill pods,pyne pod click s 30k puff refill pods,https://vapeonlinestore.co.uk/products/pyne-pod-click-s-30k-pods,1.0,high,https://www.ninja-vapes.co.uk/product/refill-pods-for-pyne-pod-click-s-30k
ninja-vapes.co.uk,Sweet 100Ml Shortfill E-Liquid By The Old Sweet Shop,the old sweet shop 100ml shortfill e-liquid,https://vapeonlinestore.co.uk/products/the-old-sweet-shop-100ml-shortfill,1.0,high,https://www.ninja-vapes.co.uk/product/sweet-toffee-original-shortfill-the-old-sweet-shop
ninja-vapes.co.uk,100Ml Shortfill E-Liquid By Mr Jam,Mr Jam 100Ml Shortfill E-Liquid,https://vapeonlinestore.co.uk/products/mr-jam-100ml-shortfill-e-liquids,1.0,high,https://www.ninja-vapes.co.uk/product/mixed-berry-shortfill-mr-jam
ninja-vapes.co.uk,100Ml Shortfill E-Liquid By Darwin,darwin 100ml shortfill e-liquid,https://vapeonlinestore.co.uk/products/darwin-100ml,1.0,high,https://www.ninja-vapes.co.uk/product/watermelon-lime-mint-shortfill-darwin
ninja-vapes.co.uk,elux firerose rayo 600 puffs prefilled vape kit,elux firerose rayo 600 puffs prefilled vape kit,https://vapeonlinestore.co.uk/products/elux-firerose-rayo-600,1.0,high,https://www.ninja-vapes.co.uk/product/elux-firerose-rayo-600
ninja-vapes.co.uk,hayati pro max s1 prefilled pod,hayati pro max s1 prefilled refill pods pack of 2,https://vapeonlinestore.co.uk/products/hayati-pro-max-s1-prefilled-pods,1.0,high,https://www.ninja-vapes.co.uk/product/refill-pods-for-hayati-pro-max-s1
ninja-vapes.co.uk,Smok Nord 2 Replacement 2Ml Pods,smok nord 2 replacement pods,https://vapeonlinestore.co.uk/products/smok-nord-2-replacement,1.0,high,https://www.ninja-vapes.co.uk/product/smok-nord-2-replacement-2ml-pods-3-pack
ninja-vapes.co.uk,zeus juice 50ml shortfill e-liquid,zeus juice 50ml e-liquid shortfill,https://vapeonlinestore.co.uk/products/zeus-juice-50ml-e-liquid-shortfill,1.0,high,https://www.ninja-vapes.co.uk/product/zeus-juice-50ml-shortfill-e-liquid
ninja-vapes.co.uk,hqd glow pro 12k refill pods,hqd glow pro 12k prefilled pods,https://vapeonlinestore.co.uk/products/hqd-glow-pro-12k-pods,1.0,high,https://www.ninja-vapes.co.uk/product/refill-pods-for-hqd-glow-pro-12k
ninja-vapes.co.uk,vaporesso dojo blast pro 30k puffs prefilled pod kit,vaporesso dojo blast 30k pro pod kit,https://vapeonlinestore.co.uk/products/vaporesso-dojo-blast-30k-pro-pod-kit,1.0,high,https://www.ninja-vapes.co.uk/product/vaporesso-dojo-blast-30k-pro
ninja-vapes.co.uk,iqos iluma terea sticks,iqos iluma terea sticks,https://vapeonlinestore.co.uk/products/iqos-iluma-terea-sticks,1.0,high,https://www.ninja-vapes.co.uk/product/iqos-iluma-terea-sticks
ninja-vapes.co.uk,Ske Bar 15000 Puffs Prefilled Pods Kit,ske bar 15k prefilled pod kit,https://vapeonlinestore.co.uk/products/ske-bar-15k-prefilled-pod-kit,1.0,high,https://www.ninja-vapes.co.uk/product/ske-bar-15k-puffs-prefilled-pod-kit
ninja-vapes.co.uk,the lancashire creamery 100ml shortfill e-liquids,the lancashire creamery 100ml shortfill,https://vapeonlinestore.co.uk/products/the-lancashire-creamery-100ml-shortfill-e-liquid,1.0,high,https://www.ninja-vapes.co.uk/product/the-lancashire-creamery-100ml-shortfills
ninja-vapes.co.uk,gold bar xl 10k refill pod,gold bar xl 10k puff refill pods,https://vapeonlinestore.co.uk/products/gold-bar-xl-10k-prefilled-pods,1.0,high,https://www.ninja-vapes.co.uk/product/gold-bar-xl-12ml-refill-pod
ninja-vapes.co.uk,gold bar xl 10k puffs prefilled pod kit,gold bar xl 10k prefilled pod kit,https://vapeonlinestore.co.uk/products/gold-bar-xl-10000,1.0,high,https://www.ninja-vapes.co.uk/product/gold-bar-xl-starter-kit
ninja-vapes.co.uk,Aladdin Pro Enjoy Puffs Pod Kit,box of 10 aladdin pro enjoy x 10000 kit,https://vapeonlinestore.co.uk/products/box-of-10-aladdin-pro-enjoy-x-10000,1.0,high,https://www.ninja-vapes.co.uk/product/aladdin-pro-enjoy-x-10000
ninja-vapes.co.uk,Ivg Xl 35000 Prefilled Pods Kit,ivg xl 35k prefilled pod kit,https://vapeonlinestore.co.uk/products/ivg-xl-35k-prefilled-pod-kit,1.0,high,https://www.ninja-vapes.co.uk/product/ivg-xl-35k-pod-vape-kit
ninja-vapes.co.uk,Jnr Aurora 30000 Refill Pods,jnr aurora 30k refill replacement pods,https://vapeonlinestore.co.uk/products/jnr-aurora-30k-pods,1.0,high,https://www.ninja-vapes.co.uk/product/jnr-aurora-30k-puffs-prefilled-refill-pods
ninja-vapes.co.uk,Juicy Pod Novamax 10000 Prefilled Pods,juicy pod novamax 10k prefilled pods,https://vapeonlinestore.co.uk/products/juicy-pod-novamax-10k-pods,1.0,high,https://www.ninja-vapes.co.uk/product/juicy-pod-novamax-10k-pods
ninja-vapes.co.uk,Randm Fumot T9000 Pro Max Prefilled Pods Kit,Randm Fumot T9000 Pro Max Prefilled Pods Kit,https://vapeonlinestore.co.uk/products/randm-tornado-9000-puffs-box-of-10,1.0,high,https://www.ninja-vapes.co.uk/product/box-of-10-randm-t9000
ninja-vapes.co.uk,Vapes Bars Diamond 3000 Puffs Prefilled Pods Kit,vapes bars diamond 3000 puffs vape kit,https://vapeonlinestore.co.uk/products/vapes-bars-diamond-3000,1.0,high,https://www.ninja-vapes.co.uk/product/box-of-10-vapes-bar-diamond-3000
ninja-vapes.co.uk,Randm Fumot Ultra T32000 Puffs Prefilled Pods Kit,randm fumot t32000 ultra prefilled pod kit,https://vapeonlinestore.co.uk/products/fumot-ultra-t32000,1.0,high,https://www.ninja-vapes.co.uk/product/box-of-10-randm-fumot-t32000-ultra-prefilled-pod-kit
ninja-vapes.co.uk,Ske 600 Pro Prefilled Pods Kit,ske crystal pro 600 puffs 20mg reusable vape pod kit,https://vapeonlinestore.co.uk/products/ske-crystal-pro-600,1.0,high,https://www.ninja-vapes.co.uk/product/box-of-10-ske-600-pro-prefilled-pod-kit
ninja-vapes.co.uk,pyne pod click s 30k puffs prefilled pod kit,pyne pod click s 30k pod kit,https://vapeonlinestore.co.uk/products/pyne-pod-click-s-30k-puffs-prefilled-pod-kit,1.0,high,https://www.ninja-vapes.co.uk/product/pyne-pod-click-s-30k-puffs-prefilled-pod-kit
ninja-vapes.co.uk,elf bar mate 500 refillable pods (3-pack),elf bar mate 500 refillable pods cheap refillable elf bar pods,https://vapeonlinestore.co.uk/products/elf-bar-mate-500-refillable-pods,1.0,high,https://www.ninja-vapes.co.uk/product/elf-bar-mate-500-refillable-pods-3-pack
ninja-vapes.co.uk,hqd glow pro 12k puffs prefilled pod kit,hqd glow pro 12000 prefilled pod kit,https://vapeonlinestore.co.uk/products/hqd-glow-pro-12k,1.0,high,https://www.ninja-vapes.co.uk/product/hqd-glow-pro-12k
ninja-vapes.co.uk,Kingston Pod Juice 100Ml Shortfill E-Liquid,Kingston 500Ml E-Liquid Shortfill,https://vapeonlinestore.co.uk/products/cherry-chill-kingston-500ml-e-liquid,1.0,high,https://www.ninja-vapes.co.uk/product/kingston-pod-juice-100ml-shortfill-eliquid
ninja-vapes.co.uk,vnsn quake 10000 puffs prefilled pod kit,Vnsn Quake 10000 Puffs Prefilled Pods Kit,https://vapeonlinestore.co.uk/products/vnsn-quake-10000,1.0,high,https://www.ninja-vapes.co.uk/product/vnsn-quake-10000
ninja-vapes.co.uk,vampire vape 10k refill pods,vampire vape 10k prefilled pods,https://vapeonlinestore.co.uk/products/vampire-vape-10k-pods,1.0,high,https://www.ninja-vapes.co.uk/product/refill-pods-for-vampire-vape-10k
ninja-vapes.co.uk,nexel aero 7000 puffs prefilled pod kit,nexel aero 7000 puff prefilled pod vape kit,https://vapeonlinestore.co.uk/products/nexel-aero-7000,1.0,high,https://www.ninja-vapes.co.uk/product/nexel-aero-7000-puffs
ninja-vapes.co.uk,jnr p4 stellarc 100k puffs refillable pod kit,jnr p4 stellarc 100k puff refillable pod kit 100k puff vape,https://vapeonlinestore.co.uk/products/jnr-p4-stellarc-100k-puff-vape,1.0,high,https://www.ninja-vapes.co.uk/product/jnr-p4-100k-stellarc-vape-kit
ninja-vapes.co.uk,higo bb 4000 puffs pod vape kit,higo bb 4000 vape kit,https://vapeonlinestore.co.uk/products/higo-bb-4000-vape-kit,1.0,high,https://www.ninja-vapes.co.uk/product/higo-bb-4000
ninja-vapes.co.uk,elf bar 4in1 ultra 50k puffs prefilled pod kit,elf bar 4-in-1 ultra 50k prefilled pod kit,https://vapeonlinestore.co.uk/products/elf-bar-4-in-1-ultra-50-prefilled-pod-kit,1.0,high,https://www.ninja-vapes.co.uk/product/elf-bar-4in1-ultra-50
ninja-vapes.co.uk,double drip 10k puffs prefilled pod kit,double drip 10k prefilled pod kit,https://vapeonlinestore.co.uk/products/double-drip-10k,1.0,high,https://www.ninja-vapes.co.uk/product/double-drip-10k-puffs-prefilled-pod-kit
ninja-vapes.co.uk,elux ene legend 15k puffs prefilled pod kit,elux ene legend 15k puff prefilled vape pod kit,https://vapeonlinestore.co.uk/products/ene-legend-15k,1.0,high,https://www.ninja-vapes.co.uk/product/elux-ene-legend-15k-puffs-prefilled-pod-kit
ninja-vapes.co.uk,quadro 4 in 1 2.4k puffs prefilled pod kit,quadro 2400 puffs 4 in1 kit,https://vapeonlinestore.co.uk/products/quadro-2400-puffs-4-in-1-pod-kit,1.0,high,https://www.ninja-vapes.co.uk/product/quadro-4-in-1-2400
ninja-vapes.co.uk,airmez lux 12k puffs prefilled pod kit,Airmez Lux 12000 Prefilled Pods Vape Kit,https://vapeonlinestore.co.uk/products/airmez-lux-12k-prefilled-pod-vape-kit,1.0,high,https://www.ninja-vapes.co.uk/product/airmez-lux-12k
ninja-vapes.co.uk,Big Bar Pro 15000 Puffs Prefilled Pods Kit,big bar 15k pro prefilled pod kit,https://vapeonlinestore.co.uk/products/big-bar-15k-pod-kit,1.0,high,https://www.ninja-vapes.co.uk/product/big-bar-15-pro-15k-puffs
ninja-vapes.co.uk,innokin kwik 35k puffs prefilled pod kit,innokin kwik 35k prefilled pod kit,https://vapeonlinestore.co.uk/products/innokin-kwik-35k,1.0,high,https://www.ninja-vapes.co.uk/product/innokin-kwik-35k-puffs-prefilled-pod-kit
ninja-vapes.co.uk,oxva slimstick prefilled refill pods (2pack),oxva slimstick prefilled pods,https://vapeonlinestore.co.uk/products/oxva-slimstick-prefilled-pods,1.0,high,https://www.ninja-vapes.co.uk/product/refill-pod-for-oxva-slim-stick
ninja-vapes.co.uk,fisco point pro 7000 prefilled refill pods,fisco point pro 7000 puffs reusable pods,https://vapeonlinestore.co.uk/products/fisco-point-pro-7000-prefilled-pods,1.0,high,https://www.ninja-vapes.co.uk/product/fisco-point-pro-7000-refill-pods
ninja-vapes.co.uk,innokin kwik 35k refill pod,innokin kwik 35k prefilled pods,https://vapeonlinestore.co.uk/products/innokin-kwik-35k-pods,1.0,high,https://www.ninja-vapes.co.uk/product/refill-pods-for-innokin-kwik-35k
ninja-vapes.co.uk,Ske Bar 15000 Refill Pods,ske bar 15000 puff prefilled refill pods,https://vapeonlinestore.co.uk/products/ske-bar-15000-puff-refill-pod,1.0,high,https://www.ninja-vapes.co.uk/product/refill-pods-for-ske-bar-15k-puffs
ninja-vapes.co.uk,ultimate bar series 50ml e-liquid shortfill,ultimate bar series 50ml shortfill e-liquid,https://vapeonlinestore.co.uk/products/ultimate-bar-series-50ml-e-liquid,1.0,high,https://www.ninja-vapes.co.uk/product/ultimate-bar-series-50ml-shortfill-e-liquids
ninja-vapes.co.uk,double drip 10k refill pods,double drip 10k refill pod,https://vapeonlinestore.co.uk/products/double-drip-10k-refill-pod,1.0,high,https://www.ninja-vapes.co.uk/product/refill-pods-for-double-drip-10k
ninja-vapes.co.uk,juesday 15000 prefilled refill pods,juesday 15000 puffs prefilled pods,https://vapeonlinestore.co.uk/products/juesday-15000-pods,1.0,high,https://www.ninja-vapes.co.uk/product/juesday-15000-refill-pod
ninja-vapes.co.uk,geek bar up 10000 prefilled refill pods,geek bar up 10000 refill pod,https://vapeonlinestore.co.uk/products/geek-bar-up-10000-refill-pod,1.0,high,https://www.ninja-vapes.co.uk/product/Geek-bar-up-10000-puffs-refill-pod
ninja-vapes.co.uk,nexel thunder 15k prefilled refill pods,nexel thunder 15000 puffs replacement pods,https://vapeonlinestore.co.uk/products/nexel-thunder-15000-pods,1.0,high,https://www.ninja-vapes.co.uk/product/nexel-thunder-15k-prefilled-refill-pods
ninja-vapes.co.uk,elux legend 1500 prefilled refill pods,elux legend 1500 puffs replacement pods,https://vapeonlinestore.co.uk/products/elux-legend-1500-pods,1.0,high,https://www.ninja-vapes.co.uk/product/elux-legend-1500-prefilled-refill-pods
ninja-vapes.co.uk,sikary tako sp6000 prefilled refill pods,sikary tako sp6000 prefilled refill replacement pods,https://vapeonlinestore.co.uk/products/sikary-tako-sp6000-pods,1.0,high,https://www.ninja-vapes.co.uk/product/sikary-sp6000-prefilled-refill-pods
ninja-vapes.co.uk,elf bar 600 prefilled refill pods,elf bar 600 prefilled pods,https://vapeonlinestore.co.uk/products/elf-bar-600-prefilled-pods,1.0,high,https://www.ninja-vapes.co.uk/product/elfbar-600-prefilled-pods
ninja-vapes.co.uk,aspire flexus stik replacement pod,aspire flexus stik replacement pods,https://vapeonlinestore.co.uk/products/aspire-flexus-stik-replacement-pods,1.0,high,https://www.ninja-vapes.co.uk/product/aspire-flexus-stik-replacment-pods
ninja-vapes.co.uk,oxva tasteflex sl 12k refill pod,oxva tasteflex sl 12000 refill replacement pods,https://vapeonlinestore.co.uk/products/oxva-tasteflex-sl-12000-pods,1.0,high,https://www.ninja-vapes.co.uk/product/refill-pods-for-oxva-tasteflex-sl-12k
ninja-vapes.co.uk,vaplay vp 10000 puffs prefilled pod kit,vaplay vp10000 prefilled pod vape kit,https://vapeonlinestore.co.uk/products/vaplay-vp10000,1.0,high,https://www.ninja-vapes.co.uk/product/vaplay-vp-10000-prefilled-pod-kit
ninja-vapes.co.uk,Voopoo Ito Empty Refill Pods,Voopoo Ito X Refill Pods,https://vapeonlinestore.co.uk/products/voopoo-ito-x-pod,1.0,high,https://www.ninja-vapes.co.uk/product/voopoo-ito-empty-replacement-pods
ninja-vapes.co.uk,smok rpm5 replacement pods,smok rpm 5 replacement pods,https://vapeonlinestore.co.uk/products/smok-rpm-5-replacement-pods,1.0,high,https://www.ninja-vapes.co.uk/product/smok-rpm5-replacement-pods
ninja-vapes.co.uk,ske crystal plus prefilled pods,Ske Plus Prefilled Pods 20Mg,https://vapeonlinestore.co.uk/products/ske-crystal-plus-pre-filled-pods-20mg,1.0,high,https://www.ninja-vapes.co.uk/product/ske-crystal-plus-pods
ninja-vapes.co.uk,smok rgc rba replacement coil,smok rgc rba replacement coil,https://vapeonlinestore.co.uk/products/rgc-rba-replacement-coil-by-smok,1.0,high,https://www.ninja-vapes.co.uk/product/smok-rgc-rba-replacement-coil
ninja-vapes.co.uk,Voopoo Pnp Ii Replacement Pod,voopoo pnp ii replacement pods,https://vapeonlinestore.co.uk/products/voopoo-pnp-ii-replacement-pod,1.0,high,https://www.ninja-vapes.co.uk/product/voopoo-pnp-2-pod
ninja-vapes.co.uk,Pouches By Nordic Spirit,nordic spirit nicotine pouches,https://vapeonlinestore.co.uk/products/nordic-spirit-nicotine-pouches,1.0,high,https://www.ninja-vapes.co.uk/product/mocha-nordic-spirit
ninja-vapes.co.uk,Elux Legend Nic Salt E-Liquid,Elux Legend Nic Salt 10Ml E-Liquid,https://vapeonlinestore.co.uk/products/elux-legend-10ml-nic-salts,1.0,high,https://www.ninja-vapes.co.uk/product/elux-legend-nic-salt-e-liquids
ninja-vapes.co.uk,Pouches By Velo,velo nicotine pouches,https://vapeonlinestore.co.uk/products/velo-nicotine-pouches,1.0,high,https://www.ninja-vapes.co.uk/product/ruby-berry-velo
ninja-vapes.co.uk,oxva vprime 2 pod vape kit,oxva vprime 2 pod kit,https://vapeonlinestore.co.uk/products/oxva-vprime-2,1.0,high,https://www.ninja-vapes.co.uk/product/oxva-vprime-2-pod-vape-kit
ninja-vapes.co.uk,Pouches By Iceberg,iceberg nicotine pouches online,https://vapeonlinestore.co.uk/products/iceberg-nicotine-pouches,1.0,high,https://www.ninja-vapes.co.uk/product/cherry-apricot-gum-iceberg
ninja-vapes.co.uk,aspire nautilus aio replacement coil,aspire nautilus aio replacement coils,https://vapeonlinestore.co.uk/products/aspire-nautilus-aio-replacement-atomizer-coils-pack-of-5,1.0,high,https://www.ninja-vapes.co.uk/product/aspire-nautilus-aio-replacement-coils
ninja-vapes.co.uk,Pouches By Zyn,zyn nicotine pouches,https://vapeonlinestore.co.uk/products/zyn-nicotine-pouches,1.0,high,https://www.ninja-vapes.co.uk/product/zyn-icy-blackcurrant
ninja-vapes.co.uk,avomi cliq 6000 puffs prefilled pod kit,avomi cliq 6000 puff pod vape kit,https://vapeonlinestore.co.uk/products/avomi-cliq-6000,1.0,high,https://www.ninja-vapes.co.uk/product/avomi-cliq-prefilled-pod-kit
ninja-vapes.co.uk,vaporesso xros 6 pod vape kit,vaporesso xros 6 pod vape kit,https://vapeonlinestore.co.uk/products/vaporesso-xros-6-pod-kit,1.0,high,https://www.ninja-vapes.co.uk/product/vaporesso-xros-6
ninja-vapes.co.uk,orca vape san dynasty pro pod kit,orca vape san dynasty pro pod kit,https://vapeonlinestore.co.uk/products/orca-san-dynasty-pro,1.0,high,https://www.ninja-vapes.co.uk/product/orca-vape-san-dynasty-pro-pod-kit
ninja-vapes.co.uk,Pouches By Pablo,pablo 50mg nicotine pouches,https://vapeonlinestore.co.uk/products/pablo-50mg-nicotine-pouches,1.0,high,https://www.ninja-vapes.co.uk/product/mocca-pablo
ninja-vapes.co.uk,Al Fakher Nic Salt E-Liquid 10Ml,al fakher nic salt 10ml e-liquid,https://vapeonlinestore.co.uk/products/al-fakher-nic-salt-10ml-e-liquid-30-flavours,1.0,high,https://www.ninja-vapes.co.uk/product/box-of-10-al-fakher-nic-salts-10ml
ninja-vapes.co.uk,Kingston Pouches,kingston nicotine pouches,https://vapeonlinestore.co.uk/products/kingston-nicotine-pouches,1.0,high,https://www.ninja-vapes.co.uk/product/kingston-watermelon-ice-nicotine-pouches
ninja-vapes.co.uk,eleaf istick 40w tc box mod,eleaf istick 40w tc box mod,https://vapeonlinestore.co.uk/products/eleaf-istick-40w-mod,1.0,high,https://www.ninja-vapes.co.uk/product/eleaf-istick-40w-tc-box-pod
ninja-vapes.co.uk,ivg original salts 10ml,Ivg Salts 10Ml E-Liquid Juice,https://vapeonlinestore.co.uk/products/ivg-salts-10ml-e-liquid,1.0,high,https://www.ninja-vapes.co.uk/product/ivg-original-salts-10ml-nic-salts
ninja-vapes.co.uk,nasty nic pax nicotine pouches,nasty nic pax nicotine pouches,https://vapeonlinestore.co.uk/products/nasty-nic-pax-nicotine-pouches-30mg,1.0,high,https://www.ninja-vapes.co.uk/product/nasty-nic-pax-nicotine-pouches
ninja-vapes.co.uk,elf bar tacja nicotine pouches,elf bar tacja nicotine pouches,https://vapeonlinestore.co.uk/products/elf-bar-tacja-nicotine-pouches,1.0,high,https://www.ninja-vapes.co.uk/product/elfbar-tacja-nicotine-pouches
ninja-vapes.co.uk,chapo white nicotine pouches,chapo white nicotine pouches snus nicotine pouches,https://vapeonlinestore.co.uk/products/chapo-white-nicotine-pouches,1.0,high,https://www.ninja-vapes.co.uk/product/chapo-white-nicotine-pouches
ninja-vapes.co.uk,Pukka Juice Nic Salt 10Ml,Pukka Juice 10Ml Nic Salt 3Mg 6Mg 12Mg,https://vapeonlinestore.co.uk/products/pukka-juice-10ml-e-liquid,1.0,high,https://www.ninja-vapes.co.uk/product/pukka-juice-nic-salt-blaze-10ml
ninja-vapes.co.uk,smok novo 5 replacement pods,smok novo 5 replacement pods,https://vapeonlinestore.co.uk/products/smok-novo-5-replacement-pods,1.0,high,https://www.ninja-vapes.co.uk/product/smok-novo-5-replacement-pods
ninja-vapes.co.uk,Innokin Endura T18E Vape Starter Kit,Innokin Endura T18 X Vape Kit,https://vapeonlinestore.co.uk/products/innokin-endura-t18-x-kit,1.0,high,https://www.ninja-vapes.co.uk/product/innokin-endura-t18e-vape-starter-kit
ninja-vapes.co.uk,slushy man 100ml shortfill e-liquid,slushy man 100ml e-liquid,https://vapeonlinestore.co.uk/products/slushy-man-100ml,1.0,high,https://www.ninja-vapes.co.uk/product/slushy-man-100ml-e-liquids
ninja-vapes.co.uk,sour shockers 120ml shortfill e-liquids,sour shockers 120ml e-liquid,https://vapeonlinestore.co.uk/products/sour-shockers-120ml,1.0,high,https://www.ninja-vapes.co.uk/product/sour-shockers-120ml-shortfill-e-liquids
ninja-vapes.co.uk,circus cookie 100ml shortfill e-liquid,circus cookie e-liquid 100ml,https://vapeonlinestore.co.uk/products/circus-cookie-100ml,1.0,high,https://www.ninja-vapes.co.uk/product/circus-cookie-100ml-shortfill-e-liquids
ninja-vapes.co.uk,fresh & fruity 100ml shortfill e-liquids,fresh fruity 100ml e liquid,https://vapeonlinestore.co.uk/products/fresh-fruity-100ml,1.0,high,https://www.ninja-vapes.co.uk/product/fresh-fruity-100ml-shortfill-e-liquids
ninja-vapes.co.uk,horny flava 100ml shortfill e-liquids,horny flava 100ml shortfill e-liquid,https://vapeonlinestore.co.uk/products/horny-flava-100ml,1.0,high,https://www.ninja-vapes.co.uk/product/horny-flava-100ml-shortfill-e-liquids
ninja-vapes.co.uk,mr berg 100ml shortfill e-liquids,mr berg 100ml e-liquid,https://vapeonlinestore.co.uk/products/mr-berg-100ml,1.0,high,https://www.ninja-vapes.co.uk/product/mr-berg-100ml-shortfill-e-liquids
ninja-vapes.co.uk,Aspire Gotek X Vape Kit,Aspire Gotek X Pod Kit,https://vapeonlinestore.co.uk/products/aspire-gotek-x-pod-kit,1.0,high,https://www.ninja-vapes.co.uk/product/aspire-gotek-x-vape-kit
ninja-vapes.co.uk,vaporesso eco nano replacement pods,vaporesso eco nano replacement pods pack of 2,https://vapeonlinestore.co.uk/products/vaporesso-eco-nano-replacement-pods,1.0,high,https://www.ninja-vapes.co.uk/product/vaporesso-eco-nano-replacement-pods
ninja-vapes.co.uk,Pixl Nic Salt 10Ml E-Liquid,pixl 10ml nic salts,https://vapeonlinestore.co.uk/products/pixl-10ml-nic-salts,1.0,high,https://www.ninja-vapes.co.uk/product/pixl-nic-salts-10ml-e-liquid
ninja-vapes.co.uk,Ivg 50 50 Original Nic Salt 10Ml,ivg 10ml 50/50 nic salt e liquids,https://vapeonlinestore.co.uk/products/ivg-10ml-e-liquids,1.0,high,https://www.ninja-vapes.co.uk/product/ivg-50-50-nic-salt-10ml
ninja-vapes.co.uk,Crystal Clear Nic Salt 10Ml,Crystal Clear 10Ml Nic Salt,https://vapeonlinestore.co.uk/products/crystal-clear-bar-10ml-nic-salts,1.0,high,https://www.ninja-vapes.co.uk/product/crystal-clear-bar-nic-salts
ninja-vapes.co.uk,donut king n shake 100ml shortfill e-liquid,donut king n shake shortfill 100ml e-liquid,https://vapeonlinestore.co.uk/products/donut-king-n-shake-100ml,1.0,high,https://www.ninja-vapes.co.uk/product/donut-king-n-shake-100ml-shortfills
ninja-vapes.co.uk,kingston jelly range 100ml shortfill e-liquids,Kingston Jelly Range Shortfill 100Ml E-Liquid,https://vapeonlinestore.co.uk/products/kingston-jelly-range-shortfill-100ml-e-liquid,1.0,high,https://www.ninja-vapes.co.uk/product/kingston-jelly-range-100ml-e-liquids
ninja-vapes.co.uk,kingston 500ml e-liquids,kingston 500ml e-liquid,https://vapeonlinestore.co.uk/products/kingston-500ml-e-liquid,1.0,high,https://www.ninja-vapes.co.uk/product/kingston-500ml-e-liquids
ninja-vapes.co.uk,Caliypso 100Ml Shortfill E-Liquid,caliypso 100ml shortfill e-liquid,https://vapeonlinestore.co.uk/products/caliypso-100ml,1.0,high,https://www.ninja-vapes.co.uk/product/caliypso-100ml-shortfill-e-liquids
ninja-vapes.co.uk,smok nord c vape kit,smok nord c pod vape kit,https://vapeonlinestore.co.uk/products/smok-nord-c-pod-vape-kit,1.0,high,https://www.ninja-vapes.co.uk/product/smok-nord-c-vape-kit
ninja-vapes.co.uk,geekvape sonder q kit,geekvape sonder q pod vape kit,https://vapeonlinestore.co.uk/products/geekvape-sonder-q-pod-kit,1.0,high,https://www.ninja-vapes.co.uk/product/geekvape-sonder-q-pod-kit
ninja-vapes.co.uk,doozy infinity replacement pods,doozy infinity replacement pods,https://vapeonlinestore.co.uk/products/doozy-infinity-replacement-pods,1.0,high,https://www.ninja-vapes.co.uk/product/doozy-infinity-replacement-pods
ninja-vapes.co.uk,vaporesso xros 4 nano pod kit,vaporesso xros 4 nano pod vape kit,https://vapeonlinestore.co.uk/products/vaporesso-xros-4-nano-pod-kit,1.0,high,https://www.ninja-vapes.co.uk/product/vaporesso-xros-4-nano
ninja-vapes.co.uk,vaporesso luxe xr max 2 vape kit,vaporesso luxe xr max 2 kit,https://vapeonlinestore.co.uk/products/vaporesso-luxe-xr-max-2-kit,1.0,high,https://www.ninja-vapes.co.uk/product/vaporesso-luxe-xr-max-2-pod-kit
ninja-vapes.co.uk,vaporesso xros 4 pod vape kit,vaporesso xros 4 pod kit,https://vapeonlinestore.co.uk/products/vaporesso-xros-4-pod-kit,1.0,high,https://www.ninja-vapes.co.uk/product/vaporesso-xros-4-vape-kit
ninja-vapes.co.uk,vaporesso xros 3 pod vape kit,vaporesso xros 3 vape kit,https://vapeonlinestore.co.uk/products/vaporesso-xros-3-vape-kit,1.0,high,https://www.ninja-vapes.co.uk/product/Vaporesso-xros-3-pod-kit
ninja-vapes.co.uk,oxva xlim go pod vape kit,oxva xlim go pod starter kit,https://vapeonlinestore.co.uk/products/oxva-xlim-go-pod-kit,1.0,high,https://www.ninja-vapes.co.uk/product/oxva-xlim-go-pod-vape-kit
ninja-vapes.co.uk,vaporesso xros 6 mini pod kit,vaporesso xros 6 mini pod vape kit,https://vapeonlinestore.co.uk/products/vaporesso-xros-6-mini-pod-kit,1.0,high,https://www.ninja-vapes.co.uk/product/vaporesso-xros-6-mini
ninja-vapes.co.uk,vaporesso luxe xr max pod kit,Vaporesso Luxe Xr Max Pod Kit,https://vapeonlinestore.co.uk/products/pink-vaporesso-luxe-xr-max-pod-kit,1.0,high,https://www.ninja-vapes.co.uk/product/vaporesso-luxe-xr-max-pod-kit
ninja-vapes.co.uk,vaporesso luxe x corex 2.0 replacement pod (2pack),vaporesso luxe x corex 2.0 replacement pods,https://vapeonlinestore.co.uk/products/vaporesso-luxe-x-corex-2-0-pods,1.0,high,https://www.ninja-vapes.co.uk/product/vaporesso-luxe-x-corex-2-0-pod-pack
ninja-vapes.co.uk,elf bar elfx replacement pods (3pack),elf bar elfx replacement pods pack of 3,https://vapeonlinestore.co.uk/products/elf-bar-elfx-replacement-pods,1.0,high,https://www.ninja-vapes.co.uk/product/elf-bar-elfx-replacement-pods
ninja-vapes.co.uk,geekvape aegis m100 starter kit,geekvape aegis m100 kit,https://vapeonlinestore.co.uk/products/aegis-vape-kit-m100mini-2-geek-vape,1.0,high,https://www.ninja-vapes.co.uk/product/geekvape-m100-aegis-100w-starter-vape-kit
ninja-vapes.co.uk,Smok Novo X Kit,smok novo x kit,https://vapeonlinestore.co.uk/products/smok-novo-x-pod-kit,1.0,high,https://www.ninja-vapes.co.uk/product/smok-novo-x-kit
ninja-vapes.co.uk,eleaf istick t80 mod,eleaf istick t80 mod,https://vapeonlinestore.co.uk/products/eleaf-istick-t80-mod,1.0,high,https://www.ninja-vapes.co.uk/product/eleaf-istick-t80-mod
ninja-vapes.co.uk,uwell crown d pod kit,uwell crown d pod vape kit,https://vapeonlinestore.co.uk/products/uwell-crown-d-pod-vape-kit,1.0,high,https://www.ninja-vapes.co.uk/product/uwell-crown-d-vape-kit
ninja-vapes.co.uk,oreco model x pod vape kit,oreco model x pod vape kit,https://vapeonlinestore.co.uk/products/oreco-model-x-pod-vape-kit,1.0,high,https://www.ninja-vapes.co.uk/product/oreco-model-x-vape-kit
ninja-vapes.co.uk,smok rpm 5 pro vape kit,smok rpm 5 pro pod vape kit,https://vapeonlinestore.co.uk/products/smok-rpm-5-pro-pod-vape-kit,1.0,high,https://www.ninja-vapes.co.uk/product/smok-rpm-5-pro-vape-kit
ninja-vapes.co.uk,lost vape ursa cap pod vape kit,lost vape ursa cap pod vape kit,https://vapeonlinestore.co.uk/products/lost-vape-ursa-cap-pod-vape-kit,1.0,high,https://www.ninja-vapes.co.uk/product/lost-vape-ursa-cap-pod-vape-kit
ninja-vapes.co.uk,oxva xlim ultra 3 pod kit,oxva xlim 3 ultra kit,https://vapeonlinestore.co.uk/products/oxva-xlim-3-ultra-kit,1.0,high,https://www.ninja-vapes.co.uk/product/oxva-xlim-3-ultra-pod-kit
ninja-vapes.co.uk,Smok Novo 2X Refill Pods,Smok Novo 2 Refill Pods,https://vapeonlinestore.co.uk/products/novo-2-replacement-pods-by-smok,1.0,high,https://www.ninja-vapes.co.uk/product/smok-novo-2x-replacement-pods
ninja-vapes.co.uk,voopoo argus g3 mini vape kit,voopoo argus g3 mini pod kit,https://vapeonlinestore.co.uk/products/voopoo-argus-g3-mini,1.0,high,https://www.ninja-vapes.co.uk/product/voopoo-argus-g3-mini-vape-kit
ninja-vapes.co.uk,oxva xlim pro 2 dna vape kit,oxva xlim pro 2 dna pod vape kit,https://vapeonlinestore.co.uk/products/oxva-xlim-pro-2-dna,1.0,high,https://www.ninja-vapes.co.uk/product/oxva-xlim-pro-2-dna-vape-kit
ninja-vapes.co.uk,vaporesso vibe se pod vape kit,vaporesso vibe se pod vape kit,https://vapeonlinestore.co.uk/products/vaporesso-vibe-se-pod-vape-kit,1.0,high,https://www.ninja-vapes.co.uk/product/vaporesso-vibe-se-kit
ninja-vapes.co.uk,voopoo argus pro 2 pod vape kit,voopoo argus pro 2 pod vape kit,https://vapeonlinestore.co.uk/products/voopoo-argus-pro-2-pod-kit,1.0,high,https://www.ninja-vapes.co.uk/product/voopoo-argus-pro-2-pod-kit
ninja-vapes.co.uk,aspire gotek nano pod kit,aspire gotek nano pod vape kit,https://vapeonlinestore.co.uk/products/aspire-gotek-nano-pod-vape-kit,1.0,high,https://www.ninja-vapes.co.uk/product/aspire-gotek-nano-pod-kit
ninja-vapes.co.uk,geekvape wenax q ultra pod vape kit,geekvape wenax q ultra vape kit,https://vapeonlinestore.co.uk/products/geekvape-wenax-q-ultra,1.0,high,https://www.ninja-vapes.co.uk/product/geekvape-wenax-q-ultra-pod-vape-kit
ninja-vapes.co.uk,Dinner Lady Nic Salt 10Ml,Dinner Lady 10Ml Nic Salt E-Liquid,https://vapeonlinestore.co.uk/products/dinner-lady-berry-blast-10ml-nic-salt,1.0,high,https://www.ninja-vapes.co.uk/product/dinner-lady-nic-salts-10ml
ninja-vapes.co.uk,oxva nexlim 2 mini pod vape kit,oxva nexlim 2 mini vape kit,https://vapeonlinestore.co.uk/products/oxva-nexlim-2-mini-vape-kit,1.0,high,https://www.ninja-vapes.co.uk/product/oxva-nexlim-2-mini-pod-vape-kit
ninja-vapes.co.uk,freemax m pro 3 tank,freemax m pro 3 tank,https://vapeonlinestore.co.uk/products/freemax-m-pro-3-tank,1.0,high,https://www.ninja-vapes.co.uk/product/freemax-m-pro-3-tank
ninja-vapes.co.uk,oxva nexlim pod vape kit,oxva nexlim pod vape kit,https://vapeonlinestore.co.uk/products/oxva-nexlim-pod-vape-kit,1.0,high,https://www.ninja-vapes.co.uk/product/oxva-nexlim-pod-kit
ninja-vapes.co.uk,smok novo 2c vape kit,smok novo 2c vape kit,https://vapeonlinestore.co.uk/products/smok-novo-2c-vape-kit,1.0,high,https://www.ninja-vapes.co.uk/product/smok-novo-2c-vape-kit
ninja-vapes.co.uk,smok nord pro pod kit,smok nord pro pod kit,https://vapeonlinestore.co.uk/products/smok-nord-pro-pod-kit,1.0,high,https://www.ninja-vapes.co.uk/product/smok-nord-pro-pod-kit
ninja-vapes.co.uk,innokin endura t22 pro kit,innokin endura t22 pro vape kit,https://vapeonlinestore.co.uk/products/innokin-endura-t22-pro-kit,1.0,high,https://www.ninja-vapes.co.uk/product/innokin-endura-t22-pro-kit
ninja-vapes.co.uk,vaporesso armour max vape kit,vaporesso armour max vape kit,https://vapeonlinestore.co.uk/products/vaporesso-armour-max-vape-kit,1.0,high,https://www.ninja-vapes.co.uk/product/vaporesso-armour-max-vape-kit
ninja-vapes.co.uk,doozy infinity pod vape kit,doozy infinity vape kit,https://vapeonlinestore.co.uk/products/doozy-infinity-vape-kit,1.0,high,https://www.ninja-vapes.co.uk/product/doozy-infinity-pod-kit
ninja-vapes.co.uk,voopoo argus g3 pod kit,voopoo argus g3 pod vape kit,https://vapeonlinestore.co.uk/products/voopoo-argus-g3,1.0,high,https://www.ninja-vapes.co.uk/product/voopoo-argus-g3-vape-kit
ninja-vapes.co.uk,aspire zelos x kit,aspire zelos x vape kit cheap,https://vapeonlinestore.co.uk/products/aspire-vape-kit-zelos-x,1.0,high,https://www.ninja-vapes.co.uk/product/aspire-zelos-x-vape-kit
ninja-vapes.co.uk,voopoo argus g2 pod vape kit,voopoo argus g2 pod vape kit,https://vapeonlinestore.co.uk/products/argus-g2-pod-vape-kit,1.0,high,https://www.ninja-vapes.co.uk/product/voopoo-argus-g2-pod-kit
ninja-vapes.co.uk,voopoo argus e40 pod kit,voopoo argus e40 pod vape kit,https://vapeonlinestore.co.uk/products/voopoo-argus-e40-pod-kit,1.0,high,https://www.ninja-vapes.co.uk/product/voopoo-argus-e40-pod-vape-kit
ninja-vapes.co.uk,Voopoo Argus A Vape Kit,Voopoo Argus A Pod Vape Kit,https://vapeonlinestore.co.uk/products/voopoo-argus-a-pod-vape-kit,1.0,high,https://www.ninja-vapes.co.uk/product/voopoo-argus-a-kit
ninja-vapes.co.uk,yeti sourz e-liquid 100ml shortfill e-liquid,yeti sourz e-liquid 100ml shortfill,https://vapeonlinestore.co.uk/products/yeti-sourz-e-liquid-100ml,1.0,high,https://www.ninja-vapes.co.uk/product/yeti-sourz-shortfill-eliquid
ninja-vapes.co.uk,aspire cyber x vape kit,aspire cyber x pod vape kit price,https://vapeonlinestore.co.uk/products/aspire-cyber-x-pod-vape-kit,1.0,high,https://www.ninja-vapes.co.uk/product/aspire-cyber-x-pod-kit
ninja-vapes.co.uk,Smok Novo Gt Pod Vape Kit,Smok Novo Gt Box Pod Vape Kit,https://vapeonlinestore.co.uk/products/smok-novo-gt-box-pod-kit,1.0,high,https://www.ninja-vapes.co.uk/product/smok-novo-gt-pod-kit
ninja-vapes.co.uk,smok rpm 25w kit,smok rpm 25w vape kit,https://vapeonlinestore.co.uk/products/smok-rpm-25w-kit,1.0,high,https://www.ninja-vapes.co.uk/product/Smok-rpm-25w-vape-kit
ninja-vapes.co.uk,vaporesso armour gs vape kit,vaporesso armour gs pod vape kit,https://vapeonlinestore.co.uk/products/vaporesso-armour-gs-pod-kit,1.0,high,https://www.ninja-vapes.co.uk/product/vaporesso-armour-gs-kit
ninja-vapes.co.uk,smok rpm 100 vape kit,smok rpm 100 vape kit,https://vapeonlinestore.co.uk/products/smok-rpm-100-vape-kit,1.0,high,https://www.ninja-vapes.co.uk/product/smok-rpm-100-vape-kit
ninja-vapes.co.uk,uwell crown x vape kit,uwell crown x pod vape kit,https://vapeonlinestore.co.uk/products/uwell-crown-x-pod-vape-kit,1.0,high,https://www.ninja-vapes.co.uk/product/uwell-crown-x-pod-kit
ninja-vapes.co.uk,hayati liora refillable pods (2pack),hayati liora refillable vape pods,https://vapeonlinestore.co.uk/products/hayati-liora-refillable-pods,1.0,high,https://www.ninja-vapes.co.uk/product/hayati-liora-refillable-pods
ninja-vapes.co.uk,hayati liora vape kit,hayati liora pod vape kit,https://vapeonlinestore.co.uk/products/hayati-liora-pod-vape-kit,1.0,high,https://www.ninja-vapes.co.uk/product/hayati-liora-vape-kit
ninja-vapes.co.uk,voopoo doric 60 pod kit,doric 60 pod kit by voopoo,https://vapeonlinestore.co.uk/products/doric-60-pod-kit-by-voopoo,1.0,high,https://www.ninja-vapes.co.uk/product/voopoo-doric-60-pod-kit-2500mah-pod-kit
ninja-vapes.co.uk,Pod Salt Origin Nic Salt 10Ml,Pod Salt Origin 10Ml Nic Salt,https://vapeonlinestore.co.uk/products/virginia-gold-pod-salt-origin-10ml-nic-salts,1.0,high,https://www.ninja-vapes.co.uk/product/box-of-10-pod-salt-origin-nic-salts-10ml
ninja-vapes.co.uk,Ultimate Puff Villains 100Ml,ultimate e-liquid villains 100ml shortfill,https://vapeonlinestore.co.uk/products/ultimate-e-liquid-villains-100ml,1.0,high,https://www.ninja-vapes.co.uk/product/ultimate-puff-villains-toxic-mask-100ml
ninja-vapes.co.uk,voopoo argus v2 top fill replacement pods,voopoo argus top-fill v2 pod cartridges,https://vapeonlinestore.co.uk/products/voopoo-argus-top-fill-v2-pod-cartridges,1.0,high,https://www.ninja-vapes.co.uk/product/voopoo-argus-top-fill-v2-replacement-pods
ninja-vapes.co.uk,ivg pro 12 10k puffs starter kit 0mg (zero nicotine),ivg pro 12 10k puff zero nicotine vape kit,https://vapeonlinestore.co.uk/products/ivg-pro-12-10k-puff-zero-nicotine-vape,1.0,high,https://www.ninja-vapes.co.uk/product/ivg-pro-12-0mg
ninja-vapes.co.uk,Oxva Ox Passion 10Ml Nic Salt,Oxva Ox Passion 10Ml Nic Salt E-Liquid,https://vapeonlinestore.co.uk/products/oxva-ox-passion-10ml-nic-salts-e-liquid,1.0,high,https://www.ninja-vapes.co.uk/product/box-of-10-oxva-ox-passion-nic-salts-10ml
ninja-vapes.co.uk,Zillion Salts 10Ml Nic Salt,pack of 10 zillion salts 10ml e-liquid,https://vapeonlinestore.co.uk/products/pack-of-10-zillion-salts-10ml,1.0,high,https://www.ninja-vapes.co.uk/product/box-of-10-zillion-salts-10ml-nic-salts
ninja-vapes.co.uk,Vaplay Golden Juice Nic Salt 10Ml,vaplay golden juice 10ml nic salt,https://vapeonlinestore.co.uk/products/vaplay-golden-juice-nic-salt,1.0,high,https://www.ninja-vapes.co.uk/product/box-of-10-vaplay-golden-juice-nic-salts-10ml
ninja-vapes.co.uk,geekvape aegis x zeus kit,geekvape aegis x zeus vape kit,https://vapeonlinestore.co.uk/products/geekvape-aegis-x-zeus-tank-vape-kit,1.0,high,https://www.ninja-vapes.co.uk/product/geekvape-aegis-x-zeus-vape-kit-2ml
ninja-vapes.co.uk,voopoo drag nano 2 pod kit,voopoo drag nano 2 pod kit,https://vapeonlinestore.co.uk/products/drag-nano-2-pod-kit-by-voopoo,1.0,high,https://www.ninja-vapes.co.uk/product/voopoo-drag-nano-2-pod-kit-pod-kit
ninja-vapes.co.uk,vampire vape bar salts 10ml,vampire vape bar salts 10ml e-liquid juice,https://vapeonlinestore.co.uk/products/vampire-vape-bar-salts-10ml,1.0,high,https://www.ninja-vapes.co.uk/product/vampire-vape-bar-salts-10ml
ninja-vapes.co.uk,smok nord gt pod vape kit,smok nord gt vape kit,https://vapeonlinestore.co.uk/products/smok-nord-gt-kit,1.0,high,https://www.ninja-vapes.co.uk/product/smok-nord-gt-vape-kit
ninja-vapes.co.uk,vaporesso xros pro pod vape kit,Vaporesso Xros Pro Pod Vape Kit,https://vapeonlinestore.co.uk/products/vaporesso-xros-pro-pod-kit,1.0,high,https://www.ninja-vapes.co.uk/product/vaporesso-xros-pro-vape-kit
ninja-vapes.co.uk,smok tfv8 baby replacement coils,Smok Tfv8 Baby Coils,https://vapeonlinestore.co.uk/products/tfv8-baby-coils-5-pack-by-smok,1.0,high,https://www.ninja-vapes.co.uk/product/smok-tfv8-baby-coils
ninja-vapes.co.uk,Uwell Valyrian Coils,Valyrian Coils By Uwell,https://vapeonlinestore.co.uk/products/valyrian-coils-2-pack-by-uwell,1.0,high,https://www.ninja-vapes.co.uk/product/uwell-valyrian-coils
ninja-vapes.co.uk,uwell crown replacement pod,uwell crown replacement pods,https://vapeonlinestore.co.uk/products/crown-replacement-pods-by-uwell,1.0,high,https://www.ninja-vapes.co.uk/product/uwell-crown-replacement-pod
ninja-vapes.co.uk,uwell crown 5 coils,uwell crown v replacement coils [pack of 4],https://vapeonlinestore.co.uk/products/uwell-crown-v-coils-pack-of-4,1.0,high,https://www.ninja-vapes.co.uk/product/uwell-crown-5-coils
ninja-vapes.co.uk,uwell crown 4 coils,uwell crown iv coils [pack of 4],https://vapeonlinestore.co.uk/products/uwell-crown-iv-coils-pack-of-4,1.0,high,https://www.ninja-vapes.co.uk/product/uwell-crown-4-coils
ninja-vapes.co.uk,aspire minican 3 pro kit,aspire minican 3 pro vape kit,https://vapeonlinestore.co.uk/products/aspire-minican-3-pro,1.0,high,https://www.ninja-vapes.co.uk/product/aspire-minican-3-pro-pod-kit
ninja-vapes.co.uk,voopoo argus g2 mini pod kit,voopoo argus g2 mini vape kit,https://vapeonlinestore.co.uk/products/voopoo-argus-g2-mini-kit,1.0,high,https://www.ninja-vapes.co.uk/product/voopoo-argus-g2-mini-vape-kit
ninja-vapes.co.uk,innokin coolfire z60 vape kit,innokin coolfire z60 vape kit,https://vapeonlinestore.co.uk/products/innokin-coolfire-z60-kit,1.0,high,https://www.ninja-vapes.co.uk/product/innokin-coolfire-z60-vape-kit
ninja-vapes.co.uk,smok scar 18 vape kit,smok scar 18 kit,https://vapeonlinestore.co.uk/products/smok-scar-18-vape-kit,1.0,high,https://www.ninja-vapes.co.uk/product/smok-scar-18-kit
ninja-vapes.co.uk,voopoo argus xt mod kit,voopoo argus xt vape kit,https://vapeonlinestore.co.uk/products/voopoo-argus-xt-vape-kit,1.0,high,https://www.ninja-vapes.co.uk/product/voopoo-argus-xt-vape-kit
ninja-vapes.co.uk,smok novo 4 vape kit,smok novo 4 pod vape kit,https://vapeonlinestore.co.uk/products/smok-novo-4-pod-vape-kit,1.0,high,https://www.ninja-vapes.co.uk/product/smok-novo-4-pod-kit
ninja-vapes.co.uk,aspire pixo pod kit,aspire pixo pod vape kit,https://vapeonlinestore.co.uk/products/aspire-pixo-pod-vape-kit,1.0,high,https://www.ninja-vapes.co.uk/product/aspire-pixo-pod-kit
ninja-vapes.co.uk,smok nord kit,Smok Nord Pod Vape Kit,https://vapeonlinestore.co.uk/products/smok-nord-pod-vape-kit,1.0,high,https://www.ninja-vapes.co.uk/product/smok-nord-kit
ninja-vapes.co.uk,Vaporesso Luxe Vape Kit,Vaporesso Luxe X Pod Kit,https://vapeonlinestore.co.uk/products/vaporesso-luxe-x-pod-kit,1.0,high,https://www.ninja-vapes.co.uk/product/vaporesso-luxe-x2-vape-kit
ninja-vapes.co.uk,geekvape wenax q pro vape pod kit,geekvape wenax q pro pod kit,https://vapeonlinestore.co.uk/products/geekvape-wenax-q-pro-pod-kit,1.0,high,https://www.ninja-vapes.co.uk/product/geekvape-wenax-q-pro-pod-kit
ninja-vapes.co.uk,voopoo drag 5 kit,voopoo drag 5 vape kit,https://vapeonlinestore.co.uk/products/voopoo-drag-5-vape-kit,1.0,high,https://www.ninja-vapes.co.uk/product/voopoo-drag-5
ninja-vapes.co.uk,Voopoo Argus P2 Vape Kit,voopoo argus p2 vape pod kit,https://vapeonlinestore.co.uk/products/voopoo-argus-p2-vape-pod-kit,1.0,high,https://www.ninja-vapes.co.uk/product/voopoo-argus-p2-pod-kit
ninja-vapes.co.uk,oxva nexlim 2 pod vape kit,oxva nexlim 2 vape kit,https://vapeonlinestore.co.uk/products/oxva-nexlim-2-vape-kit,1.0,high,https://www.ninja-vapes.co.uk/product/oxva-nexlim-2-pod-vape-kit
ninja-vapes.co.uk,voopoo drag 6 mod vape kit,voopoo drag 6 vape kit,https://vapeonlinestore.co.uk/products/voopoo-drag-6-vape-kit,1.0,high,https://www.ninja-vapes.co.uk/product/voopoo-drag-6
ninja-vapes.co.uk,smok nord 6 pod vape kit,smok nord 6 vape kit,https://vapeonlinestore.co.uk/products/smok-nord-6-vape-kit,1.0,high,https://www.ninja-vapes.co.uk/product/smok-nord-6-pod-vape-kit
ninja-vapes.co.uk,smok morph 219 vape kit,smok morph 219 vape kit,https://vapeonlinestore.co.uk/products/smok-morph-219-vape-kit,1.0,high,https://www.ninja-vapes.co.uk/product/smok-morph-219-vape-kit
ninja-vapes.co.uk,smok morph 3 vape kit,smok morph 3 vape kit,https://vapeonlinestore.co.uk/products/smok-morph-3-vape-kit,1.0,high,https://www.ninja-vapes.co.uk/product/smok-morph-3-vape-kit
ninja-vapes.co.uk,vaporesso xros 3 nano pod vape kit,vaporesso xros 3 nano vape kit,https://vapeonlinestore.co.uk/products/vaporesso-xros-3-nano-vape-kit,1.0,high,https://www.ninja-vapes.co.uk/product/vaporesso-xros-3-nano-vape-kit
ninja-vapes.co.uk,smok solus g box vape kit,Smok Solus G Box Pod Vape Kit,https://vapeonlinestore.co.uk/products/smok-solus-g-box-pod-vape-kit,1.0,high,https://www.ninja-vapes.co.uk/product/smok-solus-g-box-vape-kit
ninja-vapes.co.uk,Voopoo Drag Pod Kit,Voopoo Drag Vape Kit,https://vapeonlinestore.co.uk/products/voopoo-drag-x2-kit,1.0,high,https://www.ninja-vapes.co.uk/product/voopoo-drag-x2-pod-vape-kit
ninja-vapes.co.uk,geekvape z200 vape kit price,geekvape z200 vape kit,https://vapeonlinestore.co.uk/products/geekvape-z200-vape-kit,1.0,high,https://www.ninja-vapes.co.uk/product/geekvape-z200-vape-kit
ninja-vapes.co.uk,uwell caliburn a2 pod kit,uwell caliburn a2 pod starter vape kit,https://vapeonlinestore.co.uk/products/uwell-caliburn-a2-pod-vape-kit,1.0,high,https://www.ninja-vapes.co.uk/product/uwell-caliburn-a2-15w-pod-kit-pod-kit
ninja-vapes.co.uk,voopoo drag x pnp-x pod kit,voopoo drag x pnp-x pod kit,https://vapeonlinestore.co.uk/products/voopoo-drag-x-pod-kit,1.0,high,https://www.ninja-vapes.co.uk/product/voopoo-drag-x-pod-kit
ninja-vapes.co.uk,smok priv n19 vape kit,smok priv n19 vape kit price,https://vapeonlinestore.co.uk/products/smok-priv-n19-vape-kit,1.0,high,https://www.ninja-vapes.co.uk/product/smok-priv-n19-vape-kit
ninja-vapes.co.uk,smok nord 2 pod kit,smok nord 2 pod kit,https://vapeonlinestore.co.uk/products/smok-nord-2-pod-kit,1.0,high,https://www.ninja-vapes.co.uk/product/smok-nord-2-pod-kit
ninja-vapes.co.uk,uwell caliburn koko prime pod kit,uwell caliburn koko prime pod kit,https://vapeonlinestore.co.uk/products/uwell-caliburn-koko-prime-pod-kit,1.0,high,https://www.ninja-vapes.co.uk/product/uwell-caliburn-koko-prime-pod-kit
ninja-vapes.co.uk,Uwell Caliburn Pod Kit,Uwell Caliburn Pod Kit,https://vapeonlinestore.co.uk/products/uwell-caliburn-pod-kit,1.0,high,https://www.ninja-vapes.co.uk/product/uwell-caliburn-pod-kit
ninja-vapes.co.uk,innokin go s pen kit,innokin go s vape pen kit,https://vapeonlinestore.co.uk/products/innokin-vape-pen-kit-go-s,1.0,high,https://www.ninja-vapes.co.uk/product/innokin-go-s-pen-kit
ninja-vapes.co.uk,Aisu Nic Salt,aisu 10ml nic salt e-liquids,https://vapeonlinestore.co.uk/products/aisu-10ml-nic-salt-e-liquids,1.0,high,https://www.ninja-vapes.co.uk/product/zap-aisu-nic-salt-blue-raspberry
ninja-vapes.co.uk,oxva unipro replacement coils,oxva unipro coils pack of 5,https://vapeonlinestore.co.uk/products/oxva-unipro-coils-pack-of-5,1.0,high,https://www.ninja-vapes.co.uk/product/oxva-unipro-replacement-coils
ninja-vapes.co.uk,lost vape lyra coils,lost vape lyra replacement coils pack of 5,https://vapeonlinestore.co.uk/products/lyra-coils-5pk-by-lost-vape,1.0,high,https://www.ninja-vapes.co.uk/product/lost-vape-lyra-coils
ninja-vapes.co.uk,vylo duo 35k refill pods,vylo duo 35k pods,https://vapeonlinestore.co.uk/products/vylo-duo-35k-replacement-pods,1.0,high,https://www.ninja-vapes.co.uk/product/vylo-duo-35k-refill-pod-pack
ninja-vapes.co.uk,uwell caliburn g4 classic pod vape kit,uwell caliburn g4 classic vape pod kit,https://vapeonlinestore.co.uk/products/uwell-caliburn-g4-classic,1.0,high,https://www.ninja-vapes.co.uk/product/uwell-caliburn-classic-vape-kit
ninja-vapes.co.uk,pyne pod nic salts 10ml,pyne pod 10ml nic salts,https://vapeonlinestore.co.uk/products/pyne-pod-10ml,1.0,high,https://www.ninja-vapes.co.uk/product/pyne-pod-nic-salts-10ml
ninja-vapes.co.uk,Gold Bar Apollo 20000 Puffs Pod Vape Kit,gold bar apollo 20k reusable kit uk,https://vapeonlinestore.co.uk/products/gold-bar-apollo-20k,1.0,high,https://www.ninja-vapes.co.uk/product/gold-bar-apollo-20000-pod-vape-kit
ninja-vapes.co.uk,10Ml By Juice And Power Nic Salt,juice n power 10ml e-liquid 10mg & 20mg,https://vapeonlinestore.co.uk/products/juice-n-power-10ml-e-liquid,1.0,high,https://www.ninja-vapes.co.uk/product/juice-n-power-nic-salt-strawberry-lemonade-berry-10ml
ninja-vapes.co.uk,oxva xlim go 2 pod vape kit,oxva xlim go 2 pod vape kit,https://vapeonlinestore.co.uk/products/oxva-xlim-go-2,1.0,high,https://www.ninja-vapes.co.uk/product/oxva-xlim-go-2-pod-kit
ninja-vapes.co.uk,Ske Nic Salt 10Ml,Ske Nic Salt 10Ml E-Liquid,https://vapeonlinestore.co.uk/products/ske-crystal-salts-10ml,1.0,high,https://www.ninja-vapes.co.uk/product/ske-crystal-nic-salts
ninja-vapes.co.uk,Pukka Juice 5000 Plus Nic Salt,pukka juice 5000+ 10ml nic salts,https://vapeonlinestore.co.uk/products/pukka-juice-5000,1.0,high,https://www.ninja-vapes.co.uk/product/pukka-juice-5000-nic-salts
ninja-vapes.co.uk,voopoo drag x plus pod kit,voopoo drag x plus pod vape kit,https://vapeonlinestore.co.uk/products/voopoo-drag-x-plus-pod-vape-kit,1.0,high,https://www.ninja-vapes.co.uk/product/voopoo-drag-x-plus-pod-kit
ninja-vapes.co.uk,smok rpm 85 vape kit,smok rpm 85 pod vape kit,https://vapeonlinestore.co.uk/products/smok-rpm-85-kit,1.0,high,https://www.ninja-vapes.co.uk/product/smok-rpm-85-vape-kit
ninja-vapes.co.uk,Voopoo Pnp Coils,Voopoo Pnp Coils,https://vapeonlinestore.co.uk/products/voopoo-pnp-replacement-coils,1.0,high,https://www.ninja-vapes.co.uk/product/voopoo-pnp-vinci-x-coils-and-replacement-pods
ninja-vapes.co.uk,vaporesso target pm80 replacement pod 2ml/4ml,vaporesso target pm80 2ml/4ml replacement pods,https://vapeonlinestore.co.uk/products/vaporesso-target-pm80-pods,1.0,high,https://www.ninja-vapes.co.uk/product/vaporesso-target-pm80-replacment-pod2ml-4ml
ninja-vapes.co.uk,Elfliq Nic Salt By Elf Bar 10Mg And 20Mg,Elf Bar Elfliq 10Ml Nic Salt,https://vapeonlinestore.co.uk/products/elfliq-10ml-e-liquid-nic-salts,1.0,high,https://www.ninja-vapes.co.uk/product/elf-bar-elfliq-10ml-nic-salts
ninja-vapes.co.uk,innokin jem pen starter kit,innokin jem pen vape kit,https://vapeonlinestore.co.uk/products/innokin-jem-pen-kit,1.0,high,https://www.ninja-vapes.co.uk/product/innokin-jem-pen-starter-kit
ninja-vapes.co.uk,innokin ez watt vape starter kit,innokin ez.watt vape starter kit,https://vapeonlinestore.co.uk/products/innokin-ez-watt-kit,1.0,high,https://www.ninja-vapes.co.uk/product/innokin-ezwatt-vape-starter-kit
ninja-vapes.co.uk,vaporesso luxe pm40 2ml replacement pods,vaporesso luxe pm40 replacement pods,https://vapeonlinestore.co.uk/products/vaporesso-luxe-pm40-replacement-pods,1.0,high,https://www.ninja-vapes.co.uk/product/vaporesso-luxe-pm40-2ml-replacement-pods
ninja-vapes.co.uk,Vaporesso Gtx Coils,vaporesso gtx coils pack of 5,https://vapeonlinestore.co.uk/products/vaporesso-gtx-coils-pack-of-5,1.0,high,https://www.ninja-vapes.co.uk/product/vaporesso-gtx-coils
ninja-vapes.co.uk,vaporesso euc ceramic coils,vaporesso euc ceramic coils [ pack of 5 ],https://vapeonlinestore.co.uk/products/vaporesso-euc-ceramic-coils,1.0,high,https://www.ninja-vapes.co.uk/product/vaporesso-euc-ceramic-coils
ninja-vapes.co.uk,vaporesso cascade gtm coils,vaporesso gtm cascade coils 3 pack,https://vapeonlinestore.co.uk/products/gtm-cascade-coils-3-pack-by-vaporesso,1.0,high,https://www.ninja-vapes.co.uk/product/vaporesso-cascade-gtm-coils
ninja-vapes.co.uk,smok rpm80 rgc coil & rpm80 rgc replacement pod,Smok Rpm80 Rgc Coils,https://vapeonlinestore.co.uk/products/rgc-replacement-coils-by-smok,1.0,high,https://www.ninja-vapes.co.uk/product/smok-rpm80-rgc-coil-and-rpm80-rgc-replacement-pod
ninja-vapes.co.uk,smok rpm80 rgc 2ml/5ml replacement pods,smok rpm80 5ml pod & 2ml rgc replacement pods,https://vapeonlinestore.co.uk/products/smok-rpm80-rgc-2ml-5ml-replacement-pods,1.0,high,https://www.ninja-vapes.co.uk/product/smok-rpm80-rgc-2ml-5ml-replacement-pods
ninja-vapes.co.uk,Smok Rpm Coils And Refill Pods,smok rpm replacement coils pack of 5,https://vapeonlinestore.co.uk/products/smok-rpm-replacement-coils,1.0,high,https://www.ninja-vapes.co.uk/product/smok-rpm-coils-and-replacement-pods
ninja-vapes.co.uk,smok rolo badge replacement pod,smok rolo badge replacement cartridges pods [pack of 3],https://vapeonlinestore.co.uk/products/smok-rolo-badge-pod-pack-of-3,1.0,high,https://www.ninja-vapes.co.uk/product/smok-rolo-badge-replacement-pod
ninja-vapes.co.uk,smok nord x 2ml replacement pods,Smok Nord Refill Pods,https://vapeonlinestore.co.uk/products/refillable-pod-for-smok-nord,1.0,high,https://www.ninja-vapes.co.uk/product/smok-nord-x-2ml-replacement-pods
ninja-vapes.co.uk,smok nord replacement coils,smok nord replacement coils pack of 5,https://vapeonlinestore.co.uk/products/smok-nord-coils,1.0,high,https://www.ninja-vapes.co.uk/product/smok-nord-replacement-coils-regular-ceramic-mesh-meshmtl-pack-of-5
ninja-vapes.co.uk,smok nord 4 replacement pods,smok nord 4 replacement pods,https://vapeonlinestore.co.uk/products/smok-nord-4-replacement,1.0,high,https://www.ninja-vapes.co.uk/product/smok-nord-4-replacement-pods
ninja-vapes.co.uk,Innokin Endura T22E Vape Kit,Innokin Endura T22E Vape Kit,https://vapeonlinestore.co.uk/products/innokin-endura-t22e-vape-kit,1.0,high,https://www.ninja-vapes.co.uk/product/innokin-endura-t22e-Vape-kit
ninja-vapes.co.uk,smok mico replacement pods,smok mico replacement vape pods [pack of 3],https://vapeonlinestore.co.uk/products/smok-mico-pods-pack-of-3,1.0,high,https://www.ninja-vapes.co.uk/product/smok-mico-replacement-pods
ninja-vapes.co.uk,smok nord 5 pod kit,smok nord 5 vape kit,https://vapeonlinestore.co.uk/products/smok-nord-5-vape-kit,1.0,high,https://www.ninja-vapes.co.uk/product/smok-nord-5-pod-kit
ninja-vapes.co.uk,innokin sceptre replacement coil,innokin sceptre replacement coils pack of 5,https://vapeonlinestore.co.uk/products/innokin-sceptre-replacement-coils,1.0,high,https://www.ninja-vapes.co.uk/product/innokin-sceptre-replacement-coil
ninja-vapes.co.uk,innokin isub coils,innokin isub tank replacement coils,https://vapeonlinestore.co.uk/products/innokin-isub-coils-pack-of-5,1.0,high,https://www.ninja-vapes.co.uk/product/innokin-isub-coils
ninja-vapes.co.uk,innokin endura t18 ii vape kit,innokin endura t18ii vape kit,https://vapeonlinestore.co.uk/products/innokin-vape-pen-kit-t18-ll,1.0,high,https://www.ninja-vapes.co.uk/product/innokin-endura-t18-ii-vape-kit
ninja-vapes.co.uk,horizontech falcon replacement coils,Horizontech Falcon Coils,https://vapeonlinestore.co.uk/products/falcon-coils-3-pack-by-horizontech,1.0,high,https://www.ninja-vapes.co.uk/product/horizontech-falcon-coils-f1-f2-f3-m1-m2m-triple
ninja-vapes.co.uk,Horizontech Falcon 2 Coils,horizontech falcon 2 replacement coils pack of 3,https://vapeonlinestore.co.uk/products/falcon-2-tank-replacement-coils-by-horizontech,1.0,high,https://www.ninja-vapes.co.uk/product/horizontech-falcon-2-coils
ninja-vapes.co.uk,uwell caliburn g5 lite pod kit,uwell caliburn g5 lite pod vape kit,https://vapeonlinestore.co.uk/products/uwell-caliburn-g5-lite,1.0,high,https://www.ninja-vapes.co.uk/product/uwell-caliburn-g5-lite-vape-kit
ninja-vapes.co.uk,elf bar mate 500 pod vape kit,elf bar mate 500 pod starter kit - starter kit,https://vapeonlinestore.co.uk/products/elf-bar-mate500-pod-starter-kit,1.0,high,https://www.ninja-vapes.co.uk/product/elf-bar-mate-500-pod-kit
ninja-vapes.co.uk,zeus juice zodiac 100ml shortfill e-liquid,zeus juice zodiac 100ml shortfill,https://vapeonlinestore.co.uk/products/zeus-juice-shortfill-100ml-e-liquid,1.0,high,https://www.ninja-vapes.co.uk/product/zeus-juice-100ml-shortfill-e-liquid
ninja-vapes.co.uk,jnr ace 36k puffs prefilled pod kit,jnr ace 36k puffs prefilled pod kit,https://vapeonlinestore.co.uk/products/jnr-ace-36k,1.0,high,https://www.ninja-vapes.co.uk/product/jnr-ace-36k-puffs-prefilled-pod-kit
ninja-vapes.co.uk,freemax mesh pro replacement coils,freemax mesh pro coils pack of 3,https://vapeonlinestore.co.uk/products/freemax-mesh-pro-coils,1.0,high,https://www.ninja-vapes.co.uk/product/freemax-mesh-pro-replacement-coils
ninja-vapes.co.uk,freemax autopod50 4ml replacement pods,freemax autopod50 replacement pods,https://vapeonlinestore.co.uk/products/freemax-autopod50-replacement-pods,1.0,high,https://www.ninja-vapes.co.uk/product/freemax-autopod50-4ml-replacement-pods
ninja-vapes.co.uk,Aspire Pockex Coils,Aspire Pockex Coils,https://vapeonlinestore.co.uk/products/aspire-pockex-coils-5-pack,1.0,high,https://www.ninja-vapes.co.uk/product/aspire-pockex-coils
ninja-vapes.co.uk,Aspire Nautilus Bvc Coils,aspire nautilus bvc replacement coils pack of 5,https://vapeonlinestore.co.uk/products/nautilus-bvc-coil-by-aspire,1.0,high,https://www.ninja-vapes.co.uk/product/aspire-nautilus-bvc-coils
ninja-vapes.co.uk,smok rpm 4 vape kit,smok rpm 4 pod vape kit,https://vapeonlinestore.co.uk/products/smok-rpm-4-pod-vape-kit,1.0,high,https://www.ninja-vapes.co.uk/product/Smok-rpm-4-vape-kit
ninja-vapes.co.uk,vaporesso luxe q2 vape kit,vaporesso luxe q2 pod kit,https://vapeonlinestore.co.uk/products/vaporesso-luxe-q2-pod-kit,1.0,high,https://www.ninja-vapes.co.uk/product/vaporesso-luxe-q2-vape-kit
ninja-vapes.co.uk,voopoo drag s pro vape kit,voopoo drag s pro pod vape kit,https://vapeonlinestore.co.uk/products/voopoo-drag-s-pro-pod-vape-kit,1.0,high,https://www.ninja-vapes.co.uk/product/voopoo-drag-s-pro-vape-kit
ninja-vapes.co.uk,uwell caliburn g pod kit,uwell caliburn g pod kit,https://vapeonlinestore.co.uk/products/uwell-caliburn-g-pod-kit,1.0,high,https://www.ninja-vapes.co.uk/product/uwell-caliburn-g-pod-kit
ninja-vapes.co.uk,aspire breeze 2 coils,aspire breeze/breeze 2 replacement coils pack of 5,https://vapeonlinestore.co.uk/products/breeze-breeze-2-coils-5-pack-by-aspire,1.0,high,https://www.ninja-vapes.co.uk/product/aspire-breeze-2-coils
ninja-vapes.co.uk,smok alike pod mod kit,smok alike pod vape kit,https://vapeonlinestore.co.uk/products/smok-alike-pod-vape-kit,1.0,high,https://www.ninja-vapes.co.uk/product/smok-alike-pod-mod-kit
ninja-vapes.co.uk,Hayati Pro Max Nic Salt 10Ml,Hayati Pro Max 10Ml Nic Salt E-Liquid,https://vapeonlinestore.co.uk/products/blueberry-raspberry-hayati-pro-max-10ml,1.0,high,https://www.ninja-vapes.co.uk/product/hayati-pro-max-nic-salts-10ml-hayati-nic-salts
ninja-vapes.co.uk,smok nord 4 pod vape kit,smok nord 4 pod kit,https://vapeonlinestore.co.uk/products/smok-nord-4-pod-kit,1.0,high,https://www.ninja-vapes.co.uk/product/smok-nord-4-vape-kit
ninja-vapes.co.uk,smok rpm 2 pod kit,smok rpm 2 pod kit,https://vapeonlinestore.co.uk/products/smok-rpm-2-pod-kit,1.0,high,https://www.ninja-vapes.co.uk/product/smok-rpm-2-pod-kit
ninja-vapes.co.uk,vaporesso vibe se 2 pod kit,vaporesso vibe se 2 pod kit,https://vapeonlinestore.co.uk/products/vaporesso-vibe-se-2-pod-kit,1.0,high,https://www.ninja-vapes.co.uk/product/vaporesso-vibe-se2-kit
ninja-vapes.co.uk,oxva xlim pro 2 pod kit,oxva xlim pro 2 pod vape kit,https://vapeonlinestore.co.uk/products/oxva-xlim-pro-2-pod-vape-kit,1.0,high,https://www.ninja-vapes.co.uk/product/oxva-xlim-pro-2-pod-vape-kit
ninja-vapes.co.uk,eleaf istick power 2 vape kit,eleaf istick power 2 kit,https://vapeonlinestore.co.uk/products/eleaf-istick-power-2-kit,1.0,high,https://www.ninja-vapes.co.uk/product/eleaf-istick-power-2
ninja-vapes.co.uk,aspire nautilus 3 tank,aspire nautilus 3 replacement tank,https://vapeonlinestore.co.uk/products/nautilus-3-vape-tank-by-aspire,1.0,high,https://www.ninja-vapes.co.uk/product/aspire-nautilus-3-tank
ninja-vapes.co.uk,voopoo argus p1 pod kit,voopoo argus p1 pod vape kit,https://vapeonlinestore.co.uk/products/voopoo-argus-p1-pod-kit,1.0,high,https://www.ninja-vapes.co.uk/product/voopoo-argus-p1-pod-kit
ninja-vapes.co.uk,voopoo argus p1s pod kit,voopoo argus p1s pod kit,https://vapeonlinestore.co.uk/products/voopoo-argus-p1s-pod-kit,1.0,high,https://www.ninja-vapes.co.uk/product/voopoo-argus-p1s-pod-kit
ninja-vapes.co.uk,Cuttwood 100Ml Shortfill E-Liquid,cuttwood shortfill 50ml e-liquid,https://vapeonlinestore.co.uk/products/cuttwood-shortfill-50ml-e-liquid,1.0,high,https://www.ninja-vapes.co.uk/product/cuttwood-100ml-shortfill-eliquid
ninja-vapes.co.uk,lost vape thelema elite s pod kit,lost vape thelema elite s vape kit,https://vapeonlinestore.co.uk/products/lost-vape-thelema-elite-s-vape-kit,1.0,high,https://www.ninja-vapes.co.uk/product/lost-vape-thelema-elite-s-pod-kit
ninja-vapes.co.uk,smok mag solo kit,smok mag solo vape kit,https://vapeonlinestore.co.uk/products/smok-mag-solo-kit,1.0,high,https://www.ninja-vapes.co.uk/product/smok-mag-solo-kit
ninja-vapes.co.uk,pablo silver edition nicotine pouches,pablo silver edition nicotine pouches,https://vapeonlinestore.co.uk/products/pablo-silver-edition-nicotine-pouches,1.0,high,https://www.ninja-vapes.co.uk/product/pablo-silver-edition-nicotine-pouches
ninja-vapes.co.uk,vaporesso dojo blast 6000 puffs refill pods,vaporesso dojo blast 6000 prefilled pods,https://vapeonlinestore.co.uk/products/vaporesso-dojo-blast-6000-prefilled-pods,1.0,high,https://www.ninja-vapes.co.uk/product/vaporesso-dojo-blast-6k-refills
ninja-vapes.co.uk,vaporesso dojo blast 6000 puffs prefilled pod vape kit,vaporesso dojo blast 6000 puffs vape kit,https://vapeonlinestore.co.uk/products/vaporesso-dojo-blast-6000-vape-kit,1.0,high,https://www.ninja-vapes.co.uk/product/dojo-blast-6000
ninja-vapes.co.uk,vaporesso xros corex 3.0 replacement pods (4pack),vaporesso xros corex 3.0 replacement pods,https://vapeonlinestore.co.uk/products/vaporesso-xros-corex-3-0-replacement-pods,1.0,high,https://www.ninja-vapes.co.uk/product/vaporesso-xros-corex-3-0-pods
ninja-vapes.co.uk,vaporesso moti x mini vape kit,vaporesso x moti mini vape kit,https://vapeonlinestore.co.uk/products/vaporesso-x-moti-mini-vape-kit,1.0,high,https://www.ninja-vapes.co.uk/product/vaporesso-moti-x-mini-vape-kit
ninja-vapes.co.uk,smok morph 3 mod,smok morph 3 vape kit,https://vapeonlinestore.co.uk/products/smok-morph-3-vape-kit,1.0,high,https://www.ninja-vapes.co.uk/product/smok-morph-3-mod
ninja-vapes.co.uk,smok ipx 80 pod kit,smok ipx 80 pod kit,https://vapeonlinestore.co.uk/products/smok-ipx-80-pod-kit,1.0,high,https://www.ninja-vapes.co.uk/product/smok-ipx-80-pod-kit
ninja-vapes.co.uk,Ultimate Puff 100Ml,Ultimate Puff Shortfill 50Ml E-Liquid,https://vapeonlinestore.co.uk/products/ultimate-puff-shortfill-50ml-e-liquid,1.0,high,https://www.ninja-vapes.co.uk/product/ultimate-puff-chilled-grape-100ml
ninja-vapes.co.uk,lost vape galaxy t360 pod vape kit,lost vape galaxy t360 pod vape kit,https://vapeonlinestore.co.uk/products/lost-vape-galaxy-t360-pod-vape-kit,1.0,high,https://www.ninja-vapes.co.uk/product/lost-vape-galaxy-t360-pod-vape-kit
ninja-vapes.co.uk,smok vape pen v2 starter kit,smok vape pen v2 kit,https://vapeonlinestore.co.uk/products/smok-vape-pen-v2,1.0,high,https://www.ninja-vapes.co.uk/product/smok-vape-pen-v2-60w-starter-kit
ninja-vapes.co.uk,vaporesso target 200 kit,vaporesso target 200 starter kit,https://vapeonlinestore.co.uk/products/vape-kit-vaporesso-target-200,1.0,high,https://www.ninja-vapes.co.uk/product/vaporesso-target-200-kit
ninja-vapes.co.uk,vaporesso armour s mod 100w,vaporesso armour s vape mod 100w,https://vapeonlinestore.co.uk/products/vaporesso-armour-s-mod,1.0,high,https://www.ninja-vapes.co.uk/product/vaporesso-armour-s-mod
ninja-vapes.co.uk,uwell caliburn g3 replacement pods,uwell caliburn g3 replacement pods pack of 4,https://vapeonlinestore.co.uk/products/uwell-caliburn-g3-replacement-pods,1.0,high,https://www.ninja-vapes.co.uk/product/caliburn-g3-replacement-pods
ninja-vapes.co.uk,aspire cleito coils,Aspire Cleito Coils,https://vapeonlinestore.co.uk/products/aspire-cleito-replacement-coils-pack-of-5,1.0,high,https://www.ninja-vapes.co.uk/product/aspire-cleito-coils
ninja-vapes.co.uk,innokin coolfire z60 mod,innokin coolfire z60 vape kit,https://vapeonlinestore.co.uk/products/innokin-coolfire-z60-kit,1.0,high,https://www.ninja-vapes.co.uk/product/innokin-coolfire-z60-mod
ninja-vapes.co.uk,innokin coolfire z80 zenith ii vape kit,innokin coolfire z80 zenith ii vape kit,https://vapeonlinestore.co.uk/products/coolfire-z80-zenith-ll-vape-kit-by-innokin,1.0,high,https://www.ninja-vapes.co.uk/product/innokin-coolfire-z80-zenith-ii-vape-kit
ninja-vapes.co.uk,smok v8 x-baby replacement coils,smok v8 x-baby replacement coils pack of 3,https://vapeonlinestore.co.uk/products/smok-v8-x-baby-coils,1.0,high,https://www.ninja-vapes.co.uk/product/smok-v8-x-baby-coils
ninja-vapes.co.uk,smok stick aio replacement coils,Smok Stick Aio Replacement Vape Coils,https://vapeonlinestore.co.uk/products/aio-coils-5-pack-by-smok,1.0,high,https://www.ninja-vapes.co.uk/product/smok-aio-coils
ninja-vapes.co.uk,Syco Xtreme Gumball 100Ml,syco xtreme gumball 100ml e-liquid,https://vapeonlinestore.co.uk/products/syco-xtreme-gumball-100ml,1.0,high,https://www.ninja-vapes.co.uk/product/syco-xtreme-gumball-rainbow-candy-100ml-25450
ninja-vapes.co.uk,geekvape aegis hero replacement pod,geekvape aegis hero replacement pod,https://vapeonlinestore.co.uk/products/aegis-hero-replacement-pod-coils,1.0,high,https://www.ninja-vapes.co.uk/product/geekvape-aegis-hero-replacement-pod
ninja-vapes.co.uk,iqos terea pearls,iqos terea pearls,https://vapeonlinestore.co.uk/products/iqos-terea-pearls,1.0,high,https://www.ninja-vapes.co.uk/product/iqos-terea-pearls
ninja-vapes.co.uk,smok stick n18 vape kit,smok stick n18 vape kit,https://vapeonlinestore.co.uk/products/smok-stick-n18-vape-pen-kit,1.0,high,https://www.ninja-vapes.co.uk/product/smok-stick-n18-kit
ninja-vapes.co.uk,voopoo drag 4 mod,voopoo drag 4 vape kit,https://vapeonlinestore.co.uk/products/voopoo-drag-4-vape-kit,1.0,high,https://www.ninja-vapes.co.uk/product/voopoo-drag-4-mod
ninja-vapes.co.uk,innokin adept mod,innokin adept mod box,https://vapeonlinestore.co.uk/products/innokin-adept-mod,1.0,high,https://www.ninja-vapes.co.uk/product/innokin-adept-mod
ninja-vapes.co.uk,innokin go z pen vape kit,innokin go-z vape pen kit,https://vapeonlinestore.co.uk/products/go-z-vape-pen-by-innokin,1.0,high,https://www.ninja-vapes.co.uk/product/innokin-go-z-pen-vape-kit
ninja-vapes.co.uk,eleaf istick 20w box mod,eleaf istick 20w mod,https://vapeonlinestore.co.uk/products/eleaf-istick-20w-mod,1.0,high,https://www.ninja-vapes.co.uk/product/eleaf-istick-20w-mod
ninja-vapes.co.uk,eleaf istick t80 mod kit,eleaf istick t80 vape kit,https://vapeonlinestore.co.uk/products/eleaf-istick-t80-vape-kit,1.0,high,https://www.ninja-vapes.co.uk/product/eleaf-istick-t80-mod-kit
ninja-vapes.co.uk,yeti blizzard shortfill 100ml e-liquid,yeti blizzard e-liquid 100ml shortfill,https://vapeonlinestore.co.uk/products/yeti-blizzard-e-liquid-100ml,1.0,high,https://www.ninja-vapes.co.uk/product/yeti-blizzard-shortfill-eliquid
ninja-vapes.co.uk,geekvape aegis boost 3 kit,geekvape aegis boost 3 pod vape kit,https://vapeonlinestore.co.uk/products/geekvape-aegis-boost-3-pod-vape-kit,1.0,high,https://www.ninja-vapes.co.uk/product/geekvape-aegis-boost-3-vape-kit
ninja-vapes.co.uk,vaporesso luxe xr pod kit,vaporesso luxe xr kit,https://vapeonlinestore.co.uk/products/vaporesso-luxe-xr-kit,1.0,high,https://www.ninja-vapes.co.uk/product/vaporesso-luxe-xr-pod-kit
ninja-vapes.co.uk,smok rpm 3 replacement coils (5pack),smok rpm 3 coils pack of 5,https://vapeonlinestore.co.uk/products/smok-rpm-3-coils-pack-of-5,1.0,high,https://www.ninja-vapes.co.uk/product/smok-rpm3-replacement-coils
ninja-vapes.co.uk,smok rpm 2 replacement coils (5pack),smok rpm 2 replacement coils pack of 5,https://vapeonlinestore.co.uk/products/smok-rpm-2-coils,1.0,high,https://www.ninja-vapes.co.uk/product/smok-rpm2-replacement-coils
ninja-vapes.co.uk,aspire cleito pro mesh coil,aspire cleito pro coils pack of 5,https://vapeonlinestore.co.uk/products/cleito-pro-coils-5-pack-by-aspire,1.0,high,https://www.ninja-vapes.co.uk/product/aspire-cleito-pro-mesh-coil
ninja-vapes.co.uk,geek vape b series replacement coils,geekvape b series coil [pack of 5],https://vapeonlinestore.co.uk/products/geekvape-b-series-coils-pack-of-5,1.0,high,https://www.ninja-vapes.co.uk/product/geek-vape-b-series-replacement-coils
ninja-vapes.co.uk,vaporesso luxe xr replacement pods (2pack),Vaporesso Luxe X And Xr Refill Pods,https://vapeonlinestore.co.uk/products/vaporesso-luxe-x-xr-replacement-pods,1.0,high,https://www.ninja-vapes.co.uk/product/vaporesso-luxe-xr-replacement-pods
ninja-vapes.co.uk,Nic Salt E-Liquid By Vampire Vape,Vampire Vape 10Ml E-Liquid,https://vapeonlinestore.co.uk/products/pack-of-10-vampire-vape-10ml-e-liquid,1.0,high,https://www.ninja-vapes.co.uk/product/ice-menthol-nic-salt-e-liquid-vampire-vape
ninja-vapes.co.uk,geekvape sonder q2 pod kit,geekvape sonder q2 pod vape kit,https://vapeonlinestore.co.uk/products/geekvape-sonder-q2-pod-vape-kit,1.0,high,https://www.ninja-vapes.co.uk/product/geekvape-sonder-q-2-pod-kit
ninja-vapes.co.uk,eleaf istick mini mod 10w,eleaf mini istick 10w box mod,https://vapeonlinestore.co.uk/products/eleaf-mini-istick-10w-mod,1.0,high,https://www.ninja-vapes.co.uk/product/eleaf-istick-mini-10w-mod
ninja-vapes.co.uk,dovpo ayce pro pod kit,dovpo ayce pro vape kit,https://vapeonlinestore.co.uk/products/dovpo-ayce-pro-pod-kit,1.0,high,https://www.ninja-vapes.co.uk/product/dovpo-ayce-pro-pod-kit
ninja-vapes.co.uk,voopoo vinci se pod kit,voopoo vinci pod se vape kit,https://vapeonlinestore.co.uk/products/voopoo-vinci-pod-se-vape-kit,1.0,high,https://www.ninja-vapes.co.uk/product/voopoo-vinci-se-pod-kit
ninja-vapes.co.uk,voopoo drag h80s pod kit,voopoo drag h80s pod kit,https://vapeonlinestore.co.uk/products/voopoo-drag-h80s-pod-kit,1.0,high,https://www.ninja-vapes.co.uk/product/voopoo-drag-h80s
ninja-vapes.co.uk,voopoo argus pod se vape kit,voopoo argus pod se vape kit,https://vapeonlinestore.co.uk/products/voopoo-argus-pod-se-vape-kit,1.0,high,https://www.ninja-vapes.co.uk/product/voopoo-argus-pod-se-vape-kit
ninja-vapes.co.uk,vaporesso gen air 40 pod kit,vaporesso gen air 40 vape kit,https://vapeonlinestore.co.uk/products/vaporesso-gen-air-40-vape-kit,1.0,high,https://www.ninja-vapes.co.uk/product/vaporesso-gen-air-40-pod-kit
ninja-vapes.co.uk,uwell caliburn tenet pod kit,uwell caliburn tenet vape kit,https://vapeonlinestore.co.uk/products/uwell-caliburn-tenet-pod-kit,1.0,high,https://www.ninja-vapes.co.uk/product/uwell-caliburn-tenet-pod-kit
ninja-vapes.co.uk,eleaf istick power 2 mod,eleaf istick power 2 mod,https://vapeonlinestore.co.uk/products/eleaf-istick-power-2-mod,1.0,high,https://www.ninja-vapes.co.uk/product/eleaf-istick-power-2-mod
ninja-vapes.co.uk,oxva xlim pro 3 pod vape kit,oxva xlim pro 3 pod kit,https://vapeonlinestore.co.uk/products/oxva-xlim-pro-3,1.0,high,https://www.ninja-vapes.co.uk/product/oxva-xlim-pro-3-pod-vape-kit
ninja-vapes.co.uk,oxva xlim sq pro 2 vape kit,oxva xlim sq pro 2 pod vape kit,https://vapeonlinestore.co.uk/products/oxva-xlim-sq-pro-2-pod-vape-kit,1.0,high,https://www.ninja-vapes.co.uk/product/oxva-xlim-sq-pro-2-pod-vape-kit
ninja-vapes.co.uk,oxva xlim classic edition pod kit,oxva xlim classic edition pod vape kit,https://vapeonlinestore.co.uk/products/oxva-xlim-classic-edition-pod-vape-kit,1.0,high,https://www.ninja-vapes.co.uk/product/oxva-xlim-classic-edition-pod-kit
ninja-vapes.co.uk,Smok Nic Salt 10Ml,smok 10ml nic salts e-liquid,https://vapeonlinestore.co.uk/products/smok-10ml-nic-salts-e-liquid,1.0,high,https://www.ninja-vapes.co.uk/product/smok-nic-salts-10ml
ninja-vapes.co.uk,oreco refillable pods (3pack),oreco refillable pods,https://vapeonlinestore.co.uk/products/oreco-refillable-pods,1.0,high,https://www.ninja-vapes.co.uk/product/oreco-refillable-pods
ninja-vapes.co.uk,geekvape aegis x mod 200w,geekvape aegis x 200w mod,https://vapeonlinestore.co.uk/products/geekvape-aegis-x-mod,1.0,high,https://www.ninja-vapes.co.uk/product/geekvape-aegis-x-mod-200w
ninja-vapes.co.uk,geekvape aegis solo 2 s100 box mod,geekvape aegis s100 solo 2 vape kit,https://vapeonlinestore.co.uk/products/geekvape-aegis-solo-2-s100-kit,1.0,high,https://www.ninja-vapes.co.uk/product/geekvape-aegis-solo-2-s100-mod
ninja-vapes.co.uk,geekvape aegis max box mod,geekvape aegis max box mod,https://vapeonlinestore.co.uk/products/geekvape-aegis-max-mod,1.0,high,https://www.ninja-vapes.co.uk/product/geekvape-aegis-max-mod
ninja-vapes.co.uk,oxva xlim sq pro vape kit,oxva xlim sq pro pod kit,https://vapeonlinestore.co.uk/products/oxva-xlim-sq-pro-pod-kit,1.0,high,https://www.ninja-vapes.co.uk/product/oxva-xlim-sq-pro-refilled-pod-vape-kit
ninja-vapes.co.uk,uwell caliburn explorer pod kit,uwell caliburn explorer pod vape kit,https://vapeonlinestore.co.uk/products/uwell-caliburn-explorer-pod-vape-kit,1.0,high,https://www.ninja-vapes.co.uk/product/uwell-caliburn-explorer-pod-kit
ninja-vapes.co.uk,aspire zelos 3 mod kit,aspire zelos 3 vape kit,https://vapeonlinestore.co.uk/products/zelos-3-aspire-vape-kit,1.0,high,https://www.ninja-vapes.co.uk/product/aspire-zelos-3-vape-kit
ninja-vapes.co.uk,uwell caliburn g3 pro pod vape kit,uwell caliburn g3 pro pod kit,https://vapeonlinestore.co.uk/products/uwell-caliburn-g3-pro-pod-kit,1.0,high,https://www.ninja-vapes.co.uk/product/uwell-caliburn-g3-pro
ninja-vapes.co.uk,uwell caliburn gk2 pod kit,uwell caliburn gk2 pod kit,https://vapeonlinestore.co.uk/products/uwell-caliburn-gk2-pod-kit,1.0,high,https://www.ninja-vapes.co.uk/product/uwell-caliburn-gk2-pod-kit
ninja-vapes.co.uk,uwell caliburn g4 mini vape kit,uwell caliburn g4 mini pod kit,https://vapeonlinestore.co.uk/products/uwell-caliburn-g4-mini-pod-kit,1.0,high,https://www.ninja-vapes.co.uk/product/uwell-caliburn-g4-mini-vape-kit
ninja-vapes.co.uk,freemax marvos crc replacement pod,freemax marvos crc replacement pod,https://vapeonlinestore.co.uk/products/freemax-marvos-crc-replacement-pod,1.0,high,https://www.ninja-vapes.co.uk/product/freemax-marvos-crc-replacement-pod
ninja-vapes.co.uk,innokin endura t18 coils (5 pack),Innokin Endura T18 Coils,https://vapeonlinestore.co.uk/products/endura-t18-coils-5-pack-by-innokin,1.0,high,https://www.ninja-vapes.co.uk/product/innokin-endura-t18-coils-5-pack
ninja-vapes.co.uk,horizontech talons ii pod kit,horizontech talons ii starter kit,https://vapeonlinestore.co.uk/products/horizontech-talons-ii-starter-kit,1.0,high,https://www.ninja-vapes.co.uk/product/horizon-tech-talons-ii-pod-kit
ninja-vapes.co.uk,voopoo doric q pod kit,voopoo doric q pod vape kit voopoo vape,https://vapeonlinestore.co.uk/products/voopoo-doric-q-pod-vape-kit,1.0,high,https://www.ninja-vapes.co.uk/product/voopoo-doric-q-pod-kit
ninja-vapes.co.uk,voopoo drag 4 mod kit,voopoo drag 4 vape kit,https://vapeonlinestore.co.uk/products/voopoo-drag-4-vape-kit,1.0,high,https://www.ninja-vapes.co.uk/product/voopoo-drag-4
ninja-vapes.co.uk,Vapes Bars Angel Nic Salt 10Ml E-Liquid,vapes bars angel 10ml nic salts e-liquid,https://vapeonlinestore.co.uk/products/vapes-bars-angel-10ml-nic-salts,1.0,high,https://www.ninja-vapes.co.uk/product/vapes-bar-angel-nic-salt-10ml-e-liquid
ninja-vapes.co.uk,voopoo drag q pod kit,voopoo drag q pod kit,https://vapeonlinestore.co.uk/products/voopoo-drag-q-pod-kit,1.0,high,https://www.ninja-vapes.co.uk/product/voopoo-drag-q-pod-kit
ninja-vapes.co.uk,voopoo argus mt mod kit,voopoo argus mt vape kit,https://vapeonlinestore.co.uk/products/voopoo-argus-mt-vape-kit,1.0,high,https://www.ninja-vapes.co.uk/product/voopoo-argus-mt-vape-kit
ninja-vapes.co.uk,Smok Mag V8 Vape Kit,smok mag v8 mod vape kit,https://vapeonlinestore.co.uk/products/smok-mag-v8-vape-kit,1.0,high,https://www.ninja-vapes.co.uk/product/smok-mag-v8
ninja-vapes.co.uk,smok igee pro pod kit,smok igee pro pod kit,https://vapeonlinestore.co.uk/products/smok-igee-pro-pod-kit,1.0,high,https://www.ninja-vapes.co.uk/product/smok-igee-pro-pod-kit
ninja-vapes.co.uk,smok infinix pod kit,smok infinix pod kit,https://vapeonlinestore.co.uk/products/smok-infinix-pod-kit,1.0,high,https://www.ninja-vapes.co.uk/product/smok-infinix-pod-kit
ninja-vapes.co.uk,smok igee a1 pod kit,smok igee a1 vape kit,https://vapeonlinestore.co.uk/products/smok-igee-a1-vape-kit,1.0,high,https://www.ninja-vapes.co.uk/product/smok-igee-a1-kit
ninja-vapes.co.uk,smok rpm 5 pod kit,smok rpm 5 pod kit price online vape kits,https://vapeonlinestore.co.uk/products/smok-rpm-5-pod-kit,1.0,high,https://www.ninja-vapes.co.uk/product/smok-rpm-5-80w-pod-kit
ninja-vapes.co.uk,vaporesso eco nano pod vape kit,vaporesso eco nano pod vape kit,https://vapeonlinestore.co.uk/products/vaporesso-eco-nano-vape-kit,1.0,high,https://www.ninja-vapes.co.uk/product/vaporesso-eco-nano-pod-vape-kit
ninja-vapes.co.uk,uwell caliburn a3 pod kit,uwell caliburn a3 pod kit,https://vapeonlinestore.co.uk/products/uwell-caliburn-a3-pod-kit,1.0,high,https://www.ninja-vapes.co.uk/product/uwell-caliburn-a3-vape-kit
ninja-vapes.co.uk,uwell caliburn a3s pod kit,uwell caliburn a3s vape pod kit,https://vapeonlinestore.co.uk/products/uwell-caliburn-a3s-pod-kit,1.0,high,https://www.ninja-vapes.co.uk/product/uwell-caliburn-a3s-pod-kit
ninja-vapes.co.uk,uwell caliburn ak3 pod kit,uwell caliburn ak3 pod kit price,https://vapeonlinestore.co.uk/products/uwell-caliburn-ak3-pod-kit,1.0,high,https://www.ninja-vapes.co.uk/product/uwell-caliburn-ak3-pod-kit
ninja-vapes.co.uk,uwell caliburn a2s pod vape kit,uwell caliburn a2s pod kit,https://vapeonlinestore.co.uk/products/uwell-caliburn-a2s-vape-kit,1.0,high,https://www.ninja-vapes.co.uk/product/uwell-caliburn-a2s-pod-kit
ninja-vapes.co.uk,Pacha Mama Nic Salt 10Ml,pacha mama 10ml nic salt e-liquid,https://vapeonlinestore.co.uk/products/pacha-mama-10ml,1.0,high,https://www.ninja-vapes.co.uk/product/pacha-mama-nic-salts-10ml
ninja-vapes.co.uk,vaporesso sky solo starter kit,vaporesso sky solo starter kit,https://vapeonlinestore.co.uk/products/vaporesso-sky-solo-starter-kit,1.0,high,https://www.ninja-vapes.co.uk/product/vaporesso-sky-solo-starter-kit
ninja-vapes.co.uk,horizon tech talons pod kit,Horizontech Talons Pod Vape Kit,https://vapeonlinestore.co.uk/products/horizontech-talons-pod-vape-kit,1.0,high,https://www.ninja-vapes.co.uk/product/horizon-tech-talons-pod-kit
ninja-vapes.co.uk,vaporesso armour ultra vape kit,vaporesso armour ultra vape kit,https://vapeonlinestore.co.uk/products/vaporesso-armour-ultra-vape,1.0,high,https://www.ninja-vapes.co.uk/product/vaporesso-armour-ultra-kit
ninja-vapes.co.uk,mr miss nic salts 10ml,mr miss nic salt e-liquid 10ml,https://vapeonlinestore.co.uk/products/mr-miss-nic-salt,1.0,high,https://www.ninja-vapes.co.uk/product/mr-miss-nic-salts-10ml
ninja-vapes.co.uk,Elux Legend 1500 Puffs Prefilled Pods Kit,Elux Legend 1500 Puffs Vape Kit,https://vapeonlinestore.co.uk/products/elux-legend-1500-puffs-pack-of-5,1.0,high,https://www.ninja-vapes.co.uk/product/elux-legend-1500-puffs-prefilled-pod-kit
ninja-vapes.co.uk,Vozol Mate 54000 Puffs Prefilled Pods Kit,vozol mate 54k prefilled pod kit,https://vapeonlinestore.co.uk/products/vozol-mate-54k,1.0,high,https://www.ninja-vapes.co.uk/product/box-of-10-vozol-mate-54k
ninja-vapes.co.uk,pacha mama 100ml shortfill e-liquids,pacha mama 100ml e-liquid shortfills,https://vapeonlinestore.co.uk/products/pacha-mama-100ml,1.0,high,https://www.ninja-vapes.co.uk/product/pacha-mama-100ml-shortfill-e-liquids
ninja-vapes.co.uk,heaven haze 100ml shortfill e-liquids,heaven haze 100ml e-liquid,https://vapeonlinestore.co.uk/products/heaven-haze-100ml-e-liquid,1.0,high,https://www.ninja-vapes.co.uk/product/heaven-haze-100ml-shortfill-e-liquids
ninja-vapes.co.uk,denssi nicotine pouches,denssi nicotine pouches,https://vapeonlinestore.co.uk/products/denssi-nicotine-pouches,1.0,high,https://www.ninja-vapes.co.uk/product/denssi-nicotine-pouches
ninja-vapes.co.uk,Smok Novo X Refill Pods,smok novo x replacement pods pack of 3,https://vapeonlinestore.co.uk/products/smok-novo-x-replacement-pods,1.0,high,https://www.ninja-vapes.co.uk/product/smok-novo-x-replacement-pods
ninja-vapes.co.uk,ske crystal plus pod kit,ske crystal plus prefilled vape pod kit,https://vapeonlinestore.co.uk/products/ske-crystal-plus-pod-kit,1.0,high,https://www.ninja-vapes.co.uk/product/ske-crystal-plus-pod-kit
ninja-vapes.co.uk,lux e-liquids 100ml shortfill e-liquids,lux e-liquid 100ml e-liquids,https://vapeonlinestore.co.uk/products/lux-e-liquid-100ml,1.0,high,https://www.ninja-vapes.co.uk/product/lux-e-liquid-100ml-shortfills
ninja-vapes.co.uk,vaporesso deliciu 10ml nic salt,vaporesso deliciu 10ml nic salt,https://vapeonlinestore.co.uk/products/vaporesso-deliciu-10ml-nic-salt,1.0,high,https://www.ninja-vapes.co.uk/product/vaporesso-deliciu-nic-salt10ml
ninja-vapes.co.uk,Smok Novo Master Box Pod Vape Kit,Smok Novo Master Pod Vape Kit,https://vapeonlinestore.co.uk/products/smok-novo-master-pod-kit,1.0,high,https://www.ninja-vapes.co.uk/product/smok-novo-master-box-pod-kit
ninja-vapes.co.uk,Lost Mary Nic Salt 10Ml,Lost Mary Nic Salt 10Ml E-Liquid,https://vapeonlinestore.co.uk/products/lost-mary-salts-10ml,1.0,high,https://www.ninja-vapes.co.uk/product/lost-mary-nic-salts-10ml
ninja-vapes.co.uk,oreco model y pod vape kit,oreco model y pod vape kit,https://vapeonlinestore.co.uk/products/oreco-model-y-pod-vape-kit,1.0,high,https://www.ninja-vapes.co.uk/product/oreco-model-y-vape-kit
ninja-vapes.co.uk,hayati quokka lite pod kit,hayati quokka lite pod kit,https://vapeonlinestore.co.uk/products/hayati-quokka-lite-vape-kit,1.0,high,https://www.ninja-vapes.co.uk/product/hayati-quokka-lite-pod-vape-kit
ninja-vapes.co.uk,enjoy ultra 10ml nic salts,enjoy ultra 10ml nic salts e-liquid,https://vapeonlinestore.co.uk/products/enjoy-ultra-10ml-nic-salts,1.0,high,https://www.ninja-vapes.co.uk/product/enjoy-ultra-10ml-nic-salts
ninja-vapes.co.uk,aspire gotek pro pod kit,aspire gotek pro starter kit,https://vapeonlinestore.co.uk/products/aspire-gotek-pro-kit,1.0,high,https://www.ninja-vapes.co.uk/product/aspire-gotek-pro-vape-kit
ninja-vapes.co.uk,vylo duo 35k puffs prefilled pod kit,vylo duo 35000 puffs prefilled pod kit,https://vapeonlinestore.co.uk/products/vylo-duo-35000,1.0,high,https://www.ninja-vapes.co.uk/product/vylo-duo-35k-2in1-puffs-pod-kit
ninja-vapes.co.uk,vozol ace go pod vape kit,vozol ace go vape pod kit,https://vapeonlinestore.co.uk/products/vozol-ace-go-vape-pod-kit,1.0,high,https://www.ninja-vapes.co.uk/product/vozol-ace-go-pod-vape-kit
ninja-vapes.co.uk,iqos iluma one vape kit,iqos iluma one kit,https://vapeonlinestore.co.uk/products/iqos-iluma-one-kit,1.0,high,https://www.ninja-vapes.co.uk/product/iqos-iluma-one-vape-kit
ninja-vapes.co.uk,Lost Vape Nic Salt 10Ml,lost vape 10ml nic salts,https://vapeonlinestore.co.uk/products/lost-vape-10ml-nic-salts,1.0,high,https://www.ninja-vapes.co.uk/product/box-of-10-lost-vape-nic-salts-10ml
ninja-vapes.co.uk,Crystal Prime Nic Salt 10Ml,crystal prime 10ml nic salts e-liquid,https://vapeonlinestore.co.uk/products/crystal-prime-10ml-nic-salts,1.0,high,https://www.ninja-vapes.co.uk/product/box-of-10-crystal-prime-nic-salts-10ml
ninja-vapes.co.uk,Bar Series Gold Edition Nic Salt 10Ml,bar series gold edition 10ml nic salts e-liquid,https://vapeonlinestore.co.uk/products/bar-series-gold-edition-10ml-nic-salts,1.0,high,https://www.ninja-vapes.co.uk/product/box-of-10-bar-series-gold-edition-10ml-nic-salts
ninja-vapes.co.uk,Bar Series 10Ml Nic Salt,Bar Series 10Ml Nic Salt Flavours,https://vapeonlinestore.co.uk/products/bar-series-nic-salt-10ml-e-liquid,1.0,high,https://www.ninja-vapes.co.uk/product/box-of-10-bar-series-10ml-nic-salt
ninja-vapes.co.uk,box of 5 / box of 10 hyola ultra 30k prefilled refill pods,Hyola Ultra 30000 Refill Pods,https://vapeonlinestore.co.uk/products/hyola-ultra-30k-replacement-pods,1.0,high,https://www.ninja-vapes.co.uk/product/box-of-10-hyola-pro-max-8000-refill-pods
ninja-vapes.co.uk,voopoo tpp pod tank,Tpp X Pod Tank By Voopoo,https://vapeonlinestore.co.uk/products/tpp-x-pod-tank-by-voopoo,1.0,high,https://www.ninja-vapes.co.uk/product/voopoo-tpp-pod-tank
ninja-vapes.co.uk,Nic Salt E-Liquid By Bar Juice 5000,Bar Juice 5000 Nic Salt E-Liquid,https://vapeonlinestore.co.uk/products/apple-peach-bar-juice-5000,1.0,high,https://www.ninja-vapes.co.uk/product/grape-nic-salt-bar-juice-5000
ninja-vapes.co.uk,hayati pro max shisha range nic salts 10ml,Hayati Pro Max Shisha Range 10Ml Nic Salt,https://vapeonlinestore.co.uk/products/hayati-pro-max-shisha-10ml,1.0,high,https://www.ninja-vapes.co.uk/product/hayati-pro-max-shisha-nic-salts-10ml
ninja-vapes.co.uk,vaporesso xros 5 nano pod kit,vaporesso xros 5 nano pod kit,https://vapeonlinestore.co.uk/products/vaporesso-xros-5-nano,1.0,high,https://www.ninja-vapes.co.uk/product/vaporesso-xros-5-nano-kit
ninja-vapes.co.uk,vaporesso xros pro 2 pod vape kit,vaporesso xros pro 2 pod vape kit,https://vapeonlinestore.co.uk/products/vaporesso-xros-pro-2,1.0,high,https://www.ninja-vapes.co.uk/product/vaporesso-xros-pro-2-pod-vape-kit
ninja-vapes.co.uk,oxva slimstick prefilled kit,oxva slimstick prefilled pod kit,https://vapeonlinestore.co.uk/products/oxva-slimstick-prefilled-pod-kit,1.0,high,https://www.ninja-vapes.co.uk/product/oxva-slim-stick-prefilled-pod-kit
ninja-vapes.co.uk,innokin endura v pod vape kit,Innokin Endura 5 Pod Kit,https://vapeonlinestore.co.uk/products/innokin-endura-v-pod-kit,1.0,high,https://www.ninja-vapes.co.uk/product/innokin-endura-v-pod-kit
ninja-vapes.co.uk,vuse go reload pen 1000 puffs prefilled vape kit,vuse go reload 1000 pen starter vape kit,https://vapeonlinestore.co.uk/products/vuse-go-reload-1000,1.0,high,https://www.ninja-vapes.co.uk/product/vuse-go-reload-1000-pen-vape-kit
ninja-vapes.co.uk,vuse go reload box 1000 puffs prefilled pod kit,vuse go reload 1000 puffs pod kit,https://vapeonlinestore.co.uk/products/vuse-go-reload-1000-pod-kit,1.0,high,https://www.ninja-vapes.co.uk/product/vuse-go-reload-1000-box-vape-kit
ninja-vapes.co.uk,geekvape sonder u vape kit,geekvape sonder u pod kit,https://vapeonlinestore.co.uk/products/geekvape-sonder-u-pod-kit,1.0,high,https://www.ninja-vapes.co.uk/product/geekvape-sonder-u-vape-kit
ninja-vapes.co.uk,geekvape aegis boost 2 (b60) vape kit,geekvape aegis boost 2 b60 kit,https://vapeonlinestore.co.uk/products/geekvape-b60-boost-2-vape-kit,1.0,high,https://www.ninja-vapes.co.uk/product/geekvape-b60-vape-kit
ninja-vapes.co.uk,oxva artio pod kit,oxva artio pod kit price,https://vapeonlinestore.co.uk/products/oxva-artio-pod-kit,1.0,high,https://www.ninja-vapes.co.uk/product/oxva-arito-pod-vape-kit
ninja-vapes.co.uk,Aspire Gotek X Refill Pods,aspire gotek x replacement pods pack of 2,https://vapeonlinestore.co.uk/products/aspire-gotek-x-replacement-pods,1.0,high,https://www.ninja-vapes.co.uk/product/aspire-gotek-x-replacement-pods
ninja-vapes.co.uk,vaporesso luxe x pro vape kit,vaporesso luxe x pro vape kit,https://vapeonlinestore.co.uk/products/vaporesso-luxe-x-pro-vape-kit,1.0,high,https://www.ninja-vapes.co.uk/product/vaporesso-luxe-x-pro-vape-kit
ninja-vapes.co.uk,vaporesso xros 4 mini pod vape kit,vaporesso xros 4 mini pod kit,https://vapeonlinestore.co.uk/products/vaporesso-xros-4-mini-pod-kit,1.0,high,https://www.ninja-vapes.co.uk/product/vaporesso-xros-4-mini-vape-kit
ninja-vapes.co.uk,vozol ace max pod vape kit,vozol ace max pod kit,https://vapeonlinestore.co.uk/products/vozol-ace-max-pod-kit,1.0,high,https://www.ninja-vapes.co.uk/product/vozol-ace-max-pod-vape-kit
ninja-vapes.co.uk,elux cyberover p1 pod kit,elux cyberover p1 pod vape kit,https://vapeonlinestore.co.uk/products/elux-cyberover-p1,1.0,high,https://www.ninja-vapes.co.uk/product/elux-cyberover-p1-pod-vape-kit
ninja-vapes.co.uk,hayati nicotine pouches,hayati nicotine pouches,https://vapeonlinestore.co.uk/products/hayati-nicotine-pouches,1.0,high,https://www.ninja-vapes.co.uk/product/hayati-nicotine-pouches
ninja-vapes.co.uk,innokin gomax vape tank,innokin gomax vape tank,https://vapeonlinestore.co.uk/products/innokin-go-max-tank,1.0,high,https://www.ninja-vapes.co.uk/product/innokin-gomax-tank
ninja-vapes.co.uk,Nic Salt E-Liquid By Elfliq,Elfliq 10Ml Nic Salt,https://vapeonlinestore.co.uk/products/strawberry-raspberry-cherry-ice-elfliq-10ml-nic-salt,1.0,high,https://www.ninja-vapes.co.uk/product/blueberry-nic-salt-e-liquid-elfliq
ninja-vapes.co.uk,reymont pura reload 10k puffs pod kit,reymont pura reload 10k pod vape kit,https://vapeonlinestore.co.uk/products/reymont-pura-reload-10k,1.0,high,https://www.ninja-vapes.co.uk/product/reymont-pura-reload-10k-10000-puffs-pod-vape
ninja-vapes.co.uk,randm fumot mate pod 10000 puffs prefilled pod kit,fumot mate pod 10k puffs prefilled vape kit,https://vapeonlinestore.co.uk/products/fumot-mate-10k,1.0,high,https://www.ninja-vapes.co.uk/product/randm-fumot-mate-pod-10000-puffs-prefilled-pod-kit
ninja-vapes.co.uk,geekvape wenax q mini pod kit,Geekvape Wenax Q Mini Pod Kit,https://vapeonlinestore.co.uk/products/gradient-purple-geekvape-wenax-q-mini-pod-kit,1.0,high,https://www.ninja-vapes.co.uk/product/geekvape-wenax-q-mini-pod-vape-kit
ninja-vapes.co.uk,innokin adept zlide kit,innokin zlide adept vape kit,https://vapeonlinestore.co.uk/products/zlide-adept-vape-kit,1.0,high,https://www.ninja-vapes.co.uk/product/innokin-adept-zlide-kit
ninja-vapes.co.uk,elf bar elfa pod vape kit,elf bar elfa pre-filled pod kit,https://vapeonlinestore.co.uk/products/elfa-pod-kit,1.0,high,https://www.ninja-vapes.co.uk/product/elfbar-elfa-pod-vape-kit
ninja-vapes.co.uk,hayati quokka elite pod kit,hayati quokka elite pod kit,https://vapeonlinestore.co.uk/products/hayati-quokka-elite-pod-kit,1.0,high,https://www.ninja-vapes.co.uk/product/hayati-quokka-elite-pod-vape-kit
ninja-vapes.co.uk,Nic Salt E-Liquid By Gold Bar,gold bar nic salts 10ml e-liquid,https://vapeonlinestore.co.uk/products/gold-bar-10ml-nic-salts,1.0,high,https://www.ninja-vapes.co.uk/product/raspberry-watermelon-nic-salt-e-liquid-gold-bar
ninja-vapes.co.uk,Cotton Candy Nic Salt E-Liquid By Bar,cotton candy bar series 10ml nic salt,https://vapeonlinestore.co.uk/products/cotton-candy-bar-series-10ml-nic-salt,1.0,high,https://www.ninja-vapes.co.uk/product/cotton-candy-nic-salt-bar-series
ninja-vapes.co.uk,oxva nexlim replacement pods,oxva nexlim replacement pods pack of 3,https://vapeonlinestore.co.uk/products/oxva-nexlim-replacement-pods,1.0,high,https://www.ninja-vapes.co.uk/product/oxva-nexlim-replacement-pods
ninja-vapes.co.uk,jnr niplo 5000 nic salt 10ml,jnr niplo 5000 10ml nic salt e-liquid,https://vapeonlinestore.co.uk/products/jnr-niplo-5000-10ml-nic-salt,1.0,high,https://www.ninja-vapes.co.uk/product/jnr-niplo-5000-nic-salt
ninja-vapes.co.uk,uwell caliburn g3 lite vape kit,uwell caliburn g3 lite vape kit,https://vapeonlinestore.co.uk/products/uwell-caliburn-g3-lite-pod-kit,1.0,high,https://www.ninja-vapes.co.uk/product/uwell-caliburn-g3-lite
ninja-vapes.co.uk,aspire flexus pro replacement pods (2 pack),aspire flexus pro replacement pods,https://vapeonlinestore.co.uk/products/aspire-flexus-pro-replacement-pods,1.0,high,https://www.ninja-vapes.co.uk/product/aspire-flexus-pro-replacement-pods
ninja-vapes.co.uk,crystal prime m3 replacement pods (4pack),crystal prime m3 replacement pods pack of 4,https://vapeonlinestore.co.uk/products/crystal-prime-m3-replacement-pods,1.0,high,https://www.ninja-vapes.co.uk/product/crystal-prime-m3-pods
ninja-vapes.co.uk,aspire flexus blok replacement pod,aspire flexus blok replacement pods aspire vape pods,https://vapeonlinestore.co.uk/products/aspire-flexus-blok-replacement-pods,1.0,high,https://www.ninja-vapes.co.uk/product/aspire-flexus-blok-replacement-pod
ninja-vapes.co.uk,voopoo argus matrix pod vape kit,voopoo argus matrix pod kit,https://vapeonlinestore.co.uk/products/voopoo-argus-matrix-pod-kit,1.0,high,https://www.ninja-vapes.co.uk/product/voopoo-argus-matrix-pod-vape-kit
ninja-vapes.co.uk,Nic Salt E-Liquid By Zeus Juice,zeus juice 10ml nicotine salts e-liquid uk,https://vapeonlinestore.co.uk/products/zeus-juice-10ml-nicotine-salts-e-liquid,1.0,high,https://www.ninja-vapes.co.uk/product/boreas-nic-salt-zeus-juice
ninja-vapes.co.uk,aspire k2 tank,k2 vape tank by aspire,https://vapeonlinestore.co.uk/products/k2-vape-tank-by-aspire,1.0,high,https://www.ninja-vapes.co.uk/product/aspire-k2-tank
ninja-vapes.co.uk,aspire k3 tank,aspire k3 tank replacement,https://vapeonlinestore.co.uk/products/aspire-k3-tank,1.0,high,https://www.ninja-vapes.co.uk/product/aspire-k3-tank
ninja-vapes.co.uk,Pods For Smok Novo 4,smok novo 4 empty replacement pods pack of 3,https://vapeonlinestore.co.uk/products/smok-novo-4-replacement-pods,1.0,high,https://www.ninja-vapes.co.uk/product/refillable-pods-for-smok-novo-4
ninja-vapes.co.uk,voopoo argus replacement pods,voopoo argus replacement pods,https://vapeonlinestore.co.uk/products/argus-replacement-pods-by-voopoo,1.0,high,https://www.ninja-vapes.co.uk/product/voopoo-argus-replacement-pods
ninja-vapes.co.uk,Aspire Tg Refill Pods,aspire tg replacement pods pack of 2,https://vapeonlinestore.co.uk/products/aspire-tg-replacement-pods,1.0,high,https://www.ninja-vapes.co.uk/product/aspire-cyber-tg-replacement-pods
ninja-vapes.co.uk,aspire cyber s/x tsx replacement pods,aspire cyber s/x tsx replacement pods pack of 2,https://vapeonlinestore.co.uk/products/aspire-cyber-s-x-tsx-replacement-pods,1.0,high,https://www.ninja-vapes.co.uk/product/aspire-cyber-s-x-tsx-replacement-pods
ninja-vapes.co.uk,innokin go z disposable tank,go z tank by innokin,https://vapeonlinestore.co.uk/products/go-z-tank-by-innokin,1.0,high,https://www.ninja-vapes.co.uk/product/innokin-go-z-tank
ninja-vapes.co.uk,innokin go s disposable tank,innokin go-s disposable tank,https://vapeonlinestore.co.uk/products/go-s-disposable-tank-by-innokin,1.0,high,https://www.ninja-vapes.co.uk/product/innokin-go-s-tank
ninja-vapes.co.uk,innokin zlide vape tank,innokin zlide replacement tank,https://vapeonlinestore.co.uk/products/zlide-vape-tank-by-innokin,1.0,high,https://www.ninja-vapes.co.uk/product/innokin-zlide-tank
ninja-vapes.co.uk,innokin vcap replacement pod,innokin vcap replacement 2ml pods,https://vapeonlinestore.co.uk/products/innokin-vcap-replacement-pods,1.0,high,https://www.ninja-vapes.co.uk/product/innokin-vcap-pod
ninja-vapes.co.uk,Nic Salt E-Liquid By Just Jam,just jam 10ml nic salts,https://vapeonlinestore.co.uk/products/just-jam-10ml-nic-salts,1.0,high,https://www.ninja-vapes.co.uk/product/strawberry-doughnut-nic-salt-just-jam
ninja-vapes.co.uk,vaporesso armour g vape pod kit,vaporesso armour g vape pod kit,https://vapeonlinestore.co.uk/products/vaporesso-armour-g-vape-kit,1.0,high,https://www.ninja-vapes.co.uk/product/vaporesso-armour-g-kit
ninja-vapes.co.uk,vaporesso xros 5 mini pod vape kit,vaporesso xros 5 mini pod vape kit,https://vapeonlinestore.co.uk/products/vaporesso-xros-5-mini,1.0,high,https://www.ninja-vapes.co.uk/product/vaporesso-xros-5-mini-vape-kit
ninja-vapes.co.uk,uwell caliburn g3 pro koko kit,uwell caliburn g3 pro koko vape pod kit,https://vapeonlinestore.co.uk/products/uwell-caliburn-g3-pro-koko,1.0,high,https://www.ninja-vapes.co.uk/product/uwell-caliburn-g3-pro-koko-kit
ninja-vapes.co.uk,lost vape thelema elite art 40 pod vape kit,lost vape thelema elite art 40 pod kit,https://vapeonlinestore.co.uk/products/lost-vape-thelema-elite-art-40-pod-kit,1.0,high,https://www.ninja-vapes.co.uk/product/lost-vape-thelema-elite-art-40-pod-kit
ninja-vapes.co.uk,smok nfix pro vape kit,smok nfix pro pod kit,https://vapeonlinestore.co.uk/products/smok-nfix-pro-pod-kit,1.0,high,https://www.ninja-vapes.co.uk/product/smok-nfix-pro-vape-kit
ninja-vapes.co.uk,innokin trine vape kit,innokin trine pod vape kit,https://vapeonlinestore.co.uk/products/innokin-trine-pod-kit,1.0,high,https://www.ninja-vapes.co.uk/product/innokin-trine-vape-kit
ninja-vapes.co.uk,smok acro pod kit,smok acro pod vape kit,https://vapeonlinestore.co.uk/products/smok-acro-pod-vape-kit,1.0,high,https://www.ninja-vapes.co.uk/product/smok-acro-pod-kit
ninja-vapes.co.uk,crystal prime m3 smart pod kit,crystal prime m3 smart pod kit,https://vapeonlinestore.co.uk/products/crystal-prime-m3-pod-kit,1.0,high,https://www.ninja-vapes.co.uk/product/crystal-prime-m3-smart-pod-kit
ninja-vapes.co.uk,uwell caliburn g4 vape kit,uwell caliburn g4 vape kit,https://vapeonlinestore.co.uk/products/uwell-caliburn-g4-vape-kit,1.0,high,https://www.ninja-vapes.co.uk/product/uwell-caliburn-g4-vape-kit
ninja-vapes.co.uk,lost vape ursa epoch pod kit,lost vape ursa epoch pod kit,https://vapeonlinestore.co.uk/products/lost-vape-ursa-epoch-pod-kit,1.0,high,https://www.ninja-vapes.co.uk/product/lost-vape-ursa-epoch-pod-kit
ninja-vapes.co.uk,geekvape aegis legend 3 vape kit,geekvape aegis legend 3 kit,https://vapeonlinestore.co.uk/products/geekvape-aegis-legend-3-kit,1.0,high,https://www.ninja-vapes.co.uk/product/geekvape-aegis-legend-3-vape-kit
ninja-vapes.co.uk,vaporesso xros 3 mini pod vape kit,Vaporesso Xros 3 Mini Pod Vape Kit,https://vapeonlinestore.co.uk/products/vaporesso-xros-3-mini-pod-kit,1.0,high,https://www.ninja-vapes.co.uk/product/vaporesso-xros-3-mini-vape-kit
ninja-vapes.co.uk,elfbar elfx pro classic edition pod kit,elfbar elfx pro classic edition pod kit,https://vapeonlinestore.co.uk/products/elfbar-elfx-pro-classic-edition-pod-kit,1.0,high,https://www.ninja-vapes.co.uk/product/elfbar-elfx-pro-classic-edition-pod-vape
ninja-vapes.co.uk,zeus nicotine pouches,zeus nicotine pouches,https://vapeonlinestore.co.uk/products/zeus-nicotine-pouches,1.0,high,https://www.ninja-vapes.co.uk/product/zeus-nicotine-pouches
ninja-vapes.co.uk,geekvape zeus z replacement coils 5 packs,geekvape zeus z replacement coils[pack of 5],https://vapeonlinestore.co.uk/products/geekvape-z-series-coils-pack-of-5,1.0,high,https://www.ninja-vapes.co.uk/product/geekvape-zeus-z-replacement-coils
ninja-vapes.co.uk,sxmini puremax replacement pods,sxmini puremax 2ml replacement pods pack of 2,https://vapeonlinestore.co.uk/products/sxmini-puremax-replacement-pods,1.0,high,https://www.ninja-vapes.co.uk/product/sxmini-puremax-replacement-pods
ninja-vapes.co.uk,oxva xlim c pod kit,oxva xlim c vape kit,https://vapeonlinestore.co.uk/products/oxva-xlim-c-vape-kit,1.0,high,https://www.ninja-vapes.co.uk/product/oxva-xlim-c-pod-vape-Kit
ninja-vapes.co.uk,voopoo drag s2 pod kit,voopoo drag s2 pod vape kit,https://vapeonlinestore.co.uk/products/voopoo-drag-s2-pod-kit,1.0,high,https://www.ninja-vapes.co.uk/product/voopoo-drag-s2-pod-vape-kit
ninja-vapes.co.uk,voopoo vinci e120 vape kit,voopoo vinci e120 pod vape kit,https://vapeonlinestore.co.uk/products/voopoo-vinci-e120-pod-vape-kit,1.0,high,https://www.ninja-vapes.co.uk/product/voopoo-vinci-e120-kit
ninja-vapes.co.uk,aspire gotek s vape kit,aspire gotek s pod kit,https://vapeonlinestore.co.uk/products/aspire-gotek-s-pod-kit,1.0,high,https://www.ninja-vapes.co.uk/product/aspire-gotek-s-vape-kit
ninja-vapes.co.uk,oxva vprime replacement pods,oxva vprime replacement pods pack of 2,https://vapeonlinestore.co.uk/products/oxva-vprime-replacement-pods,1.0,high,https://www.ninja-vapes.co.uk/product/oxva-vprime-replacement-pods
ninja-vapes.co.uk,aspire pixo replacement pods,aspire pixo 3ml pods pack of 2,https://vapeonlinestore.co.uk/products/aspire-pixo-pods,1.0,high,https://www.ninja-vapes.co.uk/product/aspire-pixo-replacement-pod
ninja-vapes.co.uk,aspire bp replacement coils,aspire bp replacement coils pack of 5,https://vapeonlinestore.co.uk/products/bp-replacement-coils-by-aspire,1.0,high,https://www.ninja-vapes.co.uk/product/aspire-bp-replacement-coils
ninja-vapes.co.uk,elf bar elf nicotine pouches,elf bar elf nicotine pouches,https://vapeonlinestore.co.uk/products/elf-nicotine-pouches,1.0,high,https://www.ninja-vapes.co.uk/product/elf-nicotine-pouches-by-elf-bar
ninja-vapes.co.uk,lost vape thelema elite 40 pod vape kit,lost vape thelema elite 40 pod kit,https://vapeonlinestore.co.uk/products/lost-vape-thelema-elite-40-pod-kit,1.0,high,https://www.ninja-vapes.co.uk/product/lost-vape-thelema-elite-40-pod-kit
ninja-vapes.co.uk,horizontech sakerz replacement coils,horizontech sakerz replacement coils,https://vapeonlinestore.co.uk/products/sakerz-replacement-coils-by-horizontech,1.0,high,https://www.ninja-vapes.co.uk/product/horizontech-sakerz-replacement-coils
ninja-vapes.co.uk,uwell valyrian 3 coils pack of 2,uwell valyrian 3 replacement coils pack of 2,https://vapeonlinestore.co.uk/products/valyrian-3-coils-2-pack-by-uwell,1.0,high,https://www.ninja-vapes.co.uk/product/uwell-valyrian-3-coils-pack-of-2
ninja-vapes.co.uk,hayati x4 refillable vape kit,Hayati Refillable Pod Vape Kit,https://vapeonlinestore.co.uk/products/hayati-x4-refillable-pod-vape-kit,1.0,high,https://www.ninja-vapes.co.uk/product/hayati-x4-refillable-vape-kit
ninja-vapes.co.uk,oxva xlim ez replacement pods,oxva xlim ez replacement pods,https://vapeonlinestore.co.uk/products/oxva-xlim-ez-replacement-pods,1.0,high,https://www.ninja-vapes.co.uk/product/xlim-ez-replacement-pods-oxva
ninja-vapes.co.uk,10Ml Nic Salt E-Liquid By Angel,angel 10ml nic salts,https://vapeonlinestore.co.uk/products/angel-10ml,1.0,high,https://www.ninja-vapes.co.uk/product/mango-magic-angel-nic-salt
ninja-vapes.co.uk,smok rpm160 replacement coils,smok rpm160 replacement coils,https://vapeonlinestore.co.uk/products/rpm160-replacement-coils-by-smok,1.0,high,https://www.ninja-vapes.co.uk/product/smok-rpm160-replacement-coils
ninja-vapes.co.uk,smok nord pro coils,smok nord pro replacement coils pack of 5,https://vapeonlinestore.co.uk/products/nord-pro-coils-smok,1.0,high,https://www.ninja-vapes.co.uk/product/smok-nord-pro-coils
ninja-vapes.co.uk,smok tfv9 replacement coils pack of 5,tfv9 replacement coils - 5 pack by smok,https://vapeonlinestore.co.uk/products/tfv9-replacement-coils-5-pack-by-smok,1.0,high,https://www.ninja-vapes.co.uk/product/smok-tfv9-replacement-coils-5-pack
ninja-vapes.co.uk,smok ta replacement coils,smok ta coils,https://vapeonlinestore.co.uk/products/smok-ta-coils,1.0,high,https://www.ninja-vapes.co.uk/product/smok-ta-replacement-coils
ninja-vapes.co.uk,smok tfv mini v2 coils pack of 3,smok tfv-mini v2 replacement coils [pack of 3],https://vapeonlinestore.co.uk/products/smok-mini-v2-coils-pack-of-3,1.0,high,https://www.ninja-vapes.co.uk/product/smok-tfv-mini-v2-coils-pack-of-3
ninja-vapes.co.uk,smok lp1 replacement coils,smok lp1 replacement coils pack of 5,https://vapeonlinestore.co.uk/products/lp1-replacement-coils-by-smok,1.0,high,https://www.ninja-vapes.co.uk/product/smok-lp1-replacement-coils
ninja-vapes.co.uk,uwell pa replacement coils,uwell pa replacement coils pack of 4,https://vapeonlinestore.co.uk/products/uwell-pa-replacement-coils,1.0,high,https://www.ninja-vapes.co.uk/product/uwell-pa-replacement-coils
ninja-vapes.co.uk,uwell nunchaku tank coils - 4 pack,uwell nunchaku coils pack of 4,https://vapeonlinestore.co.uk/products/uwell-nunchaku-coils,1.0,high,https://www.ninja-vapes.co.uk/product/uwell-nunchaku-tank-coils-4-pack
ninja-vapes.co.uk,uwell caliburn g and g2 replacement coils,caliburn g & g2 replacement coils by uwell pack of 4,https://vapeonlinestore.co.uk/products/caliburn-g-replacement-coils-by-uwell,1.0,high,https://www.ninja-vapes.co.uk/product/uwell-caliburn-g-g2-replacement-coils
ninja-vapes.co.uk,voopoo tpp replacement coils,tpp replacement coils by voopoo,https://vapeonlinestore.co.uk/products/tpp-replacement-coils-by-voopoo,1.0,high,https://www.ninja-vapes.co.uk/product/voopoo-tpp-replacement-coils
ninja-vapes.co.uk,Voopoo Ito Coils,voopoo ito replacement coils [pack of 5],https://vapeonlinestore.co.uk/products/voopoo-ito-coils-pack-of-5,1.0,high,https://www.ninja-vapes.co.uk/product/voopoo-ito-replacement-coils
ninja-vapes.co.uk,innokin prism s t20s coils - 5 pack,innokin prism s t20s coils pack of 5,https://vapeonlinestore.co.uk/products/prism-s-t20s-coils-5-pack-by-innokin,1.0,high,https://www.ninja-vapes.co.uk/product/innokin-prism-s-t20s-coils-5-pack
ninja-vapes.co.uk,vaporesso gti replacement mesh coils pack of 5,vaporesso gti replacement mesh coils pack of 5,https://vapeonlinestore.co.uk/products/gti-replacement-mesh-coils-5-pack-by-vaporesso,1.0,high,https://www.ninja-vapes.co.uk/product/vaporesso-gti-replacement-mesh-coils
ninja-vapes.co.uk,geek vape s series replacement coils,S Series Coils By Geekvape,https://vapeonlinestore.co.uk/products/s-series-coils-by-geek-vape,1.0,high,https://www.ninja-vapes.co.uk/product/geek-vape-s-series-replacement-coils
ninja-vapes.co.uk,freemax twister coils,freemax twister coils cheap pack of 5,https://vapeonlinestore.co.uk/products/twister-coils-by-freemax,1.0,high,https://www.ninja-vapes.co.uk/product/freemax-twister-coils
ninja-vapes.co.uk,lost vape ub mini coils,Lost Vape Ub Mini Coils,https://vapeonlinestore.co.uk/products/lost-vape-ub-mini-coils,1.0,high,https://www.ninja-vapes.co.uk/product/lost-vape-ub-mini-coils
ninja-vapes.co.uk,smok tfv16 lite replacement coils,smok tfv16 lite replacement coils pack of 3,https://vapeonlinestore.co.uk/products/tfv16-lite-replacement-coils-3-pack-by-smok,1.0,high,https://www.ninja-vapes.co.uk/product/smok-tfv16-lite-coils
ninja-vapes.co.uk,smok tfv18 replacement coils,smok tfv18 replacement coils,https://vapeonlinestore.co.uk/products/smok-tfv18-replacement-coils,1.0,high,https://www.ninja-vapes.co.uk/product/smok-tfv18-coils
ninja-vapes.co.uk,Hayati Pro Max Plus 6000 Puffs Souvenir Edition,hayati pro max plus 6000 souvenir ireland edition,https://vapeonlinestore.co.uk/products/hayati-pro-max-plus-souvenir-ireland-edition,0.9,high,https://www.ninja-vapes.co.uk/product/box-of-10-hayati-pro-max-plus-6k-souvenir-edition-england
ninja-vapes.co.uk,ivg 2400 reload 4 in 1 pre-filled pod – cherry edition,ivg 2400 reload 4-in-1 prefilled pods pack of 4,https://vapeonlinestore.co.uk/products/ivg-2400-reload-pods,0.9,high,https://www.ninja-vapes.co.uk/product/ivg-2400-4-in-1-refill-pod-cherry-edition
ninja-vapes.co.uk,ivg 2400 reload 4 in 1 pre-filled pod – apple edition,ivg 2400 reload 4-in-1 prefilled pods pack of 4,https://vapeonlinestore.co.uk/products/ivg-2400-reload-pods,0.9,high,https://www.ninja-vapes.co.uk/product/ivg-2400-4-in-1-refill-pod-apple-edition
ninja-vapes.co.uk,ivg 2400 reload 4 in 1 pre-filled pod – blueberry edition,ivg 2400 reload 4-in-1 prefilled pods pack of 4,https://vapeonlinestore.co.uk/products/ivg-2400-reload-pods,0.9,high,https://www.ninja-vapes.co.uk/product/ivg-2400-4-in-1-refill-pod-blueberry-edition
ninja-vapes.co.uk,ivg 2400 reload 4 in 1 pre-filled pod – fruits edition,ivg 2400 reload 4-in-1 prefilled pods pack of 4,https://vapeonlinestore.co.uk/products/ivg-2400-reload-pods,0.9,high,https://www.ninja-vapes.co.uk/product/ivg-2400-4-in-1-refill-pod-fruits-edition
ninja-vapes.co.uk,ivg 2400 reload 4 in 1 pre-filled pod – grape edition,ivg 2400 reload 4-in-1 prefilled pods pack of 4,https://vapeonlinestore.co.uk/products/ivg-2400-reload-pods,0.9,high,https://www.ninja-vapes.co.uk/product/ivg-2400-4-in-1-refill-pod-grape-edition
ninja-vapes.co.uk,ivg 2400 reload 4 in 1 pre-filled pod – grapefruit edition,ivg 2400 reload 4-in-1 prefilled pods pack of 4,https://vapeonlinestore.co.uk/products/ivg-2400-reload-pods,0.9,high,https://www.ninja-vapes.co.uk/product/ivg-2400-4-in-1-refill-pod-grapefruit-edition
ninja-vapes.co.uk,ivg 2400 reload 4 in 1 pre-filled pod – citrus edition,ivg 2400 reload 4-in-1 prefilled pods pack of 4,https://vapeonlinestore.co.uk/products/ivg-2400-reload-pods,0.9,high,https://www.ninja-vapes.co.uk/product/ivg-2400-4-in-1-refill-pod-citrus-edition
ninja-vapes.co.uk,ivg 2400 reload 4 in 1 pre-filled pod – strawberry edition,ivg 2400 reload 4-in-1 prefilled pods pack of 4,https://vapeonlinestore.co.uk/products/ivg-2400-reload-pods,0.9,high,https://www.ninja-vapes.co.uk/product/ivg-2400-4-in-1-refill-pod-strawberry-edition
ninja-vapes.co.uk,ivg 2400 reload 4 in 1 pre-filled pod – watermelon edition,ivg 2400 reload 4-in-1 prefilled pods pack of 4,https://vapeonlinestore.co.uk/products/ivg-2400-reload-pods,0.9,high,https://www.ninja-vapes.co.uk/product/ivg-2400-4-in-1-refill-pod-watermelon-edition
ninja-vapes.co.uk,ivg 2400 reload 4 in 1 pre-filled pod – peach edition,ivg 2400 reload 4-in-1 prefilled pods pack of 4,https://vapeonlinestore.co.uk/products/ivg-2400-reload-pods,0.9,high,https://www.ninja-vapes.co.uk/product/ivg-2400-4-in-1-refill-pod-peach-edition
ninja-vapes.co.uk,ivg 2400 reload 4 in 1 pre-filled pod – pineapple edition,ivg 2400 reload 4-in-1 prefilled pods pack of 4,https://vapeonlinestore.co.uk/products/ivg-2400-reload-pods,0.9,high,https://www.ninja-vapes.co.uk/product/ivg-2400-4-in-1-refill-pod-pineapple-edition
ninja-vapes.co.uk,Ivg 2400 Reload 4In1 Prefilled Pod Mango Edition,ivg 2400 reload 4-in-1 prefilled pods pack of 4,https://vapeonlinestore.co.uk/products/ivg-2400-reload-pods,0.9,high,https://www.ninja-vapes.co.uk/product/ivg-2400-4-in-1-refill-pod-mango-edition
ninja-vapes.co.uk,ivg 2400 reload 4 in 1 pre-filled pod – plum edition,ivg 2400 reload 4-in-1 prefilled pods pack of 4,https://vapeonlinestore.co.uk/products/ivg-2400-reload-pods,0.9,high,https://www.ninja-vapes.co.uk/product/ivg-2400-4-in-1-refill-pod-plum-edition
ninja-vapes.co.uk,ivg 2400 reload 4 in 1 pre-filled pod – melon edition,ivg 2400 reload 4-in-1 prefilled pods pack of 4,https://vapeonlinestore.co.uk/products/ivg-2400-reload-pods,0.9,high,https://www.ninja-vapes.co.uk/product/ivg-2400-4-in-1-refill-pod-melon-edition
ninja-vapes.co.uk,ivg 2400 reload 4 in 1 pre-filled pod – berry edition,ivg 2400 reload 4-in-1 prefilled pods pack of 4,https://vapeonlinestore.co.uk/products/ivg-2400-reload-pods,0.9,high,https://www.ninja-vapes.co.uk/product/ivg-2400-4-in-1-refill-pod-berry-edition
ninja-vapes.co.uk,ivg 2400 reload 4 in 1 pre-filled pod – blackcurrant edition,ivg 2400 reload 4-in-1 prefilled pods pack of 4,https://vapeonlinestore.co.uk/products/ivg-2400-reload-pods,0.9,high,https://www.ninja-vapes.co.uk/product/ivg-2400-4-in-1-refill-pod-blackcurrant-edition
ninja-vapes.co.uk,ivg 2400 reload 4 in 1 pre-filled pod – blackberry edition,ivg 2400 reload 4-in-1 prefilled pods pack of 4,https://vapeonlinestore.co.uk/products/ivg-2400-reload-pods,0.9,high,https://www.ninja-vapes.co.uk/product/ivg-2400-4-in-1-refill-pod-blackberry-edition
ninja-vapes.co.uk,ivg 2400 reload 4 in 1 pre-filled pod – guava edition,ivg 2400 reload 4-in-1 prefilled pods pack of 4,https://vapeonlinestore.co.uk/products/ivg-2400-reload-pods,0.9,high,https://www.ninja-vapes.co.uk/product/ivg-2400-4-in-1-refill-pod-guava-edition
ninja-vapes.co.uk,ivg 2400 reload 4 in 1 pre-filled pod – pomegranate edition,ivg 2400 reload 4-in-1 prefilled pods pack of 4,https://vapeonlinestore.co.uk/products/ivg-2400-reload-pods,0.9,high,https://www.ninja-vapes.co.uk/product/ivg-2400-4-in-1-refill-pod-pomegranate-edition
ninja-vapes.co.uk,Ivg Air 4In1 2400 Puffs Prefilled Pods Kit,ivg 2400 rechargeable pod kit 4-in-1 2400 puffs,https://vapeonlinestore.co.uk/products/ivg-2400,0.88,high,https://www.ninja-vapes.co.uk/product/ivg-air-4in1-pod-kit
ninja-vapes.co.uk,hawcos x lost mary pro max 7000 refillable pod kit,Hawcos X Lost Mary Pro Max 7000 Pod Kit,https://vapeonlinestore.co.uk/products/lost-mary-pro-max-7000,0.88,high,https://www.ninja-vapes.co.uk/product/hawcos-lost-mary-pro-max-7000
ninja-vapes.co.uk,vapes bar ghost pro 8000+ refill pods,ghost pro 8000+ refill pods – clearance price,https://vapeonlinestore.co.uk/products/vapes-bars-ghost-pro-8000-pods,0.88,high,https://www.ninja-vapes.co.uk/product/vapes-bar-ghost-pro-8000-plus-refill-pods
ninja-vapes.co.uk,Hayati Pro Ultra Plus 25000 Puffs Souvenir Edition Kit,Hayati Pro Ultra Plus 25000 Prefilled Pods Kit,https://vapeonlinestore.co.uk/products/hayati-pro-ultra,0.88,high,https://www.ninja-vapes.co.uk/product/hayati-pro-ultra-plus-25k-souvenir-edition-england
ninja-vapes.co.uk,hayati pro max+ s1 1000 puffs prefilled pod kit,hayati pro max s1 1000 puff pod kit - only,https://vapeonlinestore.co.uk/products/hayati-pro-max-s1-pod-kit,0.88,high,https://www.ninja-vapes.co.uk/product/hayati-pro-max-s1-1000-puffs
ninja-vapes.co.uk,geekvape aegis solo 2 s100 100w starter kit,geekvape aegis s100 solo 2 vape kit,https://vapeonlinestore.co.uk/products/geekvape-aegis-solo-2-s100-kit,0.88,high,https://www.ninja-vapes.co.uk/product/geekvape-s100-aegis-solo-2-starter-kit
ninja-vapes.co.uk,al fakher crown bar mini 3k device,al fakher crown bar mini 3k battery case,https://vapeonlinestore.co.uk/products/al-fakher-crown-bar-mini-3k-battery-case,0.88,high,https://www.ninja-vapes.co.uk/product/al-fakher-crown-bar-mini-3k-device
ninja-vapes.co.uk,geekvape l200 aegis legend 2 mod 200w,geekvape l200 aegis legend 2 mod,https://vapeonlinestore.co.uk/products/geek-vape-l200-aegis-legend-2-box-mod,0.88,high,https://www.ninja-vapes.co.uk/product/geekvape-l200-aegis-legend-2-mod
ninja-vapes.co.uk,titan x 10k prefilled refill pods,titan x prefilled replacement pods,https://vapeonlinestore.co.uk/products/titan-x-prefilled-pods,0.85,high,https://www.ninja-vapes.co.uk/product/titan-x-10000-prefilled-refill-pods
ninja-vapes.co.uk,cobra nicotine pouches,cobra snus nicotine pouches,https://vapeonlinestore.co.uk/products/cobra-nicotine-pouches,0.85,high,https://www.ninja-vapes.co.uk/product/cobra-nicotine-pouches
ninja-vapes.co.uk,ghost 4 in 1 2400 puffs vape kit,vapes bars ghost 2400 puffs 4-in-1 pre-filled pod kit,https://vapeonlinestore.co.uk/products/vapes-bars-ghost-2400-puffs-4-in-1,0.85,high,https://www.ninja-vapes.co.uk/product/ghost-4-in-1-disposable-vape
ninja-vapes.co.uk,Titan Puffs Prefilled Vape Kit,Titan Prefilled Pods Kit,https://vapeonlinestore.co.uk/products/box-of-10-titan-10000,0.85,high,https://www.ninja-vapes.co.uk/product/titan-x-50k
ninja-vapes.co.uk,Firerose Slidego 40000 Puffs Prefilled Pods Kit,firerose slidego 40k puffs prefilled pod kit,https://vapeonlinestore.co.uk/products/firerose-slidego-40k,0.85,high,https://www.ninja-vapes.co.uk/product/firerose-slidego-40k
ninja-vapes.co.uk,vaporesso luxe q2 se pod vape kit,vaporesso luxe q2 se mtl pod kit,https://vapeonlinestore.co.uk/products/vaporesso-luxe-q2-se-kit,0.85,high,https://www.ninja-vapes.co.uk/product/vaporesso-luxe-q2-se-pod-vape-kit
ninja-vapes.co.uk,Elf Bar Joinone15 Classic Prefilled Pods Kit,elf bar joinone 15 classic prefilled pod kit + free pod,https://vapeonlinestore.co.uk/products/elf-bar-joinone15-classic,0.85,high,https://www.ninja-vapes.co.uk/product/box-of-5-elfbar-joinone15-classic
ninja-vapes.co.uk,ice nicotine pouches,ice nicotine pouches,https://vapeonlinestore.co.uk/products/ice-nicotine-pouches,0.85,high,https://www.ninja-vapes.co.uk/product/ice-nicotine-pouches
ninja-vapes.co.uk,signature 50ml e-liquid juice,signature shortfill 50ml e-liquid,https://vapeonlinestore.co.uk/products/signature-shortfill-50ml-e-liquid,0.85,high,https://www.ninja-vapes.co.uk/product/signature-50ml-e-liquid
ninja-vapes.co.uk,box of 10 ghost salts 10ml nic salts,Vapes Bars Ghost Salts 10Ml Nic Salt,https://vapeonlinestore.co.uk/products/vapes-bars-ghost-salts-10ml-nic-salts,0.85,high,https://www.ninja-vapes.co.uk/product/box-of-10-ghost-nic-salts-10ml
ninja-vapes.co.uk,cuba nicotine pouches,cuba nicotine pouches,https://vapeonlinestore.co.uk/products/cuba-nicotine-pouches,0.85,high,https://www.ninja-vapes.co.uk/product/cuba-nicotine-pouches
ninja-vapes.co.uk,chews 100ml shortfill e-liquids,chews 100ml e-liquid,https://vapeonlinestore.co.uk/products/chews-100ml,0.85,high,https://www.ninja-vapes.co.uk/product/chews-100ml-e-liquids
ninja-vapes.co.uk,seriously bar salts nic salts 10ml,seriously bar salts 10ml juice,https://vapeonlinestore.co.uk/products/seriously-bar-salts-10ml-juice,0.85,high,https://www.ninja-vapes.co.uk/product/doozy-seriously-bar-salts-nic-salts-10ml
ninja-vapes.co.uk,viper 100ml shortfill e-liquid,viper 100ml shortfill e-liquid,https://vapeonlinestore.co.uk/products/viper-100ml,0.85,high,https://www.ninja-vapes.co.uk/product/viper-100ml-shortfill-e-liquids
ninja-vapes.co.uk,humble juice 100ml shortfill e-liquids,humble juice shortfill 100ml e-liquid,https://vapeonlinestore.co.uk/products/humble-juice-100ml,0.85,high,https://www.ninja-vapes.co.uk/product/humble-juice-100ml-shortfill-e-liquids
ninja-vapes.co.uk,uwell caliburn g4 pro pod kit,uwell caliburn g4 pro koko pod vape kit,https://vapeonlinestore.co.uk/products/uwell-caliburn-g4-pro-koko,0.85,high,https://www.ninja-vapes.co.uk/product/uwell-caliburn-g4-pro-pod-kit
ninja-vapes.co.uk,Juice Power Nic Salt 10Ml,juice n power 10ml e-liquid 10mg & 20mg,https://vapeonlinestore.co.uk/products/juice-n-power-10ml-e-liquid,0.85,high,https://www.ninja-vapes.co.uk/product/juice-n-power-eliquid-shock-10ml
ninja-vapes.co.uk,bang 200ml shortfill e-liquids,bang 200ml shortfill e-liquid,https://vapeonlinestore.co.uk/products/bang-200ml-shortfill,0.85,high,https://www.ninja-vapes.co.uk/product/bang-200ml-shortfill-e-liquids
ninja-vapes.co.uk,geekvape aegis legend 2 starter kit 200w,geek vape aegis legend 2 vape kit,https://vapeonlinestore.co.uk/products/geek-vape-aegis-legend-2-vape-kit,0.85,high,https://www.ninja-vapes.co.uk/product/geekvape-aegis-legend-2-starter-vape-kit
ninja-vapes.co.uk,Pod Salts Nexus Nic Salt 10Ml,nexus pod salts 5mg 10ml nic salts,https://vapeonlinestore.co.uk/products/nexus-pod-salts-5mg-10ml,0.85,high,https://www.ninja-vapes.co.uk/product/box-of-10-pod-salts-nexus-nic-salts-10ml
ninja-vapes.co.uk,box of 10 hayati pro max shisha nic salts 10ml,Hayati Pro Max Shisha Range 10Ml Nic Salt,https://vapeonlinestore.co.uk/products/hayati-pro-max-shisha-10ml,0.85,high,https://www.ninja-vapes.co.uk/product/box-of-10-hayati-pro-max-shisha-nic-salts-10ml
ninja-vapes.co.uk,aspire pockex pyrex tube 2ml replacement glass,pockex pyrex tube by aspire,https://vapeonlinestore.co.uk/products/pockex-pyrex-tube-by-aspire,0.85,high,https://www.ninja-vapes.co.uk/product/aspire-pockex-pyrex-tube-2ml-replacement-glass
ninja-vapes.co.uk,innokin kroma 217 z force 100w mod kit,innokin force kroma 217 z vape kit,https://vapeonlinestore.co.uk/products/innokin-force-kroma-217-z-vape-kit,0.85,high,https://www.ninja-vapes.co.uk/product/innokin-kroma-217-z-force-kit
ninja-vapes.co.uk,voopoo argus gt 2 200w mod kit,voopoo argus gt ii vape kit,https://vapeonlinestore.co.uk/products/voopoo-argus-gt-2-kit,0.85,high,https://www.ninja-vapes.co.uk/product/voopoo-argus-gt-II-200w-starter-kit
ninja-vapes.co.uk,fumi nicotine pouches,fumi nicotine pouches,https://vapeonlinestore.co.uk/products/fumi-nicotine-pouches,0.85,high,https://www.ninja-vapes.co.uk/product/fumi-nicotine-pouches
ninja-vapes.co.uk,vaporesso gen nano 80w box mod,vaporesso gen nano 80w 2000mah mod,https://vapeonlinestore.co.uk/products/vaporesso-gen-nano-mod,0.85,high,https://www.ninja-vapes.co.uk/product/vaporesso-gen-nano-80w-box-mod
ninja-vapes.co.uk,devil vapour 50ml e-liquid juice,devil vapour shortfill 50ml e-liquid,https://vapeonlinestore.co.uk/products/devil-vapour-shortfill-50ml-e-liquid,0.85,high,https://www.ninja-vapes.co.uk/product/devil-vapour-50ml-e-liquid
ninja-vapes.co.uk,geekvape aegis mini 80w mod 2200mah,geekvape aegis mini 80w mod,https://vapeonlinestore.co.uk/products/geekvape-aegis-mini-mod,0.85,high,https://www.ninja-vapes.co.uk/product/geekvape-aegis-mini-mod
ninja-vapes.co.uk,element 100ml shortfill e-liquids,element shortfill 100ml e-liquid,https://vapeonlinestore.co.uk/products/element-shortfill-100ml-e-liquid,0.85,high,https://www.ninja-vapes.co.uk/product/element-100ml-shortfill-eliquids
ninja-vapes.co.uk,box of 10 firerose 5000 10ml nic salt,Elux Firerose 5000 Nic Salt,https://vapeonlinestore.co.uk/products/blue-razz-gummy-elux-firerose-5000-nic-salt,0.85,high,https://www.ninja-vapes.co.uk/product/box-of-10-firerose-5000-10ml-nic-salt
ninja-vapes.co.uk,Pod System Kit Uwell Caliburn Koko Prime Pod Kit,uwell caliburn koko prime pod kit,https://vapeonlinestore.co.uk/products/uwell-caliburn-koko-prime-pod-kit,0.85,high,https://www.ninja-vapes.co.uk/product/15w-pod-system-kit-uwell-caliburn-koko-prime-pod-kit
ninja-vapes.co.uk,oxva xlim se 2 voice edition pod vape kit,Oxva Xlim Se2 Pod Kit,https://vapeonlinestore.co.uk/products/black-xlim-se-2-pod-kit,0.85,high,https://www.ninja-vapes.co.uk/product/oxva-xlim-se-2-pod-kit-voice-edition
ninja-vapes.co.uk,vito nicotine pouches,vito nicotine pouches,https://vapeonlinestore.co.uk/products/vito-nicotine-pouches,0.85,high,https://www.ninja-vapes.co.uk/product/vito-nicotine-pouches
ninja-vapes.co.uk,seriously tropical nic salts 10ml,Doozy Vape Seriously Tropical 10Ml Nic Salt E-Liquid,https://vapeonlinestore.co.uk/products/doozy-vape-seriously-tropical-10ml-nic-salts,0.85,high,https://www.ninja-vapes.co.uk/product/doozy-seriously-tropical-nic-salts-10ml
ninja-vapes.co.uk,ivg 2400 reload 4 in 1 pre-filled pod – passion fruit edition,ivg 2400 reload 4-in-1 prefilled pods pack of 4,https://vapeonlinestore.co.uk/products/ivg-2400-reload-pods,0.83,medium,https://www.ninja-vapes.co.uk/product/ivg-2400-4-in-1-refill-pod-passion-fruit-edition
ninja-vapes.co.uk,ivg 2400 reload 4 in 1 pre-filled pod – red raspberry edition,ivg 2400 reload 4-in-1 prefilled pods pack of 4,https://vapeonlinestore.co.uk/products/ivg-2400-reload-pods,0.83,medium,https://www.ninja-vapes.co.uk/product/ivg-2400-4-in-1-refill-pod-red-raspberry-edition
ninja-vapes.co.uk,oxbar of6000 puffs replaceable pod vape,oxbar of 6000 puff vape,https://vapeonlinestore.co.uk/products/oxbar-of-6000-puff-vape,0.8,medium,https://www.ninja-vapes.co.uk/product/oxbar-of6000-vape
ninja-vapes.co.uk,hayati pro ultra+ 25k puffs world cup edition kit,Hayati Pro Ultra Plus 25000 Prefilled Pods Kit,https://vapeonlinestore.co.uk/products/hayati-pro-ultra,0.8,medium,https://www.ninja-vapes.co.uk/product/hayati-pro-ultra-plus-25000-world-cup-edition
ninja-vapes.co.uk,hayati pro max plus 6k refill pods 0mg (zero nicotine),Hayati Pro Max Plus 6000 Replacement Refill Pods,https://vapeonlinestore.co.uk/products/hayati-pro-max-plus-6000-replacement-pods,0.8,medium,https://www.ninja-vapes.co.uk/product/hayati-pro-max-plus-6000-0mg-refill-pods
ninja-vapes.co.uk,jnr aerox 32000 puffs refillable pod kit,jnr aerox 32k puffs prefilled vape kit,https://vapeonlinestore.co.uk/products/jnr-aerox-32000,0.8,medium,https://www.ninja-vapes.co.uk/product/jnr-aerox-32000-refillable-pod-vape-kit
ninja-vapes.co.uk,vapes bar angel 20k prefilled refill pods,vapes bars angel 20000 prefilled vape pods instock,https://vapeonlinestore.co.uk/products/angel-20000-vape-pods,0.8,medium,https://www.ninja-vapes.co.uk/product/vapes-bar-angel-20k-prefilled-pods
ninja-vapes.co.uk,hayati pro max+ 6k puffs world cup edition kit,Hayati Pro Max Plus 6000 Prefilled Pods Kit,https://vapeonlinestore.co.uk/products/hayati-pro-max-plus-6000,0.8,medium,https://www.ninja-vapes.co.uk/product/hayati-pro-max-plus-6000-world-cup-edition
ninja-vapes.co.uk,lost mary nera 15k puffs fullview pod kit,lost mary nera 15k prefilled pod kit,https://vapeonlinestore.co.uk/products/lost-mary-nera-15k,0.8,medium,https://www.ninja-vapes.co.uk/product/lost-mary-nera-15k
ninja-vapes.co.uk,elf bar af5500 puffs refillable kit,Elf Bar Af5500 Prefilled Pods Kit,https://vapeonlinestore.co.uk/products/elf-bar-af5000-disposable-vape-kit,0.8,medium,https://www.ninja-vapes.co.uk/product/elf-bar-af5500-refillable-kit
ninja-vapes.co.uk,smok nord 5 refillable pods,smok nord 5 replacement pods,https://vapeonlinestore.co.uk/products/smok-nord-5-replacement-pod,0.8,medium,https://www.ninja-vapes.co.uk/product/smok-nord-5-refillable-pods
ninja-vapes.co.uk,vaporesso xros 2 vape kit 1000mah battery,vaporesso xros 2 pod kit,https://vapeonlinestore.co.uk/products/vaporesso-xros-2-pod-kit,0.8,medium,https://www.ninja-vapes.co.uk/product/vaporesso-xros-2-vape-kit
ninja-vapes.co.uk,smok rpm80 replacement 2ml pods - 3 pack,smok rpm80 5ml pod & 2ml rgc replacement pods,https://vapeonlinestore.co.uk/products/smok-rpm80-rgc-2ml-5ml-replacement-pods,0.8,medium,https://www.ninja-vapes.co.uk/product/smok-rpm80-replacement-2ml-pods-3-pack
ninja-vapes.co.uk,kingston chilly willies 100ml shortfill e-liquid,Kingston Chilly Willies Range Shortfill 100Ml E-Liquid,https://vapeonlinestore.co.uk/products/kingston-chilly-willies-range-shortfill-100ml-e-liquid,0.8,medium,https://www.ninja-vapes.co.uk/product/kingston-chilly-willies-100ml
ninja-vapes.co.uk,oxva nexlim go 2 pod kit,oxva nexlim 2 vape kit,https://vapeonlinestore.co.uk/products/oxva-nexlim-2-vape-kit,0.8,medium,https://www.ninja-vapes.co.uk/product/oxva-xlim-go-2-pod-vape-kit
ninja-vapes.co.uk,vaporesso eco nano pro kit,vaporesso eco nano pod vape kit,https://vapeonlinestore.co.uk/products/vaporesso-eco-nano-vape-kit,0.8,medium,https://www.ninja-vapes.co.uk/product/vaporesso-eco-nano-pro-pod-kit
ninja-vapes.co.uk,smok r kiss 2 starter kit 200w,smok r-kiss 2 vape kit,https://vapeonlinestore.co.uk/products/smok-r-kiss-2-vape-kit,0.8,medium,https://www.ninja-vapes.co.uk/product/smok-r-kiss-2-starter-kit
ninja-vapes.co.uk,uwell caliburn g2 18w pod kit,uwell caliburn g2 pod kit,https://vapeonlinestore.co.uk/products/caliburn-g2-pod-kit-uwell,0.8,medium,https://www.ninja-vapes.co.uk/product/uwell-caliburn-g2-pod-vape-kit
ninja-vapes.co.uk,innokin endura t20-s starter kit,innokin endura t20 s vape pen kit,https://vapeonlinestore.co.uk/products/innokin-vape-pen-endura-t20-s,0.8,medium,https://www.ninja-vapes.co.uk/product/innokin-endura-t20s-vape-starter-kit
ninja-vapes.co.uk,oxva xlim v2 pod kit,oxva xlim v2 25w pod kit,https://vapeonlinestore.co.uk/products/oxva-xlim-v2-pod-kit,0.8,medium,https://www.ninja-vapes.co.uk/product/oxva-xlim-v2-pod-kit
ninja-vapes.co.uk,lost vape ultra boost coils,lost vape ultra boost pro coils pack of 3,https://vapeonlinestore.co.uk/products/lost-vape-ultra-boost-pro-coils,0.8,medium,https://www.ninja-vapes.co.uk/product/lost-vape-ultra-boost-coils
ninja-vapes.co.uk,oxva xlim 25w 2ml pod vape kit,oxva xlim sq 25w 2ml vape kit,https://vapeonlinestore.co.uk/products/oxva-sq-vape-kit,0.8,medium,https://www.ninja-vapes.co.uk/product/oxva-xlim-pod-kit
ninja-vapes.co.uk,vaporesso nrg gt core coils,vaporesso gt core coils [pack of 3],https://vapeonlinestore.co.uk/products/vaporesso-gt-coils-pack-of-3,0.8,medium,https://www.ninja-vapes.co.uk/product/vaporesso-nrg-gt-core-coils
ninja-vapes.co.uk,vaporesso nexus nx coils,vaporesso nexus nx ccell coils pack of 5,https://vapeonlinestore.co.uk/products/nexus-nx-ccell-coils-5-pack-by-vaporesso,0.8,medium,https://www.ninja-vapes.co.uk/product/vaporesso-nexus-nx-coils
ninja-vapes.co.uk,innokin go max vape kit,innokin go max tube kit,https://vapeonlinestore.co.uk/products/innokin-go-max-pen-kit,0.8,medium,https://www.ninja-vapes.co.uk/product/innokin-go-max-vape-kit
ninja-vapes.co.uk,voopoo vinci royal edition 15w pod kit,voopoo vinci royal edition pod starter kit,https://vapeonlinestore.co.uk/products/vinci-royal-edition-pod-starter-kit,0.8,medium,https://www.ninja-vapes.co.uk/product/voopoo-vinci-royal-edition-15w-pod-kit-pod-kit
ninja-vapes.co.uk,smok novo 2s pod kit 20w pod kit,smok novo 2s pod kit,https://vapeonlinestore.co.uk/products/novo-2s-pod-kit-by-smok,0.8,medium,https://www.ninja-vapes.co.uk/product/smok-novo-2s-pod-kit-20w-pod-kit
ninja-vapes.co.uk,vozol ace max replacement pods (3pack),vozol ace max refillable pod cartridges pack of 3,https://vapeonlinestore.co.uk/products/vozol-ace-max-replacement-pods,0.8,medium,https://www.ninja-vapes.co.uk/product/vozol-ace-max-pod-pack
ninja-vapes.co.uk,aspire nautilus 2s replacement coils,aspire nautilus 2s replacement atomizer coils,https://vapeonlinestore.co.uk/products/aspire-nautilus-2s-replacement-atomizer-coils-pack-of-5,0.8,medium,https://www.ninja-vapes.co.uk/product/aspire-nautilus-2s-replacement-atomizer-coils
ninja-vapes.co.uk,Riot Squad Nic Salt 10Ml,Riot Squad Bar Edition Nic Salt 10Ml 5Mg E-Liquid,https://vapeonlinestore.co.uk/products/riot-squad-bar-edition-nic-salt-10ml-5mg-e-liquids,0.8,medium,https://www.ninja-vapes.co.uk/product/riot-squad-nic-salttropical-fury-10ml
ninja-vapes.co.uk,voopoo argus z2 pod kit 1500mah,voopoo argus z2 vape kit,https://vapeonlinestore.co.uk/products/voopoo-argus-z2-vape-kit,0.8,medium,https://www.ninja-vapes.co.uk/product/voopoo-argus-z2-pod-kit
ninja-vapes.co.uk,smok mag solo mod 100w,smok mag solo vape kit,https://vapeonlinestore.co.uk/products/smok-mag-solo-kit,0.8,medium,https://www.ninja-vapes.co.uk/product/smok-mag-solo-mod-100w
ninja-vapes.co.uk,smok nord 50w pod kit 1800mah,smok nord 50w pod kit,https://vapeonlinestore.co.uk/products/smok-nord-50w-pod-kit,0.8,medium,https://www.ninja-vapes.co.uk/product/smok-nord-50w-pod-kit
ninja-vapes.co.uk,vaporesso xros mini 16w pod kit,vaporesso xros mini pod kit,https://vapeonlinestore.co.uk/products/vaporesso-vape-mini-pod-kit-xros,0.8,medium,https://www.ninja-vapes.co.uk/product/vaporesso-xros-mini-16w-pod-kit
ninja-vapes.co.uk,oxva xlim sq pod vape kit,oxva xlim sq 25w 2ml vape kit,https://vapeonlinestore.co.uk/products/oxva-sq-vape-kit,0.8,medium,https://www.ninja-vapes.co.uk/product/oxva-xlim-sq-kit
ninja-vapes.co.uk,geekvape aegis max kit,geekvape aegis max zeus vape kit,https://vapeonlinestore.co.uk/products/geekvape-aegis-max-zeus-vape-kit,0.8,medium,https://www.ninja-vapes.co.uk/product/geekvape-aegis-max-vape-kit
ninja-vapes.co.uk,geekvape obelisk 65 vape kit,geekvape obelisk 65 fc vape kit,https://vapeonlinestore.co.uk/products/obelisk-65-fc-pod-mod-kit-by-geek-vape,0.8,medium,https://www.ninja-vapes.co.uk/product/geekvape-obelisk-65-vape-kit
ninja-vapes.co.uk,voopoo vinci v2 replacement pods (3pack),voopoo vinci v2 refillable pods pack of 3,https://vapeonlinestore.co.uk/products/voopoo-vinci-v2-refillable-pods,0.8,medium,https://www.ninja-vapes.co.uk/product/voopoo-vinci-v2-replacement-pods
ninja-vapes.co.uk,uwell caliburn gk3 pod kit,uwell caliburn a3 pod kit,https://vapeonlinestore.co.uk/products/uwell-caliburn-a3-pod-kit,0.8,medium,https://www.ninja-vapes.co.uk/product/uwell-caliburn-gk3-pod-kit
ninja-vapes.co.uk,oxva origin 2 vape kit 80w,oxva origin 2 pod kit price,https://vapeonlinestore.co.uk/products/oxva-origin-2-pod-kit,0.8,medium,https://www.ninja-vapes.co.uk/product/oxva-origin-2-vape-kit
ninja-vapes.co.uk,geekvape aegis legend mod,geekvape aegis legend mod 200w,https://vapeonlinestore.co.uk/products/geekvape-aegis-legend-mod,0.8,medium,https://www.ninja-vapes.co.uk/product/geekvape-aegis-legend-mod
ninja-vapes.co.uk,uwell caliburn gz2 pod kit,uwell caliburn a2 pod starter vape kit,https://vapeonlinestore.co.uk/products/uwell-caliburn-a2-pod-vape-kit,0.8,medium,https://www.ninja-vapes.co.uk/product/uwell-caliburn-gz2-pod-kit
ninja-vapes.co.uk,uwell caliburn koko pod kit,uwell caliburn koko prime pod kit,https://vapeonlinestore.co.uk/products/uwell-caliburn-koko-prime-pod-kit,0.8,medium,https://www.ninja-vapes.co.uk/product/uwell-caliburn-koko-pod-kit
ninja-vapes.co.uk,uwell caliburn tenet koko vape kit,uwell caliburn tenet vape kit,https://vapeonlinestore.co.uk/products/uwell-caliburn-tenet-pod-kit,0.8,medium,https://www.ninja-vapes.co.uk/product/uwell-caliburn-tenet-koko-vape-kit
ninja-vapes.co.uk,hayati pro max 100ml e-liquid,Hayati Pro Max 100Ml E-Liquid Vape Juice Full Stock,https://vapeonlinestore.co.uk/products/blueberry-cherry-cranberry-hayati-pro-max-100ml,0.8,medium,https://www.ninja-vapes.co.uk/product/hayati-pro-max-100ml-eliquid
ninja-vapes.co.uk,elux cyberover p1 replacement pods (4pack),elux cyberover p1 refillable replacement pods,https://vapeonlinestore.co.uk/products/elux-cyberover-p1-pods,0.8,medium,https://www.ninja-vapes.co.uk/product/elux-cyberover-p1-replacement-pods
ninja-vapes.co.uk,vaporesso vibe smart replacement pod (2pack),vaporesso vibe dual smart replacement pods,https://vapeonlinestore.co.uk/products/vaporesso-vibe-dual-smart-replacement-pods,0.8,medium,https://www.ninja-vapes.co.uk/product/vaporesso-vibe-smart-replacement-pods
ninja-vapes.co.uk,Firerose 5000 Hubble Nic Salt E-Liquid By Elux,Elux Firerose 5000 Nic Salt,https://vapeonlinestore.co.uk/products/blue-razz-gummy-elux-firerose-5000-nic-salt,0.8,medium,https://www.ninja-vapes.co.uk/product/firerose-5000-hubble-bubbla-nic-salt-e-liquid-elux
ninja-vapes.co.uk,lost mary airplane mode nicotine pouches,buy lost mary airplane mode nicotine pouches,https://vapeonlinestore.co.uk/products/lost-mary-airplane-mode-nicotine-pouches,0.8,medium,https://www.ninja-vapes.co.uk/product/lost-mary-airplane-mode-nicotine-pouches
ninja-vapes.co.uk,smok nord 4 refillable pods,smok nord 4 replacement pods,https://vapeonlinestore.co.uk/products/smok-nord-4-replacement,0.8,medium,https://www.ninja-vapes.co.uk/product/smok-nord-4-refillable-pods
ninja-vapes.co.uk,Smok Rpm160 Series Coils,smok rpm160 replacement coils,https://vapeonlinestore.co.uk/products/rpm160-replacement-coils-by-smok,0.8,medium,https://www.ninja-vapes.co.uk/product/smok-rpm160-coils
ninja-vapes.co.uk,Smok Lp1 Series Coils,smok lp1 replacement coils pack of 5,https://vapeonlinestore.co.uk/products/lp1-replacement-coils-by-smok,0.8,medium,https://www.ninja-vapes.co.uk/product/smok-lp1-coils
ninja-vapes.co.uk,Smok Lp2 Series Coils,smok lp2 replacement coils cheap pack of 5,https://vapeonlinestore.co.uk/products/smok-lp2-coils-pack-of-5,0.8,medium,https://www.ninja-vapes.co.uk/product/smok-lp2-coils
ninja-vapes.co.uk,Smok Rpm 3 Series Coils,smok rpm 3 coils pack of 5,https://vapeonlinestore.co.uk/products/smok-rpm-3-coils-pack-of-5,0.8,medium,https://www.ninja-vapes.co.uk/product/smok-rpm-3-coils
ninja-vapes.co.uk,ivg air 2-in-1 1200 puffs rechargeable pod kit,ivg air 2 in 1 pre-filled pod vape kit 2 flavour vape,https://vapeonlinestore.co.uk/products/ivg-air-2-in-1-pod-kit,0.78,medium,https://www.ninja-vapes.co.uk/product/ivg-air-2-in-1
ninja-vapes.co.uk,smok tfv mini v2 sub ohm tank,smok tfv-mini v2 vape tank,https://vapeonlinestore.co.uk/products/smok-tfv-mini-v2-vape-tank,0.76,medium,https://www.ninja-vapes.co.uk/product/smok-tfv-mini-v2-sub-ohm-tank
ninja-vapes.co.uk,uwell viscore pro+ 40k refill pods,uwell viscore pro+ prefilled refill pods,https://vapeonlinestore.co.uk/products/uwell-viscore-pro-plus-pods,0.75,medium,https://www.ninja-vapes.co.uk/product/refill-pods-for-uwell-viscore-pro-plus-40k
ninja-vapes.co.uk,elf bar 4 in 1 3200 puffs prefilled pod kit,elf bar 4 in 1 vape pod kit,https://vapeonlinestore.co.uk/products/elf-bar-4-in-1-vape-pod-kit,0.75,medium,https://www.ninja-vapes.co.uk/product/elf-bar-4-in-1-pod-kit
ninja-vapes.co.uk,lost mary 4 in 1 3200 puffs prefilled pod kit,Edition Lost Mary 4In1 Pod Kit,https://vapeonlinestore.co.uk/products/pineapple-edition-lost-mary-4-in-1,0.75,medium,https://www.ninja-vapes.co.uk/product/lost-mary-4-in-1-disposable-vape-kit
ninja-vapes.co.uk,geekvape max 100 kit (aegis max 2),geekvape aegis max 2 vape kit,https://vapeonlinestore.co.uk/products/max100-aegis-max-2-vape-kit-geek-vape,0.75,medium,https://www.ninja-vapes.co.uk/product/geekvape-max-100-vape-kit
ninja-vapes.co.uk,maxfel ultra pro 35k refill pods,maxfel ultra pro prefilled pods,https://vapeonlinestore.co.uk/products/maxfel-ultra-pro-pods,0.7,medium,https://www.ninja-vapes.co.uk/product/maxfel-ultra-pro-35k-refill-pods
ninja-vapes.co.uk,randm fumot t9000 pro max prefilled refill pods,fumot t9000 refill pods,https://vapeonlinestore.co.uk/products/randm-fumot-t9000-refill-pods,0.7,medium,https://www.ninja-vapes.co.uk/product/randm-fumot-t9000-pro-max-prefilled-refill-pods
ninja-vapes.co.uk,al fakher hypermax 30k puffs prefilled vape kit,Al Fakher Crown Bar 30000 Puffs Hypermax Vape Kit,https://vapeonlinestore.co.uk/products/box-of-5-al-fakher-crown-bar-30k,0.7,medium,https://www.ninja-vapes.co.uk/product/al-fakher-30k-puffs-hypermax-prefilled-pod-kit
ninja-vapes.co.uk,vapouresso dojo blast 10k puffs prefilled refill pods,Vaporesso Dojo Blast 10000 Prefilled Pods,https://vapeonlinestore.co.uk/products/vaporesso-dojo-blast-10k-pods,0.7,medium,https://www.ninja-vapes.co.uk/product/vaporesso-dojo-blast-10k-refill-pods
ninja-vapes.co.uk,Pixl Duo 12 6000 Refill Pod,pixl duo 12 replacement pods,https://vapeonlinestore.co.uk/products/pixl-duo-12-replacement-pods,0.7,medium,https://www.ninja-vapes.co.uk/product/pixl-duo-12-6000-refill-pods
ninja-vapes.co.uk,ivg air replacement pods dual pack,ivg air pods 20mg prefilled,https://vapeonlinestore.co.uk/products/ivg-air-pods,0.7,medium,https://www.ninja-vapes.co.uk/product/ivg-air-pods
ninja-vapes.co.uk,nitecore i4 intellicharger,i4 battery charger by nitecore,https://vapeonlinestore.co.uk/products/i4-battery-charger-by-nitecore,0.7,medium,https://www.ninja-vapes.co.uk/product/nitecore-i4-intellicharger
ninja-vapes.co.uk,nitecore i2 intellicharger,i2 battery charger by nitecore,https://vapeonlinestore.co.uk/products/i2-battery-charger-by-nitecore,0.7,medium,https://www.ninja-vapes.co.uk/product/nitecore-i2-intellicharger
ninja-vapes.co.uk,mvp 60k puffs prefilled pod kit,innokin mvp 60k puffs prefilled vape kit,https://vapeonlinestore.co.uk/products/innokin-mvp-60k-puff-vape,0.7,medium,https://www.ninja-vapes.co.uk/product/mvp-60k-puffs-prefilled-pod-kit
ninja-vapes.co.uk,the bling ultra plus 30k refill pods,crystal bling ultra plus 30k replacement pods,https://vapeonlinestore.co.uk/products/crystal-bling-ultra-plus-30k-pods,0.7,medium,https://www.ninja-vapes.co.uk/product/the-bling-ultra-plus-30000-refill-pods
ninja-vapes.co.uk,The Bling Ultra Plus 30000 Plus Puffs Prefilled Pods Kit,The Crystal Bling Ultra Plus 30000 Puffs Prefilled Pods Kit,https://vapeonlinestore.co.uk/products/the-crystal-bling-ultra-plus-30k-prefilled-pod-kit,0.7,medium,https://www.ninja-vapes.co.uk/product/box-of-5-the-bling-ultra-plus-30000-puffs-vape-kit
ninja-vapes.co.uk,smok nord 2ml replacement pod (without coils),smok nord replacement coils pack of 5,https://vapeonlinestore.co.uk/products/smok-nord-coils,0.7,medium,https://www.ninja-vapes.co.uk/product/smok-nord-2ml-replacement-pod-pack-of-3-without-coils
ninja-vapes.co.uk,smok mag pod kit replacement pod,smok mag solo vape kit,https://vapeonlinestore.co.uk/products/smok-mag-solo-kit,0.7,medium,https://www.ninja-vapes.co.uk/product/smok-mag-pod-kit-replacment-pod
ninja-vapes.co.uk,innokin sceptre replacement pod,innokin sceptre tube replacement pod,https://vapeonlinestore.co.uk/products/sceptre-tube-replacement-pod-by-innokin,0.7,medium,https://www.ninja-vapes.co.uk/product/innokin-sceptre-replacement-pod
ninja-vapes.co.uk,bash echo pro 10k refill pods,bash vape echo pro 10k prefilled pods,https://vapeonlinestore.co.uk/products/bash-vape-echo-pro-10k-pods,0.7,medium,https://www.ninja-vapes.co.uk/product/refill-pods-for-bash-echo-pro-10000
ninja-vapes.co.uk,crystal prime 10000 prefilled refill pods aura bar,aura bar crystal prime pods,https://vapeonlinestore.co.uk/products/aura-bar-crystal-prime-10000-pods,0.7,medium,https://www.ninja-vapes.co.uk/product/crystal-prime-10000-prefilled-refill-pods
ninja-vapes.co.uk,nitecore intelli charger i2,i2 battery charger by nitecore,https://vapeonlinestore.co.uk/products/i2-battery-charger-by-nitecore,0.7,medium,https://www.ninja-vapes.co.uk/product/nitecore-intelli-charger-i2
ninja-vapes.co.uk,enjoy ultra 9000 puffs refillable pod kit,Enjoy Ultra 9000 Puffs Pod Vape Kit,https://vapeonlinestore.co.uk/products/enjoy-ultra-9000,0.7,medium,https://www.ninja-vapes.co.uk/product/enjoy-ultra-9000-puffs-refillable-pod-kit
ninja-vapes.co.uk,crystal storm 12k puffs prefilled pod kit,crystal storm bar 12k puffs prefilled pod kit,https://vapeonlinestore.co.uk/products/crystal-storm-bar-12k,0.7,medium,https://www.ninja-vapes.co.uk/product/crystal-storm-12k-puffs-prefilled-pod-kit
ninja-vapes.co.uk,ske bar 600 puffs prefilled pod kit,Ske Bar 600 Compliant Prefilled Pods Kit,https://vapeonlinestore.co.uk/products/crystal-bar-600-puffs-20mg-disposable-vape-device,0.7,medium,https://www.ninja-vapes.co.uk/product/ske-bar-600-puffs-prefilled-pod-kit
ninja-vapes.co.uk,ivg reload mini 600 puffs starter kit,ivg reload mini prefilled pod kit,https://vapeonlinestore.co.uk/products/ivg-reload-mini-prefilled-pod-kit,0.7,medium,https://www.ninja-vapes.co.uk/product/ivg-reload-mini-starter-kit
ninja-vapes.co.uk,smok nord pro replacement pods,Smok Nord Refill Pods,https://vapeonlinestore.co.uk/products/refillable-pod-for-smok-nord,0.7,medium,https://www.ninja-vapes.co.uk/product/smok-nord-pro-replacement-pods
ninja-vapes.co.uk,mvp 20k refill pods,innokin mvp 20k puffs refill replacement pods,https://vapeonlinestore.co.uk/products/mvp-20k-puffs-refill-pods,0.7,medium,https://www.ninja-vapes.co.uk/product/refill-pods-for-mvp-20k-puffs
ninja-vapes.co.uk,jnr p4 stellarc refill pods,jnr p4 stellarc 100k puff replacement pods,https://vapeonlinestore.co.uk/products/jnr-p4-stellarc-100k-replacement-pods,0.7,medium,https://www.ninja-vapes.co.uk/product/refill-pod-for-jnr-p4-100000
ninja-vapes.co.uk,ske bar 600 prefilled refill pods,ske 600 pro prefilled replacement pods,https://vapeonlinestore.co.uk/products/ske-600-pro-pre-filled-pods,0.7,medium,https://www.ninja-vapes.co.uk/product/ske-bar-600-prefilled-pod-kit
ninja-vapes.co.uk,ivg 2400 puffs rechargeable – kiwi edition,Ivg 2400 Puffs Disposable Kit,https://vapeonlinestore.co.uk/products/grape-ice-ivg-2400,0.7,medium,https://www.ninja-vapes.co.uk/product/ivg-2400-4-in-1-refill-pod-kiwi-edition
ninja-vapes.co.uk,ivg 2400 puffs rechargeable – lemon edition,Ivg 2400 Puffs Disposable Kit,https://vapeonlinestore.co.uk/products/grape-ice-ivg-2400,0.7,medium,https://www.ninja-vapes.co.uk/product/ivg-2400-4-in-1-refill-pod-lemon-edition
ninja-vapes.co.uk,smok nfix pro replacement pods,smok nfix replacement pods,https://vapeonlinestore.co.uk/products/smok-nfix-pods-pack-of-3,0.7,medium,https://www.ninja-vapes.co.uk/product/smok-nfix-pro-replacement-pods
ninja-vapes.co.uk,ivg pro nic salts 10ml,ivg pro salts 10ml nic salts,https://vapeonlinestore.co.uk/products/ivg-pro-salts-10ml,0.7,medium,https://www.ninja-vapes.co.uk/product/ivg-pro-salts-10ml-nic-salts
ninja-vapes.co.uk,jnr ace 36k refill pods,jnr ace 36k refill pods next day delivery,https://vapeonlinestore.co.uk/products/jnr-ace-36000-puffs-replacement-pods,0.7,medium,https://www.ninja-vapes.co.uk/product/refill-pod-for-jnr-ace-36000
ninja-vapes.co.uk,hawcos lost mary pro max 7000 puffs kit + 7k pod (14k+ puffs) bundle offer,Hawcos X Lost Mary Pro Max 7000 Pod Kit,https://vapeonlinestore.co.uk/products/lost-mary-pro-max-7000,0.7,medium,https://www.ninja-vapes.co.uk/product/hawcos-lost-mary-pro-max-7000-bundle-offers
ninja-vapes.co.uk,ultimate puff sherbet 100ml shortfill e-liquid,ultimate puff sherbet range shortfill 100ml e-liquid,https://vapeonlinestore.co.uk/products/ultimate-puff-sherbet-range-shortfill-100ml-e-liquid,0.7,medium,https://www.ninja-vapes.co.uk/product/ultimate-puff-sherbet-100ml
ninja-vapes.co.uk,kingston gazillions 100ml shortfill e-liquids,Kingston Gazillions Range Shortfill 100Ml E-Liquid,https://vapeonlinestore.co.uk/products/kingston-gazillions-range-shortfill-100ml-e-liquid,0.7,medium,https://www.ninja-vapes.co.uk/product/kingston-gazillions-100ml-shortfill-e-liquids
ninja-vapes.co.uk,innokin sceptre pod kit,innokin sceptre tube pod kit,https://vapeonlinestore.co.uk/products/sceptre-tube-pod-kit-by-innokin,0.7,medium,https://www.ninja-vapes.co.uk/product/innokin-sceptre-pod-kit
ninja-vapes.co.uk,smok novo eco pod kit,smok novo x kit,https://vapeonlinestore.co.uk/products/smok-novo-x-pod-kit,0.7,medium,https://www.ninja-vapes.co.uk/product/smok-novo-eco-kit
ninja-vapes.co.uk,smok rigel kit 230w,smok rigel vape kit,https://vapeonlinestore.co.uk/products/smok-rigel-mini-vape-kit,0.7,medium,https://www.ninja-vapes.co.uk/product/smok-rigel-kit
ninja-vapes.co.uk,smok novo 5 kit 900mah 30w,smok novo 5 vape pod kit,https://vapeonlinestore.co.uk/products/smok-novo-5-vape-pod-kit,0.7,medium,https://www.ninja-vapes.co.uk/product/smok-novo-5-kit
ninja-vapes.co.uk,smok morph pod 40 starter kit,Pod 40 Kit By Smok,https://vapeonlinestore.co.uk/products/morph-pod-40-kit-by-smok,0.7,medium,https://www.ninja-vapes.co.uk/product/smok-morph-pod-40-starter-kit
ninja-vapes.co.uk,innokin gozee vape kit 2100mah,innokin gozee vape kit,https://vapeonlinestore.co.uk/products/innokin-gozee-vape-kit,0.7,medium,https://www.ninja-vapes.co.uk/product/innokin-gozee-pod-kit
ninja-vapes.co.uk,lost mary bm6000 refill pods 0mg (zero nicotine),Lost Mary Bm6000 Refill Pods,https://vapeonlinestore.co.uk/products/lost-mary-bm6000-prefilled-replacement-pods,0.7,medium,https://www.ninja-vapes.co.uk/product/refill-pods-for-lost-mary-bm6000-0mg
ninja-vapes.co.uk,lost vape ursa replacement pods,lost vape ursa nano replacement pods,https://vapeonlinestore.co.uk/products/ursa-nano-replacement-pods-by-lost-vape,0.7,medium,https://www.ninja-vapes.co.uk/product/lost-vape-ursa-pods
ninja-vapes.co.uk,smok r-kiss 200w kit,smok r-kiss vape kit,https://vapeonlinestore.co.uk/products/smok-r-kiss-kit,0.7,medium,https://www.ninja-vapes.co.uk/product/smok-rkiss-200w-kit
ninja-vapes.co.uk,Ultimate Puff Villains Dread 100Ml,ultimate e-liquid villains 100ml shortfill,https://vapeonlinestore.co.uk/products/ultimate-e-liquid-villains-100ml,0.7,medium,https://www.ninja-vapes.co.uk/product/ultimate-puff-villains-doctor-dread-100ml
ninja-vapes.co.uk,voopoo vinci replacement pods 2ml / 5.5ml,voopoo vinci replacement pods pack of 3,https://vapeonlinestore.co.uk/products/voopoo-vinci-replacement-pods,0.7,medium,https://www.ninja-vapes.co.uk/product/voopoo-vinic-replacment-pods-2ml-55ml
ninja-vapes.co.uk,elf bar elfx vape kit,elfbar elfx ultra pod kit,https://vapeonlinestore.co.uk/products/elfbar-elfx-ultra-pod-kit,0.7,medium,https://www.ninja-vapes.co.uk/product/elf-bar-elfx-vape-kit-device
ninja-vapes.co.uk,Ultimate Salts 10Ml,ultimate salts custard 10ml nic salt,https://vapeonlinestore.co.uk/products/ultimate-salts-custard-10ml,0.7,medium,https://www.ninja-vapes.co.uk/product/ultimate-salts-soda-pineapple-crush-10ml
ninja-vapes.co.uk,ultimate salts custard apple strudel 10ml,ultimate salts custard 10ml nic salt,https://vapeonlinestore.co.uk/products/ultimate-salts-custard-10ml,0.7,medium,https://www.ninja-vapes.co.uk/product/ultimate-salts-custard-apple-strudel-10ml
ninja-vapes.co.uk,innokin jem vape kit,innokin jem vape kit limited offer,https://vapeonlinestore.co.uk/products/innokin-jem-pen-vape-kit,0.7,medium,https://www.ninja-vapes.co.uk/product/innokin-jem-vape-kit
ninja-vapes.co.uk,geekvape aegis hero pod mod kit,Geekvape Aegis X Kit,https://vapeonlinestore.co.uk/products/geek-vape-aegis-x-vape-kit,0.7,medium,https://www.ninja-vapes.co.uk/product/geekvape-aegis-hero-pod-mod-kit-pod-kit
ninja-vapes.co.uk,Ultimate Salt 10Ml,ultimate slushy salt 10ml nic salt,https://vapeonlinestore.co.uk/products/ultimate-slushy-salt-10ml,0.7,medium,https://www.ninja-vapes.co.uk/product/ultimate-salt-cider-strawberry-lime-10ml
ninja-vapes.co.uk,elf bar mate 500 p1 prefilled pods (2pack),Elf Bar Mate P1 Prefilled Pods,https://vapeonlinestore.co.uk/products/elf-bar-mate-p1-prefilled-pods,0.7,medium,https://www.ninja-vapes.co.uk/product/elf-bar-mate-p1-refills-refillable-pods
ninja-vapes.co.uk,voopoo vinci air 4ml replacement pods,voopoo vinci replacement pods pack of 3,https://vapeonlinestore.co.uk/products/voopoo-vinci-replacement-pods,0.7,medium,https://www.ninja-vapes.co.uk/product/voopoo-vinci-air-4ml-replacment-pods
ninja-vapes.co.uk,voopoo tpp repalcment coils,tpp replacement coils by voopoo,https://vapeonlinestore.co.uk/products/tpp-replacement-coils-by-voopoo,0.7,medium,https://www.ninja-vapes.co.uk/product/voopoo-tpp-repalcment-coils
ninja-vapes.co.uk,vaporesso xros 2ml replacement pods,vaporesso xros nano replacement pods pack of 4,https://vapeonlinestore.co.uk/products/vaporesso-xros-nano-pods,0.7,medium,https://www.ninja-vapes.co.uk/product/vaporesso-xros-2ml-replacement-pods-2-pack
ninja-vapes.co.uk,vaporesso euc cotton coils,euc replacement coils pack of 5,https://vapeonlinestore.co.uk/products/euc-replacement-coils-5-pack-by-vaporesso,0.7,medium,https://www.ninja-vapes.co.uk/product/vaporesso-euc-cotton-coils
ninja-vapes.co.uk,uwell caliburn & koko replacement pods,uwell caliburn x empty replacement pods pack of 2,https://vapeonlinestore.co.uk/products/uwells-caliburn-x-empty-cartridge-2-pack,0.7,medium,https://www.ninja-vapes.co.uk/product/uwell-caliburn-and-koko-replacment-pods
ninja-vapes.co.uk,aspire nautilus x replacement atomizer coils,Aspire Nautilus X Coils Of Each,https://vapeonlinestore.co.uk/products/nautilus-x-coils-5-pack-by-aspire,0.7,medium,https://www.ninja-vapes.co.uk/product/aspire-nautilus-x-replacement-atomizer-coils
ninja-vapes.co.uk,voopoo drag s pnp-x pod kit,voopoo drag s mod pod kit,https://vapeonlinestore.co.uk/products/voopoo-drag-s-pod-kit,0.7,medium,https://www.ninja-vapes.co.uk/product/voopoo-drag-s-pnp-x-60w-pod-kit
ninja-vapes.co.uk,Nic Salt E-Liquid By Pukka Juice 5000,pukka juice 5000+ 10ml nic salts,https://vapeonlinestore.co.uk/products/pukka-juice-5000,0.7,medium,https://www.ninja-vapes.co.uk/product/fizzy-pop-nic-salt-pukka-juice-5000
ninja-vapes.co.uk,vaporesso luxe qs pod kit,Vaporesso Luxe X Pod Kit,https://vapeonlinestore.co.uk/products/vaporesso-luxe-x-pod-kit,0.7,medium,https://www.ninja-vapes.co.uk/product/vaporesso-luxe-qs-pod-kit
ninja-vapes.co.uk,Syco Xtreme 100Ml,syco xtreme gumball 100ml e-liquid,https://vapeonlinestore.co.uk/products/syco-xtreme-gumball-100ml,0.7,medium,https://www.ninja-vapes.co.uk/product/syco-xtreme-chill-blackcurrant-breeze-100ml
ninja-vapes.co.uk,innokin gozee box mod 2100mah,innokin gozee vape kit,https://vapeonlinestore.co.uk/products/innokin-gozee-vape-kit,0.7,medium,https://www.ninja-vapes.co.uk/product/innokin-gozee-mod
ninja-vapes.co.uk,Ultimate Puff Shakes 100Ml E-Liquid,ultimate puff shakes range shortfill 100ml e-liquid,https://vapeonlinestore.co.uk/products/ultimate-puff-shakes-range-shortfill-100ml-e-liquid,0.7,medium,https://www.ninja-vapes.co.uk/product/ultimate-puff-shakes-e-liquid-strawberry-100ml
ninja-vapes.co.uk,ivg 6000 nic salt 10ml,ivg 6000 10ml salt e-liquid,https://vapeonlinestore.co.uk/products/ivg-6000-10ml,0.7,medium,https://www.ninja-vapes.co.uk/product/ivg-6000-nic-salt-10ml
ninja-vapes.co.uk,oxva oneo pod kit 1600mah,oxva oneo pod kit,https://vapeonlinestore.co.uk/products/oxva-oneo-pod-kit,0.7,medium,https://www.ninja-vapes.co.uk/product/oxva-oneo-pod-vape-kit
ninja-vapes.co.uk,oxva xlim v3 replacement pods,oxva xlim v3 (top fill) replacement pod cartridges,https://vapeonlinestore.co.uk/products/oxva-xlim-v3-pods,0.7,medium,https://www.ninja-vapes.co.uk/product/oxva-xlim-pods-v3
ninja-vapes.co.uk,geekvape aegis one (1fc) pod kit,geekvape 1fc pod kit price,https://vapeonlinestore.co.uk/products/aegis-1-fc-pod-kit-by-geek-vape,0.7,medium,https://www.ninja-vapes.co.uk/product/geekvape-aegis-one-1fc-pod-kit
ninja-vapes.co.uk,aspire zelos x 80w box mod,aspire zelos x vape kit cheap,https://vapeonlinestore.co.uk/products/aspire-vape-kit-zelos-x,0.7,medium,https://www.ninja-vapes.co.uk/product/aspire-zelos-x-box-mod
ninja-vapes.co.uk,smok g-priv pod kit,smok g-priv refillable vape pod kit,https://vapeonlinestore.co.uk/products/smok-g-priv-pod-kit,0.7,medium,https://www.ninja-vapes.co.uk/product/smok-g-priv-pod-kit
ninja-vapes.co.uk,nerd liq bar nic salts 10ml,nerd liq bar salts nic salts 10ml,https://vapeonlinestore.co.uk/products/nerd-liq-bar-salts-nic-salts-10ml,0.7,medium,https://www.ninja-vapes.co.uk/product/nerd-liq-bar-nic-salts
ninja-vapes.co.uk,box of 5 / box of 10 vaporesso dojo blast refill pods,vaporesso dojo blast 6000 prefilled pods,https://vapeonlinestore.co.uk/products/vaporesso-dojo-blast-6000-prefilled-pods,0.7,medium,https://www.ninja-vapes.co.uk/product/box-of-10-vaporesso-dojo-blast-2k-refills
ninja-vapes.co.uk,Nic Salt E-Liquid By Drifter,drifter bar 10ml nic salt e-liquid,https://vapeonlinestore.co.uk/products/drifter-bar-10ml-nic-salt,0.7,medium,https://www.ninja-vapes.co.uk/product/peach-ice-nic-salt-drifter
ninja-vapes.co.uk,freemax fireluke 2 mesh sub-ohm tank,freemax fireluke 2 tank,https://vapeonlinestore.co.uk/products/freemax-fireluke-2-tank,0.7,medium,https://www.ninja-vapes.co.uk/product/freemax-fireluke-2-mesh-subohm-tank
ninja-vapes.co.uk,freemax fireluke 3 sub ohm tank,Freemax - Fireluke 3 - Tank,https://vapeonlinestore.co.uk/products/freemax-fireluke-3-tank,0.7,medium,https://www.ninja-vapes.co.uk/product/freemax-fireluke-3-sub-ohm-tank
ninja-vapes.co.uk,uwell crown iv tank,uwell crown iv sub ohm tank,https://vapeonlinestore.co.uk/products/uwell-crown-iv-sub-ohm-tank,0.7,medium,https://www.ninja-vapes.co.uk/product/uwell-crown-iv-tank
ninja-vapes.co.uk,kingston au gold nic salts 10ml e-liquid,buy kingston au gold bar nic salts 10ml,https://vapeonlinestore.co.uk/products/kingston-au-gold-bar-10ml-nic-salts-e-liquid,0.7,medium,https://www.ninja-vapes.co.uk/product/kingston-au-gold-nic-salts
ninja-vapes.co.uk,smok thallo refillable pods- pack of 3,smok thallo replacement pods,https://vapeonlinestore.co.uk/products/smok-thallo-pods,0.7,medium,https://www.ninja-vapes.co.uk/product/smok-thallo-refillable-pods-pack-of-3
ninja-vapes.co.uk,ivg 2400 puffs rechargeable – lime edition,Ivg 2400 Puffs Disposable Kit,https://vapeonlinestore.co.uk/products/grape-ice-ivg-2400,0.7,medium,https://www.ninja-vapes.co.uk/product/ivg-2400-4-in-1-refill-pod-lime-edition
ninja-vapes.co.uk,cuttwood bar salts nic salts 10ml,cuttwood bar 10ml nic salts e-liquid,https://vapeonlinestore.co.uk/products/cuttwood-bar-10ml-nic-salts-e-liquid,0.7,medium,https://www.ninja-vapes.co.uk/product/cuttwood-bar-salts-nic-salts-10ml
ninja-vapes.co.uk,innokin zlide top vape tank,innokin zlide replacement tank,https://vapeonlinestore.co.uk/products/zlide-vape-tank-by-innokin,0.7,medium,https://www.ninja-vapes.co.uk/product/innokin-zlide-top-tank
ninja-vapes.co.uk,geekvape aegis nano vape kit,Geekvape Aegis X Kit,https://vapeonlinestore.co.uk/products/geek-vape-aegis-x-vape-kit,0.7,medium,https://www.ninja-vapes.co.uk/product/geekvape-aegis-nano-vape-kit
ninja-vapes.co.uk,smok propod gt vape kit,Smok Propod Pod Vape Kit,https://vapeonlinestore.co.uk/products/smok-propod-pod-kit,0.7,medium,https://www.ninja-vapes.co.uk/product/smok-propod-gt-vape-kit
ninja-vapes.co.uk,aspire nautilus xs replacement coils (5 pack),Aspire Nautilus X Coils Of Each,https://vapeonlinestore.co.uk/products/nautilus-x-coils-5-pack-by-aspire,0.7,medium,https://www.ninja-vapes.co.uk/product/aspire-nautilus-x-coils-5-pack
ninja-vapes.co.uk,geekvape wenax q vape kit,Geekvape Wenax Q Mini Pod Kit,https://vapeonlinestore.co.uk/products/gradient-purple-geekvape-wenax-q-mini-pod-kit,0.7,medium,https://www.ninja-vapes.co.uk/product/geekvape-wenax-q
ninja-vapes.co.uk,aspire bvc replacement coil,aspire nautilus bvc replacement coils pack of 5,https://vapeonlinestore.co.uk/products/nautilus-bvc-coil-by-aspire,0.7,medium,https://www.ninja-vapes.co.uk/product/aspire-bvc-coil
ninja-vapes.co.uk,smok rgc coils,smok rgc rba replacement coil,https://vapeonlinestore.co.uk/products/rgc-rba-replacement-coil-by-smok,0.7,medium,https://www.ninja-vapes.co.uk/product/smok-rgc-coils
ninja-vapes.co.uk,smok nord regular coils,smok nord replacement coils pack of 5,https://vapeonlinestore.co.uk/products/smok-nord-coils,0.7,medium,https://www.ninja-vapes.co.uk/product/smok-nord-regular-coils
ninja-vapes.co.uk,innokin pzp replacement coils,innokin pzp max replacement coils pack of 3,https://vapeonlinestore.co.uk/products/innokin-pzp-max-replacement-coils,0.7,medium,https://www.ninja-vapes.co.uk/product/innokin-pzp-replacement-coils
ninja-vapes.co.uk,gt vape coils by vaporesso - 3 pack,vaporesso gt core coils [pack of 3],https://vapeonlinestore.co.uk/products/vaporesso-gt-coils-pack-of-3,0.7,medium,https://www.ninja-vapes.co.uk/product/gt-vape-coils-by-vaporesso-3-pack
ninja-vapes.co.uk,Lost Mary Pro Max 7000 Puffs Refillable Pod Kit,Hawcos X Lost Mary Pro Max 7000 Pod Kit,https://vapeonlinestore.co.uk/products/lost-mary-pro-max-7000,0.66,low,https://www.ninja-vapes.co.uk/product/box-of-5-lost-mary-pro-max-7000-by-howcas
ninja-vapes.co.uk,hyola pro max 8k kit + 8k pod (16k+ puffs) bundle offer,Hyola Pro Max 8000 Prefilled Pods Kit,https://vapeonlinestore.co.uk/products/box-of-10-hyola-pro-max-8000,0.66,low,https://www.ninja-vapes.co.uk/product/hyola-8k-bundle-offer
ninja-vapes.co.uk,elux ene legend 15k puffs kit + 15k pod (30k+ puffs) bundle offer,elux ene legend 15k puff prefilled vape pod kit,https://vapeonlinestore.co.uk/products/ene-legend-15k,0.66,low,https://www.ninja-vapes.co.uk/product/elux-ene-legend-15k-bundle-offer
ninja-vapes.co.uk,The Bling Max 8000 Puffs Prefilled Pods Kit,The Crystal Bling Max 8000 Puffs Vape,https://vapeonlinestore.co.uk/products/eth-crystal-bling-6000-puffs-disposable-vape,0.65,low,https://www.ninja-vapes.co.uk/product/box-of-5-the-crystal-bling-max-8k
ninja-vapes.co.uk,titan pro 15k refill pod,big bar 15000 pro prefilled replacement pods,https://vapeonlinestore.co.uk/products/big-bar-pro-15k-refill-pods,0.65,low,https://www.ninja-vapes.co.uk/product/refill-pods-for-titan-pro-15k
ninja-vapes.co.uk,cp pro cp600 refill pods (2pack),ske 600 pro prefilled replacement pods,https://vapeonlinestore.co.uk/products/ske-600-pro-pre-filled-pods,0.65,low,https://www.ninja-vapes.co.uk/product/refill-pods-for-cp-pro-cp600
ninja-vapes.co.uk,cp pro cp600 puffs prefilled pod kit,ske crystal pro 600 puffs 20mg reusable vape pod kit,https://vapeonlinestore.co.uk/products/ske-crystal-pro-600,0.65,low,https://www.ninja-vapes.co.uk/product/cp-pro-cp600-puffs-prefilled-pod-kit
ninja-vapes.co.uk,titan pro 15k puffs prefilled pod kit,big bar 15k pro prefilled pod kit,https://vapeonlinestore.co.uk/products/big-bar-15k-pod-kit,0.65,low,https://www.ninja-vapes.co.uk/product/titan-pro-15k-starter-kit
ninja-vapes.co.uk,vape bar diamond 3000 refill pods,vape bars diamond 3000 refill replacement pods,https://vapeonlinestore.co.uk/products/vape-bars-diamond-pods,0.65,low,https://www.ninja-vapes.co.uk/product/vapes-bar-diamond-3000-refill-pods
ninja-vapes.co.uk,vape bar diamond 6000 refill pods,vapes bar diamond 6000 refill replacement pods,https://vapeonlinestore.co.uk/products/vapes-bar-diamond-6000-pods,0.65,low,https://www.ninja-vapes.co.uk/product/vapes-bar-diamond-6000-refill-pods
ninja-vapes.co.uk,insta o pro 10k refill pods,insta o pro 10k replacement pods,https://vapeonlinestore.co.uk/products/insta-o-pro-10k-pods,0.65,low,https://www.ninja-vapes.co.uk/product/insta-o-pro-10k-prefilled-refill-pods
ninja-vapes.co.uk,insta o pro 10k puffs prefilled pod kit,insta o pro 10k puffs pod vape kit,https://vapeonlinestore.co.uk/products/insta-o-pro-10k,0.65,low,https://www.ninja-vapes.co.uk/product/insta-o-pro-prefilled-pod-kit
ninja-vapes.co.uk,doozys big drip 100ml e-liquid,big drip shortfill 100ml e-liquid,https://vapeonlinestore.co.uk/products/big-drip-shortfill-100ml-e-liquid,0.65,low,https://www.ninja-vapes.co.uk/product/doozy-big-drip-e-liquid
ninja-vapes.co.uk,Riot Connex 1200 Puffs Pod Kit,riot connex 1200 puffs pod kit,https://vapeonlinestore.co.uk/products/riot-connex-1200-puffs-pod-kit,0.65,low,https://www.ninja-vapes.co.uk/product/box-of-10-riot-connex-1200-kit
ninja-vapes.co.uk,smok tfv18 tank,smok tfv18 mini sub-ohm tank,https://vapeonlinestore.co.uk/products/tfv18-mini-sub-ohm-tank-by-smok,0.64,low,https://www.ninja-vapes.co.uk/product/smok-tfv18-tank
ninja-vapes.co.uk,"innokin prism s, endura t20s, ez watt coils",innokin prism s t20s coils pack of 5,https://vapeonlinestore.co.uk/products/prism-s-t20s-coils-5-pack-by-innokin,0.64,low,https://www.ninja-vapes.co.uk/product/innokin-prism-s-endura-t20s-ez-watt-coils
ninja-vapes.co.uk,jnp bar salt 6000 nic salts 10ml 25+ flavours,jnp bar salts 6000+ 10ml e-liquid 25+ juice n power flavours,https://vapeonlinestore.co.uk/products/jnp-bar-salt-6000-nic-salts,0.61,low,https://www.ninja-vapes.co.uk/product/jnp-bar-salt-nic-salt-10ml
ninja-vapes.co.uk,gold bar reload 600 puffs prefilled pod kit,gold bar reload prefilled pod kit 20mg,https://vapeonlinestore.co.uk/products/gold-bar-600-puffs-prefilled-pod-kit,0.6,low,https://www.ninja-vapes.co.uk/product/gold-bar-reload-pod-kit
ninja-vapes.co.uk,avomi cliq 6k puffs prefilled pods,avomi cliq prefilled replacement pods,https://vapeonlinestore.co.uk/products/avomi-cliq-prefilled-pods,0.6,low,https://www.ninja-vapes.co.uk/product/avomi-cliq-prefilled-pods
ninja-vapes.co.uk,Ivg Savr 3000 Prefilled Pods,ivg savr prefilled pods pack of 1,https://vapeonlinestore.co.uk/products/ivg-savr-prefilled-pods,0.6,low,https://www.ninja-vapes.co.uk/product/ivg-savr-prefilled-pods
ninja-vapes.co.uk,relx 12k ultra pod kit,relx ultra prefilled pod kit,https://vapeonlinestore.co.uk/products/relx-ultra-prefilled-pod-kit,0.6,low,https://www.ninja-vapes.co.uk/product/relx-12k-ultra
ninja-vapes.co.uk,crystal prime 10000 puffs prefilled pod kit,crystal prime 10000 puffs vape kit aura bar vape,https://vapeonlinestore.co.uk/products/crystal-prime-10000-aura-bar,0.6,low,https://www.ninja-vapes.co.uk/product/crystal-prime-10000
ninja-vapes.co.uk,relx 12k ultra refill pods,relx ultra refill pods,https://vapeonlinestore.co.uk/products/relx-ultra-pods,0.6,low,https://www.ninja-vapes.co.uk/product/refill-pods-for-relx-12k-ultra
ninja-vapes.co.uk,Kingston 50 50 100Ml,kingston pod juice 100ml 50vg/50pg shortfills,https://vapeonlinestore.co.uk/products/kingston-pod-juice-50vg-50pg,0.6,low,https://www.ninja-vapes.co.uk/product/kingston-blackcurrant-raspberry-lemonade-soda-120ml
ninja-vapes.co.uk,ske 30k prefilled refill pod,ske 30k pro max replacement pods,https://vapeonlinestore.co.uk/products/ske-30k-pro-max-pods,0.6,low,https://www.ninja-vapes.co.uk/product/refill-pod-for-ske-30k
ninja-vapes.co.uk,hayati finebar 1000 puffs prefilled pod kit,Hayati Finebar Prefilled Pods Kit,https://vapeonlinestore.co.uk/products/hayati-finebar-pod-kit,0.6,low,https://www.ninja-vapes.co.uk/product/hayati-finebar-prefilled-pod-kit
ninja-vapes.co.uk,pyne pod click s 30k kit + 30k pod (60k+ puffs) bundle offer,pyne pod click s 30k pod kit,https://vapeonlinestore.co.uk/products/pyne-pod-click-s-30k-puffs-prefilled-pod-kit,0.6,low,https://www.ninja-vapes.co.uk/product/pyne-pod-click-s-30000-bundle-offer
ninja-vapes.co.uk,randm fumot t7000 kit + 7k pod (14k+ puffs) bundle offer,randm fumot t7000 puffs prefilled pod kit,https://vapeonlinestore.co.uk/products/randm-fumot-t7000,0.6,low,https://www.ninja-vapes.co.uk/product/randm-fumot-t7k-bundle-offer
ninja-vapes.co.uk,tick tock magic 8000 puffs kit + 8k pod (16k+ puffs) bundle offer,tick tock magic 8000 prefilled pod kit,https://vapeonlinestore.co.uk/products/tick-tock-magic-8000,0.6,low,https://www.ninja-vapes.co.uk/product/tick-tock-magic-8000-bundle-offer
ninja-vapes.co.uk,aspire pockex vape kit,aspire aio pockex pen kit,https://vapeonlinestore.co.uk/products/aio-pockex-aspire-pen-kit,0.6,low,https://www.ninja-vapes.co.uk/product/aspire-pockex-vape-kit
ninja-vapes.co.uk,elf bar elfx mini pod kit,buy elf bar elfx mini refillable pod kit save today,https://vapeonlinestore.co.uk/products/elfbar-elfx-mini,0.6,low,https://www.ninja-vapes.co.uk/product/elf-bar-elfx-mini-pod-kit
ninja-vapes.co.uk,aspire loomix replacement pods (2pack) shop now,aspire loomix replacement pods,https://vapeonlinestore.co.uk/products/aspire-loomix-pods,0.6,low,https://www.ninja-vapes.co.uk/product/aspire-loomix-replacement-pods
ninja-vapes.co.uk,Doozy Salts 10Ml,seriously bar salts 10ml juice,https://vapeonlinestore.co.uk/products/seriously-bar-salts-10ml-juice,0.6,low,https://www.ninja-vapes.co.uk/product/doozy-salts-vimto-crush-10ml
ninja-vapes.co.uk,freemax max pod kit,freemax maxus max pro kit,https://vapeonlinestore.co.uk/products/freemax-maxus-max-pro-kit,0.6,low,https://www.ninja-vapes.co.uk/product/freemax-max-pod-kit
ninja-vapes.co.uk,geek vape p coils,geekvape p series replacement coils,https://vapeonlinestore.co.uk/products/geekvape-p-series-coils-pack-of-5,0.6,low,https://www.ninja-vapes.co.uk/product/geek-vape-p-coils
ninja-vapes.co.uk,geek vape g coil,Geekvape Replacement G Coils Vape,https://vapeonlinestore.co.uk/products/replacement-g-coils-by-geek-vape,0.6,low,https://www.ninja-vapes.co.uk/product/geek-vape-g-coil
ninja-vapes.co.uk,smok scar replacement pods,Refill Pods,https://vapeonlinestore.co.uk/products/smok-tech247-replacement-pods,0.6,low,https://www.ninja-vapes.co.uk/product/smok-scar-replacement-pods
ninja-vapes.co.uk,smok alike rpm nord replacement pod,Smok Nord Refill Pods,https://vapeonlinestore.co.uk/products/refillable-pod-for-smok-nord,0.6,low,https://www.ninja-vapes.co.uk/product/smok-alike-rpm-nord-2ml-55ml-replacement-pod
ninja-vapes.co.uk,voopoo argus top fill cartridge/pods (pack of 3),voopoo argus replacement pods,https://vapeonlinestore.co.uk/products/argus-replacement-pods-by-voopoo,0.6,low,https://www.ninja-vapes.co.uk/product/voopoo-argus-topfill
ninja-vapes.co.uk,innokin z replacement coils (5pack),innokin zenith z replacement coils price,https://vapeonlinestore.co.uk/products/innokin-zenith-replacement-coils,0.6,low,https://www.ninja-vapes.co.uk/product/innokin-zenith-z-coils-5-pack
ninja-vapes.co.uk,ultimate puff villains the big bossman 100ml,ultimate e-liquid villains 100ml shortfill,https://vapeonlinestore.co.uk/products/ultimate-e-liquid-villains-100ml,0.6,low,https://www.ninja-vapes.co.uk/product/ultimate-puff-villains-the-big-bossman-100ml
ninja-vapes.co.uk,Oxva Xlim V2 Refill Pods,oxva xlim v2 pods – leak-resistant side-fill,https://vapeonlinestore.co.uk/products/oxva-xlim-v2-replacement-pods,0.6,low,https://www.ninja-vapes.co.uk/product/oxva-xlim-v2-replacement-pods
ninja-vapes.co.uk,box of 5 / box of 10 feoba pro 6k prefilled refill pods,feoba pro prefilled replacement pods,https://vapeonlinestore.co.uk/products/feoba-pro-refillable-replacement-pods,0.6,low,https://www.ninja-vapes.co.uk/product/box-of-10-feoba-pro-6k-prefilled-refill-pods
ninja-vapes.co.uk,vaporesso orca tank coils - 5 pack,Vaporesso Orca Solo Plus Coils,https://vapeonlinestore.co.uk/products/orca-tank-coils-5-pack-by-vaporesso,0.6,low,https://www.ninja-vapes.co.uk/product/vaporesso-orca-tank-coils-5-pack
ninja-vapes.co.uk,smok stick g15 pod kit,smok stick g15 vape kit stylish & easy to use,https://vapeonlinestore.co.uk/products/smok-stick-g15-vape-kit,0.6,low,https://www.ninja-vapes.co.uk/product/smok-stick-g15-pod-kit
ninja-vapes.co.uk,innokin s coil replacement coils,innokin prism s replacement coils pack of 5,https://vapeonlinestore.co.uk/products/innokin-prism-s-replacement-coils,0.6,low,https://www.ninja-vapes.co.uk/product/innokin-s-coil-replacement-coils
ninja-vapes.co.uk,geek vape g series replacement coils,Geekvape Replacement G Coils Vape,https://vapeonlinestore.co.uk/products/replacement-g-coils-by-geek-vape,0.6,low,https://www.ninja-vapes.co.uk/product/geek-vape-g-series-replacement-coils
