competitor,product,brand,type,in_stock_flavours,flavours_in_stock,other_variants_in_stock,price_from,listings,example_listing,competitor_url,more_urls,closest_vos_product,closest_vos_score
ninja-vapes.co.uk,Obs Cube Mini 3Ml Replacement Bulb,?,accessory,0,,colour: glass,2.49,1,OBS Cube Mini 3ml Replacement Bulb Glass,https://www.ninja-vapes.co.uk/product/obs-cube-mini-3ml-replacement-bulb-glass-24567,,Smok Tfv Mini V2,0.1
ninja-vapes.co.uk,Wismec Gnome King 2Ml Replacement Bulb,?,accessory,0,,colour: glass,2.99,1,Wismec Gnome King 2ml Replacement Bulb Glass,https://www.ninja-vapes.co.uk/product/wismec-gnome-king-2ml-replacement-bulb-glass,,Aspire Nautilus 3 Replacement Bulb Bubble,0.09
ninja-vapes.co.uk,vape charger usb type-c charging port,?,accessory,0,,,2.98,1,Vape Charger USB Type-C Charging Port,https://www.ninja-vapes.co.uk/product/vape-charger-usb-c,,vape usb c-type charging cable vape charger cables,0.51
ninja-vapes.co.uk,Aspire Cleito 120 5Ml Replacement Bulb,aspire,accessory,0,,colour: glass,2.49,1,Aspire Cleito 120 5ml Replacement Bulb Glass,https://www.ninja-vapes.co.uk/product/aspire-cleito-120-5ml-replacement-bulb-glass,,Aspire Nautilus 3 Replacement Bulb Bubble,0.1
ninja-vapes.co.uk,Aspire Cleito 5Ml Replacement Bulb,aspire,accessory,0,,colour: glass,2.49,1,Aspire Cleito 5ml Replacement Bulb Glass,https://www.ninja-vapes.co.uk/product/aspire-cleito-5ml-replacement-bulb-glass,,Aspire Nautilus 3 Replacement Bulb Bubble,0.12
ninja-vapes.co.uk,cotton candy ice nic salt e-liquid by drifter,drifter,accessory,0,,"strength: 10mg, 20mg",3.95,1,Cotton Candy Ice Nic Salt E-Liquid by Drifter,https://www.ninja-vapes.co.uk/product/cotton-candy-ice-nic-salt-drifter,,,
ninja-vapes.co.uk,Freemax Fireluke Mesh Pro 6Ml Replacement Bulb,freemax,accessory,0,,colour: glass,5.99,1,Freemax Fireluke Mesh Pro 6ml Replacement Bulb Glass (2PACK),https://www.ninja-vapes.co.uk/product/freemax-fireluke-mesh-pro-6ml-replacement-bulb-glass,,Freemax M Pro 3 Replacement,0.15
ninja-vapes.co.uk,Freemax Twister Fireluke 2 Tank 4Ml Replacement Bulb,freemax,accessory,0,,colour: glass,2.99,2,Freemax Twister (Fireluke 2 Tank) 4ml Replacement Bulb Glass,https://www.ninja-vapes.co.uk/product/freemax-twister-fireluke-2-tank-4ml-replacement-bulb-glass,https://www.ninja-vapes.co.uk/product/freemax-twister-fireluke-2-tank-4ml-replacement-bulb-glass,Freemax Fireluke 2 Bubble,0.51
ninja-vapes.co.uk,freemax fireluke mesh tank replacement bulb glass 4ml,freemax,accessory,0,,,3.49,1,Freemax Fireluke Mesh Tank Replacement Bulb Glass 4ml,https://www.ninja-vapes.co.uk/product/freemax-fireluke-mesh-tank-replacement-bulb-glass-4ml,,Freemax Fireluke 2 Bubble,0.12
ninja-vapes.co.uk,Geekvape Aegis Mini Cerberus 5Ml Replacement Bulb,geekvape,accessory,0,,colour: glass,2.99,1,Geek Vape Aegis Mini Cerberus 5ml Replacement Bulb Glass,https://www.ninja-vapes.co.uk/product/geek-vape-aegis-mini-cerberus-5ml-replacement-bulb-glass,,replacement glass for cerberus tank by geekvape,0.32
ninja-vapes.co.uk,Geekvape Aero Aero Mesh 5Ml Bulb Replacement,geekvape,accessory,0,,colour: glass,2.99,1,Geek Vape Aero - Aero Mesh 5ml Bulb Replacement Glass,https://www.ninja-vapes.co.uk/product/geek-vape-aero-aero-mesh-5ml-bulb-replacement-glass,,Geekvape Zeus Nano Bulb,0.35
ninja-vapes.co.uk,Geekvape Zeus X Rta Zeus Sub Ohm Replacement Bulb,geekvape,accessory,0,,colour: glass,2.99,1,Geekvape Zeus X RTA / Zeus Sub Ohm Replacement bulb Glass,https://www.ninja-vapes.co.uk/product/geekvape-zeus-x-rta-zeus-sub-ohm-replacement-bulb-glass-1,,Geekvape Zeus Nano Bulb,0.47
ninja-vapes.co.uk,aegis boost plus & pro 510 adapter,geekvape,accessory,0,,,5.99,1,Aegis Boost Plus & Pro 510 Adapter,https://www.ninja-vapes.co.uk/product/aegis-boost-plus-and-pro-510-adapter,,,
ninja-vapes.co.uk,Horizon Falcon Mini 5Ml Replacement Bulb,horizon tech,accessory,0,,colour: glass,3.25,1,Horizon Falcon Mini 5ml Replacement Bulb Glass,https://www.ninja-vapes.co.uk/product/horizon-falcon-mini-5ml-replacement-bulb-glass,,Horizontech Falcon 2 Eu,0.12
ninja-vapes.co.uk,Horizontech Falcon 2 5.2Ml Replacment Bulb,horizon tech,accessory,0,,colour: glass,2.99,1,HorizonTech Falcon 2 5.2ml Replacment Bulb Glass,https://www.ninja-vapes.co.uk/product/horizontech-falcon-2-52ml-replacment-bulb-glass,,Horizontech Falcon 2 Eu,0.47
ninja-vapes.co.uk,Ijoy Avenger 8Ml Replacement Bulb,ijoy,accessory,0,,colour: glass,2.99,1,Ijoy Avenger 8ml Replacement Bulb Glass,https://www.ninja-vapes.co.uk/product/ijoy-avenger-8ml-replacement-bulb-glass,,,
ninja-vapes.co.uk,Ijoy Diamond Tank 5.5Ml Replacement Bulb,ijoy,accessory,0,,colour: glass,3.49,1,IJoy Diamond Tank 5.5ml Replacement Bulb Glass,https://www.ninja-vapes.co.uk/product/ijoy-diamond-tank-55ml-replacement-bulb-glass,,,
ninja-vapes.co.uk,nitecore q6 quick charger,nitecore,accessory,0,,,24.99,1,Nitecore Q6 Quick Charger,https://www.ninja-vapes.co.uk/product/nitecore-q6-quick-charger,,,
ninja-vapes.co.uk,candy floss 100ml shortfill e-liquid by the old sweet shop,old sweet shop,accessory,0,,,8.99,1,Candy Floss 100ml Shortfill E-Liquid by The Old Sweet Shop,https://www.ninja-vapes.co.uk/product/candy-floss-shortfill-the-old-sweet-shop,,,
ninja-vapes.co.uk,Smok Resa Prince 7.5Ml Replacement Bulb,smok,accessory,0,,colour: glass,2.99,1,Smok Resa Prince 7.5ml Replacement Bulb Glass,https://www.ninja-vapes.co.uk/product/smok-resa-prince-75ml-replacement-bulb-glass-24569,,,
ninja-vapes.co.uk,Smok Tfv12 Prince 5Ml Replacement Bulb,smok,accessory,0,,colour: glass,3.25,2,SMOK TFV12 Prince 5ml Replacement Bulb Glass,https://www.ninja-vapes.co.uk/product/smok-tfv12-prince-5ml-replacement-bulb-glass,https://www.ninja-vapes.co.uk/product/smok-tfv12-prince-8ml-replacement-bulb-glass,smok tfv9 adaptor,0.1
ninja-vapes.co.uk,Smok Tfv16 9Ml Replacement Bulb,smok,accessory,0,,colour: glass,2.49,1,Smok TFV16 9ml Replacement Bulb Glass,https://www.ninja-vapes.co.uk/product/smok-tfv16-9ml-replacement-bulb-glass,,smok tfv9 adaptor,0.12
ninja-vapes.co.uk,Smok Vape Pen 22 3.5Ml Replacement Bulb,smok,accessory,0,,colour: glass,3.49,1,Smok Vape Pen 22 3.5ml Replacement Bulb Glass,https://www.ninja-vapes.co.uk/product/smok-vape-pen-22-35ml-replacement-bulb-glass,,Buy Smok Vape Pen 22 Replacement,0.51
ninja-vapes.co.uk,Uwell Crown 3 Mini 4.5Ml Replacement Bulb,uwell,accessory,0,,colour: glass,3.49,1,Uwell Crown 3 Mini 4.5ml Replacement Bulb Glass,https://www.ninja-vapes.co.uk/product/uwell-crown-3-mini-45ml-replacement-bulb-glass,,,
ninja-vapes.co.uk,Uwell Crown 4 5Ml Replacement Bulb,uwell,accessory,0,,colour: glass,2.99,1,Uwell Crown IV 5ml Replacement Bulb Glass,https://www.ninja-vapes.co.uk/product/uwell-crown-4-5ml-replacement-bulb-glass,,,
ninja-vapes.co.uk,Uwell Crown 5 5Ml Replacement Bulb,uwell,accessory,0,,colour: glass,2.49,1,Uwell Crown 5 5ml Replacement Bulb Glass,https://www.ninja-vapes.co.uk/product/uwell-crown-5-5ml-replacement-bulb-glass,,,
ninja-vapes.co.uk,Uwell Nunchaku 2.5Ml Replacement Bulb,uwell,accessory,0,,colour: glass,2.49,1,Uwell Nunchaku 2.5ml Replacement Bulb Glass,https://www.ninja-vapes.co.uk/product/uwell-nunchaku-2-5ml-replacement-bulb-glass,,,
ninja-vapes.co.uk,Uwell Nunchaku Tank 5Ml Replacement Bulb,uwell,accessory,0,,colour: glass,3.49,1,Uwell Nunchaku Tank 5ml Replacement Bulb Glass,https://www.ninja-vapes.co.uk/product/uwell-nunchaku-tank-5ml-replacement-bulb-glass,,,
ninja-vapes.co.uk,Uwell Valyrian 2 6Ml Bubble Glass And Extension Chimney,uwell,accessory,0,,,2.99,2,Uwell Valyrian 2 6ml Bubble Glass & Extension Chimney,https://www.ninja-vapes.co.uk/product/uwell-valyrian-2-6ml-bubble-glass-and-extension-chimney-24581,https://www.ninja-vapes.co.uk/product/uwell-valyrian-2-6ml-bubble-glass-and-extension-chimney,,
ninja-vapes.co.uk,Uwell Valyrian 8Ml Replacement Bulb,uwell,accessory,0,,colour: glass,3.49,1,Uwell Valyrian 8ml Replacement Bulb Glass,https://www.ninja-vapes.co.uk/product/uwell-valyrian-8ml-replacement-bulb-glass,,,
ninja-vapes.co.uk,Uwell Whirl 22 Kit 3.5Ml Replacement Bulb,uwell,accessory,0,,colour: glass,2.49,1,Uwell Whirl 22 Kit 3.5ml Replacement Bulb Glass,https://www.ninja-vapes.co.uk/product/uwell-whirl-22-kit-35ml-replacement-bulb-glass,,,
ninja-vapes.co.uk,Awt 18650 3000Mah 20A 40A Battery,?,battery,0,,,7.99,2,AWT 18650 3000MAH 20A/40A Battery (2PACK),https://www.ninja-vapes.co.uk/product/2-x-awt-18650-3000mah-20a-40a-battery,https://www.ninja-vapes.co.uk/product/1-awt-18650-3000mah-20a-40a-battery,golisi s30 18650 - 3000mah battery,0.2
ninja-vapes.co.uk,awt 18650 2400mah battery (2pack),?,battery,0,,,6.99,1,AWT 18650 2400mAh Battery (2PACK) | Only £6.99,https://www.ninja-vapes.co.uk/product/2-x-awt-18650-2400mah-40a-37v,,aspire inr 18650 - 2600mah battery,0.4
ninja-vapes.co.uk,awt 18650 2900mah 3.7v battery,?,battery,0,,,5.99,1,AWT 18650 2900mAh 3.7V Battery | Only £5.99,https://www.ninja-vapes.co.uk/product/awt-18650-2900mah,,awt 18650 2400mah 40a 3.7v battery,0.2
ninja-vapes.co.uk,awt 20700 4200mah li-m battery,?,battery,0,,,9.99,1,AWT 20700 4200mAh Li-M Battery | Only £9.99,https://www.ninja-vapes.co.uk/product/awt-battery-20700-4200mah,,awt 20700 4200ah 40a li-mn battery,0.15
ninja-vapes.co.uk,awt battery 21700 (2pack),?,battery,0,,,9.99,1,AWT Battery 21700 (2PACK) | Only £9.99,https://www.ninja-vapes.co.uk/product/awt-battery-21700-4800mah,,awt battery 21700 4800 mah pack of 2,0.4
ninja-vapes.co.uk,Efest Imr 18650 Reusable Battery 3000Mah 35A,efest,battery,0,,,7.99,2,EFEST IMR 18650 Rechargeable Battery (2PACK) (3000MAH 35A),https://www.ninja-vapes.co.uk/product/2-x-efest-imr-18650-rechargeable-battery-3000mah-35a,https://www.ninja-vapes.co.uk/product/1-x-efest-imr-18650-rechargeable-battery-3000mah-35a,,
ninja-vapes.co.uk,smoant pasito replacement coils,?,coil,0,,"resistance: 0.6ohm, 1.4ohm",4.99,1,Smoant Pasito Replacement Coils,https://www.ninja-vapes.co.uk/product/smoant-pasito-replacment-coils,,,
ninja-vapes.co.uk,wismec wm series coils,?,coil,0,,"resistance: 0.15ohm, 0.2ohm, 0.4ohm",14.99,1,Wismec WM Series Coils,https://www.ninja-vapes.co.uk/product/wismec-wm-series-coils,,S Series Coils By Geekvape,0.2
ninja-vapes.co.uk,aspire af replacement coils pack of 5,aspire,coil,0,,"resistance: 0.6ohm, 1.0ohm",10.99,1,Aspire AF Replacement Coils Pack of 5,https://www.ninja-vapes.co.uk/product/aspire-af-replacement-coils-5-pack,,,
ninja-vapes.co.uk,aspire atlantis se replacement coils,aspire,coil,0,,"resistance: 0.18ohm, 0.35ohm, 0.3ohm",12.95,1,Aspire Atlantis SE Replacement Coils,https://www.ninja-vapes.co.uk/product/aspire-atlantis-se-replacement-coils,,aspire atlantis evo coils pack of 5,0.4
ninja-vapes.co.uk,aspire multi-compatible bvc coils 5 pack,aspire,coil,0,,"resistance: 1.6ohm, 1.8ohm",8.99,1,Aspire Multi-Compatible BVC Coils 5 Pack,https://www.ninja-vapes.co.uk/product/aspire-multicompatible-bvc-coils-5-pack,,aspire nautilus bvc replacement coils pack of 5,0.35
ninja-vapes.co.uk,freemax fireluke 22 replacement coils,freemax,coil,0,,"resistance: dtl 0.5ohm, mtl 1.0ohm, mtl 1.5ohm",8.99,1,Freemax Fireluke 22 Replacement Coils,https://www.ninja-vapes.co.uk/product/freemax-fireluke-22-replacement-coils,,freemax fireluke solo replacement coils pack of 5,0.2
ninja-vapes.co.uk,freemax fireluke m twister coils,freemax,coil,0,,"resistance: x1 0.15ohm, x2 0.2ohm, x3 0.15ohm",12.99,1,FreeMax Fireluke M Twister Coils,https://www.ninja-vapes.co.uk/product/freemax-fireluke-m-twister-coils,,freemax twister coils cheap pack of 5,0.3
ninja-vapes.co.uk,freemax maxpod kit replacement coils,freemax,coil,0,,"resistance: ns 1.0ohm, ns 1.5ohm",11.99,1,FreeMax Maxpod Kit Replacement Coils,https://www.ninja-vapes.co.uk/product/freemax-maxpod-kit-replacement-coils,,,
ninja-vapes.co.uk,geek vape z series replacement coils,geekvape,coil,0,,"resistance: z 0.15ohm, z 0.25ohm, z 0.2ohm, z 0.4ohm",10.99,1,Geek Vape Z Series Replacement Coils,https://www.ninja-vapes.co.uk/product/geek-vape-z-series-replacement-coils,,S Series Coils By Geekvape,0.45
ninja-vapes.co.uk,ijoy avenger x3 mesh coil,ijoy,coil,0,,resistance: 0.15ohm,9.49,1,IJoy Avenger X3 Mesh Coil,https://www.ninja-vapes.co.uk/product/ijoy-avenger-x3-mesh-coil,,,
ninja-vapes.co.uk,ijoy captain coils,ijoy,coil,0,,"resistance: 0.15ohm, 0.25ohm",9.19,1,IJoy Captain Coils,https://www.ninja-vapes.co.uk/product/ijoy-captain-coils,,,
ninja-vapes.co.uk,innokin m18 replacement coils,innokin,coil,0,,resistance: 1.6ohm,8.99,1,Innokin M18 Replacement Coils,https://www.ninja-vapes.co.uk/product/innokin-m18-replacement-coils,,Innokin Endura T18 Coils,0.3
ninja-vapes.co.uk,innokin prism t18e & t22e coils,innokin,coil,0,,resistance: 1.5ohm,5.99,1,Innokin Prism T18E & T22E Coils,https://www.ninja-vapes.co.uk/product/innokin-t18e-t22e-coils,,innokin endura t18e / t22e pro 1.7 ohm replacement coils,0.4
ninja-vapes.co.uk,innokin prism t18e coils (pack of 5),innokin,coil,0,,resistance: 1.5ohm,5.99,1,INNOKIN Prism T18E Coils (PACK OF 5),https://www.ninja-vapes.co.uk/product/innokin-endura-t18e-coils,,Innokin Endura T18 Coils,0.4
ninja-vapes.co.uk,innokin scion 2 plexus coils,innokin,coil,0,,"resistance: 0.15ohm, 0.36ohm quad",7.99,1,Innokin Scion 2 Plexus Coils,https://www.ninja-vapes.co.uk/product/innokin-scion-2-plexus-coils,,innokin scion plexus coils 3 pack,0.4
ninja-vapes.co.uk,innokin sensis (s) coils,innokin,coil,0,,resistance: 0.25ohm,6.49,1,Innokin Sensis (S) Coils,https://www.ninja-vapes.co.uk/product/innokin-sensis-s-coils,,,
ninja-vapes.co.uk,innokin zenith coils,innokin,coil,0,,"resistance: 0.5ohm, 0.8ohm, 1.6ohm",7.49,1,Innokin Zenith Coils,https://www.ninja-vapes.co.uk/product/innokin-zenith-coils,,innokin zenith z replacement coils price,0.45
ninja-vapes.co.uk,Oxva Unicoils Coils,oxva,coil,0,,"resistance: 0.2ohm, 1.0ohm, 1.5ohm",10.49,2,OXVA Unicoil Replacement Coils,https://www.ninja-vapes.co.uk/product/oxva-unicoil-replacement-coils,https://www.ninja-vapes.co.uk/product/unicoils-replacement-coils-oxva,oxva unicoil coils i pack of 5,0.45
ninja-vapes.co.uk,smok baby v2 (mini v2) replacement coils,smok,coil,0,,"resistance: 5ml v2 buln glass, a1 0.17ohm, a2 0.2ohm, a3 0.15ohm, k1 0.2ohm quadruple, k4 0.15ohm octuple, s1 0.15ohm single, s2 0.15ohm quadruple",2.49,1,SMOK Baby V2 (Mini V2) Replacement Coils,https://www.ninja-vapes.co.uk/product/smok-tfv8-baby-v2-coils-a1-a2-smok-species-kit,,smok tfv-mini v2 replacement coils [pack of 3],0.57
ninja-vapes.co.uk,smok m series replacement coils,smok,coil,0,,"resistance: 0.4ohm, 0.6ohm, 0.8ohm",11.95,1,SMOK M Series Replacement Coils,https://www.ninja-vapes.co.uk/product/smok-m-series-replacement-coils,,smok d- coil series replacement coils pack of 5,0.45
ninja-vapes.co.uk,smok nfix 2ml 3ml replacement pods with coil,smok,coil,0,,,8.99,1,Smok Nfix 2ml 3ml Replacement Pods with Coil,https://www.ninja-vapes.co.uk/product/smok-nfix-2ml-3ml-replacement-pods-with-coil,,,
ninja-vapes.co.uk,smok novo 2 pods replacement coils cartridge pack of 3,smok,coil,0,,"resistance: 1.0ohm, 1.4ohm mtl",7.95,1,Smok NOVO 2 Pods Replacement Coils Cartridge Pack of 3,https://www.ninja-vapes.co.uk/product/smok-novo-2-pods-replacement-coils-cartridge-pack-of-3-14-mtl-mesh-10,,smok bm2 coils pack of 5,0.4
ninja-vapes.co.uk,smok tf series replacement coils,smok,coil,0,,"resistance: 0.15ohm tf tank stick 3, 0.25ohm tf tank bf 3",7.99,1,Smok TF Series Replacement Coils,https://www.ninja-vapes.co.uk/product/smok-tf-coils,,smok tf tank bf-mesh replacement 0.25ohm coils pack of 3,0.35
ninja-vapes.co.uk,smok tfv9 (v9 series) replacement coils,smok,coil,0,,resistance: meshed 0.15ohm,12.99,1,SMOK TFV9 (V9 Series) Replacement Coils,https://www.ninja-vapes.co.uk/product/smok-tfv9-replacement-coils,,tfv9 replacement coils - 5 pack by smok,0.4
ninja-vapes.co.uk,smok v18 mini replacement coils,smok,coil,0,,"resistance: 0.15ohm dual meshed 3, 0.2ohm meshed 3, 0.33ohm meshed 3",10.99,1,Smok V18 Mini Replacement Coils,https://www.ninja-vapes.co.uk/product/smok-v18-mini-coils,,smok tfv18 mini replacement coils,0.4
ninja-vapes.co.uk,smok v8 baby m2 eu coils,smok,coil,0,,resistance: 0.25ohm,7.99,1,Smok V8 Baby M2 EU Coils,https://www.ninja-vapes.co.uk/product/smok-v8-baby-m2-eu-coils,,smok tfv8 baby-q2 replacement coils pack of 5,0.36
ninja-vapes.co.uk,smok x-force coil,smok,coil,0,,resistance: 0.6ohm,8.99,1,Smok X-Force Coil,https://www.ninja-vapes.co.uk/product/smok-xforce-coil,,,
ninja-vapes.co.uk,snowwolf wf 0.2 ohm coils,snowwolf,coil,0,,resistance: 0.2ohm,11.99,1,Snowwolf WF 0.2 Ohm Coils,https://www.ninja-vapes.co.uk/product/snowwolf-wf-02-ohm-coils,,,
ninja-vapes.co.uk,snowwolf wf mini ohm coils,snowwolf,coil,0,,resistance: 0.28ohm,11.99,1,Snowwolf WF Mini 0.28 Ohm Coils,https://www.ninja-vapes.co.uk/product/snowwolf-wf-mini-028-ohm-coils,,,
ninja-vapes.co.uk,snowwolf x series mesh coil,snowwolf,coil,0,,resistance: wf x1 0.17ohm,11.99,1,Snowwolf X Series Mesh Coil,https://www.ninja-vapes.co.uk/product/snowwolf-x-series-mesh-coil,,,
ninja-vapes.co.uk,uwell aeglos pod replacement coil,uwell,coil,0,,"resistance: 0.23ohm dtl un2 meshed h, 0.8ohm mtl",9.99,1,Uwell Aeglos Pod Replacement Coil,https://www.ninja-vapes.co.uk/product/uwell-aeglos-pod-replacement-coil,,,
ninja-vapes.co.uk,uwell caliburn g replacement coils,uwell,coil,0,,"resistance: 0.8ohm, 1.0ohm",9.99,1,Uwell Caliburn G Replacement Coils,https://www.ninja-vapes.co.uk/product/uwell-caliburn-g-replacement-coils,,caliburn g & g2 replacement coils by uwell pack of 4,0.3
ninja-vapes.co.uk,uwell crown m replacement coils,uwell,coil,0,,resistance: 0.6ohm,11.95,1,Uwell Crown M Replacement Coils,https://www.ninja-vapes.co.uk/product/uwell-crown-m-replacement-coils,,uwell crown 3 coil [pack of 4],0.3
ninja-vapes.co.uk,uwell crown x replacement coils,uwell,coil,0,,"resistance: 0.3ohm, 0.6ohm",8.95,1,Uwell Crown X Replacement Coils,https://www.ninja-vapes.co.uk/product/uwell-crown-x-replacement-coils,,uwell crown 3 coil [pack of 4],0.3
ninja-vapes.co.uk,vaporesso ccell gd ceramic coils,vaporesso,coil,0,,resistance: 0.5ohm,13.99,1,Vaporesso CCELL GD Ceramic Coils,https://www.ninja-vapes.co.uk/product/vaporesso-ccell-gd-ceramic-coils,,vaporesso euc ceramic coils [ pack of 5 ],0.35
ninja-vapes.co.uk,"voopoo uforce coils for too, mojo, drag 2 & drag 2 mini kits",voopoo,coil,0,,"resistance: d4 0.4ohm, n1 0.13ohm, n2 0.3ohm, n3 0.2ohm, u2 0.4ohm, u4 0.23ohm, u6 0.15ohm, u8 0.15ohm",11.99,1,"VooPoo UFORCE Coils For Too, MOJO, Drag 2 & Drag 2 Mini Kits",https://www.ninja-vapes.co.uk/product/voopoo-uforce-coils-for-too-mojo-drag-2-and-drag-2-mini-kits,,voopoo uforce n1 mesh coil,0.09
ninja-vapes.co.uk,Nicotine Shot 10Ml,?,eliquid,0,,,1.0,1,Nic Nic Nicotine Shot 10ml | Only £1,https://www.ninja-vapes.co.uk/product/nic-nic-nicotine-shot,,Nicotine 10Ml Salt 20Mg 50Vg,0.12
ninja-vapes.co.uk,Nicotine Shot 70 30 10Ml E-Liquid,?,eliquid,1,smoknic,,0.59,1,Smoknic Nicotine Shot 70/30 10ml E-liquid,https://www.ninja-vapes.co.uk/product/smoknic-nicotine-shot-70-30-10ml-eliquid,,mr vapour 10ml nic salts 70/30 vape juice,0.4
ninja-vapes.co.uk,mr salt nic salts 10ml,?,eliquid,34,black ice; black jack; blackcurrant ice; blue raspberry lemonade; blue slush bubble; blueberry; blueberry cherry cranberry; blueberry raspberry; caramel tobacco; classic tobacco; cola ice; grape ice; guava ice; gummy bear; lemon lime; mango ice; mango mint; mango strawberry passion fruit ice; menthol; mint; mix berry; mr blue; orange mango guava; peach pear ice; pink lemonade; strawberry; strawberry kiwi; strawberry raspberry apple ice; strawberry raspberry cherry; tutti fruti; vapeberg; vimtto; watermelon chill; watermelon strawberry raspberry,strength: 20mg,2.49,1,Mr Salt Nic Salts 10ml,https://www.ninja-vapes.co.uk/product/mr-salt-nic-salts-10ml,,Mr Salt 10Ml Nic Salt E-Liquid,0.25
ninja-vapes.co.uk,peeky blender 500ml e-liquid juice,?,eliquid,4,bookies; garrison; pastels; shellberg,,19.99,1,Peeky Blender 500ml E-Liquid Juice,https://www.ninja-vapes.co.uk/product/peeky-blenders-500ml-e-liquid,,peeky blender 500ml e-liquid,0.55
ninja-vapes.co.uk,Doozy Tropix Salts 10Ml,doozy vape co,eliquid,2,fiji; hawaii,,2.99,2,Doozy Tropix Salts Hawaii 10ml,https://www.ninja-vapes.co.uk/product/doozy-vape-tropix-salts-hawaii-10ml,https://www.ninja-vapes.co.uk/product/doozy-vape-tropix-salts-fiji-10ml,seriously bar salts 10ml juice,0.35
ninja-vapes.co.uk,Ultimate Puff 50 50 10Ml,ultimate puff,eliquid,20,candy drops grape strawberry; candy drops lemonade cherry; candy drops rainbow; candy drops strawberry melon; candy drops watermelon cherry; chilled blue raspberry; chilled grape; chilled mango; chilled pink raspberry; chilled watermelon apple; sherbet apple mango; sherbet cherry; sherbet lemon; sherbet rainbow; sherbet raspberry; sherbet strawberry laces; soda cherry cola; soda lemon lime cola; soda original cola; soda pineapple crush,"strength: 10mg, 12mg, 20mg, 3mg, 6mg",2.39,20,Ultimate Puff Chilled 50/50 Grape 10ml,https://www.ninja-vapes.co.uk/product/ultimate-puff-chilled-50-50-grape-10ml,https://www.ninja-vapes.co.uk/product/ultimate-puff-sherbet-50-50-strawberry-laces-10ml https://www.ninja-vapes.co.uk/product/ultimate-puff-sherbet-50-50-raspberry-10ml https://www.ninja-vapes.co.uk/product/ultimate-puff-sherbet-50-50-lemon-10ml,,
ninja-vapes.co.uk,Ultimate Puff Classic 50 50 10Ml,ultimate puff,eliquid,3,menthol breeze; smooth virginia; sweet spearmint,"strength: 12mg, 3mg, 6mg",3.25,3,Ultimate Puff Classic 50/50 Smooth Virginia 10ml,https://www.ninja-vapes.co.uk/product/ultimate-puff-classic-50-50-smooth-virginia-10ml,https://www.ninja-vapes.co.uk/product/ultimate-puff-classic-50-50-menthol-breeze-10ml https://www.ninja-vapes.co.uk/product/ultimate-puff-classic-50-50-sweet-spearmint-10ml,,
ninja-vapes.co.uk,Ultimate Salt Cider Autumn 10Ml,ultimate puff,eliquid,1,apple,,3.69,1,Ultimate Salt Cider Autumn Apple 10ml,https://www.ninja-vapes.co.uk/product/ultimate-salt-cider-autumn-apple-10ml,,ultimate slushy salt 10ml nic salt,0.35
ninja-vapes.co.uk,Ultimate Salts Villains 10Ml,ultimate puff,eliquid,3,death wish; madame chaos; toxic mask,,3.69,3,Ultimate Salts Villains Death Wish 10ml,https://www.ninja-vapes.co.uk/product/ultimate-salts-villains-death-wish-10ml,https://www.ninja-vapes.co.uk/product/ultimate-salts-villains-madame-chaos-10ml https://www.ninja-vapes.co.uk/product/ultimate-salts-villains-toxic-mask-10ml,ultimate salts custard 10ml nic salt,0.4
ninja-vapes.co.uk,Ultimate Salts Villains Dread 10Ml,ultimate puff,eliquid,1,doctor,,3.69,1,Ultimate Salts Villains Doctor Dread 10ml,https://www.ninja-vapes.co.uk/product/ultimate-salts-villains-doctor-dread-10ml,,ultimate salts custard 10ml nic salt,0.35
ninja-vapes.co.uk,Ultimate Salts Villains Evil 10Ml,ultimate puff,eliquid,1,queen,,3.69,1,Ultimate Salts Villains Evil Queen 10ml,https://www.ninja-vapes.co.uk/product/ultimate-salts-villains-evil-queen-10ml,,ultimate salts custard 10ml nic salt,0.35
ninja-vapes.co.uk,ultimate salts cookies black forrest 10ml,ultimate puff,eliquid,0,,,3.69,1,Ultimate Salts Cookies Black Forrest 10ml,https://www.ninja-vapes.co.uk/product/ultimate-salts-cookies-black-forrest-10ml,,ultimate salts custard 10ml nic salt,0.32
ninja-vapes.co.uk,10Ml By Ultimate Salts,ultimate salts,eliquid,4,candy drops grape strawberry; candy drops lemon sour apple; candy drops watermelon cherry; villains big bossman,,3.69,4,Villains The Big Bossman 10ml by Ultimate Salts,https://www.ninja-vapes.co.uk/product/ultimate-salts-villains-the-big-bossman-10ml,https://www.ninja-vapes.co.uk/product/ultimate-salts-candy-drops-watermelon-cherry-10ml https://www.ninja-vapes.co.uk/product/ultimate-salts-candy-drops-lemon-and-sour-apple-10ml https://www.ninja-vapes.co.uk/product/ultimate-salts-candy-drops-grape-and-strawberry-10ml,,
ninja-vapes.co.uk,Pod Max 12000 Puffs Refillable Pod Kit Only Device,?,kit,1,crystal,"colour: black, green, pink",12.99,1,Crystal Pod Max 12K Puffs Refillable Pod Kit (Only Device) | Only £12.99 | Free 10ml Nic Salt,https://www.ninja-vapes.co.uk/product/crystal-pod-max-refillable-pod-kit,,relx maxgo 12k puff vape,0.4
ninja-vapes.co.uk,Pod Vape Kit,?,kit,1,smok247,"colour: black, blue gradient, green gradient, gun metal, pink purple, purple blue, red black, silver",10.99,1,Smok Tech247 Pod Vape Kit | £10.99 Only,https://www.ninja-vapes.co.uk/product/smok-tech247-pod-kit,,,
ninja-vapes.co.uk,Pod Vape Kit 2300Mah,?,kit,1,obs alter,"colour: black, blue, original, red, yellow",12.99,1,OBS Alter Pod Vape Kit | 2300mAh | Only £12.99,https://www.ninja-vapes.co.uk/product/obs-alter-pod-kit,,,
ninja-vapes.co.uk,bash echo pro 10000 puffs prefilled pod kit shop now,?,kit,8,fresh mint; juicy peach; lemon lime; pineapple ice; strawberry kiwi; strawberry raspberry ice; tripple mango; watermelon ice,,7.99,1,Bash Echo Pro 10000 Puffs Prefilled Pod Kit | Shop Now,https://www.ninja-vapes.co.uk/product/bash-echo-pro-10000,,Vnsn Quake 10000 Puffs Prefilled Pods Kit,0.4
ninja-vapes.co.uk,firerose slidego 40k kit + 20k pod (60k+ puffs) bundle offer,?,kit,0,,,15.99,1,Firerose Slidego 40K Kit + 20K Pod (60K+ Puffs) | Bundle Offer | Only £15.99,https://www.ninja-vapes.co.uk/product/firerose-slidego-40000-bundle-offer,,firerose slidego 40k puffs prefilled pod kit,0.45
ninja-vapes.co.uk,solobar 30k puffs prefilled pod kit,?,kit,4,mixed; purple; red; yellow,,9.99,1,Solobar 30K Puffs Prefilled Pod Kit | Only £9.99 | Any 3 for £27,https://www.ninja-vapes.co.uk/product/solobar-30k-puffs-prefilled-pod-kit,,luv me 30k puff prefilled pod vape kit,0.55
ninja-vapes.co.uk,vampire 10k puffs prefilled pod kit,?,kit,4,red raspberry blast; strawberry ice; sweet sour cherry; watermelon ice,,8.99,1,Vampire 10K Puffs Prefilled Pod Kit | Only £8.99 | Any 3 for £24,https://www.ninja-vapes.co.uk/product/vampire-vape-10k,,double drip 10k prefilled pod kit,0.55
ninja-vapes.co.uk,aspire gotek x ii (2) pod kit,aspire,kit,0,,"colour: black, cyan, gold, gunmetal, pastel blue, pine green, pink, red, silver",12.99,1,Aspire Gotek X II (2) Pod Kit | Only £12.99,https://www.ninja-vapes.co.uk/product/aspire-gotek-x-ii-pod-kit,,aspire minican 2 pod kit,0.4
ninja-vapes.co.uk,aspire loomix pod kit,aspire,kit,0,,"colour: gunmetal, midnight black, pearl white, purple gold",14.99,1,Aspire Loomix Pod Kit | Only £14.99,https://www.ninja-vapes.co.uk/product/aspire-loomix-pod-kit,,,
ninja-vapes.co.uk,avomi fliq 4-in-1 2400 puffs pod kit,avomi,kit,10,fizzy; green; lemon lime; pineapple ice; pink; prime; red; tropical; ultimate; yellow .,,11.95,1,Avomi Fliq 4-in-1 2400 Puffs Pod Kit | Only £8.99 | Buy 3 for £25,https://www.ninja-vapes.co.uk/product/avomi-fliq-4-in-1-pod-kit,,,
ninja-vapes.co.uk,Bloody Bar 60000 Puffs Prefilled Pods Kit,bloody bar,kit,10,berry; blueberry; cherry; cool; fruit; juicy; sour; special; strawberry; tropical,,8.99,2,Bloody Bar 60K Puffs Prefilled Pod Kit | Only £8.99 | Any 3 for £24,https://www.ninja-vapes.co.uk/product/bloody-bar-prefilled-pod-60k-vape-kit,https://www.ninja-vapes.co.uk/product/box-of-10-bloody-bar-60k,Bloody Bar 60000 Puffs 4In1 Pod Vape Kit Only,0.15
ninja-vapes.co.uk,bloody mary bloody bar 3000 puffs prefilled 5-in-1 starter kit,bloody mary,kit,5,blue; ice; pink; rainbow; tropical,,9.99,1,Bloody Mary Bloody Bar 3000 Puffs Prefilled 5-in-1 Starter Kit | Only £9.99 | Buy Kit Get Pod Free,https://www.ninja-vapes.co.uk/product/bloody-bar-3000,,,
ninja-vapes.co.uk,Crystal Galaxy Focus 1 6000 Puffs Prefilled Kit,crystal galaxy,kit,14,blue raspberry cherry; blue raspberry gummy; blue raspberry lemonade; blueberry raspberry; cherry berry; fizzy cherry; fresh mint; juicy peach; lemon lime; mr blue; strawberry kiwi; strawberry raspberry ice; summer dream; watermelon ice,,7.99,2,Crystal Galaxy Focus 1 6000 Puffs Prefilled Kit | Only £7.99,https://www.ninja-vapes.co.uk/product/crystal-galaxy-focus-6000,https://www.ninja-vapes.co.uk/product/box-of-10-crystal-galaxy-focus-6000,,
ninja-vapes.co.uk,Hawcos X Lost Mary Crystal Pro Prefilled Pods Kit,crystal pro,kit,17,blackberry blueberry; blue raspberry; blueberry; blueberry sour raspberry; cherry ice; cola; double apple; grape; kiwi passion fruit guava; lemon lime; menthol; pineapple ice; pink lemonade; strawberry burst; strawberry raspberry cherry ice; triple mango; watermelon ice,,4.99,2,Hawcos x Lost Mary Crystal Pro Prefilled Pod Kit | Only £4.99 | Any 3 for £12,https://www.ninja-vapes.co.uk/product/howcas-lost-mary-crystal-pro-pod-kit,https://www.ninja-vapes.co.uk/product/box-of-10-howcas-lost-mary-crystal-pro-pod-kit,,
ninja-vapes.co.uk,the crystal pro cp 15k puffs prefilled vape kit,crystal pro,kit,19,blueberry sour raspberry; cherry berry; cherry watermelon; classic menthol; double apple; fizzy cherry; fresh mint; juicy peach; lemon lime; mr bear; mr bull; pineapple ice; strawberry cranberry cherry; strawberry kiwi; strawberry raspberry ice; strawberry watermelon bubblegum; summer dream; triple mango; watermelon ice,,7.99,1,The Crystal Pro CP 15K Puffs Prefilled Vape Kit | Only £7.99 | Any 3 for £20,https://www.ninja-vapes.co.uk/product/the-crystal-pro-the-cp-15k,,,
ninja-vapes.co.uk,Defender F1 10000 Puffs Prefilled Pods Kit,defender,kit,10,blue fusion; blue raspberry lemonade; blueberry sour raspberry; cherry ice; fizzy cherry; lemon lime; pineapple ice; pink lemonade; strawberry ice; watermelon ice,,7.99,2,Defender F1-10000 Puffs Prefilled Pod Kit | Only £7.99 | Any 3 for £21,https://www.ninja-vapes.co.uk/product/defender-f1-10000-prefilled-pod-kit,https://www.ninja-vapes.co.uk/product/box-of-10-defender-f1-10000-prefilled-pod-kit,defender f1-10000 puffs vape kit,0.4
ninja-vapes.co.uk,dovpo ayce mini 2 pod kit,dovpo,kit,0,,"colour: black carbon, ember red, lemon green, midnight black, navy blue, peacock blue",14.99,1,Dovpo Ayce Mini 2 Pod Kit | Only £14.99,https://www.ninja-vapes.co.uk/product/dovpo-ayce-mini-2-pod-kit,,dovpo ayce mini vape kit,0.4
ninja-vapes.co.uk,elf bar plus 50k puffs refillable kit,elf bar,kit,9,mint; purple; raspberry; red; ruby; special; summer; tropical; yellow,,11.99,1,Elf Bar Plus 50K Puffs Refillable Kit | Only £11.99 | Any 3 for £32,https://www.ninja-vapes.co.uk/product/elf-bar-plus-50,,Prefilled Pods Kit,0.45
ninja-vapes.co.uk,Elux Cyberover 6000 Puffs Vape Kit,elux,kit,13,fizzy cherry; grape berry; gummy bear; lemon lime; menthol; pineapple ice; rainbow; strawberry kiwi; strawberry raspberry cherry; strawberry watermelon bubblegum; summer dream; triple mango; watermelon ice,,5.99,3,Box of 5 Elux Cyberover 6000 Puffs Vape Kit,https://www.ninja-vapes.co.uk/product/box-of-5-elux-cyberover-6k,https://www.ninja-vapes.co.uk/product/box-of-10-elux-cyberover-6k https://www.ninja-vapes.co.uk/product/elux-cyberover-6000-puffs,elux cyberover p1 pod vape kit,0.2
ninja-vapes.co.uk,elux legend prime 5000 puffs vape kit,elux,kit,4,blueberry cherry cranberry; gummy bear; mr blue; triple mango,"colour: blueberry raspberry, blueberry sour raspberry, fizzy cherry, lemon lime, menthol, strawberry raspberry cherry",12.99,1,Elux Legend Prime 5000 Puffs Vape Kit,https://www.ninja-vapes.co.uk/product/elux-legend-prime-5000-puffs-Vape-kit,,,
ninja-vapes.co.uk,enjoy ultra 9000 puffs kit + 9k pod (18k+ puffs) bundle offer,enjoy ultra,kit,0,,,10.99,1,Enjoy Ultra 9000 Puffs Kit + 9K Pod (18K+ Puffs) | Bundle Offer | Only £10.99,https://www.ninja-vapes.co.uk/product/enjoy-ultra-9000-bundle-offer,,Enjoy Ultra 9000 Puffs Pod Vape Kit,0.5
ninja-vapes.co.uk,feoba pro plus 10k kit + 10k pod (20k puffs) bundle offer,feoba,kit,0,,,11.99,1,Feoba Pro Plus 10K Kit + 10K Pod (20K Puffs) | Bundle Offer | Only £11.99,https://www.ninja-vapes.co.uk/product/feoba-pro-plus-10000-bundle-offer,,,
ninja-vapes.co.uk,fisco point pro 15000 puffs prefilled pod kit,fisco,kit,9,juicy peach lemon; juicy pineapple; lemon lime; mr blue; strawberry kiwi; strawberry mojito; strawberry watermelon bubblegum; triple apple; watermelon ice,,9.99,1,Fisco Point Pro 15000 Puffs Prefilled Pod Kit | Only £9.99 | Any 3 for £27,https://www.ninja-vapes.co.uk/product/fisco-point-pro-15000,,,
ninja-vapes.co.uk,freemax marvos x kit 100w,freemax,kit,0,,"colour: black, brown, green, grey, light blue, navy blue",25.99,1,Freemax Marvos X Kit 100W | £25.99 Only,https://www.ninja-vapes.co.uk/product/freemax-marvos-x-pod-kit,,,
ninja-vapes.co.uk,geekvape boost pro 2 vape kit,geekvape,kit,0,,"colour: black, blue red, bottle green, golden red, mint blue, pink purple, rainbow, silver",33.99,1,Geekvape Boost Pro 2 Vape Kit,https://www.ninja-vapes.co.uk/product/geekvape-boost-pro-2-kit,,geek vape aegis legend 2 vape kit,0.4
ninja-vapes.co.uk,geekvape e100 kit,geekvape,kit,0,,"colour: beige, black, blue, rainbow, red, volcanic grey",39.95,1,Geekvape E100 Kit,https://www.ninja-vapes.co.uk/product/geekvape-e100-vape-kit,,geekvape aegis m100 kit,0.3
ninja-vapes.co.uk,geekvape h45 classic vape kit,geekvape,kit,0,,"colour: aqua, black, blue, grey, lavender, sakura",24.99,1,GeekVape H45 Classic Vape Kit | Only £24.99,https://www.ninja-vapes.co.uk/product/geekvape-h45-classic-kit,,geekvape aegis hero 2 (h45) pod kit,0.12
ninja-vapes.co.uk,ijoy 4in1 mars cabin 2800 puffs pod kit,ijoy,kit,4,black; blue; red; white,,8.99,1,IJOY 4in1 Mars Cabin 2800 Puffs Pod Kit,https://www.ninja-vapes.co.uk/product/ijoy-mars-cabin-2800,,,
ninja-vapes.co.uk,ijoy shogun univ kit,ijoy,kit,1,b ghost fire,"colour: b aurora blue, b galactic, b specter, b splendor",36.99,1,IJoy Shogun univ Kit,https://www.ninja-vapes.co.uk/product/ijoy-shogun-univ-kit,,,
ninja-vapes.co.uk,innokin ez tube zenith minimal vape kit,innokin,kit,0,,"colour: cerulean blue, crimson red, emerald amethyst, indigo lilac, lunar grey, nightfall black, sakura pink, silver glow",21.99,1,Innokin EZ Tube Zenith Minimal Vape Kit,https://www.ninja-vapes.co.uk/product/innokin-ez-tube-zenith-minimal-vape-kit,,innokin sceptre tube pod kit,0.32
ninja-vapes.co.uk,innokin mvp pod vape kit,innokin,kit,0,,"colour: blue fade, liquid amber, ocean waves, pink fade, space grey, stealth black",11.99,1,Innokin MVP Pod Vape Kit,https://www.ninja-vapes.co.uk/product/innokin-mvp-pod-vape-kit,,,
ninja-vapes.co.uk,innokin sceptre 2 pod kit,innokin,kit,1,rain forest,"colour: black, blue, grey, pink, purple, red, white",16.99,1,Innokin Sceptre 2 Pod Kit | Only £16.99,https://www.ninja-vapes.co.uk/product/innokin-sceptre-2-pod-kit,,innokin sceptre tube pod kit,0.2
ninja-vapes.co.uk,Jnr Aurora 30000 Puffs Prefilled Pods Kit,jnr,kit,6,mr blue blue raspberry cherry; passion fruit kiwi strawberry kiwi; peach mango pineapple; strawberry ice strawberry watermelon ice; watermelon ice; watermelon ice watermelon bubblegum,,9.99,3,JNR Aurora 30K Puffs Prefilled Pod Kit | Only £9.99 | Any 3 for £27,https://www.ninja-vapes.co.uk/product/jnr-aurora-30k-puffs-prefilled-pod-kit,https://www.ninja-vapes.co.uk/product/box-of-10-jnr-aurora-30k-puffs-prefilled-pod-kit https://www.ninja-vapes.co.uk/product/box-of-5-jnr-aurora-30k-puffs-prefilled-pod-kit,jnr aurora 30k prefilled pod vape kit – 3 for deal,0.4
ninja-vapes.co.uk,juesday 15000 puffs prefilled pod kit,juesday,kit,4,mad blue; strawberry raspberry cherry ice; strawberry watermelon; watermelon ice,,8.99,1,Juesday 15000 Puffs Prefilled Pod Kit | Only £8.99 | Buy 1 Get 1 Free,https://www.ninja-vapes.co.uk/product/juesday-15000-prefilled-pod-kit,,,
ninja-vapes.co.uk,lost mary tappo 600 rechargeable pod kit,lost mary,kit,4,blue green kit lemon lime; dark bronze kit blue sour raspberry; green pink kit watermelon; silver stainless steel kit strawberry ice,,6.99,1,Lost Mary Tappo 600 Rechargeable Pod Kit | £6.99 – Buy 3 for £18,https://www.ninja-vapes.co.uk/product/lost-mary-tappo,,Lost Mary Bm600 Prefilled Reusable Pod Kit,0.4
ninja-vapes.co.uk,lost vape galaxy s360 pod vape kit,lost vape,kit,0,,"colour: ignite galaxy, mystic galaxy",18.99,1,Lost Vape Galaxy S360 Pod Vape Kit,https://www.ninja-vapes.co.uk/product/lost-vape-galaxy-s360-pod-vape-kit,,lost vape galaxy t360 pod vape kit,0.45
ninja-vapes.co.uk,ske memers wukong v10000 puffs vape kit,memers,kit,13,double apple; fresh mint; fruit gum; fruit medley; kiwi passion fruit guava; mr blue; peach ice; sakura grape; strawberry ice; triple mango; tropical fruit; tropical pineapple; watermelon ice,,7.99,1,SKE Memers WuKong V10000 Puffs Vape Kit | Only £7.99 | Any 3 for £23,https://www.ninja-vapes.co.uk/product/memers-wukong-10k,,,
ninja-vapes.co.uk,Nexel Thunder 15000 Puffs Prefilled Pods Kit,nexel,kit,20,berry cooler; blue raspberry ice; blue raspberry lemonade; blue sour raspberry; blueberry cherry cranberry; cherry sour raspberry; cola ice; fizzy cherry; fresh mint; gummy blast; kiwi passion fruit guava; lemon lime; mr blue; pineapple ice; pink lemonade; skittys; strawberry burst; strawberry raspberry cherry ice; triple mango; watermelon ice,,9.99,2,Nexel Thunder 15K Puffs Prefilled Pod Kit | Only £9.99 | Any 3 for £27,https://www.ninja-vapes.co.uk/product/nexel-thunder-15k-puffs-prefilled-pod-kit,https://www.ninja-vapes.co.uk/product/box-of-10-nexel-thunder-15k-puffs-prefilled-pod-kit,,
ninja-vapes.co.uk,Kit By Obs,obs,kit,1,kfb2 aio starter,"colour: jungle adventure, rock skull, skull lover, soccer, virus",34.99,1,KFB2 AIO Starter Kit by OBS || Pod Kit,https://www.ninja-vapes.co.uk/product/kfb2-aio-starter-kit-by-obs-pod-kit,,,
ninja-vapes.co.uk,oxva vprime pod vape kit,oxva,kit,0,,"colour: auroral purple, black carbon, black leather, blue leather, brown leather, glorious gold, natural green, sakura pink",29.99,1,Oxva Vprime Pod Vape Kit,https://www.ninja-vapes.co.uk/product/oxva-vprime-pod-vape-kit,,oxva vprime 2 pod kit,0.3
ninja-vapes.co.uk,pava horiz ultra pod kit bluetooth smart display ai chip games,pava,kit,0,,"colour: champagne gold, elegant silver, jewel blue, pearly white, space gray",38.99,1,PAVA Horiz Ultra Pod Kit | Bluetooth | Smart Display| AI CHIP | Games,https://www.ninja-vapes.co.uk/product/pava-horiz-ultra-pod-kit,,pava allo horiz ultra vape kit,0.4
ninja-vapes.co.uk,pod salt pyne pod 2-in-1 1500 puffs pod vape kit,pyne pod,kit,4,mint; pineapple; summer; watermelon,,5.99,1,Pod Salt Pyne Pod 2-in-1 1500 Puffs Pod Vape Kit | Only £5.99 | Any 3 for £15,https://www.ninja-vapes.co.uk/product/pod-salt-pyne-pod-2-in-1-pod-kit,,,
ninja-vapes.co.uk,randm fumot t32000 kit + 16k pod (48k+ puffs) bundle offer,randm,kit,0,,,11.99,1,RandM Fumot T32000 Kit + 16K Pod (48K+ Puffs) | Bundle Offer | Only £11.99,https://www.ninja-vapes.co.uk/product/randm-fumot-t32000-bundle-offer,,randm fumot t32000 ultra prefilled pod kit,0.37
ninja-vapes.co.uk,randm tornado 9000 pro max prefilled pod kit,randm,kit,19,cherry berry; cherry cola; cherry ice; cherry peach lemonade; cool mint; fizzy cherry; grape ice; kiwi passion fruit guava; mix berry; mr blue; peach berry; peachy mango pineapple; strawberry banana; strawberry ice; strawberry raspberry cherry ice; strawberry watermelon; strawberry watermelon bubblegum; summer peach ice; watermelon ice,,8.99,1,RandM Tornado 9000 Pro Max Prefilled Pod Kit | Any 3 for £24,https://www.ninja-vapes.co.uk/product/fumot-randm-tornado-9000-pro-max-prefilled-pod-kit,,Randm Fumot T9000 Pro Max Prefilled Pods Kit,0.36
ninja-vapes.co.uk,sikary tako sp6000 puffs prefilled pod kit,sikary,kit,4,menthol; strawberry ice; triple mango; watermelon ice,,9.99,1,Sikary Tako SP6000 Puffs Prefilled Pod Kit | Only £9.99 | Any 3 for £27,https://www.ninja-vapes.co.uk/product/sikary-tako-sp6000-pod-kit,,,
ninja-vapes.co.uk,ske 30k pro max pod kit + 30k pod (60k+ puffs) bundle offer,ske,kit,0,,,15.99,1,SKE 30K Pro Max Pod Kit + 30K Pod (60K+ Puffs) | Bundle Offer | Only £15.99,https://www.ninja-vapes.co.uk/product/ske-30000-pro-max-bundle-offer,,ske crystal plus max pod kit,0.54
ninja-vapes.co.uk,smok morph 2 starter kit 230w,smok,kit,0,,"colour: black, black carbon fiber, blue, brown, prism raindow, red, white blue, white red",34.99,1,Smok Morph 2 Starter Kit 230W,https://www.ninja-vapes.co.uk/product/smok-morph-2-starter-kit-230w,,Smok Novo 2 Pod Kit,0.4
ninja-vapes.co.uk,smok morph pod 80 kit,smok,kit,0,,"colour: black, black blue, black brown, black green, black red, brown",29.99,1,Smok Morph Pod 80 Kit | Only £29.99,https://www.ninja-vapes.co.uk/product/smok-morph-pod-80-kit,,smok ipx 80 pod kit,0.4
ninja-vapes.co.uk,smok nfix mate pod kit,smok,kit,0,,"colour: 7 color, black, blue purple, green, grey, red, silver blue, silver.",23.99,1,Smok NFix Mate Pod Kit,https://www.ninja-vapes.co.uk/product/smok-nfix-mate-25w-pod-system-kit,,smok nfix pro pod kit,0.4
ninja-vapes.co.uk,smok scar mini kit,smok,kit,0,,,29.99,1,SMOK Scar Mini Kit,https://www.ninja-vapes.co.uk/product/smok-scar-mini-kit,,smok scar 18 kit,0.2
ninja-vapes.co.uk,smok scar p5 kit,smok,kit,0,,"colour: black, fluid black white, fluid blue, fluid gold, fluid red, green stabilizing wood, red stabilizing wood",31.99,1,Smok Scar P5 Kit,https://www.ninja-vapes.co.uk/product/smok-scar-p5-kit,,smok scar 18 kit,0.2
ninja-vapes.co.uk,smok species 230w vape kit,smok,kit,0,,"colour: blue black, gold black, green black, raindow, red black",27.99,1,Smok Species 230W Vape Kit | Only £27.99,https://www.ninja-vapes.co.uk/product/smok-species-230w-vape-kit,,smok v2 species vape kit,0.2
ninja-vapes.co.uk,uwell crown m pod kit,uwell,kit,0,,"colour: black, blue, brown, orange",14.99,1,Uwell Crown M Pod Kit,https://www.ninja-vapes.co.uk/product/uwell-crown-m-pod-kit,,uwell crown d pod vape kit,0.45
ninja-vapes.co.uk,uwell kalmia pod vape kit,uwell,kit,0,,"colour: calm cyan, gentle pink, innoc white, serene blue, youthful green",16.99,1,Uwell Kalmia Pod Vape Kit,https://www.ninja-vapes.co.uk/product/uwell-kalmia-pod-vape-kit,,,
ninja-vapes.co.uk,uwell viscore pro+ 40k kit + 20k pod (60k+ puffs),uwell,kit,0,,,10.99,1,Uwell Viscore Pro+ 40K Kit + 20K Pod (60K+ Puffs) | Only £10.99,https://www.ninja-vapes.co.uk/product/uwell-viscore-pro-plus-40k-bundle-offer,,uwell caliburn g3 pro pod kit,0.07
ninja-vapes.co.uk,uwell viscore pro+ 40k puffs prefilled pod kit,uwell,kit,4,red; strawberry; watermelon; yellow,,9.99,1,Uwell Viscore Pro+ 40K Puffs Prefilled Pod Kit | Only £9.99 | Any 3 for £24,https://www.ninja-vapes.co.uk/product/uwell-viscore-pro-plus-40k,,uwell caliburn g3 pro pod kit,0.1
ninja-vapes.co.uk,Vapengin Martian Puffs Prefilled Pods Kit,vapengin,kit,6,juicy peach; pineapple strawberry; sour pineapple ice; strawberry kiwi; strawberry raspberry cherry; watermelon ice,,9.49,3,Box of 5 Vapengin Martian X 10K Puffs Prefilled Pod Kit | Only £39.99,https://www.ninja-vapes.co.uk/product/box-of-5-vapengin-martian-x-10k-puffs-prefilled-pod-kit,https://www.ninja-vapes.co.uk/product/box-of-10-vapengin-martian-x-10k-puffs-prefilled-pod-kit https://www.ninja-vapes.co.uk/product/vapengin-martian-x-10000-puffs-prefilled-pod-kit,vapengin martian x lite 30k puff pod kit,0.5
ninja-vapes.co.uk,vapengin martain x lite 30k puffs vape kit,vapengin,kit,4,sour pineapple ice; strawberry grape; strawberry raspberry cherry; watermelon ice,,9.99,1,Vapengin Martain X Lite 30K Puffs Vape Kit | Only £9.99 | Any 3 for £27,https://www.ninja-vapes.co.uk/product/vapengin-martian-x-lite-30000-puffs-prefilled-pod-kit,,vapengin martian x lite 30k puff pod kit,0.57
ninja-vapes.co.uk,vapengin venus 600 puffs prefilled pod kit,vapengin,kit,4,peach ice; strawberry watermelon; tropical rainbow sky; watermelon ice,,5.99,1,Vapengin Venus 600 Puffs Prefilled Pod Kit | Only £5.99 | Any 3 for £15,https://www.ninja-vapes.co.uk/product/vapengin-venus-prefilled-kit,,,
ninja-vapes.co.uk,vaplay royal pod vape kit,vaplay,kit,0,,"resistance: 0.6ohm, 0.8ohm",9.99,1,Vaplay Royal Pod Vape Kit | Only £9.99,https://www.ninja-vapes.co.uk/product/vaplay-royal-pod-vape-kit,,,
ninja-vapes.co.uk,vaporesso armour s vape kit with itank t,vaporesso,kit,1,silver,,45.99,1,Vaporesso Armour S Vape Kit with iTANK T | Only £45.99,https://www.ninja-vapes.co.uk/product/vaporesso-armour-s-kit,,vaporesso armour s kit,0.3
ninja-vapes.co.uk,vaporesso dojo blast 30k puffs kit + 10k pod (40k+ puffs) bundle offer,vaporesso,kit,0,,,12.99,1,Vaporesso Dojo Blast 30K Puffs Kit + 10K Pod (40K+ Puffs) | Bundle Offer | Only £12.99,https://www.ninja-vapes.co.uk/product/vaporesso-dojo-blast-pro-30k-bundle-offer,,vaporesso dojo blast 30k pro pod kit,0.46
ninja-vapes.co.uk,vaporesso gen nano 80w kit,vaporesso,kit,0,,"colour: green, red, silver",39.99,1,Vaporesso Gen Nano 80W Kit | £39.99 Only,https://www.ninja-vapes.co.uk/product/vaporesso-gen-nano-80w-kit,,vaporesso gen fit kit,0.35
ninja-vapes.co.uk,vaporesso osmall 2 pod kit,vaporesso,kit,0,,"colour: black, blue, gold, green, grey, pink, silver",10.99,1,Vaporesso Osmall 2 Pod Kit,https://www.ninja-vapes.co.uk/product/vaporesso-osmall-2-pod-kit,,vaporesso xros 2 pod kit,0.4
ninja-vapes.co.uk,vaporesso target pm30 pod kit,vaporesso,kit,0,,"colour: blue, silver",21.99,1,Vaporesso Target PM30 Pod Kit | £21.99 Only,https://www.ninja-vapes.co.uk/product/vaporesso-target-pm30-pod-kit,,vaporesso target 200 starter kit,0.15
ninja-vapes.co.uk,voopoo argus bar neon 2k puffs prefilled pod kit,voopoo,kit,4,pineapple ice; strawberry raspberry; triple mango; watermelon ice,,5.99,1,VooPoo Argus Bar Neon 2K Puffs Prefilled Pod Kit | Only £5.99 | Any 3 for £15,https://www.ninja-vapes.co.uk/product/voopoo-argus-bar-neon-2k-kit,,Voopoo Argus A Pod Vape Kit,0.45
ninja-vapes.co.uk,voopoo v-thru pro pod kit,voopoo,kit,0,,"colour: gold, green, moon white, pink, red, rosey, silky green, silver",19.99,1,VooPoo V-Thru Pro Pod Kit | Only £19.99,https://www.ninja-vapes.co.uk/product/voopoo-v-thru-pro-25w-pod-kit-pod-kit,,voopoo drag 5 sub ohm vape kit,0.4
ninja-vapes.co.uk,voopoo vinci e80 pod vape kit,voopoo,kit,0,,"colour: black, gold, green, metal grey, orange red gradient, purple gold gradient, rose red",25.99,1,VooPoo Vinci E80 Pod Vape Kit,https://www.ninja-vapes.co.uk/product/voopoo-vinci-e80-pod-kit,,voopoo vinci s vape pod kit,0.3
ninja-vapes.co.uk,voopoo vinci q 15w pod kit,voopoo,kit,0,,colour: pink,9.99,1,VooPoo Vinci Q 15W Pod Kit | Only £9.99,https://www.ninja-vapes.co.uk/product/voopoo-vinci-q-15w-pod-kit-pod-kit,,voopoo vinci q pod kit twin pack,0.4
ninja-vapes.co.uk,voopoo vmate infinity edition pod kit,voopoo,kit,0,,"colour: blue, golden, green, grey, purple",14.99,1,VooPoo VMATE Infinity Edition Pod Kit | £14.99 Only,https://www.ninja-vapes.co.uk/product/voopoo-vmate-infinity-edition-pod-kit,,voopoo vmate max 30w pod vape kit,0.35
ninja-vapes.co.uk,Mini Stackable Pod Vape Kit By Zlabs Only Device,zlabs only device,kit,1,zland,"colour: black, blue, grey, red",6.99,1,ZLand Mini Stackable Pod Vape Kit by ZLabs (ONLY DEVICE) | Only £6.99,https://www.ninja-vapes.co.uk/product/zland-mini-stackable-pod-vape-kit-by-zlabs,,,
ninja-vapes.co.uk,10Ml Nic Salt E-Liquid,?,nicsalt,6,angel pink lemonade; banana split; fizzy cherry ice; lemon breeze; pineapple freeze; watermelon ice,"strength: 10mg, 20mg",1.99,6,Fizzy Cherry Ice 10ml Nic Salt E-Liquid,https://www.ninja-vapes.co.uk/product/fizzy-cherry-angel-nic-salt,https://www.ninja-vapes.co.uk/product/pineapple-freeze-nic-salt-oxva-ox-passion https://www.ninja-vapes.co.uk/product/watermelon-ice-nic-salt-e-liquid-gold-bar https://www.ninja-vapes.co.uk/product/lemon-breeze-angel-nic-salt,,
ninja-vapes.co.uk,Cp Pro Nic Salt 10Ml,?,nicsalt,20,blue raspberry gummy bear; blue sour raspberry; blueberry cherry cranberry; blueberry raspberry; cherry ice; fizzy cherry; fresh mint; gummy bear; hbubba; juicy peach; lemon lime; mr blue; pink lemonade; skitz; sour pineapple ice; strawberry kiwi; strawberry raspberry blueberry; strawberry raspberry ice; summer dream; triple mango,"strength: 10mg, 20mg",2.49,2,Box of 10 CP Pro Nic Salts 10ml | £14.99 Only,https://www.ninja-vapes.co.uk/product/box-of-10-cp-pro-nic-salts-10ml,https://www.ninja-vapes.co.uk/product/cp-pro-nic-salts-10ml,Hayati Pro Max 10Ml Nic Salt E-Liquid,0.25
ninja-vapes.co.uk,Nic Salt Bubblegum Juicyfroot 10Ml,?,nicsalt,1,x series,"strength: 10mg, 20mg",2.49,1,X Series Nic Salt Bubblegum Juicyfroot 10ml,https://www.ninja-vapes.co.uk/product/x-series-nic-salt-bubblegum-juicyfroot-10ml,,,
ninja-vapes.co.uk,Nic Salt Frozen Grape 10Ml,?,nicsalt,1,x series,"strength: 10mg, 20mg",2.49,1,X Series Nic Salt Frozen Grape 10ml,https://www.ninja-vapes.co.uk/product/x-series-nic-salt-frozen-grape-10ml,,,
ninja-vapes.co.uk,Nic Salt Purple Slush 10Ml,?,nicsalt,1,x series,"strength: 10mg, 20mg",2.49,1,X Series Nic Salt Purple Slush 10ml,https://www.ninja-vapes.co.uk/product/x-series-nic-salt-purple-slush-10ml,,slush hut 10ml nic salts 10mg and 20mg,0.25
ninja-vapes.co.uk,Vado 10Ml Nic Salt,?,nicsalt,42,apple; banana; bens g s; berry tunes; black ice; black jack; blackcurrant; blue ice; blue raspberry lemonade; blue sour raspberry; blueberry; bubblegum; candy; cherry; cherry tunes; classic tobacco; coffee; cola; double menthol; g virg tobacco; grape; gummy bear; hznberg blue h; ice mint; ice mix berry; kiwi passion fruit guava; mango strawberry; menthol; orange; pink lemonade; rainbow sweets; raspberry; raspberry mint; red juice; spearmint; star blast; strawberry; strawberry kiwi; strawberry raspberry cherry; tobacco; vmt; watermelon,"strength: 12mg, 18mg, 3mg, 6mg",2.99,2,Box of 10 Vado 10ml Nic Salt | Only £19.99,https://www.ninja-vapes.co.uk/product/box-of-10-vado-10ml-nic-salt,https://www.ninja-vapes.co.uk/product/vado-10ml-nic-salt,,
ninja-vapes.co.uk,box of 10 jnp bar salt 6000 nic salts 10ml,?,nicsalt,25,aloe vera grape; banana ice; black mamba; blackcurrant aniseed; blue cherry pineapple; blue raspberry gummy bear; blue sour raspberry; blueberry cherry cranberry; blueberry raspberry; bronco tobacco; bru ice; caribbean crush; cherry cola; double apple shisha; french vanilla latte; fresh mint; juicy peach; kiwi passion fruit guava; mix berry; mr blue; pineapple ice; strawberry banana; strawberry raspberry cherry; summer dream; watermelon breeze,"strength: 10mg, 20mg",16.99,1,Box of 10 JNP Bar Salt 6000 Nic Salts 10ml | Only £16.99,https://www.ninja-vapes.co.uk/product/box-of-10-jnp-bar-salt-6000-nic-salt-10ml,,ivg 6000 10ml salt e-liquid,0.55
ninja-vapes.co.uk,ghost salts 10ml nic salts 30+flavours top seller,?,nicsalt,30,banana foam sweets; black mamba; blueberry pomegranate; blueberry raspberry cherry; blueberry sour raspberry; caribbean crush; carnival cotton candy; cherry cola; cherry watermelon freeze; cola ice; double apple; fizzy cherry sweets; fresh mint; gummy bear; lemon lime; mr blue; mr red; passion kiwi guava; pink orange fizz; purple slush; red apple ice; strawberry grape; strawberry raspberry cherry; strawberry watermelon chew; sweet green grape; sweet lemon sherbet; very berry cranberry; vimbull ice; watermelon bull; watermelon freeze,"strength: 10mg, 20mg",2.99,1,Ghost Salts 10ml Nic Salts | 30+Flavours | Top Seller,https://www.ninja-vapes.co.uk/product/ghost-salts-10ml-nic-salts,,Vapes Bars Ghost Salts 10Ml Nic Salt,0.2
ninja-vapes.co.uk,juice bar 10ml nic salt 30+ flavours,?,nicsalt,31,apple peach; berry ice; blue raspberry lemonade; blue raspberry sour; blue slushy; blueberry; blueberry cherry cranberry; blueberry pomegranate; blueberry raspberry; cherry ice; cola; cotton candy; energy ice; grape; gummy bear; honey melon ice; kiwi passion fruit guava; lady pink; lemon lime; mango mix berry; mr blue; peach ice; pineapple peach mango; pink lemonade; skittz; strawberry ice; strawberry ice cream; strawberry watermelon bubblegum; strawberry watermelon kiwi; vanilla custard; watermelon ice,"strength: 10mg, 20mg",3.49,1,Juice Bar 10ml Nic Salt | 30+ Flavours,https://www.ninja-vapes.co.uk/product/juice-bar-10ml-nic-salts,,cuttwood bar 10ml nic salts e-liquid,0.2
ninja-vapes.co.uk,riot punx 10ml nic salts,?,nicsalt,7,apple cucumber mint aniseed; blackcurrant watermelon; guava passion fruit pineapple; mango peach pineapple; raspberry grenade; strawberry pink apple; strawberry raspberry blueberry,"strength: 10mg, 20mg, 5mg",2.99,1,Riot Punx 10ml Nic Salts | Only £2.99 | Any 4 for £10,https://www.ninja-vapes.co.uk/product/riot-punx-10ml-nic-salt,,riot squad punx 10ml nic salt e-liquid,0.55
ninja-vapes.co.uk,scripture 10ml nic salt 10+ flavours,?,nicsalt,12,blackjack; blue crystal; blue slush; blueberry; cherry menthol; ice menthol; lemon sherbet; red a; red slush; strawberry kiwi; tobacco 1960; vamp toes,"strength: 10mg, 20mg",2.99,1,Scripture 10ml Nic Salt | 10+ Flavours,https://www.ninja-vapes.co.uk/product/scripture-10ml-nicsalts,,pack of 3 scripture nic salt 10ml e liquid,0.2
ninja-vapes.co.uk,seriously fusionz salty nic salts 10ml,?,nicsalt,6,cherry sour raspberry; fantasia grape; strawberry watermelon ice; triple berry ice; tropical ice; white peach lemon,"strength: 10mg, 20mg, 5mg",2.99,1,Seriously Fusionz Salty Nic Salts 10ml,https://www.ninja-vapes.co.uk/product/doozy-seriously-fusionz-salty-nic-salts-10ml,,Doozy Vape Seriously Tropical 10Ml Nic Salt E-Liquid,0.2
ninja-vapes.co.uk,seriously salty nic salts 10ml,?,nicsalt,6,arctic berry; berry watermelon; blackcurrant lemonade; blue raspberry ice; frozen apple berry; ice berg,"strength: 10mg, 20mg, 5mg",2.99,1,Seriously Salty Nic Salts 10ml,https://www.ninja-vapes.co.uk/product/doozy-seriously-salty-nic-salts-10ml,,Doozy Vape Seriously Tropical 10Ml Nic Salt E-Liquid,0.25
ninja-vapes.co.uk,seriously soda salts nic salts 10ml,?,nicsalt,6,blue raspberry lemonade; blue wing; fruity fusion; guava passion; tropical twist; true mix,"strength: 10mg, 20mg",2.99,1,Seriously Soda salts Nic Salts 10ml,https://www.ninja-vapes.co.uk/product/doozy-seriously-soda-salts-nic-salts-10ml,,Ivg Salts 10Ml E-Liquid Juice,0.45
ninja-vapes.co.uk,sigliq 5000 nic salts 10ml,?,nicsalt,16,blue raspberry; blue raspberry berry; blue raspberry blackcurrant; blue raspberry cherry; blue raspberry grape; blue raspberry lemonade; blue raspberry mango; blue slush; blueberry raspberry pomegranate; grape ice; kiwi passion guava; mango ice; mango peach watermelon; pink lemonade; vimmy ice; watermelon ice,"strength: 10mg, 20mg",2.99,1,SigLIQ 5000 Nic Salts 10ml,https://www.ninja-vapes.co.uk/product/sig-liq-5000-nic-salts-10ml,,ultimate bar 5000 nic salts e-liquid,0.55
ninja-vapes.co.uk,signature mental nic salts 10ml,?,nicsalt,16,blue raspberry berry; blue raspberry blackcurrant; blue raspberry cherry; blue raspberry grape; blue raspberry lemonade; blue raspberry mango; blue raspberry pomegranate; blue raspbery; blue slush; grape ice; kiwi passion guava; mango ice; mango peach watermelon; pink lemonade; vimmy ice; watermelon ice,"strength: 10mg, 20mg",2.49,1,Signature Mental Nic Salts 10ml,https://www.ninja-vapes.co.uk/product/signature-mental-nic-salts-10ml,,pack of 10 signature 10ml e-liquid,0.55
ninja-vapes.co.uk,signature nic salts 10ml 60+ flavours,?,nicsalt,59,apple; apple blackcurrant; apple grape; apple slush; banana; batjuice; berry bomb; berry menthol; blackberry; blackjack; blackpool rock; blue slush; blueberry; bubblegum; butter scotch; cappuccino; cherry; cherry menthol; classic tobacco; coconut ice; cola; cool mint gum; cotton candy; double mint; fresh squeeze; grape; heisenberg; ice menthol; ice mint; jack frost; killer; lemon; lemon cheesecake; lemon sherbert; lemonade; mango pineapple; mothers milk; parma violets; passion fruit; peach; pear drops; pineapple; pink lemonade; raspberry; raspberry peach; red a; red laces; red slush; rhubarb custard; sour apples; spearmint; strawberry; strawberry banana; strawberry kiwi; strawberry milkshake; sweet tobacco; tobacco 1960; vamp toes; watermelon ice,"strength: 12mg, 18mg, 3mg, 6mg",2.99,1,Signature Nic Salts 10ml | 60+ Flavours,https://www.ninja-vapes.co.uk/product/signature-nic-salts-10ml,,pack of 10 signature 10ml e-liquid,0.2
ninja-vapes.co.uk,signature salts nic salts 10ml,?,nicsalt,6,lemon sherbet; red a; red slush; strawberry kiwi; tobacco 1960; vamp toes,,2.99,1,Signature Salts Nic Salts 10ml | Only 20MG,https://www.ninja-vapes.co.uk/product/signature-salts-nic-salts-10ml,,pack of 10 signature 10ml e-liquid,0.55
ninja-vapes.co.uk,titan salts 10ml nic salts,?,nicsalt,12,banana ice; blue raspberry; blueberry cherry cranberry; caribbean cooler; cool mint; fruit punch; lemon lime; pineapple ice; pink burst; strawberry kiwi watermelon; strawberry raspberry cherry; watermelon ice,"strength: 10mg, 20mg",2.49,1,Titan Salts 10ml Nic Salts,https://www.ninja-vapes.co.uk/product/titan-salts-nic-salts-10ml,,Ivg Salts 10Ml E-Liquid Juice,0.55
ninja-vapes.co.uk,Aisu Yoguruto Nic Salt 10Ml,aisu,nicsalt,3,melon milk; pineapple coconut; strawberry cream,,2.99,3,Aisu Yoguruto Nic Salt Pineapple & Coconut 10ml,https://www.ninja-vapes.co.uk/product/zap-juice-aisu-yoguruto-nic-salt-pineapple-and-coconut-10ml,https://www.ninja-vapes.co.uk/product/zap-juice-aisu-yoguruto-nic-salt-strawberry-and-cream-10ml https://www.ninja-vapes.co.uk/product/zap-juice-aisu-yoguruto-nic-salt-melon-milk-10ml,,
ninja-vapes.co.uk,Nic Salt E-Liquid By Aisu Tokyo,aisu tokyo,nicsalt,9,blackberry hibiscus; blackjack; cherry menthol; grapelicious; lemon lime; pink raspberry lemonade; rainbow astaire; strawberry marshmallow; watermelon bubblegum,"strength: 10mg, 20mg",2.95,9,Strawberry Marshmallow Nic Salt E-Liquid by Aisu Tokyo,https://www.ninja-vapes.co.uk/product/strawberry-marshmallow-nic-salt-e-liquid-aisu-tokyo,https://www.ninja-vapes.co.uk/product/blackjack-nic-salt-e-liquid-aisu-tokyo https://www.ninja-vapes.co.uk/product/blackberry-hibiscus-nic-salt-e-liquid-aisu-tokyo https://www.ninja-vapes.co.uk/product/watermelon-bubblegum-nic-salt-e-liquid-aisu-tokyo,,
ninja-vapes.co.uk,aroma king nic salt 10ml,aroma king,nicsalt,20,banana ice; blue fusion; blue raspberry cherry; blue sour raspberry; coffee tobacco; fizzy cola; gummy bear; lemon lime; mango ice; mint; mix berry; passion kiwi guava; peach ice; pineapple ice; pink lemonade; red apple watermelon; red fuel; strawberry kiwi; strawberry watermelon bubblegum; watermelon burst,strength: 20mg,9.99,1,Aroma King Nic Salt 10ml | Only £9.99,https://www.ninja-vapes.co.uk/product/aroma-king-nic-salts-10ml,,,
ninja-vapes.co.uk,Juice Nic Salt E-Liquid By Baa Juice,baa juice,nicsalt,17,apple watermelon; banana ice; blue raspberry bubblegum; cherry cola; fresh orange fizz; kiwi passion fruit guava; lemon lime; mango passion fruit ice; pineapple; pink lemonade; raspberry watermelon; sour blue raspberry; strawberry cherry raspberry; strawberry ice; tropical; watermelon ice; watermelon mojito,"strength: 10mg, 20mg, 5mg",3.95,17,Tropical Juice Nic Salt E-Liquid by Baa Juice,https://www.ninja-vapes.co.uk/product/tropical-juice-nic-salt-baa-juice,https://www.ninja-vapes.co.uk/product/apple-watermelon-nic-salt-baa-juice https://www.ninja-vapes.co.uk/product/watermelon-mojito-nic-salt-baa-juice https://www.ninja-vapes.co.uk/product/mango-passionfruit-ice-nic-salt-baa-juice,,
ninja-vapes.co.uk,hangsen bar fuel 10ml nic salts,bar fuel,nicsalt,10,blue raspberry; blueberry banana ice; cola ice; menthol candy; pina coloda; pomegranate plum ice; red apple ice; strawberry peach plum ice; triple mango; white peach raspberry,"strength: 10mg, 20mg",2.99,1,Hangsen Bar Fuel 10ml Nic Salts | Only £2.99 | Any 5 for £10,https://www.ninja-vapes.co.uk/product/hangsen-bar-fuel-10ml-nic-salt,,,
ninja-vapes.co.uk,bar juice 5000 pineapple ice flavour nic salt e-liquid,bar juice,nicsalt,0,,"strength: 10mg, 20mg",3.95,1,Bar Juice 5000 Pineapple Ice Flavour Nic Salt E-Liquid,https://www.ninja-vapes.co.uk/product/pineapple-ice-nic-salt-e-liquid-bar-juice-5000,,,
ninja-vapes.co.uk,bar juice dr frost arctic edition 10ml nic salt,bar juice,nicsalt,8,apple black honeydew ice; arctic blue ice; blueberry raspberry ice; cherry cola ice; coconut lemonade ice; mango pineapple ice; strawberry coconut ice cream; strawmelon ice,"strength: 10mg, 20mg",2.99,1,Bar Juice Dr Frost Arctic Edition 10ml Nic Salt,https://www.ninja-vapes.co.uk/product/bar-juice-dr-frost-arctic-edition-nic-salt,,,
ninja-vapes.co.uk,Nic Salt E-Liquid By Bar Series Blends,bar series blends,nicsalt,4,blue sour raspberry x lemon lime; blueberry ice x mango ice; cherry fizz x cola ice; green apple x cherry fizz,"strength: 10mg, 20mg, 5mg | resistance: 10mg, 20mg, 5mg",2.95,4,Blueberry Ice X Mango Ice Nic Salt E-Liquid by Bar Series Blends,https://www.ninja-vapes.co.uk/product/blueberry-ice-mango-ice-nic-salt-bar-series-blends,https://www.ninja-vapes.co.uk/product/blue-sour-razz-lemon-lime-nic-salt-bar-series-blends https://www.ninja-vapes.co.uk/product/cherry-fizz-cola-ice-nic-salt-bar-series-blends https://www.ninja-vapes.co.uk/product/green-apple-cherry-fizz-nic-salt-bar-series-blends,,
ninja-vapes.co.uk,Nic Salt E-Liquid By Bar Series Desserts,bar series desserts,nicsalt,6,banana caramel; blueberry swirl; cherry bakewell; creamy toffee; lemon dream; vanilla custard,"strength: 10mg, 20mg, 5mg",2.95,6,Lemon Dream Nic Salt E-liquid by Bar Series Desserts,https://www.ninja-vapes.co.uk/product/lemon-dream-nic-salt-bar-series-desserts,https://www.ninja-vapes.co.uk/product/blueberry-swirl-nic-salt-bar-series-desserts https://www.ninja-vapes.co.uk/product/banana-caramel-nic-salt-bar-series-desserts https://www.ninja-vapes.co.uk/product/cherry-bakewell-nic-salt-bar-series-desserts,,
ninja-vapes.co.uk,Nic Salt E-Liquid By Bar Series Gold Edition,bar series gold edition,nicsalt,10,apple watermelon; banana mango; berry blast; blueberry kiwi; fizzy white grape; grape raspberry; honeydew melon; lime raspberry cherry; pineapple peach watermelon; strawberry lime,"strength: 10mg, 20mg, 5mg",2.95,10,Fizzy White Grape Nic Salt E-Liquid by Bar Series Gold Edition,https://www.ninja-vapes.co.uk/product/fizzy-white-grape-nic-salt-bar-series-gold-edition,https://www.ninja-vapes.co.uk/product/lime-raspberry-cherry-nic-salt-bar-series-gold-edition https://www.ninja-vapes.co.uk/product/honeydew-melon-nic-salt-bar-series-gold-edition https://www.ninja-vapes.co.uk/product/pineapple-peach-watermelon-nic-salt-bar-series-gold-edition,,
ninja-vapes.co.uk,10Ml Nic Salt E-Liquid By Brutal,brutal,nicsalt,4,mr jack; raspberry sour; red black; sour strawberry bubblegum,"strength: 11mg, 20mg",3.95,4,Sour Strawberry Bubblegum 10ml Nic Salt E-Liquid by Brutal,https://www.ninja-vapes.co.uk/product/sour-strawberry-bubblegum-10ml-nic-salt-e-liquid-brutal,https://www.ninja-vapes.co.uk/product/red-black-10ml-nic-salt-eliquid-brutal https://www.ninja-vapes.co.uk/product/raspberry-sour-10ml-nic-salt-e-liquid-brutal https://www.ninja-vapes.co.uk/product/mr-jack-10ml-nic-salt-e-liquid-brutal,,
ninja-vapes.co.uk,the crystal pro max nic salts 10ml all flavours,crystal pro,nicsalt,26,banana ice; berry lemonade; blue fusion; blue raspberry cherry; blue raspberry gummy; blue raspberry lemonade; blueberry cherry cranberry; blueberry raspberry; blueberry sour raspberry; bru ice; bubblegum ice; cherry cola; cola lime; fizzy cherry; fresh menthol mojito; fresh mint; juicy peach; lemon lime; lemon peach passion fruit; mad blue; rainbow; strawberry kiwi; strawberry mojito; strawberry raspberry ice; strawberry watermelon; summer dream,"strength: 10mg, 20mg",2.89,1,The Crystal Pro Max Nic Salts 10ml | All Flavours,https://www.ninja-vapes.co.uk/product/the-crystal-pro-max-nic-salts-10ml,,,
ninja-vapes.co.uk,Nic Salt E-Liquid By Donut King Salts,donut king salts,nicsalt,5,delightful lemon; double apple; dragon raspberry grape; strawberry kiwi bubblegum; watermelon ice,"strength: 10mg, 20mg",3.95,5,Double Apple Nic Salt E-Liquid by Donut King Salts,https://www.ninja-vapes.co.uk/product/double-apple-nic-salt-eliquid-donut-king-salts,https://www.ninja-vapes.co.uk/product/dragon-razz-grape-nic-salt-eliquid-donut-king-salts https://www.ninja-vapes.co.uk/product/watermelon-ice-nic-salt-eliquid-donut-king-salts https://www.ninja-vapes.co.uk/product/strawberry-kiwi-bubblegum-nic-salt-donut-king,,
ninja-vapes.co.uk,Mix Nic Salt E-Liquid By Doozy Mix Salts,doozy mix salts,nicsalt,1,berry,"strength: 10mg, 20mg, 5mg",3.95,1,Mixed Berries Nic Salt E-Liquid by Doozy Mix Salts,https://www.ninja-vapes.co.uk/product/mixed-berries-nic-salt-doozy-mix-salts,,,
ninja-vapes.co.uk,Nic Salt E-Liquid By Doozy Mix Salts,doozy mix salts,nicsalt,5,bubblegum; cream tobacco; gummy bear; pink lemonade; sour blue raspberry apple,"strength: 10mg, 20mg, 5mg",3.95,5,Bubble Gum Nic Salt E-Liquid by Doozy Mix Salts,https://www.ninja-vapes.co.uk/product/bubble-gum-nic-salt-doozy-mix-salts,https://www.ninja-vapes.co.uk/product/cream-tobacco-nic-salt-doozy-mix-salts https://www.ninja-vapes.co.uk/product/gummy-bear-nic-salt-doozy-mix-salts https://www.ninja-vapes.co.uk/product/pink-lemonade-nic-salt-doozy-mix-salts,,
ninja-vapes.co.uk,Nic Salt E-Liquid By Doozy Temptations,doozy temptations,nicsalt,4,banana split; ice cream cake; jam tart; muffin delight,"strength: 10mg, 20mg",4.95,4,Ice Cream Cake Nic Salt E-Liquid by Doozy Temptations,https://www.ninja-vapes.co.uk/product/ice-cream-cake-nic-salt-doozy-temptations,https://www.ninja-vapes.co.uk/product/jam-tart-nic-salt-doozy-temptations https://www.ninja-vapes.co.uk/product/banana-split-nic-salt-doozy-temptations https://www.ninja-vapes.co.uk/product/muffin-delight-nic-salt-doozy-temptations,,
ninja-vapes.co.uk,Nic Salt E-Liquid By Doozy Tropix,doozy tropix,nicsalt,3,hawaii; rio; tahiti,"strength: 10mg, 20mg",4.95,3,Hawaii Nic Salt E-Liquid by Doozy Tropix,https://www.ninja-vapes.co.uk/product/hawaii-nic-salt-doozy-tropix,https://www.ninja-vapes.co.uk/product/tahiti-nic-salt-doozy-tropix https://www.ninja-vapes.co.uk/product/rio-nic-salt-doozy-tropix,,
ninja-vapes.co.uk,Nic Salt E-Liquid By Doozy,doozy vape co,nicsalt,5,apple mango; fizzy lemon; frozen berry; tropical slush; vanilla custard,"strength: 10mg, 20mg",4.95,5,Tropical Slush Nic Salt E-Liquid by Doozy,https://www.ninja-vapes.co.uk/product/tropical-slush-nic-salt-doozy,https://www.ninja-vapes.co.uk/product/fizzy-lemon-nic-salt-doozy https://www.ninja-vapes.co.uk/product/apple-mango-nic-salt-doozy https://www.ninja-vapes.co.uk/product/frozen-berries-nic-salt-doozy,,
ninja-vapes.co.uk,doozy mix salts nic salts 10ml,doozy vape co,nicsalt,6,bubblegum; cream tobacco; gummy bear; mix berry; pink lemonade; sour blue raspberry,"strength: 10mg, 20mg, 5mg",2.99,1,Doozy Mix Salts Nic Salts 10ml,https://www.ninja-vapes.co.uk/product/doozy-mix-salts-nic-salts-10ml,,seriously bar salts 10ml juice,0.35
ninja-vapes.co.uk,doozy seriously clear nic salts,doozy vape co,nicsalt,6,blueberry sour cherry; rubi passion ice; sour blue dust; sour tropical burst; strawberry sour raspberry; strawberry twist,"strength: 10mg, 20mg, 5mg",2.99,1,Doozy Seriously Clear Nic Salts | Any 5 for £10,https://www.ninja-vapes.co.uk/product/doozy-seriously-clear-nic-salts-10ml,,Doozy Vape Seriously Tropical 10Ml Nic Salt E-Liquid,0.4
ninja-vapes.co.uk,doozy seriously shisha nic salts 10ml,doozy vape co,nicsalt,2,apple apple; misty blue,"strength: 10mg, 20mg, 5mg",2.99,1,Doozy Seriously Shisha Nic salts 10ml,https://www.ninja-vapes.co.uk/product/doozy-seriously-shisha-salts,,Doozy Vape Seriously Tropical 10Ml Nic Salt E-Liquid,0.4
ninja-vapes.co.uk,doozy temptations nic salts 10ml,doozy vape co,nicsalt,5,banana split; ice cream cake; jam tart; muffin delight; strawberry milk,"strength: 10mg, 20mg",2.99,1,Doozy Temptations Nic Salts 10ml,https://www.ninja-vapes.co.uk/product/doozy-temptations-nic-salts-10ml,,,
ninja-vapes.co.uk,doozy tropix nic salts 10ml,doozy vape co,nicsalt,3,fiji; hawaii; rio,"strength: 10mg, 20mg",2.99,1,Doozy Tropix Nic Salts 10ml,https://www.ninja-vapes.co.uk/product/doozy-tropix-nic-salts-10ml,,,
ninja-vapes.co.uk,Nic Salt E-Liquid By Dr Frost,dr frost,nicsalt,7,apple black honeydew ice; arctic blue ice; blueberry raspberry ice; cherry cola ice; coconut lemonade ice; mango pineapple ice; strawberry coconut ice cream,"strength: 10mg, 20mg",2.95,7,Arctic Blue Ice Nicotine Salt E-Liquid by Dr Frost,https://www.ninja-vapes.co.uk/product/arctic-blue-ice-nicotine-salt-dr-frost,https://www.ninja-vapes.co.uk/product/cherry-cola-ice-nicotine-salt-dr-frost https://www.ninja-vapes.co.uk/product/blueberry-raspberry-ice-nicotine-salt-dr-frost https://www.ninja-vapes.co.uk/product/strawberry-coconut-ice-cream-nicotine-salt-dr-frost,,
ninja-vapes.co.uk,Nic Salt E-Liquid By Elf Bar Elfliq,elf bar elfliq,nicsalt,33,apple peach; banana ice; blackcurrant aniseed; blue raspberry lemonade; blueberry sour raspberry; cherry; cherry cola; cola; elfbull ice; grape; kiwi passion fruit guava; lemon lime; mango; menthol; p b cloudd; peach ice; pina colada; pineapple ice; pineapple mango orange; pink grapefruit; pink lemonade; rhubarb snoow; rinbo; snoow tobacco; sour apple; spearmint; strawberry ice; strawberry kiwi; strawberry raspberry cherry ice; strawberry snoow; tobacco; triple melon; watermelon,"strength: 10mg, 20mg, 5mg | resistance: 10mg, 20mg, 5mg",2.95,33,Rhubarb Snoow Nic Salt E-Liquid by Elf Bar ELFLIQ,https://www.ninja-vapes.co.uk/product/rhubarb-snoow-nic-salt-e-liquid-elf-bar-elfliq,https://www.ninja-vapes.co.uk/product/elfbull-ice-nic-salt-elf-bar-elfliq https://www.ninja-vapes.co.uk/product/peach-ice-nic-salt-elf-bar-elfliq https://www.ninja-vapes.co.uk/product/blackcurrant-aniseed-nic-salt-e-liquid-elf-bar-elfliq,,
ninja-vapes.co.uk,Nic Salt E-Liquid By Elux Legend,elux legend,nicsalt,29,berry lemonade; blackcurrant menthol; blueberry bubblegum; blueberry cherry cranberry; blueberry raspberry; blueberry sour raspberry; cherry lime; cola; fizzy cherry; grape; grape berry; gummy bear; kiwi passion fruit guava; lemon lime; lemon peach passion fruit; menthol; mr blue; rainbow; straight tobacco; strawberry ice cream; strawberry kiwi; strawberry raspberry cherry; strawberry watermelon bubblegum; summer dream; tiger blood; triple mango; triple melon; vanilla tobacco; watermelon ice,"strength: 10mg, 20mg",3.49,29,Lemon & Lime Nic Salt E-Liquid by Elux Legend | Any 5 for £10,https://www.ninja-vapes.co.uk/product/lemon-lime-nic-salt-e-liquid-elux-legend,https://www.ninja-vapes.co.uk/product/cola-ice-nic-salt-e-liquid-elux-legend https://www.ninja-vapes.co.uk/product/strawberry-ice-cream-nic-salt-e-liquid-elux-legend https://www.ninja-vapes.co.uk/product/grape-berry-nic-salt-elux-legend,,
ninja-vapes.co.uk,frumist nic salts 10ml,frumist,nicsalt,18,blue magic hizen; blue raspberry lemonade; blue slush; blueberry apple; blueberry pomegranate; blueberry sour raspberry; bull ice energy; cola ice; cotton candy; grape; kiwi passion guava; mango; mango passion; peach ice; pineapple; strawberry ice cream; strawi; watermelon,"strength: 10mg, 20mg",2.99,1,Frumist Nic Salts 10ml,https://www.ninja-vapes.co.uk/product/frumist-nic-salts-10ml,,,
ninja-vapes.co.uk,future juice nic salts 10ml,future juice,nicsalt,6,butterscotch cereal milk; butterscotch custard; cereal milk; mango passion fruit; strawberry kiwi watermelon; vanilla custard,"strength: 10mg, 20mg, 5mg",2.99,1,Future Juice Nic Salts 10ml | £2.99 Only,https://www.ninja-vapes.co.uk/product/future-juice-nic-salts-10ml,,,
ninja-vapes.co.uk,hangsen cream range 10ml nic salts,hangsen,nicsalt,4,aniseed; caramel; coffee; vanilla,"strength: 12mg, 18mg, 3mg, 6mg",2.99,1,Hangsen Cream Range 10ml Nic Salts,https://www.ninja-vapes.co.uk/product/hangsen-cream-range-nic-salts,,,
ninja-vapes.co.uk,hangsen drink range 10ml nic salts,hangsen,nicsalt,2,red cola; red energy,"strength: 12mg, 18mg, 3mg, 6mg",2.99,1,Hangsen Drink Range 10ml Nic Salts,https://www.ninja-vapes.co.uk/product/hangsen-drink-range-nic-salt,,,
ninja-vapes.co.uk,hangsen fruit range 10ml nic salts,hangsen,nicsalt,32,apple; banana; berry blast; black cherry; blackcurrant; blackcurrant ice; blue raspberry; blue raspberry lemonade; blue sky; blueberry; blueberry ice; blueberry sour raspberry; bubblegum ice; cherry; cherry candy; cinnamon; coconut; cotton candy ice; fruit mix; grape; juicy peach; lemon lime; lemonade summer fruits; mango; pineapple; pink lemonade; raspberry; red sky; sour apple; strawberry; watermelon; watermelon ice,"strength: 12mg, 18mg, 3mg, 6mg",2.99,1,Hangsen Fruit Range 10ml Nic Salts,https://www.ninja-vapes.co.uk/product/hangsen-fruit-range,,,
ninja-vapes.co.uk,hangsen minty range 10ml nic salts,hangsen,nicsalt,16,black menthol; bubblegum; double menthol; grape menthol; green mint; hs menthol; ice menthol; ice mint; menthol; menthol strawberry; mint; mint strawberry; peppermint; spearmint; strong mint; triple menthol,"strength: 12mg, 18mg, 3mg, 6mg",2.99,1,Hangsen Minty Range 10ml Nic Salts,https://www.ninja-vapes.co.uk/product/hangsen-mint-range-nic-salts,,,
ninja-vapes.co.uk,hangsen tobacco range 10ml nic salts,hangsen,nicsalt,13,cigar; gold silver; golden tree; golden vga; rainbow; ry4; ry6; smooth; st tobacco; tobacco; tobacco mint; usa mix; virgina,"strength: 12mg, 18mg, 3mg, 6mg",2.99,1,Hangsen Tobacco Range 10ml Nic Salts,https://www.ninja-vapes.co.uk/product/hangsen-tobacco-range-nic-salts,,,
ninja-vapes.co.uk,Nic Salt E-Liquid By Hayati Pro Max,hayati pro max,nicsalt,12,banana ice; blue fusion; blue raspberry gummy bear; blue sour raspberry; cola lime; fizzy cherry; fresh menthol mojito; juicy peach; lemon lime; strawberry kiwi; strawberry raspberry ice; summer dream,"strength: 10mg, 20mg",3.95,12,Blue Razz Gummy Bear Nic Salt E-Liquid by Hayati Pro Max,https://www.ninja-vapes.co.uk/product/blue-razz-gummy-bear-nic-salt-hayati-pro-max,https://www.ninja-vapes.co.uk/product/juicy-peach-nic-salt-hayati-pro-max https://www.ninja-vapes.co.uk/product/strawberry-raspberry-ice-nic-salt-hayati-pro-max https://www.ninja-vapes.co.uk/product/summer-dream-nic-salt-e-liquid-hayati-pro-max,,
ninja-vapes.co.uk,Nic Salt E-Liquid By Jack Rabbit,jack rabbit,nicsalt,5,banoffee pie; blueberry duffin; custard doughnut; mandarin cheesecake; strawberry cheesecake,"strength: 10mg, 20mg, 5mg",2.95,5,Banoffee Pie Nic Salt E-Liquid by Jack Rabbit,https://www.ninja-vapes.co.uk/product/banoffee-pie-nic-salt-jack-rabbit,https://www.ninja-vapes.co.uk/product/custard-doughnut-nic-salt-jack-rabbit https://www.ninja-vapes.co.uk/product/mandarin-cheesecake-nic-salt-jack-rabbit https://www.ninja-vapes.co.uk/product/strawberry-cheesecake-nic-salt-jack-rabbit,,
ninja-vapes.co.uk,Bar Nic Salt E-Liquid By Just Juice,just juice,nicsalt,8,cherry; cola; dragon fruit raspberry; grape aloe; lemon lime; orange clementine; pineapple; watermelon,"strength: 10mg, 20mg, 5mg",3.95,8,Cola Bar Nic Salt E-Liquid by Just Juice,https://www.ninja-vapes.co.uk/product/cola-bar-nic-salt-e-liquid-just-juice,https://www.ninja-vapes.co.uk/product/pineapple-bar-nic-salt-e-liquid-just-juice https://www.ninja-vapes.co.uk/product/orange-clementine-bar-nic-salt-e-liquid-just-juice https://www.ninja-vapes.co.uk/product/dragon-fruit-raspberry-bar-nic-salt-e-liquid-just-juice,,
ninja-vapes.co.uk,Nic Salt E-Liquid By Just Juice,just juice,nicsalt,14,apple pear on ice; banana mango; berry burst; berry burst lemonade; blood orange guava; cherimoya grapefruit berry; guanabana lime on ice; kiwi cranberry on ice; lemonade; mango blood orange on ice; mango passion fruit; pineapple papaya coconut; strawberry curuba; watermelon cherry,"strength: 11mg, 20mg, 5mg",4.95,14,Mango & Passion Fruit Nic Salt E-Liquid by Just Juice,https://www.ninja-vapes.co.uk/product/mango-passion-fruit-nic-salt-just-juice,https://www.ninja-vapes.co.uk/product/blood-orange-guava-nic-salt-eliquid-just-juice https://www.ninja-vapes.co.uk/product/apple-pear-on-ice-nic-salt-just-juice https://www.ninja-vapes.co.uk/product/guanabana-lime-on-ice-nic-salt-eliquid-just-juice,,
ninja-vapes.co.uk,Ice Nic Salt By Just Juice Ice,just juice ice,nicsalt,4,citron coconut; grape melon; pure mint; wild berry aniseed,"strength: 11mg, 20mg, 5mg | resistance: 11mg, 20mg, 5mg",2.95,4,Wild Berries & Aniseed Ice Nic Salt by Just Juice Ice,https://www.ninja-vapes.co.uk/product/wild-berries-aniseed-ice-nic-salt-just-juice-ice,https://www.ninja-vapes.co.uk/product/pure-mint-ice-nic-salt-just-juice-ice https://www.ninja-vapes.co.uk/product/citron-coconut-ice-nic-salt-just-juice-ice https://www.ninja-vapes.co.uk/product/grape-melon-ice-nic-salt-just-juice-ice,,
ninja-vapes.co.uk,the lancashire creamery nic salts 10ml,lancashire creamery,nicsalt,6,bread butter pudding; butterscotch ice cream deluxe; pistachio hazelnut custard; raspberry custard; strawberry milkshake deluxe; vanilla milkshake wafers,"strength: 10mg, 20mg, 5mg",3.99,1,The Lancashire Creamery Nic Salts 10ml | Only £3.99 | Any 4 for £10,https://www.ninja-vapes.co.uk/product/the-lancashire-creamery-nic-salts-10ml,,,
ninja-vapes.co.uk,Nic Salt E-Liquid By Large Juices,large juices,nicsalt,4,banana haze; bango mango; berry cold; donut worry,"strength: 10mg, 20mg, 5mg",3.95,4,Berry Cold Nic Salt E-Liquid by Large Juices,https://www.ninja-vapes.co.uk/product/berry-cold-nic-salt-large-juices,https://www.ninja-vapes.co.uk/product/bango-mango-nic-salt-large-juices https://www.ninja-vapes.co.uk/product/banana-haze-nic-salt-large-juices https://www.ninja-vapes.co.uk/product/donut-worry-nic-salt-large-juices,,
ninja-vapes.co.uk,Nic Salt E-Liquid By Lucky Thirteen,lucky thirteen,nicsalt,1,maple syrup pancake,strength: 10mg,3.95,1,Maple Syrup Pancake Nic Salt E-Liquid by Lucky Thirteen,https://www.ninja-vapes.co.uk/product/maple-syrup-pancake-nic-salt-lucky-thirteen,,,
ninja-vapes.co.uk,Milk Bottles Nic Salt E-Liquid By Milk Bottles,milk bottles,nicsalt,1,strawberry,strength: 20mg,3.95,1,Strawberry Milk Bottles Nic Salt E-Liquid by Milk Bottles,https://www.ninja-vapes.co.uk/product/strawberry-milk-bottles-nic-salt-milk-bottles,,,
ninja-vapes.co.uk,Juice And Power Nic Salt Milkshake 10Ml,milkshake,nicsalt,2,caramel; rainbow,,2.89,2,Juice N Power Nic Salt Rainbow Milkshake 10ml,https://www.ninja-vapes.co.uk/product/juice-n-power-nic-salt-rainbow-milkshake-10ml,https://www.ninja-vapes.co.uk/product/juice-n-power-nic-salt-caramel-milkshake-10ml,,
ninja-vapes.co.uk,Nic Salt E-Liquid By Moreish Puff,moreish puff,nicsalt,1,grape chilled,"strength: 10mg, 20mg",3.95,1,Grape Chilled Nic Salt E-Liquid by Moreish Puff,https://www.ninja-vapes.co.uk/product/grape-chilled-nic-salt-moreish-puff,,,
ninja-vapes.co.uk,Nic Salt E-Liquid By No Frills,no frills,nicsalt,6,cherry tobacco; cookies cream; lemon caramel waffle; peanut butter jelly; spearmint chew; vanilla tobacco,"strength: 10mg, 20mg",3.95,6,Vanilla Tobacco Nic Salt E-Liquid by No Frills,https://www.ninja-vapes.co.uk/product/vanilla-tobacco-nic-salt-no-frills,https://www.ninja-vapes.co.uk/product/spearmint-chew-nic-salt-no-frills https://www.ninja-vapes.co.uk/product/cookies-and-cream-nic-salt-e-liquid-no-frills https://www.ninja-vapes.co.uk/product/peanut-butter-jelly-nic-salt-e-liquid-no-frills,,
ninja-vapes.co.uk,Nic Salt E-Liquid By No Frills The Coffee Shop,no frills the coffee shop,nicsalt,3,butterscotch; hazelnut; maple syrup,"strength: 10mg, 20mg",3.95,3,Maple Syrup Nic Salt E-Liquid by No Frills The Coffee Shop,https://www.ninja-vapes.co.uk/product/maple-syrup-nic-salt-no-frills,https://www.ninja-vapes.co.uk/product/butterscotch-nic-salt-no-frills-coffee-shop https://www.ninja-vapes.co.uk/product/hazelnut-nic-salt-no-frills-coffee-shop,,
ninja-vapes.co.uk,Nic Salt E-Liquid By Ohm Boy,ohm boy,nicsalt,8,apple elderflower garden mint; cranberry apple raspberry; pear apple raspberry; pineapple mango lime; rhubarb raspberry orange blossom; sweetwater grape white peach; valencia orange passion fruit; watermelon rhubarb,"strength: 10mg, 20mg, 5mg | resistance: 10mg, 20mg, 5mg",3.95,8,Valencia Orange and Passion Fruit Nic Salt E-Liquid by Ohm Boy,https://www.ninja-vapes.co.uk/product/valencia-orange-passion-fruit-nic-salt-ohm-boy,https://www.ninja-vapes.co.uk/product/watermelon-rhubarb-nic-salt-ohm-boy https://www.ninja-vapes.co.uk/product/pineapple-mango-lime-nic-salt-ohm-boy https://www.ninja-vapes.co.uk/product/cranberry-apple-raspberry-nic-salt-ohm-boy,,
ninja-vapes.co.uk,Nic Salt E-Liquid By Ohm Boy Slt,ohm boy slt,nicsalt,10,apple; apple blackcurrant ice; blue raspberry lemonade ice; cherry ice; guava mango ice; mango raspberry ice; pineapple strawberry ice; pink lemonade ice; rhubarb ice; strawberry banana ice,"strength: 10mg, 20mg",2.95,10,Mango Raspberry Ice Nic Salt E-Liquid by Ohm Boy SLT,https://www.ninja-vapes.co.uk/product/mango-raspberry-ice-nic-salt-ohm-boy-slt,https://www.ninja-vapes.co.uk/product/guava-mango-ice-nic-salt-ohm-boy-slt https://www.ninja-vapes.co.uk/product/blue-raspberry-lemonade-ice-nic-salt-ohm-boy-slt https://www.ninja-vapes.co.uk/product/apple-juice-nic-salt-ohm-boy-slt,,
ninja-vapes.co.uk,Nic Salt E-Liquid By Ohm Brew,ohm brew,nicsalt,3,cuban; fizzy cola; pineapple mango ice cream,"strength: 12mg, 18mg, 3mg, 6mg | resistance: 12mg, 18mg, 6mg",2.95,3,The Cuban Nic Salt E Liquid by Ohm Brew,https://www.ninja-vapes.co.uk/product/the-cuban-nic-salt-ohm-brew,https://www.ninja-vapes.co.uk/product/fizzy-cola-nic-salt-ohm-brew https://www.ninja-vapes.co.uk/product/pineapple-mango-ice-cream-nic-salt-ohm-brew,,
ninja-vapes.co.uk,Nic Salt E-Liquid By Oxva Ox Passion,oxva ox passion,nicsalt,18,berry burst; berry lemon; blue citrus; blue mist; blue raspberry gummy; blue sour raspberry; blueberry pom; cherry fizz; cherry peach lemonade; lemon lime; mint mix; mixed grapes; paradise punch; pina daiquiri; senorita; strawberry melon; strawberry raspberry cherry; triple mango,"strength: 10mg, 20mg, 5mg",3.95,18,Senorita Nic Salt E-Liquid by Oxva Ox Passion,https://www.ninja-vapes.co.uk/product/senorita-nic-salt-oxva-ox-passion,https://www.ninja-vapes.co.uk/product/pina-daiquiri-nic-salt-oxva-ox-passion https://www.ninja-vapes.co.uk/product/blue-razz-gummy-nic-salt-oxva-ox-passion https://www.ninja-vapes.co.uk/product/mint-mix-nic-salt-oxva-ox-passion,,
ninja-vapes.co.uk,3 Nic Salt E-Liquid By Pod Salt,pod salt,nicsalt,1,marshmallow man,"strength: 11mg, 20mg",4.95,1,Marshmallow Man 3 Nic Salt E-Liquid by Pod Salt,https://www.ninja-vapes.co.uk/product/marshmallow-man-3-nic-salt-pod-salt,,,
ninja-vapes.co.uk,Nic Salt E-Liquid By Pod Salt,pod salt,nicsalt,28,amnesia mango; apple; apple taffy; blackcurrant; blackcurrant menthol; blue berg; blue ice; blue razapple ice; blueberry jam tart; blueberry pomegranate; bubble blue; cigarette; cola lemon; cola lime; ice menthol; lemon cake; mango ice; marshmallow man 3; mix berry; peanut butter banana; peanut butter banana granola; pink haze; strawberry; strawberry kiwi ice; summer syrup; vanilla; virginia; watermelon breeze,"strength: 10mg, 11mg, 20mg, 5mg",3.6,11,Bubble Blue Nic Salt E-Liquid by Pod Salt,https://www.ninja-vapes.co.uk/product/bubble-blue-nic-salt-pod-salt,https://www.ninja-vapes.co.uk/product/strawberry-kiwi-ice-nic-salt-pod-salt https://www.ninja-vapes.co.uk/product/amnesia-mango-nic-salt-e-liquid-pod-salt https://www.ninja-vapes.co.uk/product/cola-lime-nic-salt-pod-salt,,
ninja-vapes.co.uk,Pod Salt Core Nic Salt 10Ml,pod salt,nicsalt,24,apple; blackjack; blue ice; blue raspberry; blueberry pomegranate; cantaloupe ice; cherry ice; cigarette; coffee; fresh mint; grape ice; ice menthol; lemon lime ice; lychee ice; mango ice; mix berry; mix berry ice; peach ice; pineapple ice; red apple ice; spearmint; strawberry; vanilla; watermelon breeze,"strength: 10mg, 20mg, 5mg",2.99,2,Box of 10 Pod Salt Core Nic Salts 10ml | Only £19.99,https://www.ninja-vapes.co.uk/product/box-of-10-pod-salt-core-nic-salts-10ml,https://www.ninja-vapes.co.uk/product/pod-salt-core-nic-salts-10ml,,
ninja-vapes.co.uk,Pod Salt Fusion Nic Salt 10Ml,pod salt,nicsalt,10,amnesia mango; blue razapple ice; blueberry jam tart; bubble blue; cola lime; marina marshmallow; pink haze; strawberry kiwi ice; summer syrup; yogi peanut butter banana granola,"strength: 11mg, 20mg",2.99,2,Box of 10 Pod Salt Fusion Nic Salts 10ml | Only £19.99,https://www.ninja-vapes.co.uk/product/box-of-10-pod-salt-fusion-nic-salts-10ml,https://www.ninja-vapes.co.uk/product/pod-salt-fusion-nic-salts-10ml,,
ninja-vapes.co.uk,Nic Salt E-Liquid By Pod Salt Core,pod salt core,nicsalt,14,banana ice; blackcurrant menthol; blueberry pomegranate; cherry ice; cigarette; fresh mint; ice menthol; lychee ice; mango ice; mix berry; mix berry ice; red apple ice; strawberry; watermelon breeze,"strength: 11mg, 20mg, 5mg",3.95,14,Fresh Mint Nic Salt E-Liquid by Pod Salt Core,https://www.ninja-vapes.co.uk/product/fresh-mint-nic-salt-pod-salt-core,https://www.ninja-vapes.co.uk/product/cigarette-nic-salt-pod-salt-core https://www.ninja-vapes.co.uk/product/cherry-ice-nic-salt-pod-salt-core https://www.ninja-vapes.co.uk/product/mixed-berries-nic-salt-pod-salt-core,,
ninja-vapes.co.uk,Nic Salt By Pod Salt Nexus,pod salt nexus,nicsalt,23,berry lemon ice; berry lime ice; blue raspberry cherry blast; blueberry blackberry lemonade; fresh raspberry mojito; fuji apple peach; grape berry burst; lemon lime cola; lemon lime sorbet; mango strawberry peach; orange mango lime; pear apple raspberry; pineapple passion lime; pink purple lemonade; rainbow; red gummy bear; strawberry banana rhubarb; strawberry watermelon kiwi; sweet strawberry lemonade; sweet tangerine coconut; triple raspberry ice; white grape cucumber apple; white gummy bear,"strength: 10mg, 20mg, 5mg",3.95,23,Fuji Apple Peach Nic Salt by Pod Salt Nexus,https://www.ninja-vapes.co.uk/product/fuji-apple-peach-nic-salt-pod-salt-nexus,https://www.ninja-vapes.co.uk/product/rainbow-nic-salt-pod-salt-nexus https://www.ninja-vapes.co.uk/product/white-gummy-bear-nic-salt-e-liquid https://www.ninja-vapes.co.uk/product/fresh-raspberry-mojito-nic-salt-pod-salt-nexus,,
ninja-vapes.co.uk,Nic Salt By Pod Salt Origin,pod salt origin,nicsalt,5,cuban creme; liquor tobacco; royal tobacco; true tobacco; virginia gold,"strength: 11mg, 20mg, 5mg",3.95,5,Cuban Creme Nic Salt by Pod Salt Origin,https://www.ninja-vapes.co.uk/product/cuban-creme-nic-salt-pod-salt-origin,https://www.ninja-vapes.co.uk/product/royal-tobacco-nic-salt-pod-salt-origin https://www.ninja-vapes.co.uk/product/liquor-tobacco-nic-salt-pod-salt-origin https://www.ninja-vapes.co.uk/product/true-tobacco-nic-salt-pod-salt-origin,,
ninja-vapes.co.uk,Nic Salt E-Liquid By Pukka Juice 50 50,pukka juice,nicsalt,30,berry blaze; berry lemonade; blackberry lime; blackcurrant fuji apple; blackcurrant menthol; blackcurrant ribes; blackcurrant vibes; blackjack; blaze; blaze bull; blaze no ice; blue pear ice; blue slush; blueberry blackcurrant; cherry; cherry blaze; grape soda; h berry; pineapple ice; pink haze; rainbow blaze; raspberry blaze; raspberry menthol; raspberry sherbet; strawberry lychee; strawberry watermelon; tobacco; triple menthol; tropical; yellow pear ice,"strength: 12mg, 3mg, 6mg",2.8,17,Rainbow Blaze Nic Salt E-Liquid by Pukka Juice 50/50,https://www.ninja-vapes.co.uk/product/pukka-juice-eliquid-rainbow-blaze-50-50,https://www.ninja-vapes.co.uk/product/box-of-10-pukka-juice-50-50-nic-salts-10ml https://www.ninja-vapes.co.uk/product/pukka-juice-eliquid-cherry-50-50 https://www.ninja-vapes.co.uk/product/pukka-juice-eliquid-pink-haze-50-50,,
ninja-vapes.co.uk,Nic Salt E-Liquid By Rachael Rabbit,rachael rabbit,nicsalt,3,blueberry citrus pineapple; orange mango passion fruit; pomegranate kiwi watermelon,"strength: 10mg, 20mg",2.95,3,Pomegranate Kiwi and Watermelon Nic Salt E-Liquid by Rachael Rabbit,https://www.ninja-vapes.co.uk/product/pomegranate-kiwi-watermelon-nic-salt-rachael-rabbit,https://www.ninja-vapes.co.uk/product/orange-mango-passionfruit-nic-salt-rachael-rabbit https://www.ninja-vapes.co.uk/product/blueberry-citrus-pineapple-nic-salt-rachael-rabbit,,
ninja-vapes.co.uk,Randm Fumot 7000 Nic Salt 10Ml E-Liquid,randm,nicsalt,63,apple berry blast; banana custard; banana ice; banana milkshake; berry lemonade; bingo crush; black dragon ice; black ice; blue fusion; blue raspberry cherry; blue raspberry khush; blueberry bubblegum; blueberry cherry cranberry; blueberry pomegranate; blueberry raspberry; blueberry sour raspberry; bluelicious ice; cherry; cherry lychee; cherry peach lemonade; cola ice; cool mint; cotton pair; dr. blue; fizzy cherry; grape ice; guava; gummy bear; honeydew ice cream; ice pop; kiwi passion fruit guava; lady killer; lemon lime; love66; lush ice; mango on ice; melon ice; mix berry; pacific cooler; peach ice; peach mango; pineapple ice; pink lemonade; pomegranate ice; rainbow; raspberry watermelon; red apple ice; red apple lemon; red apple melon; strawberry banana; strawberry donut; strawberry grape; strawberry kiwi; strawberry pom; strawberry raspberry; strawberry raspberry cherry ice; strawberry watermelon; strawberry watermelon bubblegum; strawberry watermelon lemonade; summer peach ice; tobacco; watermelon ice; watermelon rainbow,"strength: 10mg, 20mg",2.99,2,RandM Fumot 7000 Nic Salts 10ml E-Liquid,https://www.ninja-vapes.co.uk/product/randm-7000-nic-salts-10ml-eliquid,https://www.ninja-vapes.co.uk/product/box-of-10-randm-7000-nic-salts-10ml,box of 10 randm tornado 7000 10ml nic salts,0.4
ninja-vapes.co.uk,By Riot Squad Nic Salt Apple Cucumber Mint And Aniseed 10Ml,riot squad,nicsalt,1,punx,,2.99,1,"Punx By Riot Squad Nic Salt Apple, Cucumber, Mint & Aniseed 10ml",https://www.ninja-vapes.co.uk/product/punx-by-riot-squad-nic-salt-apple-cucumber-mint-and-aniseed-10ml,,,
ninja-vapes.co.uk,By Riot Squad Nic Salt Guava Passion Fruit And Pineapple 10Ml,riot squad,nicsalt,1,punx,,2.99,1,"Punx By Riot Squad Nic Salt Guava, Passionfruit & Pineapple 10ml",https://www.ninja-vapes.co.uk/product/punx-by-riot-squad-nic-saltguava-passionfruit-and-pineapple-10ml,,,
ninja-vapes.co.uk,By Riot Squad Nic Salt Mango Peach And Pineapple 10Ml,riot squad,nicsalt,1,punx,,2.99,1,"Punx By Riot Squad Nic Salt Mango, Peach & Pineapple 10ml",https://www.ninja-vapes.co.uk/product/punx-by-riot-squad-nic-saltmango-peach-and-pineapple-10ml,,,
ninja-vapes.co.uk,By Riot Squad Nic Salt Raspberry Grenade 10Ml,riot squad,nicsalt,1,punx,,2.99,1,Punx By Riot Squad Nic Salt Raspberry Grenade 10ml,https://www.ninja-vapes.co.uk/product/punx-by-riot-squad-nic-salt-raspberry-grenade-10ml,,,
ninja-vapes.co.uk,By Riot Squad Nic Salt Strawberry Raspberry And Blueberry 10Ml,riot squad,nicsalt,1,punx,,2.99,1,"Punx By Riot Squad Nic Salt Strawberry, Raspberry & Blueberry 10ml",https://www.ninja-vapes.co.uk/product/punx-by-riot-squad-nic-salt-strawberry-raspberry-and-blueberry-10ml,,,
ninja-vapes.co.uk,Riot Squad Nic Salt Loaded 10Ml,riot squad,nicsalt,1,lemon custard,,2.99,1,Riot Squad Nic Salt Loaded Lemon Custard 10ml,https://www.ninja-vapes.co.uk/product/riot-squad-nic-salt-loaded-lemon-custard-10ml,,,
ninja-vapes.co.uk,Riot Squad Nic Salt Sub 10Ml,riot squad,nicsalt,1,lime,,2.99,1,Riot Squad Nic Salt Sub Lime 10ml,https://www.ninja-vapes.co.uk/product/riot-squad-nic-salt-sub-lime-10ml,,,
ninja-vapes.co.uk,riot squad nic salt bubblegun 10ml,riot squad,nicsalt,0,,,2.99,1,Riot Squad Nic Salt Bubblegun 10ml,https://www.ninja-vapes.co.uk/product/riot-squad-nic-saltbubblegun-10ml,,,
ninja-vapes.co.uk,riot squad nic salt cream leaf 10ml,riot squad,nicsalt,0,,,2.99,1,Riot Squad Nic Salt Cream Leaf 10ml,https://www.ninja-vapes.co.uk/product/riot-squad-nic-salt-cream-leaf-10ml,,,
ninja-vapes.co.uk,riot squad nic salt exotic fruit frenzy 10ml,riot squad,nicsalt,0,,,2.99,1,Riot Squad Nic Salt Exotic Fruit Frenzy 10ml,https://www.ninja-vapes.co.uk/product/riot-squad-nic-salt-exotic-fruit-frenzy-10ml,,,
ninja-vapes.co.uk,riot squad nic salt pure minted 10ml,riot squad,nicsalt,0,,,2.99,1,Riot Squad Nic Salt Pure Minted 10ml,https://www.ninja-vapes.co.uk/product/riot-squad-nic-saltpure-minted-10ml,,,
ninja-vapes.co.uk,riot squad nic salt sweet leaf 10ml,riot squad,nicsalt,0,,,2.99,1,Riot Squad Nic Salt Sweet Leaf 10ml,https://www.ninja-vapes.co.uk/product/riot-squad-nic-salt-sweet-leaf-10ml,,,
ninja-vapes.co.uk,Nic Salt E-Liquid By Riot Squad Bar Edtn,riot squad bar edtn,nicsalt,36,apple blackcurrant; banana kiwi ice; blue cherry burst; blue peach; blue raspberry; blue raspberry citrus; blueberry sour raspberry; cherry berry; cherry cola; cherry fizz; cherry xl; fresh mint; grape ice; guava passion fruit pineapple; lemon lime; lil tropic; lychee watermelon; mango vanilla; mango xl; melon xl; peach ice tea; peach xl; pineapple citrus; pineapple ice; pink lemonade; red raspberry; sour cherry apple; sour strawberry; strawberry blueberry ice; strawberry cherry raspberry; strawberry kiwi; strawberry peach raspberry; strawberry pina colada; tropical punch; vim2; watermelon ice,"strength: 10mg, 20mg, 5mg",2.95,36,Lil Tropic Nic Salt E-Liquid by Riot Squad Bar Edtn,https://www.ninja-vapes.co.uk/product/lil-tropic-nic-salt-e-liquid-riot-squad-bar-edtn,https://www.ninja-vapes.co.uk/product/strawberry-kiwi-nic-salt-riot-squad-bar-edtn https://www.ninja-vapes.co.uk/product/strawberry-cherry-razz-nic-salt-e-liquid-riot-squad-bar-edtn https://www.ninja-vapes.co.uk/product/blue-peach-nic-salt-e-liquid-riot-squad-bar-edtn,,
ninja-vapes.co.uk,Nic Salt E-Liquid By Seriously Bar Salts,seriously bar salts,nicsalt,6,black ice; cola ice; kiwi passion guava; lemon lime; mr blue; strawberry kiwi,"strength: 10mg, 20mg, 5mg",3.95,6,Lemon Lime Nic Salt E-Liquid by Seriously Bar Salts,https://www.ninja-vapes.co.uk/product/lemon-lime-nic-salt-e-liquid-seriously-bar-salts,https://www.ninja-vapes.co.uk/product/cola-ice-nic-salt-e-liquid-seriously-bar-salts https://www.ninja-vapes.co.uk/product/black-ice-nic-salt-e-liquid-seriously-bar-salts https://www.ninja-vapes.co.uk/product/kiwi-passion-guava-nic-salt-e-liquid-seriously-bar-salts,,
ninja-vapes.co.uk,Nic Salt E-Liquid By Seriously Salty,seriously salty,nicsalt,6,arctic berry; berry watermelon; blackcurrant lemonade; blue raspberry ice; frozen apple berry; ice berg,"strength: 10mg, 20mg, 5mg | resistance: 10mg, 20mg, 5mg",3.95,6,Ice N Berg Nic Salt E-Liquid by Seriously Salty,https://www.ninja-vapes.co.uk/product/ice-n-berg-nic-salt-e-liquid-seriously-salty,https://www.ninja-vapes.co.uk/product/arctic-berries-nic-salt-e-liquid-seriously-salty https://www.ninja-vapes.co.uk/product/blackcurrant-lemonade-nic-salt-e-liquid-seriously-salty https://www.ninja-vapes.co.uk/product/berry-watermelon-nic-salt-e-liquid-seriously-salty,,
ninja-vapes.co.uk,Nic Salt E-Liquid By Seriously Salty Fusionz,seriously salty fusionz,nicsalt,6,cherry sour raspberry; fantasia grape; strawberry watermelon ice; triple berry ice; tropical ice; white peach lemon,"strength: 10mg, 20mg, 5mg",3.95,6,Cherry Sour Raspberry Nic Salt E-Liquid by Seriously Salty Fusionz,https://www.ninja-vapes.co.uk/product/cherry-sour-raspberry-nic-salt-e-liquid-seriously-salty-fusionz,https://www.ninja-vapes.co.uk/product/white-peach-lemon-nic-salt-e-liquid-seriously-salty-fusionz https://www.ninja-vapes.co.uk/product/triple-berry-ice-nic-salt-e-liquid-seriously-salty-fusionz https://www.ninja-vapes.co.uk/product/fantasia-grape-nic-salt-e-liquid-seriously-salty-fusionz,,
ninja-vapes.co.uk,Nic Salt E-Liquid By Seriously Soda,seriously soda,nicsalt,6,blue raspberry lemonade; blue wing; fruity fusion; guava passion; tropical twist; true mix,"strength: 10mg, 20mg | resistance: 10mg, 20mg",3.95,6,Blue Wing Nic Salt E-Liquid by Seriously Soda,https://www.ninja-vapes.co.uk/product/blue-wing-nic-salt-e-liquid-seriously-soda,https://www.ninja-vapes.co.uk/product/true-mix-nic-salt-e-liquid-seriously-soda https://www.ninja-vapes.co.uk/product/tropical-twist-nic-salt-e-liquid-seriously-soda https://www.ninja-vapes.co.uk/product/guava-passion-nic-salt-e-liquid-seriously-soda,,
ninja-vapes.co.uk,Nic Salt E-Liquid By Seriously Tropical,seriously tropical,nicsalt,5,guava kiwi ice; mango banana; pineapple citrus ice; watermelon apple ice; white peach raspberry,"strength: 10mg, 20mg, 5mg",2.95,5,White Peach Raspberry Nic Salt E-Liquid by Seriously Tropical,https://www.ninja-vapes.co.uk/product/white-peach-raspberry-nic-salt-e-liquid-seriously-tropical,https://www.ninja-vapes.co.uk/product/guava-kiwi-ice-nic-salt-e-liquid-seriously-tropical https://www.ninja-vapes.co.uk/product/watermelon-apple-ice-nic-salt-e-liquid-seriously-tropical https://www.ninja-vapes.co.uk/product/pineapple-citrus-ice-nic-salt-e-liquid-seriously-tropical,,
ninja-vapes.co.uk,Nic Salt E-Liquid By Slushie,slushie,nicsalt,6,blue pear ice; citrus burst; crimson berry; mango medley; pineapple ice; tropical twist,"strength: 10mg, 20mg",2.95,6,Crimson Berries Nic Salt E-Liquid by Slushie,https://www.ninja-vapes.co.uk/product/crimson-berries-nic-salt-slushie,https://www.ninja-vapes.co.uk/product/mango-medley-nic-salt-slushie https://www.ninja-vapes.co.uk/product/citrus-burst-nic-salt-slushie https://www.ninja-vapes.co.uk/product/pineapple-ice-nic-salt-slushie,,
ninja-vapes.co.uk,Nic Salt E-Liquid By Solt,solt,nicsalt,7,black jack; lemon lime; menthol; pink lemonade; spearmint; watermelon ice; wild berry,"strength: 10mg, 20mg, 5mg | resistance: 10mg, 20mg",3.95,7,Black Jack Nic Salt E-Liquid by Solt,https://www.ninja-vapes.co.uk/product/black-jack-nic-salt-eliquid-solt,https://www.ninja-vapes.co.uk/product/menthol-nic-salt-eliquid-solt https://www.ninja-vapes.co.uk/product/spearmint-nic-salt-solt https://www.ninja-vapes.co.uk/product/watermelon-ice-nic-salt-solt,,
ninja-vapes.co.uk,soltz premium 10ml nic salt 20+ flavours,soltz,nicsalt,16,black ice; blackcurrant; blackjack; blueberry; cherry; cola; grape; hznberg; ice mint; menthol; red a; spearmint; strawberry kiwi; tobacco; vimtto; watermelon,"strength: 10mg, 20mg",2.99,1,Soltz Premium 10ml Nic Salt | 20+ Flavours,https://www.ninja-vapes.co.uk/product/soltz-premium-10ml-nic-salts,,soltz premium 10ml nic salts,0.2
ninja-vapes.co.uk,Nic Salt E-Liquid By Suck It,suck it,nicsalt,1,dragonberry chill,strength: 10mg,2.95,1,Dragonberry Chill Nic Salt E-Liquid by Suck It,https://www.ninja-vapes.co.uk/product/dragonberry-chill-nic-salt-suck-it,,,
ninja-vapes.co.uk,Nic Salt E-Liquid By Tens Salts,tens salts,nicsalt,1,triple mint,"strength: 10mg, 20mg, 5mg",3.95,1,Triple Mint Nic Salt E-Liquid by Tens Salts,https://www.ninja-vapes.co.uk/product/triple-mint-nic-salt-tens-salts,,,
ninja-vapes.co.uk,Nic Salt E-Liquid By Vampire Vape Bar Salts,vampire vape bar salts,nicsalt,12,banana ice; blue raspberry lemonade; blue sour raspberry; cherry cola; cherry ice; cola; grape; kiwi passion fruit guava; lemon lime; mango; pineapple ice; strawberry ice,"strength: 10mg, 20mg, 5mg",2.95,12,Cherry Cola Nic Salt E-Liquid by Vampire Vape Bar Salts,https://www.ninja-vapes.co.uk/product/cherry-cola-nic-salt-vampire-vape,https://www.ninja-vapes.co.uk/product/cola-nic-salt-vampire-vape https://www.ninja-vapes.co.uk/product/lemon-lime-nic-salt-vampire-vape-bar-salts https://www.ninja-vapes.co.uk/product/strawberry-ice-nic-salt-vampire-vape-bar-salts,,
ninja-vapes.co.uk,Vaporesso Dojoliq Nic Salt 10Ml,vaporesso,nicsalt,20,apple pear; black grape; blue raspberry lemonade; blueberry; blueberry sour raspberry; classic tobacco; cool menthol; fizzy cherry; kiwi passion fruit guava; lemon lime; peach raspberry; pineapple ice; pomelo soda; sour peach gummy; sour watermelon candy; strawberry ice; strawberry raspberry cherry ice; ten tangerines; triple mango; watermelon ice,"strength: 10mg, 20mg",2.99,2,Box of 10 Vaporesso Dojoliq Nic Salts 10ml | Only £19.99,https://www.ninja-vapes.co.uk/product/box-of-10-vaporesso-dojoliq-nic-salts-10ml,https://www.ninja-vapes.co.uk/product/vaporesso-dojoliq-nic-salts-10ml,,
ninja-vapes.co.uk,Nic Salt E-Liquid By Vaporesso Deliciu V2,vaporesso deliciu v2,nicsalt,17,apple peach; blackberry lime; blueberry pomegranate; blueberry sour raspberry; grape; kiwi passion fruit guava; lemon lime; menthol; pineapple ice; pineapple peach mango; pink lemonade; raspberry key lime; strawberry ice; strawberry kiwi; strawberry raspberry cherry ice; watermelon ice; wild apple hawthorn,"strength: 10mg, 20mg",3.95,17,Blackberry Lime Nic Salt E-Liquid by Vaporesso Deliciu V2,https://www.ninja-vapes.co.uk/product/blackberry-lime-nic-salt-vaporesso-deliciu-v2,https://www.ninja-vapes.co.uk/product/raspberry-key-lime-nic-salt-vaporesso-deliciu-v2 https://www.ninja-vapes.co.uk/product/strawberry-kiwi-nic-salt-vaporesso-deliciu-v2 https://www.ninja-vapes.co.uk/product/wild-apple-and-hawthorn-nic-salt-vaporesso-deliciu-v2,,
ninja-vapes.co.uk,Nic Salt E-Liquid By Yeti Summit Series,yeti summit series,nicsalt,15,apricot watermelon ice; banana ice; blue raspberry ice; blueberry peach ice; cherry ice; honeydew blackcurrant ice; mango ice; orange mango ice; passion fruit lychee ice; pineapple ice; sour grape ice; sour raspberry watermelon ice; strawberry cherry raspberry ice; strawberry lemon ice; watermelon ice,"strength: 10mg, 20mg, 5mg",3.95,15,Blueberry Peach Ice Nic Salt E-Liquid by Yeti Summit Series,https://www.ninja-vapes.co.uk/product/blueberry-peach-ice-nic-salt-yeti-summit-series,https://www.ninja-vapes.co.uk/product/strawberry-cherry-raspberry-ice-nic-salt-yeti-summit-series https://www.ninja-vapes.co.uk/product/sour-raspberry-watermelon-ice-nic-salt-yeti-summit-series https://www.ninja-vapes.co.uk/product/watermelon-ice-nic-salt-yeti-summit-series,,
ninja-vapes.co.uk,Zombie Blood Nic Salt 10Ml,zombie blood,nicsalt,16,apple berry; blackcurrant menthol; blackjack; blue crystal; blueberry gum; bubblegum; cherry menthol; cola menthol; menthol; mix berry; opal fruits; pear drops; pink lemonade; red a; tobacco; vamtoes,"strength: 10mg, 20mg",2.99,2,Box of 10 Zombie Blood Nic Salts 10ml | Only £19.99,https://www.ninja-vapes.co.uk/product/box-of-10-zombie-blood-nic-salt-10ml,https://www.ninja-vapes.co.uk/product/zombie-blood-nic-salt-10ml,,
ninja-vapes.co.uk,Awt 18650 2400Mah 40A 3.7V (1Pack),?,other,0,,,3.99,1,AWT 18650 2400MAH 40A 3.7V (1PACK),https://www.ninja-vapes.co.uk/product/1-x-awt-18650-2400mah-40a-37v,,buy awt 18650 3.7v 2900mah 40a,0.35
ninja-vapes.co.uk,Awt 18650 3.7V 3500Mah 35A,?,other,0,,,7.99,2,AWT 18650 3.7V 3500MAH 35A (2 PACK),https://www.ninja-vapes.co.uk/product/2-x-awt-18650-37v-3500mah-35a,https://www.ninja-vapes.co.uk/product/1-x-awt-18650-37v-3500mah-35a,buy awt 18650 3.7v 2900mah 40a,0.15
ninja-vapes.co.uk,Ninja Vapes Bargain Box,?,other,0,,,1.99,3,NINJA VAPES BARGAIN BOX | VAPES KITS FOR CHEAP,https://www.ninja-vapes.co.uk/product/ninja-vapes-bargain-box-vape-kits,https://www.ninja-vapes.co.uk/product/ninja-vapes-bargain-box-e-liquids https://www.ninja-vapes.co.uk/product/ninja-vapes-bargain-box-nic-salts,,
ninja-vapes.co.uk,christmas mystery vape boxes,?,other,5,box 10; box 15; box 20; box 3; box 5,,14.99,1,Christmas Mystery Vape Boxes,https://www.ninja-vapes.co.uk/product/mystery-disposable-vapes-box,,mystery vapes box try once,0.1
ninja-vapes.co.uk,elfa pro pod,?,other,15,apple peach; blueberry; blueberry bg; cherry cloud; mad blue; peach ice; pear; pineapple lemon; strawberry kiwi; strawberry raspberry; strawberry raspberry cherry ice; strawberry snow; tropical fruit; watermelon cherry; wild orange,,3.99,1,Elfa Pro POD,https://www.ninja-vapes.co.uk/product/elfa-pro-prefilled-pods-by-elf-bar,,smok nfix pro replacement vape pod,0.25
ninja-vapes.co.uk,al fakher crown bar pro max 12k device,al fakher,other,0,,"colour: blue, green, light blue, orange, pink, purple, red, teal, white, yellow",4.99,1,Al Fakher Crown Bar Pro Max 12K Device | Only £4.99,https://www.ninja-vapes.co.uk/product/al-fakher-crown-bar-pro-max-12k-device,,,
ninja-vapes.co.uk,caliypso lemon & lime lemonade 100mla,caliypso,other,0,,,6.99,1,Caliypso Lemon & Lime Lemonade 100mla,https://www.ninja-vapes.co.uk/product/caliypso-lemon-and-lime-lemonade-100ml,,,
ninja-vapes.co.uk,dovpo ayce pro pod pack,dovpo,other,0,,"resistance: 0.6ohm, 0.8ohm",7.95,1,Dovpo Ayce Pro Pod Pack,https://www.ninja-vapes.co.uk/product/dovpo-ayce-pro-pod-pack,,,
ninja-vapes.co.uk,freemax 904l x mesh replacement coils,freemax,other,0,,"resistance: 0.15ohm x1, 0.2ohm x2",10.99,1,Freemax 904L X Mesh Replacement Coils,https://www.ninja-vapes.co.uk/product/freemax-fireluke-replacement-coils,,freemax 904l m mesh coils pack of 3,0.45
ninja-vapes.co.uk,freemax fireluke m tx mesh replacement coils 5 pack,freemax,other,0,,"resistance: 0.15ohm tx1 single, 0.15ohm tx2 double, 0.15ohm tx3 triple, 0.15ohm tx4 quad",12.49,1,FreeMax Fireluke M TX Mesh Replacement Coils | 5 Pack | Only £12.49,https://www.ninja-vapes.co.uk/product/freemax-fireluke-m-tx-mesh-replacement-coils-5-pack,,freemax 904l m mesh coils pack of 3,0.15
ninja-vapes.co.uk,freemax fireluke mesh coils,freemax,other,0,,resistance: 0.15ohm,12.99,1,FreeMax Fireluke Mesh Coils,https://www.ninja-vapes.co.uk/product/freemax-fireluke-mesh-coils,,freemax maxpod ns mesh replacement coils uk,0.35
ninja-vapes.co.uk,freemax maxpod pod system,freemax,other,0,,"colour: black, blue, green, red, white, yellow",19.99,1,Freemax MaxPod POD SYSTEM || Pod Kit,https://www.ninja-vapes.co.uk/product/freemax-maxpod-pod-system-pod-kit,,freemax maxpod ns mesh replacement coils uk,0.35
ninja-vapes.co.uk,innokin klypse zip vape pod,innokin,other,0,,"colour: blush, charcoal, graphite, indigo, mint, pearl, purple, scarlet",8.99,1,Innokin Klypse Zip Vape Pod,https://www.ninja-vapes.co.uk/product/innokin-klypse-zip,,,
ninja-vapes.co.uk,ivg pro 2 vape device (battery),ivg,other,0,,"colour: black, blue, green, gun metal, hot pink, purple, red, rose gold",6.99,1,IVG Pro 2 Vape Device (Battery) | £6.99 Only,https://www.ninja-vapes.co.uk/product/ivg-pro-2,,box of 10 ivg 10k pro refills,0.15
ninja-vapes.co.uk,"kingston black grape, lime & bubblegum menthol 500ml",kingston,other,0,,,19.49,1,"Kingston Black Grape, Lime & Bubblegum Menthol 500ml",https://www.ninja-vapes.co.uk/product/kingston-black-grape-lime-and-bubblegum-menthol-500ml,,,
ninja-vapes.co.uk,kingston black jack 500ml,kingston,other,0,,,21.99,1,Kingston Black Jack 500ml,https://www.ninja-vapes.co.uk/product/kingston-black-jack-500ml,,,
ninja-vapes.co.uk,kingston blackcurrant blue raspberry menthol 500ml,kingston,other,0,,,21.99,1,Kingston Blackcurrant Blue Raspberry Menthol 500ml,https://www.ninja-vapes.co.uk/product/kingston-blackcurrant-blue-raspberry-menthol-500ml,,,
ninja-vapes.co.uk,kingston blackcurrant chill 500ml,kingston,other,0,,,21.99,1,Kingston Blackcurrant Chill 500ml,https://www.ninja-vapes.co.uk/product/kingston-blackcurrant-chill-500ml,,,
ninja-vapes.co.uk,kingston blackcurrant raspberry lemonade soda 500ml,kingston,other,0,,,21.99,1,Kingston Blackcurrant Raspberry Lemonade Soda 500ml,https://www.ninja-vapes.co.uk/product/kingstonblackcurrant-raspberry-lemonade-soda-500ml,,,
ninja-vapes.co.uk,kingston blue raspberry menthol 500ml,kingston,other,0,,,19.49,1,Kingston Blue Raspberry Menthol 500ml,https://www.ninja-vapes.co.uk/product/kingston-blue-raspberry-menthol-500ml,,,
ninja-vapes.co.uk,kingston cherry chill 500ml,kingston,other,0,,,21.99,1,Kingston Cherry Chill 500ml,https://www.ninja-vapes.co.uk/product/kingston-cherry-chill-500ml,,,
ninja-vapes.co.uk,kingston chuckleberry 500ml,kingston,other,0,,,21.99,1,Kingston Chuckleberry 500ml,https://www.ninja-vapes.co.uk/product/kingston-chuckleberry-500ml,,,
ninja-vapes.co.uk,kingston gazillions & bubblegum 500ml,kingston,other,0,,,21.99,1,Kingston Gazillions & Bubblegum 500ml,https://www.ninja-vapes.co.uk/product/kingston-gazillions-bubblegum-500ml,,,
ninja-vapes.co.uk,"kingston gazillions, blue raspberry 500ml",kingston,other,0,,,21.99,1,"Kingston Gazillions, Blue Raspberry 500ml",https://www.ninja-vapes.co.uk/product/kingston-gazillions-blue-raspberry-500ml,,,
ninja-vapes.co.uk,kingston grape zingberry 500ml,kingston,other,0,,,19.49,1,Kingston Grape Zingberry 500ml,https://www.ninja-vapes.co.uk/product/kingston-grape-zingberry-500ml,,,
ninja-vapes.co.uk,kingston menthol 500ml,kingston,other,0,,,21.99,1,Kingston Menthol 500ml,https://www.ninja-vapes.co.uk/product/kingston-menthol-500ml,,,
ninja-vapes.co.uk,kingston minty menthol 500ml,kingston,other,0,,,21.99,1,Kingston Minty Menthol 500ml,https://www.ninja-vapes.co.uk/product/kingston-minty-menthol-500ml,,,
ninja-vapes.co.uk,kingston red a 500ml,kingston,other,0,,,21.99,1,Kingston Red A 500ml,https://www.ninja-vapes.co.uk/product/kingston-red-a-500ml,,,
ninja-vapes.co.uk,kingston refreshing chews 500ml,kingston,other,0,,,21.99,1,Kingston Refreshing Chews 500ml,https://www.ninja-vapes.co.uk/product/kingston-refreshing-chews-500ml,,,
ninja-vapes.co.uk,kingston strawberry kiwi zingberry 500ml,kingston,other,0,,,21.99,1,Kingston Strawberry Kiwi Zingberry 500ml,https://www.ninja-vapes.co.uk/product/kingston-strawberry-kiwi-zingberry-500ml,,,
ninja-vapes.co.uk,kingston super ice menthol 500ml,kingston,other,0,,,21.99,1,Kingston Super Ice Menthol 500ml,https://www.ninja-vapes.co.uk/product/kingston-super-ice-menthol-500ml,,,
ninja-vapes.co.uk,kingston tropical fruits & berries menthol 500ml,kingston,other,0,,,21.99,1,Kingston Tropical Fruits & Berries Menthol 500ml,https://www.ninja-vapes.co.uk/product/kingston-tropical-fruits-and-berries-menthol-500ml,,,
ninja-vapes.co.uk,kingston tropical fruits menthol 500ml,kingston,other,0,,,21.99,1,Kingston Tropical Fruits Menthol 500ml,https://www.ninja-vapes.co.uk/product/kingston-tropical-fruits-menthol-500ml,,,
ninja-vapes.co.uk,kingston vinberry soda 500ml,kingston,other,0,,,21.99,1,Kingston Vinberry Soda 500ml,https://www.ninja-vapes.co.uk/product/kingston-vinberry-soda-500ml,,,
ninja-vapes.co.uk,kingston zingberry 500ml,kingston,other,0,,,21.99,1,Kingston Zingberry 500ml,https://www.ninja-vapes.co.uk/product/kingston-zingberry-500ml,,,
ninja-vapes.co.uk,blue slush ice double brew by ohm brew,ohm brew,other,0,,"strength: 10mg, 20mg, 5mg",3.95,1,Blue Slush Ice Double Brew by Ohm Brew,https://www.ninja-vapes.co.uk/product/blue-slush-ice-double-brew-ohm-brew,,,
ninja-vapes.co.uk,fizzy cola ice double brew by ohm brew,ohm brew,other,0,,"strength: 10mg, 20mg, 5mg",3.95,1,Fizzy Cola Ice Double Brew by Ohm Brew,https://www.ninja-vapes.co.uk/product/fizzy-cola-ice-double-brew-ohm-brew,,,
ninja-vapes.co.uk,smok fetch pro pod 2ml/4ml,smok,other,0,,,8.49,1,Smok Fetch Pro Pod 2ml/4ml,https://www.ninja-vapes.co.uk/product/smok-fetch-pro-pod-2ml-4ml,,smok nfix pro replacement vape pod,0.4
ninja-vapes.co.uk,smok tfv8 baby t12 eu 0.15ohm,smok,other,0,,resistance: 0.15ohm,7.99,1,SMOK TFV8 Baby T12 EU 0.15ohm,https://www.ninja-vapes.co.uk/product/smok-tfv8-baby-t12-eu-015ohm,,smok tfv9 adaptor,0.07
ninja-vapes.co.uk,snowwolf wf-h-m ohm mesh coils,snowwolf,other,0,,resistance: 0.15ohm,11.99,1,Snowwolf WF-H-M 0.15 Ohm Mesh Coils,https://www.ninja-vapes.co.uk/product/snowwolf-wfhm-015-ohm-mesh-coils,,,
ninja-vapes.co.uk,snowwolf wf-m ohm mesh coils,snowwolf,other,0,,resistance: 0.13ohm,11.49,1,Snowwolf WF-M 0.13 Ohm Mesh Coils,https://www.ninja-vapes.co.uk/product/snowwolf-wfm-013-ohm-mesh-coils,,,
ninja-vapes.co.uk,ultimate puff on ice apple,ultimate puff,other,0,,,10.99,1,Ultimate Puff On Ice Apple,https://www.ninja-vapes.co.uk/product/ultimate-puff-on-ice-apple-and-mango-100ml-25325,,,
ninja-vapes.co.uk,ultimate puff on ice grape,ultimate puff,other,0,,,10.99,1,Ultimate Puff On Ice Grape,https://www.ninja-vapes.co.uk/product/ultimate-puff-on-ice-grape-and-strawberry-100ml-25329,,,
ninja-vapes.co.uk,uwell caliburn pod pack,uwell,other,0,,"resistance: 1.2ohm, 1.4ohm",9.95,1,Uwell Caliburn Pod Pack,https://www.ninja-vapes.co.uk/product/uwell-caliburn-pod-pack,,,
ninja-vapes.co.uk,voopoo pnp vm1 replacement mesh coils (pack of 5),voopoo,other,0,,resistance: 0.3ohm,7.99,1,VooPoo PnP VM1 Replacement Mesh Coils (PACK OF 5) | Only £7.99,https://www.ninja-vapes.co.uk/product/voopoo-pnp-vm1-coils,,,
ninja-vapes.co.uk,Aladdin Enjoy Refill Pods,?,pods,29,banana ice; blue raspberry cherry; blue raspberry gummy bear; blue raspberry lemonade; blueberry cherry cranberry; blueberry ice; blueberry raspberry; blueberry sour raspberry; cherry berry; cherry cola; cherry ice; grape; gummy bear; juicy peach; kiwi passion fruit guava; lemon lime; mango; mr blue; pineapple ice; pink lemon; skt; strawberry; strawberry grape; strawberry ice cream; strawberry kiwi; strawberry raspberry cherry; strawberry raspberry ice; strawberry watermelon bubblegum; watermelon,,5.99,2,Aladdin Enjoy X 10000 Refill Pods | Only £5.99 | Any 3 for £15,https://www.ninja-vapes.co.uk/product/aladdin-pro-enjoy-x-10000-puffs-prefilled-replacement-pods,https://www.ninja-vapes.co.uk/product/box-of-10-aladdin-pro-enjoy-x-10000-pods,Aladdin Pro Enjoy Prefilled Pod,0.55
ninja-vapes.co.uk,Refill Pods,?,pods,1,smok247,,3.99,1,SMOK Tech247 Replacement Pods (2PACK) | Only £3.99,https://www.ninja-vapes.co.uk/product/tech247-replacement-pods-by-smok,,,
ninja-vapes.co.uk,firerose slidego 20k refill pods,?,pods,14,cola; fizzy cherry; fresh mint; grape; gummy bear; kiwi passion fruit guava; lemon lime; menthol; mr blue; pineapple ice; strawberry kiwi; strawberry raspberry cherry; strawberry watermelon bubblegum; watermelon ice,,5.99,1,Firerose Slidego 20K Refill Pods | Only £5.99 | Any 3 for £15,https://www.ninja-vapes.co.uk/product/refill-pods-for-firerose-slidego-40k,,gold bar apollo 20k puffs replacement pods pack of 2,0.4
ninja-vapes.co.uk,king of pod slim pro xl replacement pods (3pack),?,pods,0,,"resistance: 0.4ohm, 0.6ohm, 0.8ohm",5.99,1,King of Pod Slim Pro XL Replacement Pods (3PACK) | Only £5.99,https://www.ninja-vapes.co.uk/product/kop-slim-pro-replacement-pods,,feoba pro prefilled replacement pods,0.4
ninja-vapes.co.uk,riot connex prefilled pods (capsules),?,pods,2,mix 3; mix 5,,6.0,1,Riot Connex Prefilled Pods (Capsules) | Only £2.99 | Any 5 for £10,https://www.ninja-vapes.co.uk/product/riot-connex-capsule-pods,,riot connex prefilled vape pods,0.45
ninja-vapes.co.uk,solobar 30k prefilled refill pods,?,pods,10,kiwi passion fruit guava; lemon lime; mr blue; pineapple ice; pink lemonade; red apple ice; strawberry ice; strawberry kiwi; strawberry raspberry cherry; watermelon ice,,4.99,1,Solobar 30K Prefilled Refill Pods | Only £4.99 | Any 3 for £12,https://www.ninja-vapes.co.uk/product/solobar-30k-puffs-refill-pod-pack,,box of 10 al fakher 30k refill pods,0.55
ninja-vapes.co.uk,aspire favostix replacement pods,aspire,pods,0,,"resistance: 0.6ohm, 1.0ohm",7.95,1,Aspire Favostix Replacement Pods,https://www.ninja-vapes.co.uk/product/aspire-favostix-replacement-pods,,,
ninja-vapes.co.uk,aspire flexus aio replacement pod,aspire,pods,0,,,4.99,1,Aspire Flexus AIO Replacement Pod,https://www.ninja-vapes.co.uk/product/aspire-flexus-aio-replacement-pod,,aspire flexus blok replacement pods aspire vape pods,0.4
ninja-vapes.co.uk,aspire minican replacement pods,aspire,pods,0,,"resistance: 0.8ohm, 1.2ohm",5.99,1,Aspire Minican Replacement Pods,https://www.ninja-vapes.co.uk/product/aspire-minican-replacement-pods,,aspire minican 3 empty replacement pod,0.3
ninja-vapes.co.uk,big bar 15 pro 15k refill pods,big bar,pods,13,fizzy cherry; fresh mint; grape ice; lemon lime; mr blue; peach ice; pineapple ice; pineapple mango; strawberry ice; strawberry kiwi; strawberry raspberry cherry ice; triple mango; watermelon ice,,5.99,1,Big Bar 15 Pro 15K Refill Pods,https://www.ninja-vapes.co.uk/product/refill-pods-for-big-bar-15-pro-15k,,big bar 15000 pro prefilled replacement pods,0.4
ninja-vapes.co.uk,bloody mary bloody bar 5-in-1 prefilled refill pods,bloody mary,pods,11,cherry ice; gummy bear; kiwi passion fruit guava; lemon lime; mr blue; pineapple ice; pink lemonade; rainbow; strawberry kiwi; strawberry raspberry cherry; watermelon,,4.99,1,Bloody Mary Bloody Bar 5-in-1 Prefilled Refill Pods | Only £4.99 | Any 3 for £14,https://www.ninja-vapes.co.uk/product/bloody-bar-3000-5in1-prefilled-refill-pods,,,
ninja-vapes.co.uk,crystal galaxy focus 1 6000 prefilled pods,crystal galaxy,pods,6,fresh mint; juicy peach; lemon lime; mr blue; strawberry raspberry ice; summer dream,,5.99,1,Crystal Galaxy Focus 1 6000 Prefilled Pods | Only £5.99,https://www.ninja-vapes.co.uk/product/refill-pods-for-crystal-galaxy-focus-6000,,,
ninja-vapes.co.uk,hawcos x lost mary crystal pro refill pods,crystal pro,pods,11,double apple; grape; kiwi passion fruit guava; lemon lime; menthol; pineapple ice; pink lemonade; strawberry burst; strawberry raspberry cherry ice; triple mango; watermelon ice,,4.99,1,Hawcos x Lost Mary Crystal Pro Refill Pods | Only £4.99 | Any 3 for £14,https://www.ninja-vapes.co.uk/product/hawcos-lost-mary-crystal-pro-prefilled-refill-pods,,,
ninja-vapes.co.uk,defender f1-10000 refill pods,defender,pods,4,pineapple ice; pink lemonade; strawberry ice; watermelon ice,,6.99,1,Defender F1-10000 Refill Pods | Only £6.99 | Any 3 for £18,https://www.ninja-vapes.co.uk/product/defender-f1-10000-prefilled-refill-pods,,defender f1-10000 prefilled pods,0.4
ninja-vapes.co.uk,fisco flex 10k refill pods,fisco,pods,4,blue raspberry gummy; fizzy cherry; lemon lime; pineapple ice,,6.99,1,Fisco Flex 10K Refill Pods | Only £6.99,https://www.ninja-vapes.co.uk/product/refill-pods-for-fisco-flex-10k,,,
ninja-vapes.co.uk,fisco point pro 15000 prefilled refill pods,fisco,pods,8,juicy peach lemon; lemon lime; mr blue; strawberry kiwi; strawberry mojito; strawberry watermelon bubblegum; triple apple; watermelon ice,,6.99,1,Fisco Point Pro 15000 Prefilled Refill Pods | Only £6.99 | Any 3 for £18,https://www.ninja-vapes.co.uk/product/fisco-point-pro-15000-refill-pods,,,
ninja-vapes.co.uk,geekvape aegis boost 2 (b60) replacement pod (2pack),geekvape,pods,0,,,5.99,1,GeekVape Aegis Boost 2 (B60) Replacement Pod (2PACK),https://www.ninja-vapes.co.uk/product/geekvape-b60-replacement-pods,,geekvape aegis boost pro 6ml replacement pods,0.24
ninja-vapes.co.uk,gold bar reload prefilled pods,gold bar,pods,5,ice pop; summer berry; virginia cream tobacco; virginia tobacco; watermelon ice,,2.99,1,Gold Bar Reload Prefilled Pods | Only £2.99 | Any 3 for £8,https://www.ninja-vapes.co.uk/product/gold-bar-prefilled-pods-for-reload-pod-kit,,,
ninja-vapes.co.uk,hayati miniature 600 puffs prefilled pods,hayati,pods,2,kiwi lime; watermelon ice,,1.99,1,Hayati Miniature 600 Puffs Prefilled Pods,https://www.ninja-vapes.co.uk/product/hayati-600-pod-kit,,,
ninja-vapes.co.uk,hayati quokka replacement pods,hayati,pods,0,,"resistance: 0.6ohm, 0.8ohm, 1.2ohm",7.99,1,Hayati Quokka Replacement Pods,https://www.ninja-vapes.co.uk/product/hayati-quokka-replacement-pods,,hayati quokka replacement pods – 0.6ω/0.8ω/1.2ω side-fill,0.5
ninja-vapes.co.uk,innokin klypse replacement pods,innokin,pods,0,,"resistance: 0.6ohm, 0.8ohm, 1.2ohm",5.99,1,Innokin Klypse Replacement Pods | Only £5.99,https://www.ninja-vapes.co.uk/product/innokin-klypse-replacement-pods,,innokin klypse v2 replacement pods,0.3
ninja-vapes.co.uk,innokin kroma-nova replacement pod,innokin,pods,0,,,2.95,1,Innokin Kroma-Nova Replacement Pod,https://www.ninja-vapes.co.uk/product/innokin-kroma-nova-replacement-pod,,,
ninja-vapes.co.uk,innokin sceptre 2 replacement pods,innokin,pods,0,,,4.95,1,Innokin Sceptre 2 Replacement Pods,https://www.ninja-vapes.co.uk/product/innokin-sceptre-2-replacement-pods,,innokin sceptre tube replacement pod,0.2
ninja-vapes.co.uk,innokin sensis replacement pod 2ml,innokin,pods,0,,,9.99,1,Innokin Sensis Replacement Pod 2ml,https://www.ninja-vapes.co.uk/product/innokin-sensis-replacment-pod-2ml,,,
ninja-vapes.co.uk,ivg 2400 reload prefilled refill pods (2 pack),ivg,pods,4,strawberry ice; strawberry watermelon; tropical fruits; watermelon ice,,4.99,1,IVG 2400 Reload Prefilled Refill Pods (2 PACK) | Only £4.99 | Any 3 for £14,https://www.ninja-vapes.co.uk/product/ivg-2400-reload-prefilled-refill-pods,,ivg 2400 reload 4-in-1 prefilled pods pack of 4,0.24
ninja-vapes.co.uk,lost mary 4 in 1 prefilled pods,lost mary,pods,4,double apple; lemon lime; peach ice; triple mango,,2.99,1,Lost Mary 4 in 1 Prefilled Pods | Only £2.99 | Any 3 for £8,https://www.ninja-vapes.co.uk/product/lost-mary-4-in-1-pods,,,
ninja-vapes.co.uk,Refill Pods Pod By Miami Mint,miami mint,pods,1,lost mary bm6000,,6.99,1,Lost Mary BM6000 Refill Pack Pod by Miami Mint,https://www.ninja-vapes.co.uk/product/miami-mint-lost-mary-bm6000-refill-pack-pod,,,
ninja-vapes.co.uk,orca vape san dynasty replacement pods (3pack),orca vape,pods,0,,"resistance: 0.4ohm, 0.6ohm, 0.8ohm",8.99,1,Orca Vape San Dynasty Replacement Pods (3PACK) | Only £8.99,https://www.ninja-vapes.co.uk/product/orca-vape-san-dynasty-replacement-pods,,,
ninja-vapes.co.uk,oxva bipod refillable pods,oxva,pods,0,,resistance: 0.8ohm,7.95,1,OXVA Bipod Refillable Pods,https://www.ninja-vapes.co.uk/product/oxva-bipod-refillable-pods,,,
ninja-vapes.co.uk,Refill Pods Pod By Pineapple Ice,pineapple ice,pods,1,lost mary bm6000,,6.99,1,Lost Mary BM6000 Refill Pack Pod by Pineapple Ice,https://www.ninja-vapes.co.uk/product/pineapple-ice-lost-mary-bm6000-refill-pack-pod,,,
ninja-vapes.co.uk,pod salt pyne pod 2-in-one pods,pyne pod,pods,14,fresh mint; lemon lime; mango ice; mango peach; mix berry ice; mr.blue; pineapple ice; pineapple passion; raspberry mojito; spearmint; strawberry; strawberry watermelon; summer punch; watermelon ice,,4.99,1,Pod Salt Pyne Pod 2-in-One Pods | Only £4.99 | Any 3 for £14,https://www.ninja-vapes.co.uk/product/pod-salt-pyne-pod-2-in-1-pods,,,
ninja-vapes.co.uk,quadro prefilled refill pods (2pack),quadro,pods,19,fizzy cherry; fruit gum; grape gb; grape ice; hub bub; ice fruit; kiwi passion fruit guava; menthol; mr blue; peach mango ice; pink lemonade; rainbow; strawberry b gum; strawberry kiwi; strawberry raspberry ice; strawberry watermelon; triple mango ice; vmt; watermelon ice,,3.99,1,Quadro Prefilled Refill Pods (2PACK) | Only £3.99 | Any 3 for £9,https://www.ninja-vapes.co.uk/product/refill-pods-for-quadro-600,,,
ninja-vapes.co.uk,randm fumot ultra t32000 refill pods,randm,pods,26,blueberry sour raspberry; cherry cola; cherry ice; cool mint; dr blue; fizzy lemon lime; fruit bomb; grape ice; grape rainbow drops; juicy peach; kiwi passion fruit guava; lemon blueberry; lucid dream; pineapple ice; pink lemonade; rainbow candy; raspberry watermelon; spearmint; strawberry dragonfruit; strawberry grapefruit; strawberry ice; strawberry rainbow drops; strawberry watermelon; triple mango; watermelon hbubba; watermelon ice,,5.99,1,RandM Fumot Ultra T32000 Refill Pods | Only £5.99 | Any 3 for £15,https://www.ninja-vapes.co.uk/product/randm-fumot-ultra-t32000-refill-pods,,,
ninja-vapes.co.uk,Refill Pods Pod By Raspberry Peach,raspberry peach,pods,1,lost mary bm6000,,6.99,1,Lost Mary BM6000 Refill Pack Pod by Raspberry Peach,https://www.ninja-vapes.co.uk/product/raspberry-peach-lost-mary-bm6000-refill-pack-pod,,,
ninja-vapes.co.uk,Rpm 4 Refill Pods By,smok,pods,0,,colour: smok,3.95,1,RPM 4 Replacement Pods by SMOK,https://www.ninja-vapes.co.uk/product/rpm-4-replacement-pods-by-smok,,smok nord 4 replacement pods,0.4
ninja-vapes.co.uk,Solus 2 Refill Pods By,smok,pods,0,,colour: smok,6.95,1,Solus 2 Replacement Pods by SMOK,https://www.ninja-vapes.co.uk/product/solus-2-replacement-pods-by-smok,,smok nord 2 replacement pods,0.4
ninja-vapes.co.uk,smok fetch mini replacement pods,smok,pods,0,,,2.75,1,Smok Fetch Mini Replacement Pods,https://www.ninja-vapes.co.uk/product/smok-fetch-mini-replacement-pods,,Refill Pods,0.45
ninja-vapes.co.uk,smok ipx80 replacement pods,smok,pods,0,,,5.99,1,Smok IPX80 Replacement Pods,https://www.ninja-vapes.co.uk/product/smok-ipx80-replacement-pods,,smok rpm80 5ml pod & 2ml rgc replacement pods,0.4
ninja-vapes.co.uk,smok morph pod-40 replacement pods,smok,pods,0,,,4.95,1,SMOK Morph Pod-40 Replacement Pods,https://www.ninja-vapes.co.uk/product/smok-morph-pod-40-replacement-pods,,,
ninja-vapes.co.uk,smok nord c replacement pods,smok,pods,0,,,5.95,1,SMOK Nord C Replacement Pods,https://www.ninja-vapes.co.uk/product/nord-c-replacement-pods,,Smok Nord Refill Pods,0.45
ninja-vapes.co.uk,smok pozz x rpm replacement pods,smok,pods,0,,,5.99,1,Smok Pozz X RPM Replacement Pods,https://www.ninja-vapes.co.uk/product/smok-pozz-x-rpm-replacement-pods,,Refill Pods,0.45
ninja-vapes.co.uk,smok rpm 40 replacement pods,smok,pods,0,,,4.95,1,SMOK RPM 40 Replacement Pods,https://www.ninja-vapes.co.uk/product/smok-rpm-40-replacement-pods,,smok rpm 2 replacement pods pack of 3,0.2
ninja-vapes.co.uk,smok rpm c replacement pods,smok,pods,0,,,4.95,1,SMOK RPM C Replacement Pods,https://www.ninja-vapes.co.uk/product/smok-rpm-c-replacement-pods,,smok rpm 2 replacement pods pack of 3,0.3
ninja-vapes.co.uk,smok rpm lite replacement pods 2ml (3pack),smok,pods,0,,,5.99,1,Smok RPM Lite Replacement Pods 2ML (3PACK),https://www.ninja-vapes.co.uk/product/smok-rpm-lite-replacement-pods-3-pack,,Refill Pods,0.45
ninja-vapes.co.uk,smok rpm40 standard & nord pods,smok,pods,0,,,5.99,1,Smok RPM40 Standard & Nord Pods,https://www.ninja-vapes.co.uk/product/smok-rpm40-standard-and-nord-pods,,smok nord 2 rpm pods,0.24
ninja-vapes.co.uk,snowwolf afeng cartridge pods (2 pack),snowwolf,pods,0,,,4.99,1,Snowwolf Afeng Cartridge Pods (2 Pack),https://www.ninja-vapes.co.uk/product/snowwolf-afeng-cartridge-pods-2-pack,,,
ninja-vapes.co.uk,Refill Pods Pod By Strawberry Ice,strawberry ice,pods,1,lost mary bm6000,,6.99,1,Lost Mary BM6000 Refill Pack Pod by Strawberry Ice,https://www.ninja-vapes.co.uk/product/strawberry-ice-lost-mary-bm6000-refill-pack-pod,,,
ninja-vapes.co.uk,Refill Pods Pod By Triple Berry,triple berry,pods,1,lost mary bm6000,,6.99,1,Lost Mary BM6000 Refill Pack Pod by Triple Berry,https://www.ninja-vapes.co.uk/product/triple-berry-lost-mary-bm6000-refill-pack-pod,,,
ninja-vapes.co.uk,"uwell caliburn gpp replacement pods for g3, g4 & g5 (4pack)",uwell,pods,0,,"resistance: 0.4ohm, 0.6ohm, 0.9ohm, 1.2ohm",9.99,1,"Uwell Caliburn GPP Replacement Pods for G3, G4 & G5 (4PACK)",https://www.ninja-vapes.co.uk/product/uwell-gpp-replacement-pods,,uwell caliburn g3 gpp replacement pods xl,0.3
ninja-vapes.co.uk,uwell gpp alpha replacement pods (4pack),uwell,pods,0,,"resistance: 0.4ohm, 0.6ohm, 0.9ohm, 1.2ohm",10.99,1,Uwell GPP Alpha Replacement Pods (4PACK) | Only £10.99,https://www.ninja-vapes.co.uk/product/uwell-gpp-alpha-replacement-pods,,Refill Pods,0.45
ninja-vapes.co.uk,Vapengin Venus 600 Prefilled Pods,vapengin,pods,19,banana ice; blueberry cherry cranberry; cherry cola; cherry ice; cherry lime raspberry; cool mint; fizzy guava; ice pop; lemon lime; mr bull; peach ice; pineapple ice; strawberry ice; strawberry raspberry cherry; strawberry watermelon; tobacco; tropical rainbow sky; vmt bull; watermelon ice,,4.49,2,Vapengin Venus 600 Prefilled Pods | Only £4.49 | Any 3 for £12,https://www.ninja-vapes.co.uk/product/vapengin-venus-prefilled-pods,https://www.ninja-vapes.co.uk/product/box-of-10-vapengin-venus-600-prefilled-pods,,
ninja-vapes.co.uk,vapes bar ghost 4 in 1 refill pods,vapes bars,pods,17,fizzy 1; fizzy 2; lemon 1; lemon 2; mint 1; mint 2; mix 1; mix 2; mix berry 1; mix berry 2; pineapple 1; pineapple 2; plum 1; plum 2; strawberry 1; strawberry 2; tobacco,,4.99,1,Vapes Bar Ghost 4 in 1 Refill Pods | Only £4.99 | Any 3 for £12,https://www.ninja-vapes.co.uk/product/vapes-bar-ghost-4-in-1-refill-pods,,ghost pro 8000+ refill pods – clearance price,0.07
ninja-vapes.co.uk,vaporesso xros corex 2.0 pods for all xros 3 series & 4 series kits,vaporesso,pods,0,,"resistance: 0.4ohm xros pro xros 4 xros 4 mini only, 0.6ohm, 0.8ohm, 1.0ohm, 1.2ohm",7.99,1,Vaporesso XROS COREX 2.0 Pods for ALL XROS 3 Series & 4 Series Kits,https://www.ninja-vapes.co.uk/product/vaporesso-xros-corex-2-0-pod-pack,,vaporesso xros corex 2.0 replacement pods,0.26
ninja-vapes.co.uk,voopoo argus bar neon 2k prefilled refill pod,voopoo,pods,4,pineapple ice; strawberry raspberry; triple mango; watermelon ice,,4.99,1,VooPoo Argus Bar Neon 2K Prefilled Refill Pod | Only £4.99 | Any 3 for £12,https://www.ninja-vapes.co.uk/product/voopoo-argus-bar-neon-2k-prefilled-pod,,voopoo argus replacement pods,0.45
ninja-vapes.co.uk,voopoo pnp 2ml/4.5ml replacement pod (drag x & drag s),voopoo,pods,0,,,5.99,1,VooPoo PNP 2ml/4.5ml Replacement Pod (Drag X & Drag S),https://www.ninja-vapes.co.uk/product/voopoo-pnp-2ml-4.5ml-replacement-pod-drag-x-and-drag-s,,Voopoo Pnp X Refill Pods,0.2
ninja-vapes.co.uk,voopoo pnp mtl 2ml replacement pod (drag x & drag s),voopoo,pods,0,,,5.99,1,VooPoo PNP MTL 2ml Replacement Pod (Drag X & Drag S),https://www.ninja-vapes.co.uk/product/voopoo-pnp-mtl-2ml-replacement-pod-drag-x-and-drag-s,,voopoo pnp mtl replacement pods pack of 2,0.4
ninja-vapes.co.uk,voopoo tpp replacement pod 5.5ml,voopoo,pods,0,,"colour: black, gun metal, silver",5.99,1,Voopoo TPP Replacement Pod 5.5ml,https://www.ninja-vapes.co.uk/product/voopoo-tpp-replacement-pod-55ml,,,
ninja-vapes.co.uk,voopoo vfl replacement pod,voopoo,pods,0,,,12.99,1,Voopoo VFL Replacement Pod,https://www.ninja-vapes.co.uk/product/voopoo-vfl-replacement-pod,,,
ninja-vapes.co.uk,voopoo vinci v1 replacement pods (3pack),voopoo,pods,0,,"resistance: 0.8ohm, 1.2ohm",6.99,1,VooPoo Vinci V1 Replacement Pods (3PACK) | £6.99 Only,https://www.ninja-vapes.co.uk/product/vooPoo-vinci-replacement-pods,,voopoo vinci replacement pods pack of 3,0.3
ninja-vapes.co.uk,voopoo vmate v2 replacement pods,voopoo,pods,0,,"resistance: 0.7ohm, 1.2ohm",4.95,1,Voopoo VMATE V2 Replacement Pods,https://www.ninja-vapes.co.uk/product/voopoo-vmate-v2-replacement-pods,,voopoo vinci v2 refillable pods pack of 3,0.4
ninja-vapes.co.uk,vuse pro refill pods,vuse,pods,7,menthol; mint ice; spearmint ice; strawberry ice; strawberry kiwi; vanilla.; watermelon ice,,6.49,1,Vuse Pro Refill Pods,https://www.ninja-vapes.co.uk/product/vuse-pro-pod-nic-salt-refills,,,
ninja-vapes.co.uk,Refill Pods Pod By Watermelon Ice,watermelon ice,pods,1,lost mary bm6000,,6.99,1,Lost Mary BM6000 Refill Pack Pod by Watermelon Ice,https://www.ninja-vapes.co.uk/product/watermelon-ice-lost-mary-bm6000-refill-pack-pod,,,
ninja-vapes.co.uk,Pouches,?,pouch,10,kiwi strawberry; mint explosion; pineapple mango coconut; starwberry banana gum; strawberry cheesecake; strawberry lychee; strawberry mango gum; strawberry pomegranate; watermelon lime; watermelon mint gum,"strength: 30mg medium, 30mg regular, 50mg, 50mg extreme",4.99,10,Pineapple Mango Coconut Nicotine Pouches,https://www.ninja-vapes.co.uk/product/pineapple-mango-currant-iceberg,https://www.ninja-vapes.co.uk/product/strawberry-mango-gum-iceberg https://www.ninja-vapes.co.uk/product/strawberry-banana-gum-iceberg https://www.ninja-vapes.co.uk/product/strawberry-pomegranate-iceberg,,
ninja-vapes.co.uk,clew nicotine pouches,?,pouch,9,blueberry; citrus; coffee; cool mint; golden tobacco; menthol; spearmint; watermelon; wintergreen,"strength: 10mg, 20mg, 5mg",4.99,1,Clew Nicotine Pouches | Only £4.99 | Any 3 for £12,https://www.ninja-vapes.co.uk/product/clew-nicotine-pouches,,,
ninja-vapes.co.uk,cuba ninja edition nicotine pouches,?,pouch,2,pinacolada; strawberry,,3.99,1,Cuba Ninja Edition Nicotine Pouches | Only £3.99 | Any 3 for £9,https://www.ninja-vapes.co.uk/product/cuba-ninja-edition-nicotine-pouches,,cuba nicotine pouches,0.55
ninja-vapes.co.uk,garant nicotine pouches,?,pouch,2,mango lime; pineapple,,3.99,1,Garant Nicotine Pouches | Only £3.99 | Any 3 for £9,https://www.ninja-vapes.co.uk/product/garant-nicotine-pouches,,,
ninja-vapes.co.uk,ghost nicotine pouches,?,pouch,6,blueberry ice; citrus; freeze; ice spearmint; mango; spearmint,"strength: 16mg, 25mg, 6mg",4.99,1,Ghost Nicotine Pouches | Only £4.99 | Any 3 for £12,https://www.ninja-vapes.co.uk/product/ghost-nicotine-pouches,,,
ninja-vapes.co.uk,helwit nicotine pouches,?,pouch,11,banana; blueberry; cherry; cola; menthol; mint; mocha; orange; pear; salmiak; violet,"strength: 12mg, 15mg, 7mg, 9mg",4.99,1,Helwit Nicotine Pouches | Only £4.99 | Any 3 for £12,https://www.ninja-vapes.co.uk/product/helwit-nicotine-pouches,,,
ninja-vapes.co.uk,poke nicotine pouches,?,pouch,6,citrus; freeze mint; mint; raspberry; tropical; watermelon,,3.99,1,Poke Nicotine Pouches | Only £3.99 | Any 3 for £9,https://www.ninja-vapes.co.uk/product/poke-nicotine-pouches,,,
ninja-vapes.co.uk,Pouches By Ghost,ghost,pouch,5,blueberry ice; citrus; freeze; ice spearmint; mango,strength: 6mg,6.99,5,Blueberry Ice Nicotine Pouches by GHOST,https://www.ninja-vapes.co.uk/product/blueberry-ice-ghost,https://www.ninja-vapes.co.uk/product/ice-spearmint-ghost-nicotine-pouches https://www.ninja-vapes.co.uk/product/citrus-ghost-nicotine-pouches https://www.ninja-vapes.co.uk/product/freeze-ghost-nicotine-pouches,,
ninja-vapes.co.uk,jnr nicotine pouches,jnr,pouch,15,black cherry; blue raspberry ice; blueberry mint; citrus cooling; fizzy cola; freeze ice; ice cool; ice mint; ice spear mint; mix berry; soft toffee; strawberry ice; tropical; twin apple; watermelon ice,strength: 25mg g,3.99,1,JNR Nicotine Pouches | Only £3.99 | Any 3 for £9,https://www.ninja-vapes.co.uk/product/jnr-nicotine-pouches,,,
ninja-vapes.co.uk,Killa Pouches,killa,pouch,22,13 energy; apple; banana ice; blueberry; bubblegum; cappuccino; cola; cold mint; cold x mint; cool mint; freeze gold; frosted mint; grape ice; mango ice; melon; mocca; pineapple; spearmint; strawberry cheesecake; strawberry lychee; watermelon; white coffee,"strength: 16.5mg, 16mg",2.99,14,Killa Cola Nicotine Pouches,https://www.ninja-vapes.co.uk/product/killa-cola-nicotine-pouches,https://www.ninja-vapes.co.uk/product/killa-watermelon-nicotine-pouches https://www.ninja-vapes.co.uk/product/killa-banana-ice-nicotine-pouches https://www.ninja-vapes.co.uk/product/killa-blueberry-nicotine-pouches,,
ninja-vapes.co.uk,killa exclusive nicotine pouches,killa,pouch,12,blue mint; blue raspberry; cherry cola; cold dry; dark cherry; double mint; green mint; lemonade; liquorice; orange; strawberry watermelon; tropical punch,strength: 16.5mg,3.99,1,Killa Exclusive Nicotine Pouches | Only £3.99 | Any 3 for £9,https://www.ninja-vapes.co.uk/product/killa-exclusive-nicotine-pouches,,,
ninja-vapes.co.uk,kingston zingberry nicotine pouches,kingston,pouch,0,,"strength: 12mg, 18mg, 28mg, 50mg",4.99,1,Kingston Zingberry Nicotine Pouches,https://www.ninja-vapes.co.uk/product/kingston-zingberry-nicotine-pouches,,,
ninja-vapes.co.uk,pablo dry nicotine pouches,pablo,pouch,3,ice cold; red; x ice cold,strength: 30mg,4.99,1,Pablo Dry Nicotine Pouches,https://www.ninja-vapes.co.uk/product/pablo-dry-nicotine-pouches,,,
ninja-vapes.co.uk,pablo exclusive nicotine pouches,pablo,pouch,21,banana ice; blue mint; blue raspberry; cherry cola; dark cherry; frosted ice; frosted mint; grape ice; green mint; kiwi; lemonade; liquorice; mango ice; mocca; orange; passion fruit; pear; strawberry cheesecake; strawberry lychee; strawberry watermelon; tropical punch,strength: 30mg,4.99,1,Pablo Exclusive Nicotine Pouches | Only £4.99 | Any 3 for £9.99,https://www.ninja-vapes.co.uk/product/pablo-nicotine-pouches,,,
ninja-vapes.co.uk,pablo gold edition nicotine pouches,pablo,pouch,3,passion fruit; tropical punch; white mint,,4.99,1,Pablo Gold Edition Nicotine Pouches | Only £4.99 | Any 3 for 12,https://www.ninja-vapes.co.uk/product/pablo-gold-edition-nicotine-pouches,,,
ninja-vapes.co.uk,Mini Pouches By Zyn,zyn,pouch,4,black cherry; citrus; cool mint; espressino,"strength: 3mg, 6mg",6.99,4,Citrus Mini Nicotine Pouches by ZYN,https://www.ninja-vapes.co.uk/product/zyn-citrus-mini,https://www.ninja-vapes.co.uk/product/zyn-espressino-mini https://www.ninja-vapes.co.uk/product/zyn-cool-mint-mini https://www.ninja-vapes.co.uk/product/zyn-black-cherry-mini,,
ninja-vapes.co.uk,100Ml Shortfill E-Liquid,?,shortfill,41,apple mango; apple raspberry blackcurrant; banana custard; blackcurrant menthol; blackjack chews; blue crystal; blue raspberry lemonade geek range; blue slush; blueberry gum; blueberry sour raspberry; bubblegum; caramel tobacco bronze blend; cherry bomb; cherry ice; cherry menthol; cola; cola menthol; cookies cream; creamy vanilla custard; ice mint; juicy mango; lemon tart; menthol; menthol waves; ninja treats ice strawberry; ninja vapes bubblegums milions; ninja vapes ice strawberry; ninja vapes rainbow fizzy rainbow; pineapple; pink lemonade; purple blood ninja vapes; red a geek range; strawberry cheesecake; strawberry ice cream geek range; strawberry mango; strawberry watermelon; strawberry watermelon lemonade; summer berry slush; sweet strawberry; tangy orange ice; tropical fruit ice,,4.99,42,Tropical Fruit Ice 100ml Shortfill E-Liquid,https://www.ninja-vapes.co.uk/product/tropical-fruit-ice-shortfill-darwin,https://www.ninja-vapes.co.uk/product/strawberry-watermelon-lemonade-my-liquids https://www.ninja-vapes.co.uk/product/bronze-blend-nasty-juice https://www.ninja-vapes.co.uk/product/blueberry-sour-raspberry-bar-series-100ml,,
ninja-vapes.co.uk,100Ml Shortfill E-Liquid Power,?,shortfill,19,berry lemonade ice; copper cola; fresh mint; frozen pineapple; lemon lime; passion lemonade; raspberry pear; shock fizzy; sour apple; sour cherry; spark watermelon mojito; strawberry lemonade berry; tropical fruit; tropical fruity; vimtonic; watermelon candy; watermelon candy gummies; watermelon ice; watermelon mojito,,6.69,5,Berry Lemonade Ice 100ml Shortfill E-liquid Power,https://www.ninja-vapes.co.uk/product/berry-lemonade-power-jnp,https://www.ninja-vapes.co.uk/product/juice-n-power-100ml-eliquid-shortfill https://www.ninja-vapes.co.uk/product/juice-n-power-eliquid-spark-watermelon-mojito-50ml https://www.ninja-vapes.co.uk/product/juice-n-power-eliquid-watermelon-candy-gummies-50ml,,
ninja-vapes.co.uk,E-Liquid Cherry Menthol 100Ml Shortfill,?,shortfill,2,ninja treats; ninja vapes,,4.99,2,Ninja Vapes E-Liquid Cherry Menthol 100ml Shortfill,https://www.ninja-vapes.co.uk/product/120-ml-cherry-menthol-shortfill,https://www.ninja-vapes.co.uk/product/cherry-menthol-120-ml-shortfill,kingston menthol range shortfill 100ml e-liquid,0.25
ninja-vapes.co.uk,E-Liquid Dragons 100Ml Shortfill,?,shortfill,1,blood,,4.99,1,E-Liquid Dragons Blood 100ml Shortfill,https://www.ninja-vapes.co.uk/product/120-ml-dragons-blood-shortfill,,,
ninja-vapes.co.uk,E-Liquid Lemon And Lime Lemonade 200Ml,?,shortfill,1,calypso,,10.99,1,Calypso E-Liquid Lemon & Lime Lemonade 200ml,https://www.ninja-vapes.co.uk/product/calypso-e-liquid-lemon-and-lime-lemonade-200ml,,,
ninja-vapes.co.uk,E-Liquid Pineapple Limeade 200Ml,?,shortfill,1,calypso,,10.99,1,Calypso E-Liquid Pineapple Limeade 200ml,https://www.ninja-vapes.co.uk/product/calypso-e-liquid-pineapple-limeade-200ml,,,
ninja-vapes.co.uk,E-Liquid Triple Melon Lemonade 200Ml,?,shortfill,1,calypso,,10.99,1,Calypso E-Liquid Triple Melon Lemonade 200ml,https://www.ninja-vapes.co.uk/product/calypso-e-liquid-triple-melon-lemonade-200ml,,,
ninja-vapes.co.uk,Vape E-Liquid Chilled Grape 100Ml,?,shortfill,1,ice queen,,4.99,1,Ice Queen Vape E Liquid Chilled Grape 100ml,https://www.ninja-vapes.co.uk/product/ice-queen-vape-e-liquid-chilled-grape-100ml,,ultimate puff shortfill chilled range 100ml e-liquid,0.25
ninja-vapes.co.uk,Vape E-Liquid Chilled Mango 100Ml,?,shortfill,1,ice queen,,4.99,1,Ice Queen Vape E Liquid Chilled Mango 100ml,https://www.ninja-vapes.co.uk/product/ice-queen-vape-e-liquid-chilled-mango-100ml,,ultimate puff shortfill chilled range 100ml e-liquid,0.25
ninja-vapes.co.uk,Vape E-Liquid Chilled Strawberry 100Ml,?,shortfill,1,ice queen,,4.99,1,Ice Queen Vape E Liquid Chilled Strawberry 100ml,https://www.ninja-vapes.co.uk/product/ice-queen-vape-e-liquid-chilled-strawberry-100ml,,ultimate puff shortfill chilled range 100ml e-liquid,0.25
ninja-vapes.co.uk,Vape E-Liquid Chilled Tropical 100Ml,?,shortfill,1,ice queen,,4.99,1,Ice Queen Vape E Liquid Chilled Tropical 100ml,https://www.ninja-vapes.co.uk/product/ice-queen-vape-e-liquid-chilled-tropical-100ml,,ultimate puff shortfill chilled range 100ml e-liquid,0.25
ninja-vapes.co.uk,Vape E-Liquid Chilled Watermelon 100Ml,?,shortfill,1,ice queen,,4.99,1,Ice Queen Vape E Liquid Chilled Watermelon 100ml,https://www.ninja-vapes.co.uk/product/ice-queen-vape-e-liquid-chilled-watermelon-100ml,,ultimate puff shortfill chilled range 100ml e-liquid,0.25
ninja-vapes.co.uk,bad drip 50ml 75vg/25pg e-liquid juice,?,shortfill,5,bear; cereal trip; dead lemon; god nectar; sweet tooth,,9.99,1,Bad Drip 50ml 75vg/25pg E-Liquid Juice,https://www.ninja-vapes.co.uk/product/bad-drip-50ml-e-liquid-juice,,bad drip shortfill 50ml e liquid,0.2
ninja-vapes.co.uk,bams 100ml e-liquid shortfill,?,shortfill,4,birthday cannoli; captain cannoli; original cannoli; strawberry cannoli,,9.99,1,BAMS 100ml E-Liquid Shortfill,https://www.ninja-vapes.co.uk/product/bams-100ml-shortfill-e-liquids,,,
ninja-vapes.co.uk,bango 100ml shortfill e-liquids,?,shortfill,36,atomic fireball; b3; blackcurrant; blackcurrant bubblegum; blackcurrant lemonade; blue rasberry; blueberry; blueberry bubblegum; blueberry lemonade; blueberry pomegranate; cherry; cranberry grape; crazy sour; fizzy cola; frozen berry; grape; grape strawberry; gummy berry; lemon; lemon fizzy; lemon lime; malaysian mango; mango; mr blue; mr menthol; peach mango; pink lemonade; pnkman; rainbow; red bullys; refresher; sour blue raspberry; strawberry grape; strawberry kiwi; tastey tropiks; tutti fruiti,,6.99,1,Bango 100ml Shortfill E-Liquids | Only £6.99,https://www.ninja-vapes.co.uk/product/bang-100ml-shortfill-e-liquids,,,
ninja-vapes.co.uk,beard x series 100ml shortfill e-liquid,?,shortfill,4,cappuccino tobacco; peach pear candy; salted caramel malt; strawberry cheesecake,,9.99,1,Beard X Series 100ml Shortfill E-Liquid | Only £9.99,https://www.ninja-vapes.co.uk/product/beard-vape-x-series-100ml-shortfills,,frumist fruit series shortfill 100ml e-liquid,0.25
ninja-vapes.co.uk,custard monster 100ml shortfill e-liquid,?,shortfill,6,banana; blackberry; blueberry; butterscotch; strawberry; vanilla,,15.99,1,Custard Monster 100ml Shortfill E-Liquid,https://www.ninja-vapes.co.uk/product/custard-monster-shortfill-eliquids,,fruit monster shortfill 100ml e-liquid,0.25
ninja-vapes.co.uk,e-liquid heisenmango 100ml shortfill,?,shortfill,0,,,4.99,1,E-Liquid Heisenmango 100ml Shortfill,https://www.ninja-vapes.co.uk/product/heisenmango-120-ml-shortfill,,,
ninja-vapes.co.uk,e-liquid sktles 100ml shortfill,?,shortfill,0,,,4.99,1,E-Liquid Sktles 100ml Shortfill,https://www.ninja-vapes.co.uk/product/120-ml-skittles-shortfill-24835,,,
ninja-vapes.co.uk,e-liquid starbomb 100ml shortfill,?,shortfill,0,,,4.99,1,E-Liquid Starbomb 100ml Shortfill,https://www.ninja-vapes.co.uk/product/120-ml-starburst-shortfill-24836,,,
ninja-vapes.co.uk,e-liquid twister lollies 100ml shortfill,?,shortfill,0,,,4.99,1,E-Liquid Twister Lollies 100ml Shortfill,https://www.ninja-vapes.co.uk/product/twister-lollies-120-ml-shortfill,,twister juice shortfill 100ml e-liquid,0.55
ninja-vapes.co.uk,five pawns 100ml e-liquid shortfills,?,shortfill,7,black flag risen; bowdens mate; castle long; gambit; grandmaster; queenside; symmetry six,,11.99,1,Five Pawns 100ml E-Liquid Shortfills,https://www.ninja-vapes.co.uk/product/five-pawns-100ml-e-liquid-shortfill,,,
ninja-vapes.co.uk,ignite 100ml shortfill e-liquids,?,shortfill,5,banana ice; blueberry ice; mango; strawberry guava ice; watermelon,,11.99,1,Ignite 100ml Shortfill E-Liquids,https://www.ninja-vapes.co.uk/product/ignite-100ml-shortfill-eliquids,,,
ninja-vapes.co.uk,jam monster 100ml shortfill e-liquid,?,shortfill,5,lemon; mix berry; peach; raspberry; strawberry,,14.99,1,Jam Monster 100ml Shortfill E-Liquid,https://www.ninja-vapes.co.uk/product/jam-monster-shortfill-eliquids,,fruit monster shortfill 100ml e-liquid,0.25
ninja-vapes.co.uk,juice devils 100ml e-liquid shortfills,?,shortfill,6,rainbow; raspberry; red a; strawberry; strawberry lime; tropical,,9.99,1,Juice Devils 100ml E-Liquid Shortfills,https://www.ninja-vapes.co.uk/product/juice-devils-100ml-e-liquids-shortfills,,,
ninja-vapes.co.uk,king of pod 40ml e-liquid shortfill,?,shortfill,14,fresh mint; grape berry; guava lemonade; gummy bear; ice pop; kiwi passion fruit guava; lemon lime; mango peach pineapple; mr blue; passion fruit; peach lemonade; pineapple ice; sweet strawberry ice; triple mango,,6.99,1,King of Pod 40ml E-Liquid Shortfill | Only £6.99,https://www.ninja-vapes.co.uk/product/king-of-pod-40ml-e-liquid-shortfills,,,
ninja-vapes.co.uk,loaded 100ml e-liquids & e-juices limited stock,?,shortfill,12,apple fritter; chocolate glazed; cookie butter; cotton candy pink; cran apple ice; cran apple juice; glazed donuts; lemon bar; melon milkshake; raspberry eclair; smores; strawberry jelly donut,,9.99,1,Loaded 100ml E-liquids & E-juices Limited Stock,https://www.ninja-vapes.co.uk/product/loaded-100ml-e-liquids,,donut king limited edition shortfill 100ml e-liquid,0.45
ninja-vapes.co.uk,momo 50ml e-liquid juice shortfills,?,shortfill,9,double lemon ice range; mandarin ice range; mango aloe range; original aloe range; pomegranate aloe range; red apple ice range; slam berry ice range; soda lish; tropical cool ice range,,7.99,1,MoMo 50ml E-Liquid Juice Shortfills,https://www.ninja-vapes.co.uk/product/momo-e-liquid-50ml,,,
ninja-vapes.co.uk,mr cafe 100ml shortfill e-liquids,?,shortfill,4,caffe mocha; caramel latte; toffee latte; vanilla latte,,6.99,1,Mr Cafe 100ml Shortfill E-Liquids | Only £6.99,https://www.ninja-vapes.co.uk/product/mr-cafe-100ml,,Mr Jam 100Ml Shortfill E-Liquid,0.25
ninja-vapes.co.uk,pancake stack 100ml shortfill e-liquid,?,shortfill,5,blueberry ice cream; classic maple syrup; lemon honey; salted caramel; strawberry cream,,9.99,1,Pancake Stack 100ml Shortfill E-liquid | Only £9.99,https://www.ninja-vapes.co.uk/product/pancake-stack-100ml-shortfill-e-liquids,,pancake stack 100ml e-liquid,0.55
ninja-vapes.co.uk,pb & jam monster 100ml shortfill e-liquid,?,shortfill,3,banana jam; grape jam; strawberry jam,,15.99,1,PB & Jam Monster 100ml Shortfill E-Liquid,https://www.ninja-vapes.co.uk/product/pb-jam-monster-shortfill-eliquids,,fruit monster shortfill 100ml e-liquid,0.2
ninja-vapes.co.uk,perfect bar 50/50 100ml e-liquid shortfill,?,shortfill,7,cream soda; dark fruits; fresh mint; pear drops; raspberry pineapple smoothie; salted caramel; triple mango,,6.99,1,Perfect Bar 50/50 100ml E-Liquid Shortfill,https://www.ninja-vapes.co.uk/product/perfect-bar-50-50-100ml-shortfills,,cuttwood shortfill 100ml 50/50 e-liquid,0.45
ninja-vapes.co.uk,ripe vapes 100ml e-liquid shortfills,?,shortfill,8,vct; vct bold; vct cafe; vct caramel; vct cinnamon; vct coconut; vct north; vct strawberry,,12.99,1,Ripe Vapes 100ml E-Liquid Shortfills | Only £12.99,https://www.ninja-vapes.co.uk/product/ripe-vapes-100ml-e-liquid-shortfills,,,
ninja-vapes.co.uk,scripture 50ml shortfill e-liquids 30+ flavours,?,shortfill,30,blue crystal; blue slush; blueberry menthol; bubblegum; cherry menthol; cola; double mint; grape; ice mint; killer; lemon sherbet; menthol; mothers milk; passion fruit; pear drops; pink crystal; pink lemonade; rainbow candy; raspberry; raspberry peach; red a; red laces; rhubarb custard; strawberry; strawberry chewits; strawberry kiwi; strawberry milkshake; tobacco 1960; vamp toes; watermelon,,6.99,1,Scripture 50ml Shortfill E-Liquids | 30+ Flavours,https://www.ninja-vapes.co.uk/product/scripture-50ml-shortfills,,,
ninja-vapes.co.uk,twist 100ml shortfill e-liquids,?,shortfill,20,grape white; ice pink punch; lemon bar; menthol; pampaya; peach blossom lemonade; pepino; pink punch lemonade; pom berry mix; sour rainbow; space rocks; strawberry crush lemonade; strawberry honey; sweet sour; tobacco gold; tobacco platinum; tropical pucker punch; watermelon madness; white gummy; wild watermelon lemonade,,10.99,1,Twist 100ml Shortfill E-Liquids,https://www.ninja-vapes.co.uk/product/twist-100ml-shortfill-eliquids,,,
ninja-vapes.co.uk,twist 360 range 50ml shortfill e-liquids,?,shortfill,4,fryd ice cream; triple berry; triple melon; triple red,,5.99,1,Twist 360 Range 50ml Shortfill E-Liquids,https://www.ninja-vapes.co.uk/product/twist-360-range-50ml-eliquid,,cookie twist range 50ml shortfill e-liquid,0.35
ninja-vapes.co.uk,vintage premium 200ml e-liquid shortfills,?,shortfill,5,berry menthol; blue red; classic tobacco; ice menthol; mr blue,,9.99,1,Vintage Premium 200ml E-Liquid Shortfills | Only £9.99,https://www.ninja-vapes.co.uk/product/vintage-premium-200ml-e-liquids-shortfills,,Vintage Shortfill 200Ml E-Liquid,0.55
ninja-vapes.co.uk,Aisu Yoguruto E-Liquid 50Ml,aisu,shortfill,2,pineapple coconut; strawberry cream,,6.99,2,Aisu Yoguruto E-Liquid Pineapple & Coconut 50ml,https://www.ninja-vapes.co.uk/product/zap-juice-aisu-yoguruto-e-liquidpineapple-and-coconut50ml,https://www.ninja-vapes.co.uk/product/zap-juice-aisu-yoguruto-e-liquid-strawberry-and-cream50ml,,
ninja-vapes.co.uk,bar juice dr frost arctic edition e-liquid 100ml shortfill,bar juice,shortfill,2,strawberry coconut ice cream; strawmelon ice,,9.99,1,Bar Juice Dr Frost Arctic Edition E-Liquid 100ML Shortfill,https://www.ninja-vapes.co.uk/product/bar-juice-dr-frost-arctic-edition-eliquid-shortfill,,,
ninja-vapes.co.uk,100Ml Shortfill E-Liquid By Bar Series,bar series,shortfill,10,apple peach; blueberry cranberry cherry; cherry fizz; grape; lemon lime; lemon peach passion fruit; mango ice; spearmint; strawberry raspberry cherry; watermelon ice,,8.99,10,Apple Peach 100ml Shortfill E-Liquid by Bar Series,https://www.ninja-vapes.co.uk/product/apple-peach-bar-series-100ml,https://www.ninja-vapes.co.uk/product/watermelon-ice-bar-series-100ml https://www.ninja-vapes.co.uk/product/mango-ice-bar-series-100ml https://www.ninja-vapes.co.uk/product/lemon-lime-bar-series-100ml,,
ninja-vapes.co.uk,bar series gold edition 100ml shortfill e-liquids,bar series,shortfill,4,honeydew melon; lime raspberry cherry; pineapple peach watermelon; strawberry lime,,8.99,1,Bar Series Gold Edition 100ml Shortfill E-Liquids,https://www.ninja-vapes.co.uk/product/bar-series-gold-edition-shortfills,,,
ninja-vapes.co.uk,donut king bar series 100ml shortfill e-liquids,bar series,shortfill,6,blue sour raspberry; lemon lime; mixed fruits gummy bear; pineapple ice; strawberry kiwi; triple mango,,4.99,1,Donut King Bar Series 100ml Shortfill E-Liquids,https://www.ninja-vapes.co.uk/product/donut-king-bar-series-100ml-shortfills,,,
ninja-vapes.co.uk,Caliypso Surf 100Ml,caliypso,shortfill,3,orange; rainbow; red,,6.99,3,Caliypso Orange Surf 100ml,https://www.ninja-vapes.co.uk/product/caliypso-orange-surf-100ml,https://www.ninja-vapes.co.uk/product/caliypso-rainbow-surf-100ml https://www.ninja-vapes.co.uk/product/caliypso-red-surf-100ml,,
ninja-vapes.co.uk,100Ml Shortfill E-Liquid By Chunky Monkey,chunky monkey,shortfill,10,apple mango; banana kiwi papaya coconut; guava rubicana; lychee rubicana; mango guava pineapple banana exotic fruits; mango passion fruit pomelo; orange fizz; peach raspberry; pineapple delight; rhubanut,,5.99,2,Lychee Rubicana 100ml Shortfill E-Liquid by Chunky Monkey,https://www.ninja-vapes.co.uk/product/lychee-rubicana-chunky-monkey,https://www.ninja-vapes.co.uk/product/chunky-monkey-100ml-shortfill-e-liquids,,
ninja-vapes.co.uk,100Ml Shortfill E-Liquid By Donut King,donut king,shortfill,8,banana custard; cinnamon apple; delightful lemon; jaffa; passion party; raspberry coconut; rhubarb custard; vanilla custard,,6.99,8,Vanilla Custard 100ML Shortfill E-Liquid by Donut King,https://www.ninja-vapes.co.uk/product/vanilla-custard-donut-king,https://www.ninja-vapes.co.uk/product/raspberry-coconut-donut-king https://www.ninja-vapes.co.uk/product/rhubarb-donut-king https://www.ninja-vapes.co.uk/product/Banana-custard-donut-king,,
ninja-vapes.co.uk,Fried Donut 100Ml Shortfill E-Liquid By Donut King,donut king,shortfill,1,deep,,6.99,1,Deep Fried Donut 100ML Shortfill E-Liquid by Donut King,https://www.ninja-vapes.co.uk/product/deep-fried-donut-donut-king,,,
ninja-vapes.co.uk,doozy’s seriously donuts 100ml e liquid shortfill,doozy vape co,shortfill,6,apple fritter; glazed biscoff; lemon drizzle; original glazed; raspberry jam; strawberry cream,,8.99,1,Doozy’s Seriously Donuts 100ml E Liquid Shortfill,https://www.ninja-vapes.co.uk/product/doozy-seriously-donuts-shortfill,,seriously soda 100ml shortfill e-liquid by doozy vape,0.2
ninja-vapes.co.uk,doozy’s seriously fruity 100ml e liquid shortfill,doozy vape co,shortfill,6,apple raspberry; blackcurrant honeydew; blue raspberry berry; fantasia lemon; mango orange; strawberry kiwi,,8.99,1,Doozy’s Seriously Fruity 100ml E Liquid Shortfill,https://www.ninja-vapes.co.uk/product/seriously-e-liquid-100ml-shortfill,,seriously soda 100ml shortfill e-liquid by doozy vape,0.2
ninja-vapes.co.uk,doozy’s seriously fusionz 100ml e liquid shortfill,doozy vape co,shortfill,6,fantasia grape; sour raspberry cherry; sweet strawberry watermelon; triple berry ice; tropical ice blast; white peach lemon,,8.99,1,Doozy’s Seriously Fusionz 100ml E Liquid Shortfill,https://www.ninja-vapes.co.uk/product/Doozy-seriously-fusionz-100ml,,seriously soda 100ml shortfill e-liquid by doozy vape,0.2
ninja-vapes.co.uk,doozy’s seriously nice 100ml e liquid shortfill,doozy vape co,shortfill,6,arctic berry; blue raspberry ice; cool blackcurrant lemonade; frozen apple berry; ice berg; lychee citrus chill,,8.99,1,Doozy’s Seriously Nice 100ml E Liquid Shortfill,https://www.ninja-vapes.co.uk/product/seriously-nice-100ml-shortfill,,seriously soda 100ml shortfill e-liquid by doozy vape,0.2
ninja-vapes.co.uk,doozy’s seriously pod fill 100ml e liquid,doozy vape co,shortfill,10,banana mandarin; blackcurrant passion; blood orange pineapple; blue pear; cherry twist; fresh pineapple; lemon mint; spearmint; strawberry raspberry; watermelon lemonade,,8.99,1,Doozy’s Seriously Pod Fill 100ml E Liquid,https://www.ninja-vapes.co.uk/product/doozy-seriously-pod-fill-e-liquid,,seriously pod fill 3 100ml 50/50 e-liquid vos,0.24
ninja-vapes.co.uk,doozy’s seriously slushy 100ml e liquid shortfill,doozy vape co,shortfill,6,berry watermelon; grape soda; lemon lime; lime berry; mix berry; raspberry tangerine,,8.99,1,Doozy’s Seriously Slushy 100ml E Liquid Shortfill,https://www.ninja-vapes.co.uk/product/seriously-slushy-100ml-e-Liquid,,seriously soda 100ml shortfill e-liquid by doozy vape,0.2
ninja-vapes.co.uk,doozy’s seriously soda 100ml e liquid shortfill,doozy vape co,shortfill,6,blue raspberry lemonade; fruity fusion; guava passion; iron tru; red wing; tropical twist,,8.99,1,Doozy’s Seriously Soda 100ml E Liquid Shortfill,https://www.ninja-vapes.co.uk/product/doozy-seriously-soda-100ml,,seriously soda 100ml shortfill e-liquid by doozy vape,0.45
ninja-vapes.co.uk,doozy’s temptations 100ml e-liquid shortfill,doozy vape co,shortfill,5,banana split; ice cream cake; jam tart; muffin delight; strawberry milk,,15.99,1,Doozy’s Temptations 100ml E-Liquid Shortfill,https://www.ninja-vapes.co.uk/product/doozy-temptations-100ml,,doozy temptations e-liquid 100ml short-fill,0.45
ninja-vapes.co.uk,Fantasi E-Liquid 100Ml,fantasi,shortfill,9,apple; apple ice; blackberry ice; cherry; cherry ice; cola ice; grape; grape ice; lemonade,,6.75,9,Fantasi E Liquid Apple 100ml,https://www.ninja-vapes.co.uk/product/fantasi-e-liquidapple-100ml,https://www.ninja-vapes.co.uk/product/fantasi-e-liquid-cherry-100ml https://www.ninja-vapes.co.uk/product/fantasi-e-liquid-lemonade-100ml https://www.ninja-vapes.co.uk/product/fantasi-e-liquid-grape-100ml,,
ninja-vapes.co.uk,future juice 100ml e-liquid shortfill,future juice,shortfill,14,banana cereal milk; banana custard; birthday cake shake; blue raspberry candy; butterscotch cereal milk; butterscotch custard; cherry lemonade; frosted cereal milk; grape candy; mango passion fruit; rainbow candy; strawberry kiwi watermelon; tropical pineapple; vanilla custard,,9.99,1,Future Juice 100ml E-Liquid Shortfill,https://www.ninja-vapes.co.uk/product/future-juice-100ml-e-liquid-shortfill,,,
ninja-vapes.co.uk,grannys pie 100ml shortfill e-liquid,grannys pie,shortfill,2,apple crisp; peach cobbler,,7.99,1,Grannys Pie 100ml Shortfill E-Liquid | £7.99 Only,https://www.ninja-vapes.co.uk/product/grannys-pie-100ml,,,
ninja-vapes.co.uk,ivg 70/30 100ml shortfill e-liquid,ivg,shortfill,6,spearmint; strawberry sensation; strawberry watermelon; summer blaze; tropical ice blast; vanilla biscuit,,9.99,1,IVG 70/30 100ml Shortfill E-Liquid,https://www.ninja-vapes.co.uk/product/ivg-70-30-100ml-shortfill-eliquid,,,
ninja-vapes.co.uk,E-Liquid By Ivg Berry Melonade Blitz 100Ml,ivg berry melonade blitz,shortfill,1,beyond,,9.99,1,Beyond E-Liquid By IVG Berry Melonade Blitz 100ml,https://www.ninja-vapes.co.uk/product/beyond-e-liquid-by-ivg-berry-melonade-blitz-100ml,,,
ninja-vapes.co.uk,E-Liquid By Ivg Cherry Apple Crush 100Ml,ivg cherry apple crush,shortfill,1,beyond,,9.99,1,Beyond E-Liquid By IVG Cherry Apple Crush 100ml,https://www.ninja-vapes.co.uk/product/beyond-e-liquid-by-ivg-cherry-apple-crush-100ml,,,
ninja-vapes.co.uk,E-Liquid By Ivg Kiwi Passion Kick 100Ml,ivg kiwi passion kick,shortfill,1,beyond,,9.99,1,Beyond E-Liquid By IVG Kiwi Passion Kick 100ml,https://www.ninja-vapes.co.uk/product/beyond-e-liquid-by-ivg-kiwi-passion-kick-100ml,,,
ninja-vapes.co.uk,E-Liquid By Ivg Mangoberry Magic 100Ml,ivg mangoberry magic,shortfill,1,beyond,,9.99,1,Beyond E-Liquid By IVG Mangoberry Magic 100ml,https://www.ninja-vapes.co.uk/product/beyond-e-liquid-by-ivg-mangoberry-magic-100ml,,,
ninja-vapes.co.uk,E-Liquid By Ivg Sour Melon Surge 100Ml,ivg sour melon surge,shortfill,1,beyond,,9.99,1,Beyond E-Liquid By IVG Sour Melon Surge 100ml,https://www.ninja-vapes.co.uk/product/beyond-e-liquid-by-ivg-sour-melon-surge-100ml,,,
ninja-vapes.co.uk,100Ml Shortfill E-Liquid Power By Jnp,jnp,shortfill,5,blue raspberry lemonade; blueberry pomegranate; copper cola; lemon lime; watermelon ice,,9.99,5,Lemon and Lime 100ml Shortfill E-liquid Power by JNP,https://www.ninja-vapes.co.uk/product/lemon-lime-power-jnp,https://www.ninja-vapes.co.uk/product/copper-cola-power-jnp https://www.ninja-vapes.co.uk/product/watermelon-ice-power-jnp https://www.ninja-vapes.co.uk/product/blue-raspberry-lemonade-power-jnp,,
ninja-vapes.co.uk,just juice 50ml all range shortfill e-liquid,just juice,shortfill,14,apple pear on ice; berry burst; berry burst lemonade; blood orange citrus guava; blue raspberry; exotic fruits cherymoya grapefruit berry; exotic fruits guanabana lime on ice; exotic fruits lulo citrus; exotic fruits strawberry curuba; fusion berry burst lemonade; kiwi cranberry on ice; lemonade; mango blood orange on ice; mango passion fruit,,9.49,1,Just Juice 50ml All Range Shortfill E-liquid,https://www.ninja-vapes.co.uk/product/just-juice-50ml-e-liquid-shortfill,,,
ninja-vapes.co.uk,kilo 100ml e-liquid & e-juices shortfills - ninja vapes,kilo,shortfill,10,birthday cake; blue lemonade; cereal milk; dewberry cream; kiberry yogurt; mango creme; milk cookies; strawberry custard; sweet tobacco; vanilla almond milk,,9.99,1,Kilo 100ml E-liquid & E-juices Shortfills - Ninja Vapes,https://www.ninja-vapes.co.uk/product/kilo-100ml-shortfills-e-liquids,,,
ninja-vapes.co.uk,Kingston 50 50 Brownies 100Ml,kingston,shortfill,1,cream,,6.49,1,Kingston 50/50 Brownies & Cream 100ml,https://www.ninja-vapes.co.uk/product/kingston-brownies-and-cream-120ml,,kingston pod juice 100ml 50vg/50pg shortfills,0.4
ninja-vapes.co.uk,Kingston 50 50 Gazillions 100Ml,kingston,shortfill,2,blue raspberry; bubblegum,,6.49,2,Kingston 50/50 Bubblegum Gazillions 100ml,https://www.ninja-vapes.co.uk/product/kingston-bubblegum-gazillions-120ml,https://www.ninja-vapes.co.uk/product/kingston-blue-raspberry-gazillions-120ml,kingston pod juice 100ml 50vg/50pg shortfills,0.4
ninja-vapes.co.uk,Kingston 50 50 York 100Ml,kingston,shortfill,1,cheesecake,,6.49,1,Kingston 50/50 New York Cheesecake 100ml,https://www.ninja-vapes.co.uk/product/kingston-new-york-cheesecake-120ml,,kingston pod juice 100ml 50vg/50pg shortfills,0.4
ninja-vapes.co.uk,Kingston 50 50 Zingberry 100Ml,kingston,shortfill,2,grape; strawberry kiwi,,6.49,3,Kingston 50/50 Grape Zingberry 100ml,https://www.ninja-vapes.co.uk/product/kingston-grape-zingberry-120ml,https://www.ninja-vapes.co.uk/product/kingston-strawberry-kiwi-zingberry-120ml https://www.ninja-vapes.co.uk/product/kingston-zingberry-120ml,kingston pod juice 100ml 50vg/50pg shortfills,0.4
ninja-vapes.co.uk,Kingston 70 30 100Ml,kingston,shortfill,23,blackcurrant chill; blackcurrant slush; blue raspberry; blue raspberry slush; bubblegum; cherry chill; cherry cola; chuckleberry; custard glazed donut; jam roly poly; lemon lime slush; mango cola; menthol; orange mango; pinkerton; raspberry blackcurrant jam donut; raspberry cola; sticky toffee pudding; strawberry; strawberry lime; strawberry lime ice; strawberry slush; vanilla cola,,6.49,23,Kingston 70/30 Mango Cola 100ml,https://www.ninja-vapes.co.uk/product/kingston-70-30-mango-cola-100ml,https://www.ninja-vapes.co.uk/product/kingston-70-30-blue-raspberry-slush-100ml https://www.ninja-vapes.co.uk/product/kingston-7030-strawberry-lime-ice-100ml https://www.ninja-vapes.co.uk/product/kingston-70-30-vanilla-cola-100ml,kingston au gold 100ml e-liquid 70vg/30pg,0.4
ninja-vapes.co.uk,Kingston 70 30 Brownies 100Ml,kingston,shortfill,1,cream,,6.49,1,Kingston 70/30 Brownies & Cream 100ml,https://www.ninja-vapes.co.uk/product/kingston-70-30-brownies-and-cream-100ml,,kingston au gold 100ml e-liquid 70vg/30pg,0.4
ninja-vapes.co.uk,Kingston 70 30 Classic 100Ml,kingston,shortfill,1,cola,,6.49,1,Kingston 70/30 Classic Cola 100ml,https://www.ninja-vapes.co.uk/product/kingston-70-30-classic-cola-100ml,,kingston au gold 100ml e-liquid 70vg/30pg,0.4
ninja-vapes.co.uk,Kingston 70 30 Gazillions 100Ml,kingston,shortfill,1,apple,,6.49,1,Kingston 70/30 Gazillions Apple 100ml,https://www.ninja-vapes.co.uk/product/kingston-7030-apple-100ml,,kingston au gold 100ml e-liquid 70vg/30pg,0.4
ninja-vapes.co.uk,Kingston 70 30 Red A 100Ml,kingston,shortfill,1,fizzy,,6.49,2,Kingston 70/30 Red A Fizzy 100ml,https://www.ninja-vapes.co.uk/product/kingston-70-30-red-a-fizzy-100ml,https://www.ninja-vapes.co.uk/product/kingston-70-30-red-a-100ml,kingston au gold 100ml e-liquid 70vg/30pg,0.4
ninja-vapes.co.uk,Kingston 70 30 York 100Ml,kingston,shortfill,1,cheesecake,,6.49,1,Kingston 70/30 New York Cheesecake 100ml,https://www.ninja-vapes.co.uk/product/kingston-70-30-new-york-cheesecake-100ml,,kingston au gold 100ml e-liquid 70vg/30pg,0.4
ninja-vapes.co.uk,Kingston 70 30 Zingberry 100Ml,kingston,shortfill,3,fizzy; grape; strawberry kiwi,,6.49,4,Kingston 70/30 Strawberry Kiwi Zingberry 100ml,https://www.ninja-vapes.co.uk/product/kingston-70-30-strawberry-kiwi-zingberry-100ml,https://www.ninja-vapes.co.uk/product/kingston-70-30-zingberry-fizzy-100ml https://www.ninja-vapes.co.uk/product/kingston-70-30-grape-zingberry-100ml https://www.ninja-vapes.co.uk/product/kingston-70-30-zingberry-100ml,kingston au gold 100ml e-liquid 70vg/30pg,0.4
ninja-vapes.co.uk,"kingston 50/50 black grape, lime, bubblegum & menthol 100ml",kingston,shortfill,0,,,6.49,1,"Kingston 50/50 Black Grape, Lime, Bubblegum & Menthol 100ml",https://www.ninja-vapes.co.uk/product/kingston-black-grape-lime-bubblegum-and-menthol-120ml,,kingston pod juice 100ml 50vg/50pg shortfills,0.4
ninja-vapes.co.uk,kingston 50/50 doctor popper 100ml,kingston,shortfill,0,,,6.49,1,Kingston 50/50 Doctor Popper 100ml,https://www.ninja-vapes.co.uk/product/kingston-doctor-popper-120ml,,kingston pod juice 100ml 50vg/50pg shortfills,0.4
ninja-vapes.co.uk,kingston 50/50 red a 100ml,kingston,shortfill,0,,,6.49,1,Kingston 50/50 Red A 100ml,https://www.ninja-vapes.co.uk/product/kingston-red-a-120ml,,kingston pod juice 100ml 50vg/50pg shortfills,0.4
ninja-vapes.co.uk,kingston au gold 100ml e-liquid,kingston,shortfill,17,banana ice; black cherry raspberry; blue fusion; blue raspberry; bubblegum; cherry drops; cream tobacco; golden gummy bear; lemon lime; miami peach pineapple; minty menthol; pineapple ice; raspberry pineapple; strawberry raspberry cherry ice; tropical fruit ice; tropical mango; watermelon lime mint,"strength: 1 x 18mg nic shot 3mg, 2 x 18mg nic shot 6mg, no nicotine shots",6.79,1,Kingston AU Gold 100ml E-Liquid | 2 for £14,https://www.ninja-vapes.co.uk/product/kingston-au-gold-100ml-e-liquid,,kingston au gold 100ml e-liquid 70vg/30pg,0.2
ninja-vapes.co.uk,podbar juice by kingston juice 100ml shortfill e-liquid,kingston juice,shortfill,6,kiwi passion fruit guava; lemon lime; mad blue; minty menthol; strawberry raspberry cherry ice; watermelon ice,,9.99,1,Podbar Juice by Kingston Juice 100ml Shortfill E-Liquid,https://www.ninja-vapes.co.uk/product/podbar-juice-by-kingston-100ml-shortfill,,,
ninja-vapes.co.uk,100Ml E-Liquid By My E-Liquid,my,shortfill,13,berry limonada; blackcurrant ice; blackcurrant menthol; blue lips; bluez; grape; grappy; mango; purple berry; rainbow; raspberry ripple cheesecake; strawberry cheesecake; twisted lolly,,9.99,13,Grappy 100ml E-Liquid by My E-Liquids,https://www.ninja-vapes.co.uk/product/grappy-my-liquids,https://www.ninja-vapes.co.uk/product/berry-limonada-my-liquids https://www.ninja-vapes.co.uk/product/purple-berry-my-liquids https://www.ninja-vapes.co.uk/product/strawberry-cheesecake-my-liquids,,
ninja-vapes.co.uk,50Ml Shortfill By Nasty Juice,nasty juice,shortfill,2,almond tobacco gold blend; vanilla tobacco silver blend,,9.99,2,ALMOND TOBACCO GOLD BLEND 50ML SHORTFILL BY NASTY JUICE,https://www.ninja-vapes.co.uk/product/gold-blend-nasty-juice,https://www.ninja-vapes.co.uk/product/silver-blend-nasty-juice,,
ninja-vapes.co.uk,ohm boy volume ii 100ml shortfill e-liquid,ohm boy,shortfill,8,apple elderflower garden mint; cranberry apple raspberry; pear apple raspberry; pineapple mango lime; rhubarb raspberry orange blossom; sweetwater grape white peach; valencia orange passion fruit; wild strawberry,,9.99,1,Ohm Boy Volume II 100ml Shortfill E-Liquid,https://www.ninja-vapes.co.uk/product/ohm-boy-volume-ii-100ml,,,
ninja-vapes.co.uk,pacha mama all range e-liquid shortfills,pacha mama,shortfill,5,blood orange banana gooseberry; mango pitaya pineapple; pear acai; starfruit grape; strawberry kiwi ice,,7.99,1,Pacha Mama All Range e-Liquid Shortfills,https://www.ninja-vapes.co.uk/product/pacha-mama-all-range-e-liquid-shortfills,,charlies chalk dust pacha mama range shortfill 50ml e liquid,0.32
ninja-vapes.co.uk,peeky blenders 100ml e-liquids 50vg/50pg vape shortfill,peeky blenders,shortfill,28,artur red; ascot; billy boys menthol; black country god; blue opieum; blue raspberry slush; brummie; bugsy malom; cambem town; campbell; campone; charlie strong; curly; derby day; doctor poop; final hurder; gambino; gangster; garrison; goodfellas; jeremiah; major; peeky pastels; polly pink; razor; red light; tummy gun; wall street,,5.99,1,Peeky Blenders 100ml E-Liquids 50VG/50PG Vape Shortfill,https://www.ninja-vapes.co.uk/product/peaky-blenders-e-liquids-100ml-50-50-shortfill,,,
ninja-vapes.co.uk,Pukka Juice E-Liquid 50Ml,pukka juice,shortfill,11,berry blaze; blackcurrant; blaze; blaze no ice; dew; lime lemonade; mango; pink donut; rainbow blaze; summer fruits; tropical,,7.95,11,Pukka Juice E-Liquid Berry Blaze 50ml,https://www.ninja-vapes.co.uk/product/pukka-juice-e-liquidberry-blaze50ml,https://www.ninja-vapes.co.uk/product/pukka-juice-e-liquid-lime-lemonade-50ml https://www.ninja-vapes.co.uk/product/pukka-juice-e-liquid-pink-donut-50ml https://www.ninja-vapes.co.uk/product/pukka-juice-e-liquid-blackcurrant-50ml,,
ninja-vapes.co.uk,randm fumot 100ml shortfill e-liquids,randm,shortfill,20,apple berry blast; banana ice; berry lemonade; blue raspberry cherry; blueberry bubblegum; cola ice; cool mint; fizzy cherry; ice pop; mix berry; pineapple ice; rainbow; raspberry watermelon; sour candy; strawberry donut; strawberry raspberry cherry ice; strawberry watermelon lemonade; triple berry; vmt; watermelon rainbow,,9.99,1,Randm Fumot 100ml Shortfill E-Liquids | Only £9.99,https://www.ninja-vapes.co.uk/product/randm-fumot-tornado-7000-e-liquids,,,
ninja-vapes.co.uk,100Ml Shortfill E-Liquid By Sadboy,sadboy,shortfill,3,lemon jam; punch berry ice; strawberry blood ice,,12.99,3,Punch Berry Ice 100ML Shortfill E-Liquid by Sadboy,https://www.ninja-vapes.co.uk/product/punch-berry-ice-shortfill-sadboy,https://www.ninja-vapes.co.uk/product/lemon-jam-shortfill-sadboy https://www.ninja-vapes.co.uk/product/strawberry-blood-ice-shortfill-sadboy,,
ninja-vapes.co.uk,suicide bunny 120ml e-liquid shortfill,suicide bunny,shortfill,5,madrina; mothers milk; mothers milk cookies; original bunny; sucker punch,,13.99,1,Suicide Bunny 120ml E-liquid Shortfill | Only £13.99,https://www.ninja-vapes.co.uk/product/suicide-bunny-120ml-e-liquid-shortfill,,,
ninja-vapes.co.uk,Super Juice Mapple 100Ml Shortfill E-Liquid,super juice,shortfill,1,mix up,,9.99,1,Super Juice Mapple Mix Up 100ml Shortfill E-Liquid,https://www.ninja-vapes.co.uk/product/super-juice-mapple-mix-up-storm-eliquid,,,
ninja-vapes.co.uk,Super Juice Mindnight 100Ml Shortfill,super juice,shortfill,1,berry breeze,,9.99,1,Super Juice Mindnight Berry Breeze 100ml Shortfill,https://www.ninja-vapes.co.uk/product/super-juice-midnight-berry-breeze-eliquid,,,
ninja-vapes.co.uk,super juice wammmy bar 100ml shortfill e-liquid,super juice,shortfill,0,,,9.99,1,Super Juice Wammmy Bar 100ml Shortfill E-Liquid,https://www.ninja-vapes.co.uk/product/super-juice-wammmy-bar-extreme-eliquid,,,
ninja-vapes.co.uk,Syco Xtreme Desserts 100Ml,syco,shortfill,3,caramel custard doughnut; lemon cookie; sticky toffee pudding,,5.99,3,Syco Xtreme Desserts Lemon Cookie 100ml,https://www.ninja-vapes.co.uk/product/syco-xtreme-desserts-lemon-cookie-100ml-25442,https://www.ninja-vapes.co.uk/product/syco-xtreme-desserts-caramel-custard-doughnut-100ml-25440 https://www.ninja-vapes.co.uk/product/syco-xtreme-desserts-sticky-toffee-pudding-100ml-25443,syco xtreme gumball 100ml e-liquid,0.4
ninja-vapes.co.uk,Ultimate Puff Heroes 100Ml,ultimate puff,shortfill,1,storm surge,,10.99,1,Ultimate Puff Heroes Storm Surge 100ml,https://www.ninja-vapes.co.uk/product/ultimate-puff-heroes-storm-surge-100ml,,,
ninja-vapes.co.uk,Ultimate Puff Heroes Captain 100Ml,ultimate puff,shortfill,1,cosmic,,10.99,1,Ultimate Puff Heroes Captain Cosmic 100ml,https://www.ninja-vapes.co.uk/product/ultimate-puff-heroes-captain-cosmic-100ml,,,
ninja-vapes.co.uk,Ultimate Puff Heroes Mecha 100Ml,ultimate puff,shortfill,1,man,,10.99,1,Ultimate Puff Heroes Mecha Man 100ml,https://www.ninja-vapes.co.uk/product/ultimate-puff-heroes-mecha-man-100ml,,,
ninja-vapes.co.uk,ultimate puff candy drops e-liquid lemon & sour apple 100ml,ultimate puff,shortfill,0,,,10.99,1,Ultimate Puff Candy Drops E-Liquid Lemon & Sour Apple 100ml,https://www.ninja-vapes.co.uk/product/ultimate-puff-candy-drops-e-liquid-lemon-and-sour-apple-100ml,,ultimate puff candy drops range shortfill 100ml e-liquid,0.47
ninja-vapes.co.uk,ultimate puff custard apple strudel 100ml,ultimate puff,shortfill,0,,,10.99,1,Ultimate Puff Custard Apple Strudel 100ml,https://www.ninja-vapes.co.uk/product/ultimate-puff-custard-apple-strudel-100ml,,ultimate puff custard range shortfill 100ml e-liquid,0.35
ninja-vapes.co.uk,ultimate puff heroes atomic blonde 100ml,ultimate puff,shortfill,0,,,10.99,1,Ultimate Puff Heroes Atomic Blonde 100ml,https://www.ninja-vapes.co.uk/product/ultimate-puff-heroes-atomic-blonde-100ml,,,
ninja-vapes.co.uk,ultimate puff heroes night howler 100ml,ultimate puff,shortfill,0,,,10.99,1,Ultimate Puff Heroes Night Howler 100ml,https://www.ninja-vapes.co.uk/product/ultimate-puff-heroes-night-howler-100ml,,,
ninja-vapes.co.uk,v blood 100ml e-liquid 50vg 0mg shortfill,v blood,shortfill,27,apple slush; black jack; blackcurrant blue fusion; blackcurrant limonade; blackcurrant menthol; blue; blueberry sorbet; cherry blue fusion; cherry cola; cherry sherbet; cola lime; grape menthol; ice strawberry; lemon tart; menthol; mix berry; mixed fruit blue fusion; peach sorbet; rainbow candy; raspberry; raspberry bubblegum; raspberry fruit blue fusion; raspberry sorbet; red a; strawberry blue fusion; strawberry mojito; very blueberry blue fusion,,7.45,1,V Blood 100ml E-Liquid 50vg 0mg shortfill,https://www.ninja-vapes.co.uk/product/v-blood-100ml-e-liquid,,,
ninja-vapes.co.uk,v blood 50ml e liquid 50/50 pg/vg shortfill,v blood,shortfill,27,apple slush; black jack; blackcurrant blue fusion; blackcurrant limonade; blackcurrant menthol; blue; blueberry sorbet; cherry blue fusion; cherry cola; cherry sherbet; cola lime; grape menthol; ice strawberry; lemon tart; menthol; mix berry; mixed fruit blue fusion; peach sorbet; rainbow candy; raspberry; raspberry bubblegum; raspberry fruit blue fusion; raspberry sorbet; red a; strawberry blue fusion; strawberry mojito; very blueberry blue fusion,,4.99,1,V Blood 50ml E Liquid 50/50 PG/VG Shortfill,https://www.ninja-vapes.co.uk/product/v-blood-50ml-e-liquid,,,
ninja-vapes.co.uk,yeti summit series 100ml e-liquid shortfills,yeti,shortfill,3,apple; pineapple ice cream; pink grapefruit,,8.99,1,Yeti Summit series 100ml E-Liquid Shortfills,https://www.ninja-vapes.co.uk/product/yeti-summit-series-100ml-shortfill-e-liquids,,,
ninja-vapes.co.uk,freemax fireluke mesh sub ohm tank,freemax,tank,0,,"colour: carbon black, carbon blue, carbon green, carbon purple, carbon red, carbon silver, resin black, resin blue, resin green, resin orange, resin purple, stainless black, stainless blue, stainless gold, stainless gunmetal",19.99,1,Freemax Fireluke Mesh Sub Ohm Tank,https://www.ninja-vapes.co.uk/product/freemax-fireluke-mesh-sub-ohm-tank,,freemax fireluke 2 tank,0.15
ninja-vapes.co.uk,innokin enduara t18e tank,innokin,tank,0,,colour: silver,5.99,1,Innokin Enduara T18E Tank | Only £5.99,https://www.ninja-vapes.co.uk/product/innokin-endura-t18e-tank,,innokin endura t18e replacement tank,0.4
ninja-vapes.co.uk,innokin t18ii prism tank,innokin,tank,0,,"colour: black, rainbow, silver",11.99,1,Innokin T18II Prism Tank,https://www.ninja-vapes.co.uk/product/innokin-t18ii-prism-tank,,innokin endura t18e replacement tank,0.4
ninja-vapes.co.uk,vaporesso itank t dual mesh vape tank,vaporesso,tank,0,,"colour: black, golden, grey, rainbow, silver",21.99,1,Vaporesso iTank T Dual Mesh Vape Tank | Only £21.99,https://www.ninja-vapes.co.uk/product/vaporesso-itank-t-dual-mesh-vape-tank,,vaporesso itank sub ohm tank,0.15
ninja-vapes.co.uk,Voopoo Pnp X Dtl Pod Tank,voopoo,tank,0,,"colour: black, grey, silver",7.99,1,VOOPOO PNP X DTL POD TANK,https://www.ninja-vapes.co.uk/product/voopoo-pnp-x-dtl,,,
ninja-vapes.co.uk,Voopoo Pnp X Mtl Pod Tank,voopoo,tank,0,,"colour: black, grey, silver",7.99,1,VOOPOO PNP X MTL POD TANK,https://www.ninja-vapes.co.uk/product/voopoo-pnp-x-mtl,,,
ninja-vapes.co.uk,voopoo pnp 4.5ml replacement pod tank,voopoo,tank,0,,,5.99,1,Voopoo PNP 4.5ml Replacement Pod Tank,https://www.ninja-vapes.co.uk/product/voopoo-pnp-4-5ml-replacement-pod,,,
