competitor,competitor_product,vos_product,vos_url,variant_type,missing_variant,vos_status,vos_closest_variant,competitor_price,competitor_url,match_confidence
ninja-vapes.co.uk,al fakher hypermax 30k puffs prefilled vape kit,Al Fakher Crown Bar 30000 Puffs Hypermax Vape Kit,https://vapeonlinestore.co.uk/products/box-of-5-al-fakher-crown-bar-30k,flavour,gum mint,listed on VOS but out of stock,gum mint,9.99,https://www.ninja-vapes.co.uk/product/al-fakher-30k-puffs-hypermax-prefilled-pod-kit,medium
ninja-vapes.co.uk,al fakher hypermax 30k puffs prefilled vape kit,Al Fakher Crown Bar 30000 Puffs Hypermax Vape Kit,https://vapeonlinestore.co.uk/products/box-of-5-al-fakher-crown-bar-30k,flavour,mint,listed on VOS but out of stock,mint,9.99,https://www.ninja-vapes.co.uk/product/al-fakher-30k-puffs-hypermax-prefilled-pod-kit,medium
ninja-vapes.co.uk,al fakher hypermax 30k puffs prefilled vape kit,Al Fakher Crown Bar 30000 Puffs Hypermax Vape Kit,https://vapeonlinestore.co.uk/products/box-of-5-al-fakher-crown-bar-30k,flavour,orange mint,listed on VOS but out of stock,orange mint,9.99,https://www.ninja-vapes.co.uk/product/al-fakher-30k-puffs-hypermax-prefilled-pod-kit,medium
ninja-vapes.co.uk,al fakher hypermax 30k puffs prefilled vape kit,Al Fakher Crown Bar 30000 Puffs Hypermax Vape Kit,https://vapeonlinestore.co.uk/products/box-of-5-al-fakher-crown-bar-30k,flavour,strawberry cherry,listed on VOS but out of stock,strawberry cherry,9.99,https://www.ninja-vapes.co.uk/product/al-fakher-30k-puffs-hypermax-prefilled-pod-kit,medium
ninja-vapes.co.uk,al fakher hypermax 30k puffs prefilled vape kit,Al Fakher Crown Bar 30000 Puffs Hypermax Vape Kit,https://vapeonlinestore.co.uk/products/box-of-5-al-fakher-crown-bar-30k,flavour,watermelon lime,listed on VOS but out of stock,watermelon lime,9.99,https://www.ninja-vapes.co.uk/product/al-fakher-30k-puffs-hypermax-prefilled-pod-kit,medium
ninja-vapes.co.uk,al fakher hypermax 30k puffs prefilled vape kit,Al Fakher Crown Bar 30000 Puffs Hypermax Vape Kit,https://vapeonlinestore.co.uk/products/box-of-5-al-fakher-crown-bar-30k,flavour,watermelon pineapple,listed on VOS but out of stock,watermelon pineapple,9.99,https://www.ninja-vapes.co.uk/product/al-fakher-30k-puffs-hypermax-prefilled-pod-kit,medium
ninja-vapes.co.uk,al fakher hypermax prime 50k puffs prefilled kit,Al Fakher Hypermax Prime 50000 Prefilled Pods Kit,https://vapeonlinestore.co.uk/products/al-fakher-hypermax-prime-50000,flavour,mango pineapple,not listed on VOS,,12.99,https://www.ninja-vapes.co.uk/product/al-fakher-hypermax-prime-50k,high
ninja-vapes.co.uk,al fakher hypermax prime 50k puffs prefilled kit,Al Fakher Hypermax Prime 50000 Prefilled Pods Kit,https://vapeonlinestore.co.uk/products/al-fakher-hypermax-prime-50000,flavour,strawberry punch,not listed on VOS,,12.99,https://www.ninja-vapes.co.uk/product/al-fakher-hypermax-prime-50k,high
ninja-vapes.co.uk,al fakher hypermax prime 50k puffs prefilled kit,Al Fakher Hypermax Prime 50000 Prefilled Pods Kit,https://vapeonlinestore.co.uk/products/al-fakher-hypermax-prime-50000,flavour,watermelon kiwi,not listed on VOS,,12.99,https://www.ninja-vapes.co.uk/product/al-fakher-hypermax-prime-50k,high
ninja-vapes.co.uk,Aladdin Enjoy Refill Pods,Aladdin Pro Enjoy Prefilled Pod,https://vapeonlinestore.co.uk/products/aladdin-pro-enjoy-x-10000-puffs-prefilled-replacement-pods,flavour,blue raspberry gummy bear,not listed on VOS,,26.99,https://www.ninja-vapes.co.uk/product/box-of-10-aladdin-pro-enjoy-x-10000-pods,reviewed
ninja-vapes.co.uk,Aladdin Enjoy Refill Pods,Aladdin Pro Enjoy Prefilled Pod,https://vapeonlinestore.co.uk/products/aladdin-pro-enjoy-x-10000-puffs-prefilled-replacement-pods,flavour,blueberry sour raspberry,not listed on VOS,,26.99,https://www.ninja-vapes.co.uk/product/box-of-10-aladdin-pro-enjoy-x-10000-pods,reviewed
ninja-vapes.co.uk,Aladdin Enjoy Refill Pods,Aladdin Pro Enjoy Prefilled Pod,https://vapeonlinestore.co.uk/products/aladdin-pro-enjoy-x-10000-puffs-prefilled-replacement-pods,flavour,cherry berry,not listed on VOS,,26.99,https://www.ninja-vapes.co.uk/product/box-of-10-aladdin-pro-enjoy-x-10000-pods,reviewed
ninja-vapes.co.uk,aspire cleito coils,Aspire Cleito Coils,https://vapeonlinestore.co.uk/products/aspire-cleito-replacement-coils-pack-of-5,resistance,0.27ohm,not listed on VOS,,10.99,https://www.ninja-vapes.co.uk/product/aspire-cleito-coils,high
ninja-vapes.co.uk,aspire cleito coils,Aspire Cleito Coils,https://vapeonlinestore.co.uk/products/aspire-cleito-replacement-coils-pack-of-5,resistance,0.2ohm,not listed on VOS,,10.99,https://www.ninja-vapes.co.uk/product/aspire-cleito-coils,high
ninja-vapes.co.uk,Aura Bar Twist 40000 Puffs Prefilled Pods Kit,Aura Bar Twist 40000 By Crystal Prime Kit,https://vapeonlinestore.co.uk/products/aura-bar-twist-40k,flavour,cherry ice cherry cola,not listed on VOS,,49.99,https://www.ninja-vapes.co.uk/product/box-of-10-aura-bar-40k-kits,high
ninja-vapes.co.uk,Aura Bar Twist 40000 Puffs Prefilled Pods Kit,Aura Bar Twist 40000 By Crystal Prime Kit,https://vapeonlinestore.co.uk/products/aura-bar-twist-40k,flavour,slapple black mamba,not listed on VOS,,49.99,https://www.ninja-vapes.co.uk/product/box-of-10-aura-bar-40k-kits,high
ninja-vapes.co.uk,Aura Bar Twist 40000 Puffs Prefilled Pods Kit,Aura Bar Twist 40000 By Crystal Prime Kit,https://vapeonlinestore.co.uk/products/aura-bar-twist-40k,flavour,watermelon rainbow strawberry burst,not listed on VOS,,49.99,https://www.ninja-vapes.co.uk/product/box-of-10-aura-bar-40k-kits,high
ninja-vapes.co.uk,Nic Salt E-Liquid By Bar Juice 5000,Bar Juice 5000 Nic Salt E-Liquid,https://vapeonlinestore.co.uk/products/apple-peach-bar-juice-5000,flavour,grape gummy,not listed on VOS,,3.45,https://www.ninja-vapes.co.uk/product/bar-juice-5000,high
ninja-vapes.co.uk,Nic Salt E-Liquid By Bar Juice 5000,Bar Juice 5000 Nic Salt E-Liquid,https://vapeonlinestore.co.uk/products/apple-peach-bar-juice-5000,flavour,strawberry ice cream best,not listed on VOS,,3.45,https://www.ninja-vapes.co.uk/product/bar-juice-5000,high
ninja-vapes.co.uk,Bar Series 10Ml Nic Salt,Bar Series 10Ml Nic Salt Flavours,https://vapeonlinestore.co.uk/products/bar-series-nic-salt-10ml-e-liquid,flavour,kiwi passion fruit guava,not listed on VOS,,2.95,https://www.ninja-vapes.co.uk/product/kiwi-passion-fruit-guava-nic-salt-bar-series,high
ninja-vapes.co.uk,Nic Salt By Pod Salt Origin,Crime Pod Salt Origin 10Ml Nic Salt,https://vapeonlinestore.co.uk/products/cuban-crime-pod-salt-origin-10ml-nic-salts,flavour,cuban creme,not listed on VOS,,3.95,https://www.ninja-vapes.co.uk/product/cuban-creme-nic-salt-pod-salt-origin,reviewed
ninja-vapes.co.uk,Nic Salt By Pod Salt Origin,Crime Pod Salt Origin 10Ml Nic Salt,https://vapeonlinestore.co.uk/products/cuban-crime-pod-salt-origin-10ml-nic-salts,flavour,liquor tobacco,not listed on VOS,,3.95,https://www.ninja-vapes.co.uk/product/liquor-tobacco-nic-salt-pod-salt-origin,reviewed
ninja-vapes.co.uk,Nic Salt By Pod Salt Origin,Crime Pod Salt Origin 10Ml Nic Salt,https://vapeonlinestore.co.uk/products/cuban-crime-pod-salt-origin-10ml-nic-salts,flavour,royal tobacco,not listed on VOS,,3.95,https://www.ninja-vapes.co.uk/product/royal-tobacco-nic-salt-pod-salt-origin,reviewed
ninja-vapes.co.uk,Nic Salt By Pod Salt Origin,Crime Pod Salt Origin 10Ml Nic Salt,https://vapeonlinestore.co.uk/products/cuban-crime-pod-salt-origin-10ml-nic-salts,flavour,true tobacco,not listed on VOS,,3.95,https://www.ninja-vapes.co.uk/product/true-tobacco-nic-salt-pod-salt-origin,reviewed
ninja-vapes.co.uk,Nic Salt By Pod Salt Origin,Crime Pod Salt Origin 10Ml Nic Salt,https://vapeonlinestore.co.uk/products/cuban-crime-pod-salt-origin-10ml-nic-salts,flavour,virginia gold,not listed on VOS,,3.95,https://www.ninja-vapes.co.uk/product/virginia-gold-nic-salt-pod-salt-origin,reviewed
ninja-vapes.co.uk,Crystal Clear Nic Salt 10Ml,Crystal Clear 10Ml Nic Salt,https://vapeonlinestore.co.uk/products/crystal-clear-bar-10ml-nic-salts,flavour,cherry crush,not listed on VOS,,17.99,https://www.ninja-vapes.co.uk/product/box-of-10-crystal-clear-nic-salts-10ml,high
ninja-vapes.co.uk,Crystal Clear Nic Salt 10Ml,Crystal Clear 10Ml Nic Salt,https://vapeonlinestore.co.uk/products/crystal-clear-bar-10ml-nic-salts,flavour,kiwi passion guava,not listed on VOS,,17.99,https://www.ninja-vapes.co.uk/product/box-of-10-crystal-clear-nic-salts-10ml,high
ninja-vapes.co.uk,Crystal Clear Nic Salt 10Ml,Crystal Clear 10Ml Nic Salt,https://vapeonlinestore.co.uk/products/crystal-clear-bar-10ml-nic-salts,flavour,strawberry raspberry cherry,not listed on VOS,,3.95,https://www.ninja-vapes.co.uk/product/strawberry-raspberry-cherry-nic-salt-e-liquid-crystal-clear,high
ninja-vapes.co.uk,Crystal Clear Nic Salt 10Ml,Crystal Clear 10Ml Nic Salt,https://vapeonlinestore.co.uk/products/crystal-clear-bar-10ml-nic-salts,flavour,tropical sour ice,not listed on VOS,,3.95,https://www.ninja-vapes.co.uk/product/tropical-sour-ice-nic-salt-e-liquid-crystal-clear,high
ninja-vapes.co.uk,Crystal Galaxy Focus 2 30000 Puffs Prefilled Pods Kit,Crystal Galaxy Focus 2 30000 Prefilled Pods Kit,https://vapeonlinestore.co.uk/products/crystal-galaxy-focus-30000,flavour,cherry lime cola lime,listed on VOS but out of stock,cola lime cherry lime,10.99,https://www.ninja-vapes.co.uk/product/crystal-galaxy-focus-2-30k-2-in-1,high
ninja-vapes.co.uk,Crystal Galaxy Focus 2 30000 Puffs Prefilled Pods Kit,Crystal Galaxy Focus 2 30000 Prefilled Pods Kit,https://vapeonlinestore.co.uk/products/crystal-galaxy-focus-30000,flavour,cream tobacco hazelnut tobacco,listed on VOS but out of stock,cream tobacco hazelnut tobacco,10.99,https://www.ninja-vapes.co.uk/product/crystal-galaxy-focus-2-30k-2-in-1,high
ninja-vapes.co.uk,Crystal Galaxy Focus 2 30000 Puffs Prefilled Pods Kit,Crystal Galaxy Focus 2 30000 Prefilled Pods Kit,https://vapeonlinestore.co.uk/products/crystal-galaxy-focus-30000,flavour,fizzy vim2 grape berry,not listed on VOS,,10.99,https://www.ninja-vapes.co.uk/product/crystal-galaxy-focus-2-30k-2-in-1,high
ninja-vapes.co.uk,Crystal Galaxy Focus 2 30000 Puffs Prefilled Pods Kit,Crystal Galaxy Focus 2 30000 Prefilled Pods Kit,https://vapeonlinestore.co.uk/products/crystal-galaxy-focus-30000,flavour,hbubba watermelon ice,not listed on VOS,,10.99,https://www.ninja-vapes.co.uk/product/crystal-galaxy-focus-2-30k-2-in-1,high
ninja-vapes.co.uk,Crystal Galaxy Focus 2 30000 Puffs Prefilled Pods Kit,Crystal Galaxy Focus 2 30000 Prefilled Pods Kit,https://vapeonlinestore.co.uk/products/crystal-galaxy-focus-30000,flavour,juicy peach fizzy guava,not listed on VOS,,10.99,https://www.ninja-vapes.co.uk/product/crystal-galaxy-focus-2-30k-2-in-1,high
ninja-vapes.co.uk,Crystal Galaxy Focus 2 30000 Puffs Prefilled Pods Kit,Crystal Galaxy Focus 2 30000 Prefilled Pods Kit,https://vapeonlinestore.co.uk/products/crystal-galaxy-focus-30000,flavour,mango banana strawberry banana,listed on VOS but out of stock,mango banana strawberry banana,10.99,https://www.ninja-vapes.co.uk/product/crystal-galaxy-focus-2-30k-2-in-1,high
ninja-vapes.co.uk,Crystal Galaxy Focus 2 30000 Puffs Prefilled Pods Kit,Crystal Galaxy Focus 2 30000 Prefilled Pods Kit,https://vapeonlinestore.co.uk/products/crystal-galaxy-focus-30000,flavour,orange lime haven,not listed on VOS,,10.99,https://www.ninja-vapes.co.uk/product/crystal-galaxy-focus-2-30k-2-in-1,high
ninja-vapes.co.uk,Crystal Galaxy Focus 2 30000 Puffs Prefilled Pods Kit,Crystal Galaxy Focus 2 30000 Prefilled Pods Kit,https://vapeonlinestore.co.uk/products/crystal-galaxy-focus-30000,flavour,strawberry raspberry cherry ice strawberry raspberry blueberry,not listed on VOS,,10.99,https://www.ninja-vapes.co.uk/product/crystal-galaxy-focus-2-30k-2-in-1,high
ninja-vapes.co.uk,Crystal Galaxy Focus 2 30000 Refill Pods,Crystal Galaxy Focus 2 30000 Refill Pods,https://vapeonlinestore.co.uk/products/crystal-galaxy-focus-2-30k-refill-pods,flavour,double mint double menthol,not listed on VOS,,38.99,https://www.ninja-vapes.co.uk/product/box-of-10-crystal-galaxy-focus-2-30k-refill-pods,high
ninja-vapes.co.uk,Crystal Galaxy Focus 2 30000 Refill Pods,Crystal Galaxy Focus 2 30000 Refill Pods,https://vapeonlinestore.co.uk/products/crystal-galaxy-focus-2-30k-refill-pods,flavour,hbubba watermelon ice,not listed on VOS,,38.99,https://www.ninja-vapes.co.uk/product/box-of-10-crystal-galaxy-focus-2-30k-refill-pods,high
ninja-vapes.co.uk,Crystal Galaxy Focus 2 30000 Refill Pods,Crystal Galaxy Focus 2 30000 Refill Pods,https://vapeonlinestore.co.uk/products/crystal-galaxy-focus-2-30k-refill-pods,flavour,juicy peach fizzy guava,not listed on VOS,,38.99,https://www.ninja-vapes.co.uk/product/box-of-10-crystal-galaxy-focus-2-30k-refill-pods,high
ninja-vapes.co.uk,Crystal Galaxy Focus 2 30000 Refill Pods,Crystal Galaxy Focus 2 30000 Refill Pods,https://vapeonlinestore.co.uk/products/crystal-galaxy-focus-2-30k-refill-pods,flavour,orange lime haven,not listed on VOS,,38.99,https://www.ninja-vapes.co.uk/product/box-of-10-crystal-galaxy-focus-2-30k-refill-pods,high
ninja-vapes.co.uk,crystal pro cp 10k prefilled refill pods,Crystal Pro Cp 10000 Prefilled Pod,https://vapeonlinestore.co.uk/products/box-of-5-crystal-pro-cp-10k-pod,flavour,hbubba,not listed on VOS,,5.99,https://www.ninja-vapes.co.uk/product/crystal-pro-cp-10k-prefilled-refill-pods,high
ninja-vapes.co.uk,Dinner Lady Nic Salt 10Ml,Dinner Lady 10Ml Nic Salt E-Liquid,https://vapeonlinestore.co.uk/products/dinner-lady-berry-blast-10ml-nic-salt,flavour,black orange,not listed on VOS,,19.99,https://www.ninja-vapes.co.uk/product/box-of-10-dinner-lady-nic-salts-10ml,high
ninja-vapes.co.uk,Dinner Lady Nic Salt 10Ml,Dinner Lady 10Ml Nic Salt E-Liquid,https://vapeonlinestore.co.uk/products/dinner-lady-berry-blast-10ml-nic-salt,flavour,blueberry lemonade,not listed on VOS,,19.99,https://www.ninja-vapes.co.uk/product/box-of-10-dinner-lady-nic-salts-10ml,high
ninja-vapes.co.uk,Dinner Lady Nic Salt 10Ml,Dinner Lady 10Ml Nic Salt E-Liquid,https://vapeonlinestore.co.uk/products/dinner-lady-berry-blast-10ml-nic-salt,flavour,blueberry menthol,not listed on VOS,,19.99,https://www.ninja-vapes.co.uk/product/box-of-10-dinner-lady-nic-salts-10ml,high
ninja-vapes.co.uk,Dinner Lady Nic Salt 10Ml,Dinner Lady 10Ml Nic Salt E-Liquid,https://vapeonlinestore.co.uk/products/dinner-lady-berry-blast-10ml-nic-salt,flavour,cherry blast,not listed on VOS,,19.99,https://www.ninja-vapes.co.uk/product/box-of-10-dinner-lady-nic-salts-10ml,high
ninja-vapes.co.uk,Dinner Lady Nic Salt 10Ml,Dinner Lady 10Ml Nic Salt E-Liquid,https://vapeonlinestore.co.uk/products/dinner-lady-berry-blast-10ml-nic-salt,flavour,grape,not listed on VOS,,19.99,https://www.ninja-vapes.co.uk/product/box-of-10-dinner-lady-nic-salts-10ml,high
ninja-vapes.co.uk,Dinner Lady Nic Salt 10Ml,Dinner Lady 10Ml Nic Salt E-Liquid,https://vapeonlinestore.co.uk/products/dinner-lady-berry-blast-10ml-nic-salt,flavour,grape bubblegum,not listed on VOS,,19.99,https://www.ninja-vapes.co.uk/product/box-of-10-dinner-lady-nic-salts-10ml,high
ninja-vapes.co.uk,Dinner Lady Nic Salt 10Ml,Dinner Lady 10Ml Nic Salt E-Liquid,https://vapeonlinestore.co.uk/products/dinner-lady-berry-blast-10ml-nic-salt,flavour,key lime tart,not listed on VOS,,19.99,https://www.ninja-vapes.co.uk/product/box-of-10-dinner-lady-nic-salts-10ml,high
ninja-vapes.co.uk,Dinner Lady Nic Salt 10Ml,Dinner Lady 10Ml Nic Salt E-Liquid,https://vapeonlinestore.co.uk/products/dinner-lady-berry-blast-10ml-nic-salt,flavour,kiwi passion guava,not listed on VOS,,19.99,https://www.ninja-vapes.co.uk/product/box-of-10-dinner-lady-nic-salts-10ml,high
ninja-vapes.co.uk,Dinner Lady Nic Salt 10Ml,Dinner Lady 10Ml Nic Salt E-Liquid,https://vapeonlinestore.co.uk/products/dinner-lady-berry-blast-10ml-nic-salt,flavour,pink lemonade,not listed on VOS,,19.99,https://www.ninja-vapes.co.uk/product/box-of-10-dinner-lady-nic-salts-10ml,high
ninja-vapes.co.uk,Dinner Lady Nic Salt 10Ml,Dinner Lady 10Ml Nic Salt E-Liquid,https://vapeonlinestore.co.uk/products/dinner-lady-berry-blast-10ml-nic-salt,flavour,red thunder,not listed on VOS,,19.99,https://www.ninja-vapes.co.uk/product/box-of-10-dinner-lady-nic-salts-10ml,high
ninja-vapes.co.uk,Dinner Lady Nic Salt 10Ml,Dinner Lady 10Ml Nic Salt E-Liquid,https://vapeonlinestore.co.uk/products/dinner-lady-berry-blast-10ml-nic-salt,flavour,spearmint menthol,not listed on VOS,,19.99,https://www.ninja-vapes.co.uk/product/box-of-10-dinner-lady-nic-salts-10ml,high
ninja-vapes.co.uk,Dinner Lady Nic Salt 10Ml,Dinner Lady 10Ml Nic Salt E-Liquid,https://vapeonlinestore.co.uk/products/dinner-lady-berry-blast-10ml-nic-salt,flavour,strawberry watermelon,not listed on VOS,,19.99,https://www.ninja-vapes.co.uk/product/box-of-10-dinner-lady-nic-salts-10ml,high
ninja-vapes.co.uk,Dinner Lady Nic Salt 10Ml,Dinner Lady 10Ml Nic Salt E-Liquid,https://vapeonlinestore.co.uk/products/dinner-lady-berry-blast-10ml-nic-salt,flavour,tropical ice,not listed on VOS,,19.99,https://www.ninja-vapes.co.uk/product/box-of-10-dinner-lady-nic-salts-10ml,high
ninja-vapes.co.uk,Dinner Lady Nic Salt 10Ml,Dinner Lady 10Ml Nic Salt E-Liquid,https://vapeonlinestore.co.uk/products/dinner-lady-berry-blast-10ml-nic-salt,flavour,vanilla tart,not listed on VOS,,19.99,https://www.ninja-vapes.co.uk/product/box-of-10-dinner-lady-nic-salts-10ml,high
ninja-vapes.co.uk,Dinner Lady Nic Salt 10Ml,Dinner Lady 10Ml Nic Salt E-Liquid,https://vapeonlinestore.co.uk/products/dinner-lady-berry-blast-10ml-nic-salt,flavour,vanilla tobacco,not listed on VOS,,19.99,https://www.ninja-vapes.co.uk/product/box-of-10-dinner-lady-nic-salts-10ml,high
ninja-vapes.co.uk,lost mary 4 in 1 3200 puffs prefilled pod kit,Edition Lost Mary 4In1 Pod Kit,https://vapeonlinestore.co.uk/products/pineapple-edition-lost-mary-4-in-1,flavour,special,not listed on VOS,,6.49,https://www.ninja-vapes.co.uk/product/lost-mary-4-in-1-disposable-vape-kit,medium
ninja-vapes.co.uk,elf bar 4-in-1 prefilled pods,Elf Bar 4In1 Prefilled Pods,https://vapeonlinestore.co.uk/products/elf-bar-4in1-prefilled-pods,flavour,summer .,not listed on VOS,,6.99,https://www.ninja-vapes.co.uk/product/elf-bar-4-in-1-prefilled-vape-pods,high
ninja-vapes.co.uk,elf bar af5500 puffs refillable kit,Elf Bar Af5500 Prefilled Pods Kit,https://vapeonlinestore.co.uk/products/elf-bar-af5000-disposable-vape-kit,flavour,strawberry raspberry cherry ice,not listed on VOS,,6.99,https://www.ninja-vapes.co.uk/product/elf-bar-af5500-refillable-kit,medium
ninja-vapes.co.uk,Elfliq Nic Salt By Elf Bar 10Mg And 20Mg,Elf Bar Elfliq 10Ml Nic Salt,https://vapeonlinestore.co.uk/products/elfliq-10ml-e-liquid-nic-salts,flavour,mix 3,not listed on VOS,,0.99,https://www.ninja-vapes.co.uk/product/elfliq-nic-salts-10ml,high
ninja-vapes.co.uk,Elfliq Nic Salt By Elf Bar 10Mg And 20Mg,Elf Bar Elfliq 10Ml Nic Salt,https://vapeonlinestore.co.uk/products/elfliq-10ml-e-liquid-nic-salts,flavour,mix 5,not listed on VOS,,0.99,https://www.ninja-vapes.co.uk/product/elfliq-nic-salts-10ml,high
ninja-vapes.co.uk,Nic Salt E-Liquid By Elf Bar Elfliq,Elf Bar Elfliq 10Ml Nic Salt,https://vapeonlinestore.co.uk/products/elfliq-10ml-e-liquid-nic-salts,flavour,snoow tobacco,not listed on VOS,,2.95,https://www.ninja-vapes.co.uk/product/snoow-tobacco-nic-salt-e-liquid-elf-bar-elfliq,reviewed
ninja-vapes.co.uk,Elfliq Nic Salt By Elf Bar 10Mg And 20Mg,Elf Bar Elfliq 10Ml Nic Salt,https://vapeonlinestore.co.uk/products/elfliq-10ml-e-liquid-nic-salts,flavour,snoow tobacco,not listed on VOS,,19.99,https://www.ninja-vapes.co.uk/product/box-of-10-elf-bar-elfliq-10ml-nic-salts,high
ninja-vapes.co.uk,Nic Salt E-Liquid By Elf Bar Elfliq,Elf Bar Elfliq 10Ml Nic Salt,https://vapeonlinestore.co.uk/products/elfliq-10ml-e-liquid-nic-salts,flavour,strawberry snoow,not listed on VOS,,2.95,https://www.ninja-vapes.co.uk/product/strawberry-snoow-nic-salt-e-liquid-elf-bar-elfliq,reviewed
ninja-vapes.co.uk,Elfliq Nic Salt By Elf Bar 10Mg And 20Mg,Elf Bar Elfliq 10Ml Nic Salt,https://vapeonlinestore.co.uk/products/elfliq-10ml-e-liquid-nic-salts,flavour,strawberry snoow,not listed on VOS,,19.99,https://www.ninja-vapes.co.uk/product/box-of-10-elf-bar-elfliq-10ml-nic-salts,high
ninja-vapes.co.uk,elf bar mate 500 p1 prefilled pods (2pack),Elf Bar Mate P1 Prefilled Pods,https://vapeonlinestore.co.uk/products/elf-bar-mate-p1-prefilled-pods,flavour,mix 2,not listed on VOS,,3.00,https://www.ninja-vapes.co.uk/product/elf-bar-mate-p1-refills-refillable-pods,medium
ninja-vapes.co.uk,box of 10 firerose 5000 10ml nic salt,Elux Firerose 5000 Nic Salt,https://vapeonlinestore.co.uk/products/blue-razz-gummy-elux-firerose-5000-nic-salt,flavour,blackcurrant lemonade,not listed on VOS,,19.99,https://www.ninja-vapes.co.uk/product/box-of-10-firerose-5000-10ml-nic-salt,high
ninja-vapes.co.uk,Firerose 5000 Hubble Nic Salt E-Liquid By Elux,Elux Firerose 5000 Nic Salt,https://vapeonlinestore.co.uk/products/blue-razz-gummy-elux-firerose-5000-nic-salt,flavour,bubbla,not listed on VOS,,3.95,https://www.ninja-vapes.co.uk/product/firerose-5000-hubble-bubbla-nic-salt-e-liquid-elux,medium
ninja-vapes.co.uk,box of 10 firerose 5000 10ml nic salt,Elux Firerose 5000 Nic Salt,https://vapeonlinestore.co.uk/products/blue-razz-gummy-elux-firerose-5000-nic-salt,flavour,orange zest,not listed on VOS,,19.99,https://www.ninja-vapes.co.uk/product/box-of-10-firerose-5000-10ml-nic-salt,high
ninja-vapes.co.uk,Elux Legend Nic Salt E-Liquid,Elux Legend Nic Salt 10Ml E-Liquid,https://vapeonlinestore.co.uk/products/elux-legend-10ml-nic-salts,flavour,hubbla bubbla,not listed on VOS,,19.99,https://www.ninja-vapes.co.uk/product/box-of-10-elux-legend-nic-salts,high
ninja-vapes.co.uk,Feoba Pro 6000 Puffs Prefilled Pods Kit,Feoba Pro 6000 Prefilled Pods Kit,https://vapeonlinestore.co.uk/products/box-of-10-feoba-pro-6000,flavour,mr blue,not listed on VOS,,29.99,https://www.ninja-vapes.co.uk/product/box-of-5-feoba-pro-6k,high
ninja-vapes.co.uk,freemax fireluke 3 sub ohm tank,Freemax - Fireluke 3 - Tank,https://vapeonlinestore.co.uk/products/freemax-fireluke-3-tank,colour,yellow resin,not listed on VOS,,24.99,https://www.ninja-vapes.co.uk/product/freemax-fireluke-3-sub-ohm-tank,medium
ninja-vapes.co.uk,frooti tooti 100ml shortfill e-liquid,Frooti Tooti Shortfill 50Ml E-Liquid,https://vapeonlinestore.co.uk/products/frooti-tooti-shortfill-50ml-e-liquid,flavour,mix berry punch,not listed on VOS,,13.99,https://www.ninja-vapes.co.uk/product/frooti-tooti-100ml-shortfill-eliquids,high
ninja-vapes.co.uk,frooti tooti 100ml shortfill e-liquid,Frooti Tooti Shortfill 50Ml E-Liquid,https://vapeonlinestore.co.uk/products/frooti-tooti-shortfill-50ml-e-liquid,flavour,strawberry peach,not listed on VOS,,13.99,https://www.ninja-vapes.co.uk/product/frooti-tooti-100ml-shortfill-eliquids,high
ninja-vapes.co.uk,frooti tooti 100ml shortfill e-liquid,Frooti Tooti Shortfill 50Ml E-Liquid,https://vapeonlinestore.co.uk/products/frooti-tooti-shortfill-50ml-e-liquid,flavour,sweet sour cream,not listed on VOS,,13.99,https://www.ninja-vapes.co.uk/product/frooti-tooti-100ml-shortfill-eliquids,high
ninja-vapes.co.uk,frooti tooti 100ml shortfill e-liquid,Frooti Tooti Shortfill 50Ml E-Liquid,https://vapeonlinestore.co.uk/products/frooti-tooti-shortfill-50ml-e-liquid,flavour,tropical punch,not listed on VOS,,13.99,https://www.ninja-vapes.co.uk/product/frooti-tooti-100ml-shortfill-eliquids,high
ninja-vapes.co.uk,geekvape aegis nano vape kit,Geekvape Aegis X Kit,https://vapeonlinestore.co.uk/products/geek-vape-aegis-x-vape-kit,colour,camo blue,not listed on VOS,,22.99,https://www.ninja-vapes.co.uk/product/geekvape-aegis-nano-vape-kit,medium
ninja-vapes.co.uk,geekvape aegis nano vape kit,Geekvape Aegis X Kit,https://vapeonlinestore.co.uk/products/geek-vape-aegis-x-vape-kit,colour,camo green,not listed on VOS,,22.99,https://www.ninja-vapes.co.uk/product/geekvape-aegis-nano-vape-kit,medium
ninja-vapes.co.uk,geekvape aegis nano vape kit,Geekvape Aegis X Kit,https://vapeonlinestore.co.uk/products/geek-vape-aegis-x-vape-kit,colour,camo silver,not listed on VOS,,22.99,https://www.ninja-vapes.co.uk/product/geekvape-aegis-nano-vape-kit,medium
ninja-vapes.co.uk,geekvape aegis hero pod mod kit,Geekvape Aegis X Kit,https://vapeonlinestore.co.uk/products/geek-vape-aegis-x-vape-kit,colour,raindow,not listed on VOS,,8.99,https://www.ninja-vapes.co.uk/product/geekvape-aegis-hero-pod-mod-kit-pod-kit,medium
ninja-vapes.co.uk,geekvape aegis nano vape kit,Geekvape Aegis X Kit,https://vapeonlinestore.co.uk/products/geek-vape-aegis-x-vape-kit,colour,yellow,not listed on VOS,,22.99,https://www.ninja-vapes.co.uk/product/geekvape-aegis-nano-vape-kit,medium
ninja-vapes.co.uk,geekvape wenax q vape kit,Geekvape Wenax Q Mini Pod Kit,https://vapeonlinestore.co.uk/products/gradient-purple-geekvape-wenax-q-mini-pod-kit,colour,cobalt blue,not listed on VOS,,12.99,https://www.ninja-vapes.co.uk/product/geekvape-wenax-q,medium
ninja-vapes.co.uk,geekvape wenax q mini pod kit,Geekvape Wenax Q Mini Pod Kit,https://vapeonlinestore.co.uk/products/gradient-purple-geekvape-wenax-q-mini-pod-kit,colour,gradient blue,not listed on VOS,,14.99,https://www.ninja-vapes.co.uk/product/geekvape-wenax-q-mini-pod-vape-kit,high
ninja-vapes.co.uk,geekvape wenax q vape kit,Geekvape Wenax Q Mini Pod Kit,https://vapeonlinestore.co.uk/products/gradient-purple-geekvape-wenax-q-mini-pod-kit,colour,gradient dark,not listed on VOS,,12.99,https://www.ninja-vapes.co.uk/product/geekvape-wenax-q,medium
ninja-vapes.co.uk,geekvape wenax q mini pod kit,Geekvape Wenax Q Mini Pod Kit,https://vapeonlinestore.co.uk/products/gradient-purple-geekvape-wenax-q-mini-pod-kit,colour,gradient pink,not listed on VOS,,14.99,https://www.ninja-vapes.co.uk/product/geekvape-wenax-q-mini-pod-vape-kit,high
ninja-vapes.co.uk,geekvape wenax q vape kit,Geekvape Wenax Q Mini Pod Kit,https://vapeonlinestore.co.uk/products/gradient-purple-geekvape-wenax-q-mini-pod-kit,colour,gradient violet,not listed on VOS,,12.99,https://www.ninja-vapes.co.uk/product/geekvape-wenax-q,medium
ninja-vapes.co.uk,geekvape wenax q mini pod kit,Geekvape Wenax Q Mini Pod Kit,https://vapeonlinestore.co.uk/products/gradient-purple-geekvape-wenax-q-mini-pod-kit,colour,red gem,not listed on VOS,,14.99,https://www.ninja-vapes.co.uk/product/geekvape-wenax-q-mini-pod-vape-kit,high
ninja-vapes.co.uk,geekvape wenax q vape kit,Geekvape Wenax Q Mini Pod Kit,https://vapeonlinestore.co.uk/products/gradient-purple-geekvape-wenax-q-mini-pod-kit,colour,rose pink,not listed on VOS,,12.99,https://www.ninja-vapes.co.uk/product/geekvape-wenax-q,medium
ninja-vapes.co.uk,geekvape wenax q vape kit,Geekvape Wenax Q Mini Pod Kit,https://vapeonlinestore.co.uk/products/gradient-purple-geekvape-wenax-q-mini-pod-kit,colour,sakura pink,not listed on VOS,,12.99,https://www.ninja-vapes.co.uk/product/geekvape-wenax-q,medium
ninja-vapes.co.uk,geekvape wenax q mini pod kit,Geekvape Wenax Q Mini Pod Kit,https://vapeonlinestore.co.uk/products/gradient-purple-geekvape-wenax-q-mini-pod-kit,colour,silver gem,not listed on VOS,,14.99,https://www.ninja-vapes.co.uk/product/geekvape-wenax-q-mini-pod-vape-kit,high
ninja-vapes.co.uk,geekvape wenax q vape kit,Geekvape Wenax Q Mini Pod Kit,https://vapeonlinestore.co.uk/products/gradient-purple-geekvape-wenax-q-mini-pod-kit,colour,sunset yellow,not listed on VOS,,12.99,https://www.ninja-vapes.co.uk/product/geekvape-wenax-q,medium
ninja-vapes.co.uk,geekvape wenax q vape kit,Geekvape Wenax Q Mini Pod Kit,https://vapeonlinestore.co.uk/products/gradient-purple-geekvape-wenax-q-mini-pod-kit,colour,turquoise green,not listed on VOS,,12.99,https://www.ninja-vapes.co.uk/product/geekvape-wenax-q,medium
ninja-vapes.co.uk,hayati finebar 1000 puffs prefilled pod kit,Hayati Finebar Prefilled Pods Kit,https://vapeonlinestore.co.uk/products/hayati-finebar-pod-kit,flavour,hbubba,not listed on VOS,,4.99,https://www.ninja-vapes.co.uk/product/hayati-finebar-prefilled-pod-kit,low
ninja-vapes.co.uk,hayati finebar 1000 puffs prefilled pod kit,Hayati Finebar Prefilled Pods Kit,https://vapeonlinestore.co.uk/products/hayati-finebar-pod-kit,flavour,pipeline punch,not listed on VOS,,4.99,https://www.ninja-vapes.co.uk/product/hayati-finebar-prefilled-pod-kit,low
ninja-vapes.co.uk,hayati finebar 1000 puffs prefilled pod kit,Hayati Finebar Prefilled Pods Kit,https://vapeonlinestore.co.uk/products/hayati-finebar-pod-kit,flavour,red apple ice,not listed on VOS,,4.99,https://www.ninja-vapes.co.uk/product/hayati-finebar-prefilled-pod-kit,low
ninja-vapes.co.uk,hayati finebar 1000 puffs prefilled pod kit,Hayati Finebar Prefilled Pods Kit,https://vapeonlinestore.co.uk/products/hayati-finebar-pod-kit,flavour,strawberry cherry cranberry,not listed on VOS,,4.99,https://www.ninja-vapes.co.uk/product/hayati-finebar-prefilled-pod-kit,low
ninja-vapes.co.uk,hayati finebar 1000 puffs prefilled pod kit,Hayati Finebar Prefilled Pods Kit,https://vapeonlinestore.co.uk/products/hayati-finebar-pod-kit,flavour,strawberry raspberry blueberry,not listed on VOS,,4.99,https://www.ninja-vapes.co.uk/product/hayati-finebar-prefilled-pod-kit,low
ninja-vapes.co.uk,hayati finebar 1000 puffs prefilled pod kit,Hayati Finebar Prefilled Pods Kit,https://vapeonlinestore.co.uk/products/hayati-finebar-pod-kit,flavour,strawberry watermelon,not listed on VOS,,4.99,https://www.ninja-vapes.co.uk/product/hayati-finebar-prefilled-pod-kit,low
ninja-vapes.co.uk,hayati finebar 1000 puffs prefilled pod kit,Hayati Finebar Prefilled Pods Kit,https://vapeonlinestore.co.uk/products/hayati-finebar-pod-kit,flavour,summer dream,not listed on VOS,,4.99,https://www.ninja-vapes.co.uk/product/hayati-finebar-prefilled-pod-kit,low
ninja-vapes.co.uk,hayati finebar 1000 puffs prefilled pod kit,Hayati Finebar Prefilled Pods Kit,https://vapeonlinestore.co.uk/products/hayati-finebar-pod-kit,flavour,triple mango,not listed on VOS,,4.99,https://www.ninja-vapes.co.uk/product/hayati-finebar-prefilled-pod-kit,low
ninja-vapes.co.uk,hayati finebar 1000 puffs prefilled pod kit,Hayati Finebar Prefilled Pods Kit,https://vapeonlinestore.co.uk/products/hayati-finebar-pod-kit,flavour,watermelon ice,not listed on VOS,,4.99,https://www.ninja-vapes.co.uk/product/hayati-finebar-prefilled-pod-kit,low
ninja-vapes.co.uk,Nic Salt E-Liquid By Hayati Pro Max,Hayati Pro Max 10Ml,https://vapeonlinestore.co.uk/products/blue-razz-gummy-bear-hayati-pro-max-10ml,flavour,banana ice,not listed on VOS,,3.95,https://www.ninja-vapes.co.uk/product/banana-ice-nic-salt-hayati-pro-max,reviewed
ninja-vapes.co.uk,Nic Salt E-Liquid By Hayati Pro Max,Hayati Pro Max 10Ml,https://vapeonlinestore.co.uk/products/blue-razz-gummy-bear-hayati-pro-max-10ml,flavour,blue fusion,not listed on VOS,,3.95,https://www.ninja-vapes.co.uk/product/blue-fusion-nic-salt-by-hayati-pro-max,reviewed
ninja-vapes.co.uk,Nic Salt E-Liquid By Hayati Pro Max,Hayati Pro Max 10Ml,https://vapeonlinestore.co.uk/products/blue-razz-gummy-bear-hayati-pro-max-10ml,flavour,blue sour raspberry,not listed on VOS,,3.95,https://www.ninja-vapes.co.uk/product/blue-sour-raspberry-nic-salt-hayati-pro-max,reviewed
ninja-vapes.co.uk,Nic Salt E-Liquid By Hayati Pro Max,Hayati Pro Max 10Ml,https://vapeonlinestore.co.uk/products/blue-razz-gummy-bear-hayati-pro-max-10ml,flavour,cola lime,not listed on VOS,,3.95,https://www.ninja-vapes.co.uk/product/cola-lime-nic-salt-hayati-pro-max,reviewed
ninja-vapes.co.uk,Nic Salt E-Liquid By Hayati Pro Max,Hayati Pro Max 10Ml,https://vapeonlinestore.co.uk/products/blue-razz-gummy-bear-hayati-pro-max-10ml,flavour,fizzy cherry,not listed on VOS,,3.95,https://www.ninja-vapes.co.uk/product/fizzy-cherry-nic-salt-hayati-pro-max,reviewed
ninja-vapes.co.uk,Nic Salt E-Liquid By Hayati Pro Max,Hayati Pro Max 10Ml,https://vapeonlinestore.co.uk/products/blue-razz-gummy-bear-hayati-pro-max-10ml,flavour,fresh menthol mojito,not listed on VOS,,3.95,https://www.ninja-vapes.co.uk/product/fresh-menthol-mojito-nic-salt-hayati-pro-max,reviewed
ninja-vapes.co.uk,Nic Salt E-Liquid By Hayati Pro Max,Hayati Pro Max 10Ml,https://vapeonlinestore.co.uk/products/blue-razz-gummy-bear-hayati-pro-max-10ml,flavour,juicy peach,not listed on VOS,,3.95,https://www.ninja-vapes.co.uk/product/juicy-peach-nic-salt-hayati-pro-max,reviewed
ninja-vapes.co.uk,Nic Salt E-Liquid By Hayati Pro Max,Hayati Pro Max 10Ml,https://vapeonlinestore.co.uk/products/blue-razz-gummy-bear-hayati-pro-max-10ml,flavour,lemon lime,not listed on VOS,,3.95,https://www.ninja-vapes.co.uk/product/lemon-lime-nic-salt-hayati-pro-max,reviewed
ninja-vapes.co.uk,Nic Salt E-Liquid By Hayati Pro Max,Hayati Pro Max 10Ml,https://vapeonlinestore.co.uk/products/blue-razz-gummy-bear-hayati-pro-max-10ml,flavour,strawberry kiwi,not listed on VOS,,3.95,https://www.ninja-vapes.co.uk/product/strawberry-kiwi-nic-salt-hayati-pro-max,reviewed
ninja-vapes.co.uk,Nic Salt E-Liquid By Hayati Pro Max,Hayati Pro Max 10Ml,https://vapeonlinestore.co.uk/products/blue-razz-gummy-bear-hayati-pro-max-10ml,flavour,strawberry raspberry ice,not listed on VOS,,3.95,https://www.ninja-vapes.co.uk/product/strawberry-raspberry-ice-nic-salt-hayati-pro-max,reviewed
ninja-vapes.co.uk,Nic Salt E-Liquid By Hayati Pro Max,Hayati Pro Max 10Ml,https://vapeonlinestore.co.uk/products/blue-razz-gummy-bear-hayati-pro-max-10ml,flavour,summer dream,not listed on VOS,,3.95,https://www.ninja-vapes.co.uk/product/summer-dream-nic-salt-e-liquid-hayati-pro-max,reviewed
ninja-vapes.co.uk,Hayati Pro Max Plus 6000 Puffs Prefilled Vape Kit,Hayati Pro Max Plus 6000 Prefilled Pods Kit,https://vapeonlinestore.co.uk/products/hayati-pro-max-plus-6000,flavour,dragon berry,not listed on VOS,,8.99,https://www.ninja-vapes.co.uk/product/hayati-pro-max-plus-6000,high
ninja-vapes.co.uk,Hayati Pro Max Plus 6000 Puffs Prefilled Vape Kit,Hayati Pro Max Plus 6000 Prefilled Pods Kit,https://vapeonlinestore.co.uk/products/hayati-pro-max-plus-6000,flavour,grape gummy bear,not listed on VOS,,8.99,https://www.ninja-vapes.co.uk/product/hayati-pro-max-plus-6000,high
ninja-vapes.co.uk,Hayati Pro Max Plus 6000 Puffs Prefilled Vape Kit,Hayati Pro Max Plus 6000 Prefilled Pods Kit,https://vapeonlinestore.co.uk/products/hayati-pro-max-plus-6000,flavour,irish staut blue raspberry gb,not listed on VOS,,76.99,https://www.ninja-vapes.co.uk/product/box-of-10-hayati-pro-max-plus-6k,high
ninja-vapes.co.uk,Hayati Pro Max Plus 6000 Puffs Prefilled Vape Kit,Hayati Pro Max Plus 6000 Prefilled Pods Kit,https://vapeonlinestore.co.uk/products/hayati-pro-max-plus-6000,flavour,manchester blue raspberry gb,not listed on VOS,,8.99,https://www.ninja-vapes.co.uk/product/hayati-pro-max-plus-6000,high
ninja-vapes.co.uk,Hayati Pro Max Plus 6000 Puffs Prefilled Vape Kit,Hayati Pro Max Plus 6000 Prefilled Pods Kit,https://vapeonlinestore.co.uk/products/hayati-pro-max-plus-6000,flavour,manchester blueberry raspberry,not listed on VOS,,8.99,https://www.ninja-vapes.co.uk/product/hayati-pro-max-plus-6000,high
ninja-vapes.co.uk,Hayati Pro Max Plus 6000 Puffs Prefilled Vape Kit,Hayati Pro Max Plus 6000 Prefilled Pods Kit,https://vapeonlinestore.co.uk/products/hayati-pro-max-plus-6000,flavour,manchester juicy peach,not listed on VOS,,8.99,https://www.ninja-vapes.co.uk/product/hayati-pro-max-plus-6000,high
ninja-vapes.co.uk,Hayati Pro Max Plus 6000 Puffs Prefilled Vape Kit,Hayati Pro Max Plus 6000 Prefilled Pods Kit,https://vapeonlinestore.co.uk/products/hayati-pro-max-plus-6000,flavour,manchester lemon lime,not listed on VOS,,8.99,https://www.ninja-vapes.co.uk/product/hayati-pro-max-plus-6000,high
ninja-vapes.co.uk,Hayati Pro Max Plus 6000 Puffs Prefilled Vape Kit,Hayati Pro Max Plus 6000 Prefilled Pods Kit,https://vapeonlinestore.co.uk/products/hayati-pro-max-plus-6000,flavour,manchester strawberry raspberry ice,not listed on VOS,,8.99,https://www.ninja-vapes.co.uk/product/hayati-pro-max-plus-6000,high
ninja-vapes.co.uk,hayati pro max+ 6k puffs world cup edition kit,Hayati Pro Max Plus 6000 Prefilled Pods Kit,https://vapeonlinestore.co.uk/products/hayati-pro-max-plus-6000,flavour,scotland cherry berry,not listed on VOS,,8.99,https://www.ninja-vapes.co.uk/product/hayati-pro-max-plus-6000-world-cup-edition,medium
ninja-vapes.co.uk,Hayati Pro Max Plus 6000 Puffs Prefilled Vape Kit,Hayati Pro Max Plus 6000 Prefilled Pods Kit,https://vapeonlinestore.co.uk/products/hayati-pro-max-plus-6000,flavour,st patricks day strawberry raspberry ice,not listed on VOS,,8.99,https://www.ninja-vapes.co.uk/product/hayati-pro-max-plus-6000,high
ninja-vapes.co.uk,Hayati Pro Max Plus 6000 Puffs Prefilled Vape Kit,Hayati Pro Max Plus 6000 Prefilled Pods Kit,https://vapeonlinestore.co.uk/products/hayati-pro-max-plus-6000,flavour,strawberry gummy bear,not listed on VOS,,8.99,https://www.ninja-vapes.co.uk/product/hayati-pro-max-plus-6000,high
ninja-vapes.co.uk,Hayati Pro Max Plus 6000 Puffs Prefilled Vape Kit,Hayati Pro Max Plus 6000 Prefilled Pods Kit,https://vapeonlinestore.co.uk/products/hayati-pro-max-plus-6000,flavour,wales blue raspberry gb,not listed on VOS,,8.99,https://www.ninja-vapes.co.uk/product/hayati-pro-max-plus-6000,high
ninja-vapes.co.uk,Hayati Pro Max Plus 6000 Puffs Prefilled Vape Kit,Hayati Pro Max Plus 6000 Prefilled Pods Kit,https://vapeonlinestore.co.uk/products/hayati-pro-max-plus-6000,flavour,wales blueberry raspberry,not listed on VOS,,8.99,https://www.ninja-vapes.co.uk/product/hayati-pro-max-plus-6000,high
ninja-vapes.co.uk,Hayati Pro Max Plus 6000 Puffs Prefilled Vape Kit,Hayati Pro Max Plus 6000 Prefilled Pods Kit,https://vapeonlinestore.co.uk/products/hayati-pro-max-plus-6000,flavour,wales juicy peach,not listed on VOS,,8.99,https://www.ninja-vapes.co.uk/product/hayati-pro-max-plus-6000,high
ninja-vapes.co.uk,Hayati Pro Max Plus 6000 Puffs Prefilled Vape Kit,Hayati Pro Max Plus 6000 Prefilled Pods Kit,https://vapeonlinestore.co.uk/products/hayati-pro-max-plus-6000,flavour,wales lemon lime,not listed on VOS,,8.99,https://www.ninja-vapes.co.uk/product/hayati-pro-max-plus-6000,high
ninja-vapes.co.uk,Hayati Pro Max Plus 6000 Puffs Prefilled Vape Kit,Hayati Pro Max Plus 6000 Prefilled Pods Kit,https://vapeonlinestore.co.uk/products/hayati-pro-max-plus-6000,flavour,wales strawberry raspberry ice,not listed on VOS,,8.99,https://www.ninja-vapes.co.uk/product/hayati-pro-max-plus-6000,high
ninja-vapes.co.uk,Hayati Pro Max Plus Pods Hayati 6000 Pods,Hayati Pro Max Plus 6000 Replacement Refill Pods,https://vapeonlinestore.co.uk/products/hayati-pro-max-plus-6000-replacement-pods,flavour,dragon berry,not listed on VOS,,31.99,https://www.ninja-vapes.co.uk/product/box-of-5-hayati-pro-max-plus-6k-refill-pods,high
ninja-vapes.co.uk,Hayati Pro Max Plus Pods Hayati 6000 Pods,Hayati Pro Max Plus 6000 Replacement Refill Pods,https://vapeonlinestore.co.uk/products/hayati-pro-max-plus-6000-replacement-pods,flavour,grape gummy bear,not listed on VOS,,31.99,https://www.ninja-vapes.co.uk/product/box-of-5-hayati-pro-max-plus-6k-refill-pods,high
ninja-vapes.co.uk,Hayati Pro Max Plus Pods Hayati 6000 Pods,Hayati Pro Max Plus 6000 Replacement Refill Pods,https://vapeonlinestore.co.uk/products/hayati-pro-max-plus-6000-replacement-pods,flavour,h bubba,not listed on VOS,,31.99,https://www.ninja-vapes.co.uk/product/box-of-5-hayati-pro-max-plus-6k-refill-pods,high
ninja-vapes.co.uk,Hayati Pro Max Plus Pods Hayati 6000 Pods,Hayati Pro Max Plus 6000 Replacement Refill Pods,https://vapeonlinestore.co.uk/products/hayati-pro-max-plus-6000-replacement-pods,flavour,smooth strawberry ice,not listed on VOS,,31.99,https://www.ninja-vapes.co.uk/product/box-of-5-hayati-pro-max-plus-6k-refill-pods,high
ninja-vapes.co.uk,Hayati Pro Max Plus Pods Hayati 6000 Pods,Hayati Pro Max Plus 6000 Replacement Refill Pods,https://vapeonlinestore.co.uk/products/hayati-pro-max-plus-6000-replacement-pods,flavour,strawberry gummy bear,not listed on VOS,,31.99,https://www.ninja-vapes.co.uk/product/box-of-5-hayati-pro-max-plus-6k-refill-pods,high
ninja-vapes.co.uk,Hayati Pro Max Plus Pods Hayati 6000 Pods,Hayati Pro Max Plus 6000 Replacement Refill Pods,https://vapeonlinestore.co.uk/products/hayati-pro-max-plus-6000-replacement-pods,flavour,strawberry hbubba,not listed on VOS,,31.99,https://www.ninja-vapes.co.uk/product/box-of-5-hayati-pro-max-plus-6k-refill-pods,high
ninja-vapes.co.uk,box of 10 hayati pro max shisha nic salts 10ml,Hayati Pro Max Shisha Range 10Ml Nic Salt,https://vapeonlinestore.co.uk/products/hayati-pro-max-shisha-10ml,flavour,frozen blueberry raspberry,not listed on VOS,,19.99,https://www.ninja-vapes.co.uk/product/box-of-10-hayati-pro-max-shisha-nic-salts-10ml,high
ninja-vapes.co.uk,hayati pro max shisha range nic salts 10ml,Hayati Pro Max Shisha Range 10Ml Nic Salt,https://vapeonlinestore.co.uk/products/hayati-pro-max-shisha-10ml,flavour,frozen blueberry raspberry,not listed on VOS,,2.99,https://www.ninja-vapes.co.uk/product/hayati-pro-max-shisha-nic-salts-10ml,high
ninja-vapes.co.uk,hayati pro ultra+ 25k puffs world cup edition kit,Hayati Pro Ultra Plus 25000 Prefilled Pods Kit,https://vapeonlinestore.co.uk/products/hayati-pro-ultra,flavour,england kiwi banana straw banana,listed on VOS but out of stock,kiwi banana straw banana england,10.99,https://www.ninja-vapes.co.uk/product/hayati-pro-ultra-plus-25000-world-cup-edition,medium
ninja-vapes.co.uk,Hayati Pro Ultra Plus 25000 Puffs Vape Kit,Hayati Pro Ultra Plus 25000 Prefilled Pods Kit,https://vapeonlinestore.co.uk/products/hayati-pro-ultra,flavour,fresh mint blue raspberry mint,not listed on VOS,,10.99,https://www.ninja-vapes.co.uk/product/hayati-pro-ultra-plus-25000-tpd,high
ninja-vapes.co.uk,Hayati Pro Ultra Plus 25000 Puffs Vape Kit,Hayati Pro Ultra Plus 25000 Prefilled Pods Kit,https://vapeonlinestore.co.uk/products/hayati-pro-ultra,flavour,h berg pink man,not listed on VOS,,109.99,https://www.ninja-vapes.co.uk/product/box-of-10-hayati-pro-ultra-plus-25000,high
ninja-vapes.co.uk,Hayati Pro Ultra Plus 25000 Puffs Vape Kit,Hayati Pro Ultra Plus 25000 Prefilled Pods Kit,https://vapeonlinestore.co.uk/products/hayati-pro-ultra,flavour,i love glasgow mr blue,not listed on VOS,,10.99,https://www.ninja-vapes.co.uk/product/hayati-pro-ultra-tpd,high
ninja-vapes.co.uk,Hayati Pro Ultra Plus 25000 Puffs Vape Kit,Hayati Pro Ultra Plus 25000 Prefilled Pods Kit,https://vapeonlinestore.co.uk/products/hayati-pro-ultra,flavour,i love scotland blueberry raspberry,not listed on VOS,,10.99,https://www.ninja-vapes.co.uk/product/hayati-pro-ultra-tpd,high
ninja-vapes.co.uk,Hayati Pro Ultra Plus 25000 Puffs Vape Kit,Hayati Pro Ultra Plus 25000 Prefilled Pods Kit,https://vapeonlinestore.co.uk/products/hayati-pro-ultra,flavour,irish memories blue sour raspberry,listed on VOS but out of stock,blue sour raspberry irish memories,10.99,https://www.ninja-vapes.co.uk/product/hayati-pro-ultra-plus-25000-tpd,high
ninja-vapes.co.uk,Hayati Pro Ultra Plus 25000 Puffs Vape Kit,Hayati Pro Ultra Plus 25000 Prefilled Pods Kit,https://vapeonlinestore.co.uk/products/hayati-pro-ultra,flavour,irish tree life blueberry raspberry,listed on VOS but out of stock,blueberry raspberry irish tree life,10.99,https://www.ninja-vapes.co.uk/product/hayati-pro-ultra-plus-25000-tpd,high
ninja-vapes.co.uk,Hayati Pro Ultra Plus 25000 Puffs Souvenir Edition Kit,Hayati Pro Ultra Plus 25000 Prefilled Pods Kit,https://vapeonlinestore.co.uk/products/hayati-pro-ultra,flavour,irish tree life blueberry raspberry,listed on VOS but out of stock,blueberry raspberry irish tree life,109.99,https://www.ninja-vapes.co.uk/product/box-of-10-hayati-pro-ultra-plus-25k-souvenir-edition,high
ninja-vapes.co.uk,Hayati Pro Ultra Plus 25000 Puffs Vape Kit,Hayati Pro Ultra Plus 25000 Prefilled Pods Kit,https://vapeonlinestore.co.uk/products/hayati-pro-ultra,flavour,leprechaun lemon lime,listed on VOS but out of stock,lemon lime leprechaun,10.99,https://www.ninja-vapes.co.uk/product/hayati-pro-ultra-plus-25000-tpd,high
ninja-vapes.co.uk,Hayati Pro Ultra Plus 25000 Puffs Souvenir Edition Kit,Hayati Pro Ultra Plus 25000 Prefilled Pods Kit,https://vapeonlinestore.co.uk/products/hayati-pro-ultra,flavour,leprechaun lemon lime,listed on VOS but out of stock,lemon lime leprechaun,109.99,https://www.ninja-vapes.co.uk/product/box-of-10-hayati-pro-ultra-plus-25k-souvenir-edition,high
ninja-vapes.co.uk,Hayati Pro Ultra Plus 25000 Puffs Souvenir Edition Kit,Hayati Pro Ultra Plus 25000 Prefilled Pods Kit,https://vapeonlinestore.co.uk/products/hayati-pro-ultra,flavour,london eye blue raspberry gb,listed on VOS but out of stock,blue raspberry gb london eye,109.99,https://www.ninja-vapes.co.uk/product/box-of-10-hayati-pro-ultra-plus-25k-souvenir-edition,high
ninja-vapes.co.uk,Hayati Pro Ultra Plus 25000 Puffs Vape Kit,Hayati Pro Ultra Plus 25000 Prefilled Pods Kit,https://vapeonlinestore.co.uk/products/hayati-pro-ultra,flavour,manchester blue raspberry gb,not listed on VOS,,10.99,https://www.ninja-vapes.co.uk/product/hayati-pro-ultra-plus-25000-tpd,high
ninja-vapes.co.uk,Hayati Pro Ultra Plus 25000 Puffs Souvenir Edition Kit,Hayati Pro Ultra Plus 25000 Prefilled Pods Kit,https://vapeonlinestore.co.uk/products/hayati-pro-ultra,flavour,manchester blue raspberry gb,not listed on VOS,,109.99,https://www.ninja-vapes.co.uk/product/box-of-10-hayati-pro-ultra-plus-25k-souvenir-edition,high
ninja-vapes.co.uk,Hayati Pro Ultra Plus 25000 Puffs Vape Kit,Hayati Pro Ultra Plus 25000 Prefilled Pods Kit,https://vapeonlinestore.co.uk/products/hayati-pro-ultra,flavour,manchester blue sour raspberry,not listed on VOS,,10.99,https://www.ninja-vapes.co.uk/product/hayati-pro-ultra-plus-25000-tpd,high
ninja-vapes.co.uk,Hayati Pro Ultra Plus 25000 Puffs Souvenir Edition Kit,Hayati Pro Ultra Plus 25000 Prefilled Pods Kit,https://vapeonlinestore.co.uk/products/hayati-pro-ultra,flavour,manchester blue sour raspberry,not listed on VOS,,109.99,https://www.ninja-vapes.co.uk/product/box-of-10-hayati-pro-ultra-plus-25k-souvenir-edition,high
ninja-vapes.co.uk,Hayati Pro Ultra Plus 25000 Puffs Vape Kit,Hayati Pro Ultra Plus 25000 Prefilled Pods Kit,https://vapeonlinestore.co.uk/products/hayati-pro-ultra,flavour,manchester blueberry raspberry,not listed on VOS,,10.99,https://www.ninja-vapes.co.uk/product/hayati-pro-ultra-plus-25000-tpd,high
ninja-vapes.co.uk,Hayati Pro Ultra Plus 25000 Puffs Souvenir Edition Kit,Hayati Pro Ultra Plus 25000 Prefilled Pods Kit,https://vapeonlinestore.co.uk/products/hayati-pro-ultra,flavour,manchester blueberry raspberry,not listed on VOS,,109.99,https://www.ninja-vapes.co.uk/product/box-of-10-hayati-pro-ultra-plus-25k-souvenir-edition,high
ninja-vapes.co.uk,Hayati Pro Ultra Plus 25000 Puffs Vape Kit,Hayati Pro Ultra Plus 25000 Prefilled Pods Kit,https://vapeonlinestore.co.uk/products/hayati-pro-ultra,flavour,manchester lemon lime,not listed on VOS,,10.99,https://www.ninja-vapes.co.uk/product/hayati-pro-ultra-plus-25000-tpd,high
ninja-vapes.co.uk,Hayati Pro Ultra Plus 25000 Puffs Souvenir Edition Kit,Hayati Pro Ultra Plus 25000 Prefilled Pods Kit,https://vapeonlinestore.co.uk/products/hayati-pro-ultra,flavour,manchester lemon lime,not listed on VOS,,109.99,https://www.ninja-vapes.co.uk/product/box-of-10-hayati-pro-ultra-plus-25k-souvenir-edition,high
ninja-vapes.co.uk,Hayati Pro Ultra Plus 25000 Puffs Vape Kit,Hayati Pro Ultra Plus 25000 Prefilled Pods Kit,https://vapeonlinestore.co.uk/products/hayati-pro-ultra,flavour,manchester mr blue,not listed on VOS,,10.99,https://www.ninja-vapes.co.uk/product/hayati-pro-ultra-plus-25000-tpd,high
ninja-vapes.co.uk,Hayati Pro Ultra Plus 25000 Puffs Souvenir Edition Kit,Hayati Pro Ultra Plus 25000 Prefilled Pods Kit,https://vapeonlinestore.co.uk/products/hayati-pro-ultra,flavour,manchester mr blue,not listed on VOS,,109.99,https://www.ninja-vapes.co.uk/product/box-of-10-hayati-pro-ultra-plus-25k-souvenir-edition,high
ninja-vapes.co.uk,hayati pro ultra+ 25k puffs world cup edition kit,Hayati Pro Ultra Plus 25000 Prefilled Pods Kit,https://vapeonlinestore.co.uk/products/hayati-pro-ultra,flavour,scotland kiwi banana straw banana,listed on VOS but out of stock,kiwi banana straw banana scotland,10.99,https://www.ninja-vapes.co.uk/product/hayati-pro-ultra-plus-25000-world-cup-edition,medium
ninja-vapes.co.uk,Hayati Pro Ultra Plus 25000 Puffs Vape Kit,Hayati Pro Ultra Plus 25000 Prefilled Pods Kit,https://vapeonlinestore.co.uk/products/hayati-pro-ultra,flavour,wales blue raspberry gb,not listed on VOS,,10.99,https://www.ninja-vapes.co.uk/product/hayati-pro-ultra-plus-25000-tpd,high
ninja-vapes.co.uk,Hayati Pro Ultra Plus 25000 Puffs Souvenir Edition Kit,Hayati Pro Ultra Plus 25000 Prefilled Pods Kit,https://vapeonlinestore.co.uk/products/hayati-pro-ultra,flavour,wales blue raspberry gb,not listed on VOS,,109.99,https://www.ninja-vapes.co.uk/product/box-of-10-hayati-pro-ultra-plus-25k-souvenir-edition,high
ninja-vapes.co.uk,Hayati Pro Ultra Plus 25000 Puffs Vape Kit,Hayati Pro Ultra Plus 25000 Prefilled Pods Kit,https://vapeonlinestore.co.uk/products/hayati-pro-ultra,flavour,wales blue sour raspberry,not listed on VOS,,10.99,https://www.ninja-vapes.co.uk/product/hayati-pro-ultra-plus-25000-tpd,high
ninja-vapes.co.uk,Hayati Pro Ultra Plus 25000 Puffs Souvenir Edition Kit,Hayati Pro Ultra Plus 25000 Prefilled Pods Kit,https://vapeonlinestore.co.uk/products/hayati-pro-ultra,flavour,wales blue sour raspberry,not listed on VOS,,109.99,https://www.ninja-vapes.co.uk/product/box-of-10-hayati-pro-ultra-plus-25k-souvenir-edition,high
ninja-vapes.co.uk,Hayati Pro Ultra Plus 25000 Puffs Vape Kit,Hayati Pro Ultra Plus 25000 Prefilled Pods Kit,https://vapeonlinestore.co.uk/products/hayati-pro-ultra,flavour,wales blueberry raspberry,not listed on VOS,,10.99,https://www.ninja-vapes.co.uk/product/hayati-pro-ultra-plus-25000-tpd,high
ninja-vapes.co.uk,Hayati Pro Ultra Plus 25000 Puffs Souvenir Edition Kit,Hayati Pro Ultra Plus 25000 Prefilled Pods Kit,https://vapeonlinestore.co.uk/products/hayati-pro-ultra,flavour,wales blueberry raspberry,not listed on VOS,,109.99,https://www.ninja-vapes.co.uk/product/box-of-10-hayati-pro-ultra-plus-25k-souvenir-edition,high
ninja-vapes.co.uk,Hayati Pro Ultra Plus 25000 Puffs Vape Kit,Hayati Pro Ultra Plus 25000 Prefilled Pods Kit,https://vapeonlinestore.co.uk/products/hayati-pro-ultra,flavour,wales lemon lime,not listed on VOS,,10.99,https://www.ninja-vapes.co.uk/product/hayati-pro-ultra-plus-25000-tpd,high
ninja-vapes.co.uk,Hayati Pro Ultra Plus 25000 Puffs Souvenir Edition Kit,Hayati Pro Ultra Plus 25000 Prefilled Pods Kit,https://vapeonlinestore.co.uk/products/hayati-pro-ultra,flavour,wales lemon lime,not listed on VOS,,109.99,https://www.ninja-vapes.co.uk/product/box-of-10-hayati-pro-ultra-plus-25k-souvenir-edition,high
ninja-vapes.co.uk,Hayati Pro Ultra Plus 25000 Puffs Vape Kit,Hayati Pro Ultra Plus 25000 Prefilled Pods Kit,https://vapeonlinestore.co.uk/products/hayati-pro-ultra,flavour,wales mr blue,not listed on VOS,,10.99,https://www.ninja-vapes.co.uk/product/hayati-pro-ultra-plus-25000-tpd,high
ninja-vapes.co.uk,Hayati Pro Ultra Plus 25000 Puffs Souvenir Edition Kit,Hayati Pro Ultra Plus 25000 Prefilled Pods Kit,https://vapeonlinestore.co.uk/products/hayati-pro-ultra,flavour,wales mr blue,not listed on VOS,,109.99,https://www.ninja-vapes.co.uk/product/box-of-10-hayati-pro-ultra-plus-25k-souvenir-edition,high
ninja-vapes.co.uk,Hayati Pro Ultra Plus 25000 Pods,Hayati Pro Ultra Plus 25000 Replacement Refill Pods,https://vapeonlinestore.co.uk/products/hayati-pro-ultra-plus-pods,flavour,h berg pink man,not listed on VOS,,34.99,https://www.ninja-vapes.co.uk/product/box-of-5hayati-pro-ultra-plus-25k-pods,high
ninja-vapes.co.uk,hayati x4 refillable vape kit,Hayati Refillable Pod Vape Kit,https://vapeonlinestore.co.uk/products/hayati-x4-refillable-pod-vape-kit,colour,aurora green,listed on VOS but out of stock,aurora green,19.99,https://www.ninja-vapes.co.uk/product/hayati-x4-refillable-vape-kit,high
ninja-vapes.co.uk,hayati x4 refillable vape kit,Hayati Refillable Pod Vape Kit,https://vapeonlinestore.co.uk/products/hayati-x4-refillable-pod-vape-kit,colour,misty purple,listed on VOS but out of stock,misty purple,19.99,https://www.ninja-vapes.co.uk/product/hayati-x4-refillable-vape-kit,high
ninja-vapes.co.uk,hayati x4 refillable vape kit,Hayati Refillable Pod Vape Kit,https://vapeonlinestore.co.uk/products/hayati-x4-refillable-pod-vape-kit,colour,stormy black,listed on VOS but out of stock,stormy black,19.99,https://www.ninja-vapes.co.uk/product/hayati-x4-refillable-vape-kit,high
ninja-vapes.co.uk,hayati x4 refillable vape kit,Hayati Refillable Pod Vape Kit,https://vapeonlinestore.co.uk/products/hayati-x4-refillable-pod-vape-kit,colour,torrential blue,listed on VOS but out of stock,torrential blue,19.99,https://www.ninja-vapes.co.uk/product/hayati-x4-refillable-vape-kit,high
ninja-vapes.co.uk,Hyola Pro Max 8000 Puffs Prefilled Pods Kit,Hyola Pro Max 8000 Prefilled Pods Kit,https://vapeonlinestore.co.uk/products/box-of-10-hyola-pro-max-8000,flavour,hbubba,not listed on VOS,,8.99,https://www.ninja-vapes.co.uk/product/hyola-pro-max-8000-puffs-prefilled-pod-kit,high
ninja-vapes.co.uk,Hyola Pro Max 8000 Puffs Prefilled Pods Kit,Hyola Pro Max 8000 Prefilled Pods Kit,https://vapeonlinestore.co.uk/products/box-of-10-hyola-pro-max-8000,flavour,pineapple ice,not listed on VOS,,8.99,https://www.ninja-vapes.co.uk/product/hyola-pro-max-8000-puffs-prefilled-pod-kit,high
ninja-vapes.co.uk,Hyola Pro Max 8000 Puffs Prefilled Pods Kit,Hyola Pro Max 8000 Prefilled Pods Kit,https://vapeonlinestore.co.uk/products/box-of-10-hyola-pro-max-8000,flavour,strawberry raspberry,not listed on VOS,,8.99,https://www.ninja-vapes.co.uk/product/hyola-pro-max-8000-puffs-prefilled-pod-kit,high
ninja-vapes.co.uk,Hyola Pro Max 8000 Puffs Prefilled Refill Pods,Hyola Pro Max 8000 Puffs Prefilled Refill Pods,https://vapeonlinestore.co.uk/products/hyola-pro-max-8000-prefilled-replacement-pods,flavour,hbubba,not listed on VOS,,6.99,https://www.ninja-vapes.co.uk/product/hyola-pro-max-8000-puffs-prefilled-pods,high
ninja-vapes.co.uk,Innokin Endura T22E Vape Kit,Innokin Endura T22E Vape Kit,https://vapeonlinestore.co.uk/products/innokin-endura-t22e-vape-kit,colour,white,not listed on VOS,,25.99,https://www.ninja-vapes.co.uk/product/innokin-endura-t22e-Vape-kit,high
ninja-vapes.co.uk,Ivg 2400 Puffs Reusable Pod Vape Kit,Ivg 2400 Puffs Disposable Kit,https://vapeonlinestore.co.uk/products/grape-ice-ivg-2400,flavour,classic menthol,listed on VOS but out of stock,classic menthol,69.99,https://www.ninja-vapes.co.uk/product/box-of-10-ivg-2400-puffs-pod-kit,high
ninja-vapes.co.uk,Ivg 2400 Puffs Reusable Pod Vape Kit,Ivg 2400 Puffs Disposable Kit,https://vapeonlinestore.co.uk/products/grape-ice-ivg-2400,flavour,coffee,listed on VOS but out of stock,coffee,34.99,https://www.ninja-vapes.co.uk/product/box-of-5-ivg-2400-puffs-pod-kit,high
ninja-vapes.co.uk,Ivg 2400 Puffs Reusable Pod Vape Kit,Ivg 2400 Puffs Disposable Kit,https://vapeonlinestore.co.uk/products/grape-ice-ivg-2400,flavour,heavenly drops,not listed on VOS,,69.99,https://www.ninja-vapes.co.uk/product/box-of-10-ivg-2400-puffs-pod-kit,high
ninja-vapes.co.uk,Ivg 2400 Puffs Reusable Pod Vape Kit,Ivg 2400 Puffs Disposable Kit,https://vapeonlinestore.co.uk/products/grape-ice-ivg-2400,flavour,ice blue pop,not listed on VOS,,69.99,https://www.ninja-vapes.co.uk/product/box-of-10-ivg-2400-puffs-pod-kit,high
ninja-vapes.co.uk,Ivg 2400 Puffs Reusable Pod Vape Kit,Ivg 2400 Puffs Disposable Kit,https://vapeonlinestore.co.uk/products/grape-ice-ivg-2400,flavour,strawberry mint menthol mojito,not listed on VOS,,6.99,https://www.ninja-vapes.co.uk/product/ivg-2400-puffs-disposable-pod-kit,high
ninja-vapes.co.uk,Ivg Pro 12 Prefilled Pods 0Mg,Ivg Pro 12 Prefilled Refill Pods,https://vapeonlinestore.co.uk/products/fresh-menthol-mojito-ivg-pro-12-pods,flavour,blackberry raspberry ice,not listed on VOS,,29.99,https://www.ninja-vapes.co.uk/product/box-of-10-ivg-pro-12-pods,high
ninja-vapes.co.uk,Ivg Pro 12 Prefilled Pods 0Mg,Ivg Pro 12 Prefilled Refill Pods,https://vapeonlinestore.co.uk/products/fresh-menthol-mojito-ivg-pro-12-pods,flavour,blackcurrant lemonade,not listed on VOS,,29.99,https://www.ninja-vapes.co.uk/product/box-of-10-ivg-pro-12-pods,high
ninja-vapes.co.uk,Ivg Pro 12 Prefilled Pods 0Mg,Ivg Pro 12 Prefilled Refill Pods,https://vapeonlinestore.co.uk/products/fresh-menthol-mojito-ivg-pro-12-pods,flavour,blue raspberry hub,not listed on VOS,,29.99,https://www.ninja-vapes.co.uk/product/box-of-10-ivg-pro-12-pods,high
ninja-vapes.co.uk,Ivg Pro 12 Prefilled Pods 0Mg,Ivg Pro 12 Prefilled Refill Pods,https://vapeonlinestore.co.uk/products/fresh-menthol-mojito-ivg-pro-12-pods,flavour,blue sour strawberry,not listed on VOS,,29.99,https://www.ninja-vapes.co.uk/product/box-of-10-ivg-pro-12-pods,high
ninja-vapes.co.uk,Ivg Pro 12 Prefilled Pods 0Mg,Ivg Pro 12 Prefilled Refill Pods,https://vapeonlinestore.co.uk/products/fresh-menthol-mojito-ivg-pro-12-pods,flavour,blueberry raspberry,not listed on VOS,,29.99,https://www.ninja-vapes.co.uk/product/box-of-10-ivg-pro-12-pods,high
ninja-vapes.co.uk,Ivg Pro 12 Prefilled Pods 0Mg,Ivg Pro 12 Prefilled Refill Pods,https://vapeonlinestore.co.uk/products/fresh-menthol-mojito-ivg-pro-12-pods,flavour,cherry burst ice,not listed on VOS,,29.99,https://www.ninja-vapes.co.uk/product/box-of-10-ivg-pro-12-pods,high
ninja-vapes.co.uk,Ivg Pro 12 Prefilled Pods 0Mg,Ivg Pro 12 Prefilled Refill Pods,https://vapeonlinestore.co.uk/products/fresh-menthol-mojito-ivg-pro-12-pods,flavour,cola frost,not listed on VOS,,29.99,https://www.ninja-vapes.co.uk/product/box-of-10-ivg-pro-12-pods,high
ninja-vapes.co.uk,Ivg Pro 12 Prefilled Pods 0Mg,Ivg Pro 12 Prefilled Refill Pods,https://vapeonlinestore.co.uk/products/fresh-menthol-mojito-ivg-pro-12-pods,flavour,fizzy cherry cola,not listed on VOS,,29.99,https://www.ninja-vapes.co.uk/product/box-of-10-ivg-pro-12-pods,high
ninja-vapes.co.uk,Ivg Pro 12 Prefilled Pods 0Mg,Ivg Pro 12 Prefilled Refill Pods,https://vapeonlinestore.co.uk/products/fresh-menthol-mojito-ivg-pro-12-pods,flavour,hub blast,not listed on VOS,,29.99,https://www.ninja-vapes.co.uk/product/box-of-10-ivg-pro-12-pods,high
ninja-vapes.co.uk,Ivg Pro 12 Prefilled Pods 0Mg,Ivg Pro 12 Prefilled Refill Pods,https://vapeonlinestore.co.uk/products/fresh-menthol-mojito-ivg-pro-12-pods,flavour,lemon fizz,not listed on VOS,,29.99,https://www.ninja-vapes.co.uk/product/box-of-10-ivg-pro-12-pods,high
ninja-vapes.co.uk,Ivg Pro 12 Prefilled Pods 0Mg,Ivg Pro 12 Prefilled Refill Pods,https://vapeonlinestore.co.uk/products/fresh-menthol-mojito-ivg-pro-12-pods,flavour,mango lychee ice,not listed on VOS,,29.99,https://www.ninja-vapes.co.uk/product/box-of-10-ivg-pro-12-pods,high
ninja-vapes.co.uk,Ivg Pro 12 Prefilled Pods 0Mg,Ivg Pro 12 Prefilled Refill Pods,https://vapeonlinestore.co.uk/products/fresh-menthol-mojito-ivg-pro-12-pods,flavour,pineapple coconut ice,not listed on VOS,,29.99,https://www.ninja-vapes.co.uk/product/box-of-10-ivg-pro-12-pods,high
ninja-vapes.co.uk,Ivg Pro 12 Prefilled Pods 0Mg,Ivg Pro 12 Prefilled Refill Pods,https://vapeonlinestore.co.uk/products/fresh-menthol-mojito-ivg-pro-12-pods,flavour,pineapple tropic,not listed on VOS,,29.99,https://www.ninja-vapes.co.uk/product/box-of-10-ivg-pro-12-pods,high
ninja-vapes.co.uk,Ivg Pro 12 Prefilled Pods 0Mg,Ivg Pro 12 Prefilled Refill Pods,https://vapeonlinestore.co.uk/products/fresh-menthol-mojito-ivg-pro-12-pods,flavour,purple lemonade,not listed on VOS,,29.99,https://www.ninja-vapes.co.uk/product/box-of-10-ivg-pro-12-pods,high
ninja-vapes.co.uk,Ivg Pro 12 Prefilled Pods 0Mg,Ivg Pro 12 Prefilled Refill Pods,https://vapeonlinestore.co.uk/products/fresh-menthol-mojito-ivg-pro-12-pods,flavour,rainbow burst,not listed on VOS,,29.99,https://www.ninja-vapes.co.uk/product/box-of-10-ivg-pro-12-pods,high
ninja-vapes.co.uk,Ivg Pro 12 Prefilled Pods 0Mg,Ivg Pro 12 Prefilled Refill Pods,https://vapeonlinestore.co.uk/products/fresh-menthol-mojito-ivg-pro-12-pods,flavour,raspberry cherry bluberry,not listed on VOS,,29.99,https://www.ninja-vapes.co.uk/product/box-of-10-ivg-pro-12-pods,high
ninja-vapes.co.uk,Ivg Pro 12 Prefilled Pods 0Mg,Ivg Pro 12 Prefilled Refill Pods,https://vapeonlinestore.co.uk/products/fresh-menthol-mojito-ivg-pro-12-pods,flavour,red freeze,not listed on VOS,,29.99,https://www.ninja-vapes.co.uk/product/box-of-10-ivg-pro-12-pods,high
ninja-vapes.co.uk,Ivg Pro 12 Prefilled Pods 0Mg,Ivg Pro 12 Prefilled Refill Pods,https://vapeonlinestore.co.uk/products/fresh-menthol-mojito-ivg-pro-12-pods,flavour,sour rainbow gb,not listed on VOS,,29.99,https://www.ninja-vapes.co.uk/product/box-of-10-ivg-pro-12-pods,high
ninja-vapes.co.uk,Ivg Pro 12 Prefilled Pods 0Mg,Ivg Pro 12 Prefilled Refill Pods,https://vapeonlinestore.co.uk/products/fresh-menthol-mojito-ivg-pro-12-pods,flavour,spearmint,not listed on VOS,,29.99,https://www.ninja-vapes.co.uk/product/box-of-10-ivg-pro-12-pods,high
ninja-vapes.co.uk,Ivg Pro 12 Prefilled Pods 0Mg,Ivg Pro 12 Prefilled Refill Pods,https://vapeonlinestore.co.uk/products/fresh-menthol-mojito-ivg-pro-12-pods,flavour,strawberry hub,not listed on VOS,,29.99,https://www.ninja-vapes.co.uk/product/box-of-10-ivg-pro-12-pods,high
ninja-vapes.co.uk,Ivg Pro 2 10000 Puffs Prefilled Pods Kit,Ivg Pro 2 10000 Puffs Prefilled Pods Kit,https://vapeonlinestore.co.uk/products/ivg-pro-2-10k,flavour,menthol,not listed on VOS,,45.99,https://www.ninja-vapes.co.uk/product/box-of-10-ivg-pro-2-10k,high
ninja-vapes.co.uk,ivg original salts 10ml,Ivg Salts 10Ml E-Liquid Juice,https://vapeonlinestore.co.uk/products/ivg-salts-10ml-e-liquid,flavour,blue blaze,not listed on VOS,,2.99,https://www.ninja-vapes.co.uk/product/ivg-original-salts-10ml-nic-salts,high
ninja-vapes.co.uk,ivg original salts 10ml,Ivg Salts 10Ml E-Liquid Juice,https://vapeonlinestore.co.uk/products/ivg-salts-10ml-e-liquid,flavour,sour green apple,not listed on VOS,,2.99,https://www.ninja-vapes.co.uk/product/ivg-original-salts-10ml-nic-salts,high
ninja-vapes.co.uk,ivg original salts 10ml,Ivg Salts 10Ml E-Liquid Juice,https://vapeonlinestore.co.uk/products/ivg-salts-10ml-e-liquid,flavour,strawberry sensation,not listed on VOS,,2.99,https://www.ninja-vapes.co.uk/product/ivg-original-salts-10ml-nic-salts,high
ninja-vapes.co.uk,ivg original salts 10ml,Ivg Salts 10Ml E-Liquid Juice,https://vapeonlinestore.co.uk/products/ivg-salts-10ml-e-liquid,flavour,tropical ice,not listed on VOS,,2.99,https://www.ninja-vapes.co.uk/product/ivg-original-salts-10ml-nic-salts,high
ninja-vapes.co.uk,Ivg Smart Max 10000 Puffs Prefilled Pods Kit 20Mg,Ivg Smart Max 10000 Reusable Vape Kit,https://vapeonlinestore.co.uk/products/ivg-smart-max-10k,flavour,hub blast,listed on VOS but out of stock,hub blast,44.99,https://www.ninja-vapes.co.uk/product/box-of-5-ivg-smart-max-10000,high
ninja-vapes.co.uk,Juice And Power Nic Salt Milkshake 10Ml,Juice And Power 10Ml Nic Salt 3Mg 6Mg 12Mg And 18Mg,https://vapeonlinestore.co.uk/products/juice-n-power-10ml-nic-salts,flavour,caramel,not listed on VOS,,2.89,https://www.ninja-vapes.co.uk/product/juice-n-power-nic-salt-caramel-milkshake-10ml,reviewed
ninja-vapes.co.uk,Juice And Power Nic Salt Milkshake 10Ml,Juice And Power 10Ml Nic Salt 3Mg 6Mg 12Mg And 18Mg,https://vapeonlinestore.co.uk/products/juice-n-power-10ml-nic-salts,flavour,rainbow,not listed on VOS,,2.89,https://www.ninja-vapes.co.uk/product/juice-n-power-nic-salt-rainbow-milkshake-10ml,reviewed
ninja-vapes.co.uk,Ice Nic Salt By Just Juice Ice,Juice Ice 10Ml Nic Salt E-Liquid,https://vapeonlinestore.co.uk/products/pack-of-3-just-juice-ice-10ml-nic-salts,strength,11mg,not listed on VOS,,2.95,https://www.ninja-vapes.co.uk/product/wild-berries-aniseed-ice-nic-salt-just-juice-ice,reviewed
ninja-vapes.co.uk,Ice Nic Salt By Just Juice Ice,Juice Ice 10Ml Nic Salt E-Liquid,https://vapeonlinestore.co.uk/products/pack-of-3-just-juice-ice-10ml-nic-salts,strength,5mg,not listed on VOS,,4.95,https://www.ninja-vapes.co.uk/product/citron-coconut-ice-nic-salt-just-juice-ice,reviewed
ninja-vapes.co.uk,Juicy Pod Novamax 10000 Puffs Pod Vape Kit,Juicy Pod Novamax 10000 Prefilled Pods Kit,https://vapeonlinestore.co.uk/products/juicy-pod-novamax-10000,flavour,hbubba,not listed on VOS,,6.99,https://www.ninja-vapes.co.uk/product/juicy-pod-novamax-10k,high
ninja-vapes.co.uk,kilo 100ml e-liquid & e-juices shortfills - ninja vapes,Kilo Shortfill 100Ml E-Liquid,https://vapeonlinestore.co.uk/products/kilo-shortfill-100ml-e-liquid,flavour,birthday cake,not listed on VOS,,9.99,https://www.ninja-vapes.co.uk/product/kilo-100ml-shortfills-e-liquids,reviewed
ninja-vapes.co.uk,kilo 100ml e-liquid & e-juices shortfills - ninja vapes,Kilo Shortfill 100Ml E-Liquid,https://vapeonlinestore.co.uk/products/kilo-shortfill-100ml-e-liquid,flavour,cereal milk,not listed on VOS,,9.99,https://www.ninja-vapes.co.uk/product/kilo-100ml-shortfills-e-liquids,reviewed
ninja-vapes.co.uk,kilo 100ml e-liquid & e-juices shortfills - ninja vapes,Kilo Shortfill 100Ml E-Liquid,https://vapeonlinestore.co.uk/products/kilo-shortfill-100ml-e-liquid,flavour,dewberry cream,not listed on VOS,,9.99,https://www.ninja-vapes.co.uk/product/kilo-100ml-shortfills-e-liquids,reviewed
ninja-vapes.co.uk,kilo 100ml e-liquid & e-juices shortfills - ninja vapes,Kilo Shortfill 100Ml E-Liquid,https://vapeonlinestore.co.uk/products/kilo-shortfill-100ml-e-liquid,flavour,kiberry yogurt,not listed on VOS,,9.99,https://www.ninja-vapes.co.uk/product/kilo-100ml-shortfills-e-liquids,reviewed
ninja-vapes.co.uk,kilo 100ml e-liquid & e-juices shortfills - ninja vapes,Kilo Shortfill 100Ml E-Liquid,https://vapeonlinestore.co.uk/products/kilo-shortfill-100ml-e-liquid,flavour,strawberry custard,not listed on VOS,,9.99,https://www.ninja-vapes.co.uk/product/kilo-100ml-shortfills-e-liquids,reviewed
ninja-vapes.co.uk,kilo 100ml e-liquid & e-juices shortfills - ninja vapes,Kilo Shortfill 100Ml E-Liquid,https://vapeonlinestore.co.uk/products/kilo-shortfill-100ml-e-liquid,flavour,sweet tobacco,not listed on VOS,,9.99,https://www.ninja-vapes.co.uk/product/kilo-100ml-shortfills-e-liquids,reviewed
ninja-vapes.co.uk,kilo 100ml e-liquid & e-juices shortfills - ninja vapes,Kilo Shortfill 100Ml E-Liquid,https://vapeonlinestore.co.uk/products/kilo-shortfill-100ml-e-liquid,flavour,vanilla almond milk,not listed on VOS,,9.99,https://www.ninja-vapes.co.uk/product/kilo-100ml-shortfills-e-liquids,reviewed
ninja-vapes.co.uk,Kingston Pod Juice 100Ml Shortfill E-Liquid,Kingston 500Ml E-Liquid Shortfill,https://vapeonlinestore.co.uk/products/cherry-chill-kingston-500ml-e-liquid,flavour,black a,not listed on VOS,,5.99,https://www.ninja-vapes.co.uk/product/kingston-100ml-shortfill-e-liquids,high
ninja-vapes.co.uk,Kingston 70 30 100Ml,Kingston 500Ml E-Liquid Shortfill,https://vapeonlinestore.co.uk/products/cherry-chill-kingston-500ml-e-liquid,flavour,blackcurrant slush,not listed on VOS,,6.49,https://www.ninja-vapes.co.uk/product/kingston-70-30-blackcurrant-slush-100ml,reviewed
ninja-vapes.co.uk,Kingston 70 30 100Ml,Kingston 500Ml E-Liquid Shortfill,https://vapeonlinestore.co.uk/products/cherry-chill-kingston-500ml-e-liquid,flavour,blue raspberry,not listed on VOS,,6.49,https://www.ninja-vapes.co.uk/product/kingston-7030-blue-raspberry-100ml,reviewed
ninja-vapes.co.uk,Kingston 70 30 100Ml,Kingston 500Ml E-Liquid Shortfill,https://vapeonlinestore.co.uk/products/cherry-chill-kingston-500ml-e-liquid,flavour,blue raspberry slush,not listed on VOS,,6.49,https://www.ninja-vapes.co.uk/product/kingston-70-30-blue-raspberry-slush-100ml,reviewed
ninja-vapes.co.uk,Kingston 70 30 100Ml,Kingston 500Ml E-Liquid Shortfill,https://vapeonlinestore.co.uk/products/cherry-chill-kingston-500ml-e-liquid,flavour,bubblegum,not listed on VOS,,6.49,https://www.ninja-vapes.co.uk/product/kingston-7030-bubblegum-100ml,reviewed
ninja-vapes.co.uk,Kingston 70 30 Classic 100Ml,Kingston 500Ml E-Liquid Shortfill,https://vapeonlinestore.co.uk/products/cherry-chill-kingston-500ml-e-liquid,flavour,cola,not listed on VOS,,6.49,https://www.ninja-vapes.co.uk/product/kingston-70-30-classic-cola-100ml,reviewed
ninja-vapes.co.uk,Kingston Pod Juice 100Ml Shortfill E-Liquid,Kingston 500Ml E-Liquid Shortfill,https://vapeonlinestore.co.uk/products/cherry-chill-kingston-500ml-e-liquid,flavour,cola ice,not listed on VOS,,8.99,https://www.ninja-vapes.co.uk/product/kingston-pod-juice-100ml-shortfill-eliquid,high
ninja-vapes.co.uk,Kingston Pod Juice 100Ml Shortfill E-Liquid,Kingston 500Ml E-Liquid Shortfill,https://vapeonlinestore.co.uk/products/cherry-chill-kingston-500ml-e-liquid,flavour,cookie dough,not listed on VOS,,8.99,https://www.ninja-vapes.co.uk/product/kingston-pod-juice-100ml-shortfill-eliquid,high
ninja-vapes.co.uk,Kingston 70 30 100Ml,Kingston 500Ml E-Liquid Shortfill,https://vapeonlinestore.co.uk/products/cherry-chill-kingston-500ml-e-liquid,flavour,custard glazed donut,not listed on VOS,,6.49,https://www.ninja-vapes.co.uk/product/kingston-70-30-custard-glazed-donut-100ml,reviewed
ninja-vapes.co.uk,Kingston Pod Juice 100Ml Shortfill E-Liquid,Kingston 500Ml E-Liquid Shortfill,https://vapeonlinestore.co.uk/products/cherry-chill-kingston-500ml-e-liquid,flavour,double black a,not listed on VOS,,8.99,https://www.ninja-vapes.co.uk/product/kingston-pod-juice-100ml-shortfill-eliquid,high
ninja-vapes.co.uk,Kingston Pod Juice 100Ml Shortfill E-Liquid,Kingston 500Ml E-Liquid Shortfill,https://vapeonlinestore.co.uk/products/cherry-chill-kingston-500ml-e-liquid,flavour,double red a,not listed on VOS,,8.99,https://www.ninja-vapes.co.uk/product/kingston-pod-juice-100ml-shortfill-eliquid,high
ninja-vapes.co.uk,Kingston Pod Juice 100Ml Shortfill E-Liquid,Kingston 500Ml E-Liquid Shortfill,https://vapeonlinestore.co.uk/products/cherry-chill-kingston-500ml-e-liquid,flavour,double zingberry,not listed on VOS,,8.99,https://www.ninja-vapes.co.uk/product/kingston-pod-juice-100ml-shortfill-eliquid,high
ninja-vapes.co.uk,Kingston 70 30 Zingberry 100Ml,Kingston 500Ml E-Liquid Shortfill,https://vapeonlinestore.co.uk/products/cherry-chill-kingston-500ml-e-liquid,flavour,fizzy,not listed on VOS,,6.49,https://www.ninja-vapes.co.uk/product/kingston-70-30-zingberry-fizzy-100ml,reviewed
ninja-vapes.co.uk,Kingston 70 30 Red A 100Ml,Kingston 500Ml E-Liquid Shortfill,https://vapeonlinestore.co.uk/products/cherry-chill-kingston-500ml-e-liquid,flavour,fizzy,not listed on VOS,,6.49,https://www.ninja-vapes.co.uk/product/kingston-70-30-red-a-fizzy-100ml,reviewed
ninja-vapes.co.uk,Kingston Pod Juice 100Ml Shortfill E-Liquid,Kingston 500Ml E-Liquid Shortfill,https://vapeonlinestore.co.uk/products/cherry-chill-kingston-500ml-e-liquid,flavour,fizzy cherry,not listed on VOS,,8.99,https://www.ninja-vapes.co.uk/product/kingston-pod-juice-100ml-shortfill-eliquid,high
ninja-vapes.co.uk,Kingston Pod Juice 100Ml Shortfill E-Liquid,Kingston 500Ml E-Liquid Shortfill,https://vapeonlinestore.co.uk/products/cherry-chill-kingston-500ml-e-liquid,flavour,golden gummy bear,not listed on VOS,,8.99,https://www.ninja-vapes.co.uk/product/kingston-pod-juice-100ml-shortfill-eliquid,high
ninja-vapes.co.uk,Kingston 70 30 Zingberry 100Ml,Kingston 500Ml E-Liquid Shortfill,https://vapeonlinestore.co.uk/products/cherry-chill-kingston-500ml-e-liquid,flavour,grape,not listed on VOS,,6.49,https://www.ninja-vapes.co.uk/product/kingston-70-30-grape-zingberry-100ml,reviewed
ninja-vapes.co.uk,Kingston Pod Juice 100Ml Shortfill E-Liquid,Kingston 500Ml E-Liquid Shortfill,https://vapeonlinestore.co.uk/products/cherry-chill-kingston-500ml-e-liquid,flavour,grape zingberry,not listed on VOS,,5.99,https://www.ninja-vapes.co.uk/product/kingston-100ml-shortfill-e-liquids,high
ninja-vapes.co.uk,Kingston 70 30 100Ml,Kingston 500Ml E-Liquid Shortfill,https://vapeonlinestore.co.uk/products/cherry-chill-kingston-500ml-e-liquid,flavour,jam roly poly,not listed on VOS,,6.49,https://www.ninja-vapes.co.uk/product/kingston-70-30-jam-roly-poly-100ml,reviewed
ninja-vapes.co.uk,Kingston Pod Juice 100Ml Shortfill E-Liquid,Kingston 500Ml E-Liquid Shortfill,https://vapeonlinestore.co.uk/products/cherry-chill-kingston-500ml-e-liquid,flavour,lemon lime,not listed on VOS,,8.99,https://www.ninja-vapes.co.uk/product/kingston-pod-juice-100ml-shortfill-eliquid,high
ninja-vapes.co.uk,Kingston 70 30 100Ml,Kingston 500Ml E-Liquid Shortfill,https://vapeonlinestore.co.uk/products/cherry-chill-kingston-500ml-e-liquid,flavour,lemon lime slush,not listed on VOS,,6.49,https://www.ninja-vapes.co.uk/product/kingston-70-30-lemon-and-lime-slush-100ml,reviewed
ninja-vapes.co.uk,Kingston Pod Juice 100Ml Shortfill E-Liquid,Kingston 500Ml E-Liquid Shortfill,https://vapeonlinestore.co.uk/products/cherry-chill-kingston-500ml-e-liquid,flavour,lemon tart,not listed on VOS,,8.99,https://www.ninja-vapes.co.uk/product/kingston-pod-juice-100ml-shortfill-eliquid,high
ninja-vapes.co.uk,Kingston Pod Juice 100Ml Shortfill E-Liquid,Kingston 500Ml E-Liquid Shortfill,https://vapeonlinestore.co.uk/products/cherry-chill-kingston-500ml-e-liquid,flavour,mix berry lemonade,not listed on VOS,,8.99,https://www.ninja-vapes.co.uk/product/kingston-pod-juice-100ml-shortfill-eliquid,high
ninja-vapes.co.uk,Kingston Pod Juice 100Ml Shortfill E-Liquid,Kingston 500Ml E-Liquid Shortfill,https://vapeonlinestore.co.uk/products/cherry-chill-kingston-500ml-e-liquid,flavour,mr blue,not listed on VOS,,8.99,https://www.ninja-vapes.co.uk/product/kingston-pod-juice-100ml-shortfill-eliquid,high
ninja-vapes.co.uk,Kingston 70 30 100Ml,Kingston 500Ml E-Liquid Shortfill,https://vapeonlinestore.co.uk/products/cherry-chill-kingston-500ml-e-liquid,flavour,orange mango,not listed on VOS,,6.49,https://www.ninja-vapes.co.uk/product/kingston-7030-orange-and-mango-100ml,reviewed
ninja-vapes.co.uk,Kingston Pod Juice 100Ml Shortfill E-Liquid,Kingston 500Ml E-Liquid Shortfill,https://vapeonlinestore.co.uk/products/cherry-chill-kingston-500ml-e-liquid,flavour,pineapple orange mango,not listed on VOS,,8.99,https://www.ninja-vapes.co.uk/product/kingston-pod-juice-100ml-shortfill-eliquid,high
ninja-vapes.co.uk,Kingston Pod Juice 100Ml Shortfill E-Liquid,Kingston 500Ml E-Liquid Shortfill,https://vapeonlinestore.co.uk/products/cherry-chill-kingston-500ml-e-liquid,flavour,rainbow,not listed on VOS,,8.99,https://www.ninja-vapes.co.uk/product/kingston-pod-juice-100ml-shortfill-eliquid,high
ninja-vapes.co.uk,Kingston 70 30 100Ml,Kingston 500Ml E-Liquid Shortfill,https://vapeonlinestore.co.uk/products/cherry-chill-kingston-500ml-e-liquid,flavour,raspberry blackcurrant jam donut,not listed on VOS,,6.49,https://www.ninja-vapes.co.uk/product/kingston-70-30-raspberry-blackcurrant-jam-donut-100ml,reviewed
ninja-vapes.co.uk,Kingston 70 30 100Ml,Kingston 500Ml E-Liquid Shortfill,https://vapeonlinestore.co.uk/products/cherry-chill-kingston-500ml-e-liquid,flavour,raspberry cola,not listed on VOS,,6.49,https://www.ninja-vapes.co.uk/product/kingston-70-30-raspberry-cola-100ml,reviewed
ninja-vapes.co.uk,Kingston Pod Juice 100Ml Shortfill E-Liquid,Kingston 500Ml E-Liquid Shortfill,https://vapeonlinestore.co.uk/products/cherry-chill-kingston-500ml-e-liquid,flavour,red a,not listed on VOS,,5.99,https://www.ninja-vapes.co.uk/product/kingston-100ml-shortfill-e-liquids,high
ninja-vapes.co.uk,Kingston Pod Juice 100Ml Shortfill E-Liquid,Kingston 500Ml E-Liquid Shortfill,https://vapeonlinestore.co.uk/products/cherry-chill-kingston-500ml-e-liquid,flavour,red a fizzy,not listed on VOS,,5.99,https://www.ninja-vapes.co.uk/product/kingston-100ml-shortfill-e-liquids,high
ninja-vapes.co.uk,Kingston Pod Juice 100Ml Shortfill E-Liquid,Kingston 500Ml E-Liquid Shortfill,https://vapeonlinestore.co.uk/products/cherry-chill-kingston-500ml-e-liquid,flavour,sour apple gummy,not listed on VOS,,8.99,https://www.ninja-vapes.co.uk/product/kingston-pod-juice-100ml-shortfill-eliquid,high
ninja-vapes.co.uk,Kingston Pod Juice 100Ml Shortfill E-Liquid,Kingston 500Ml E-Liquid Shortfill,https://vapeonlinestore.co.uk/products/cherry-chill-kingston-500ml-e-liquid,flavour,spearmint menthol,not listed on VOS,,8.99,https://www.ninja-vapes.co.uk/product/kingston-pod-juice-100ml-shortfill-eliquid,high
ninja-vapes.co.uk,Kingston 70 30 100Ml,Kingston 500Ml E-Liquid Shortfill,https://vapeonlinestore.co.uk/products/cherry-chill-kingston-500ml-e-liquid,flavour,sticky toffee pudding,not listed on VOS,,6.49,https://www.ninja-vapes.co.uk/product/kingston-7030-sticky-toffee-pudding-100ml,reviewed
ninja-vapes.co.uk,Kingston 70 30 100Ml,Kingston 500Ml E-Liquid Shortfill,https://vapeonlinestore.co.uk/products/cherry-chill-kingston-500ml-e-liquid,flavour,strawberry,not listed on VOS,,6.49,https://www.ninja-vapes.co.uk/product/kingston-7030-strawberry-100ml,reviewed
ninja-vapes.co.uk,Kingston 70 30 Zingberry 100Ml,Kingston 500Ml E-Liquid Shortfill,https://vapeonlinestore.co.uk/products/cherry-chill-kingston-500ml-e-liquid,flavour,strawberry kiwi,not listed on VOS,,6.49,https://www.ninja-vapes.co.uk/product/kingston-70-30-strawberry-kiwi-zingberry-100ml,reviewed
ninja-vapes.co.uk,Kingston 70 30 100Ml,Kingston 500Ml E-Liquid Shortfill,https://vapeonlinestore.co.uk/products/cherry-chill-kingston-500ml-e-liquid,flavour,strawberry lime,not listed on VOS,,6.49,https://www.ninja-vapes.co.uk/product/kingston-7030-strawberry-lime-100ml,reviewed
ninja-vapes.co.uk,Kingston 70 30 100Ml,Kingston 500Ml E-Liquid Shortfill,https://vapeonlinestore.co.uk/products/cherry-chill-kingston-500ml-e-liquid,flavour,strawberry lime ice,not listed on VOS,,6.49,https://www.ninja-vapes.co.uk/product/kingston-7030-strawberry-lime-ice-100ml,reviewed
ninja-vapes.co.uk,Kingston Pod Juice 100Ml Shortfill E-Liquid,Kingston 500Ml E-Liquid Shortfill,https://vapeonlinestore.co.uk/products/cherry-chill-kingston-500ml-e-liquid,flavour,strawberry raspberry cherry ice,not listed on VOS,,8.99,https://www.ninja-vapes.co.uk/product/kingston-pod-juice-100ml-shortfill-eliquid,high
ninja-vapes.co.uk,Kingston 70 30 100Ml,Kingston 500Ml E-Liquid Shortfill,https://vapeonlinestore.co.uk/products/cherry-chill-kingston-500ml-e-liquid,flavour,strawberry slush,not listed on VOS,,6.49,https://www.ninja-vapes.co.uk/product/kingston-70-30-strawberry-slush-100ml,reviewed
ninja-vapes.co.uk,Kingston Pod Juice 100Ml Shortfill E-Liquid,Kingston 500Ml E-Liquid Shortfill,https://vapeonlinestore.co.uk/products/cherry-chill-kingston-500ml-e-liquid,flavour,triple berry,not listed on VOS,,8.99,https://www.ninja-vapes.co.uk/product/kingston-pod-juice-100ml-shortfill-eliquid,high
ninja-vapes.co.uk,Kingston Pod Juice 100Ml Shortfill E-Liquid,Kingston 500Ml E-Liquid Shortfill,https://vapeonlinestore.co.uk/products/cherry-chill-kingston-500ml-e-liquid,flavour,triple mango,not listed on VOS,,8.99,https://www.ninja-vapes.co.uk/product/kingston-pod-juice-100ml-shortfill-eliquid,high
ninja-vapes.co.uk,Kingston Pod Juice 100Ml Shortfill E-Liquid,Kingston 500Ml E-Liquid Shortfill,https://vapeonlinestore.co.uk/products/cherry-chill-kingston-500ml-e-liquid,flavour,tutti fruitti,not listed on VOS,,8.99,https://www.ninja-vapes.co.uk/product/kingston-pod-juice-100ml-shortfill-eliquid,high
ninja-vapes.co.uk,Kingston Pod Juice 100Ml Shortfill E-Liquid,Kingston 500Ml E-Liquid Shortfill,https://vapeonlinestore.co.uk/products/cherry-chill-kingston-500ml-e-liquid,flavour,zingberry,not listed on VOS,,5.99,https://www.ninja-vapes.co.uk/product/kingston-100ml-shortfill-e-liquids,high
ninja-vapes.co.uk,Kingston Pod Juice 100Ml Shortfill E-Liquid,Kingston 500Ml E-Liquid Shortfill,https://vapeonlinestore.co.uk/products/cherry-chill-kingston-500ml-e-liquid,flavour,zingberry fizzy,not listed on VOS,,5.99,https://www.ninja-vapes.co.uk/product/kingston-100ml-shortfill-e-liquids,high
ninja-vapes.co.uk,Kingston Pod Juice 100Ml Shortfill E-Liquid,Kingston 500Ml E-Liquid Shortfill,https://vapeonlinestore.co.uk/products/cherry-chill-kingston-500ml-e-liquid,flavour,zingerberry fizzy,not listed on VOS,,5.99,https://www.ninja-vapes.co.uk/product/kingston-100ml-shortfill-e-liquids,high
ninja-vapes.co.uk,Kingston 50 50 York 100Ml,Kingston Desserts 100Ml E-Liquid Shortfill,https://vapeonlinestore.co.uk/products/new-york-cheesecake-kingston-100ml-e-liquid,flavour,cheesecake,not listed on VOS,,6.49,https://www.ninja-vapes.co.uk/product/kingston-new-york-cheesecake-120ml,reviewed
ninja-vapes.co.uk,Kingston 70 30 York 100Ml,Kingston Desserts 100Ml E-Liquid Shortfill,https://vapeonlinestore.co.uk/products/new-york-cheesecake-kingston-100ml-e-liquid,flavour,cheesecake,not listed on VOS,,6.49,https://www.ninja-vapes.co.uk/product/kingston-70-30-new-york-cheesecake-100ml,reviewed
ninja-vapes.co.uk,Kingston 70 30 Brownies 100Ml,Kingston Desserts 100Ml E-Liquid Shortfill,https://vapeonlinestore.co.uk/products/new-york-cheesecake-kingston-100ml-e-liquid,flavour,cream,not listed on VOS,,6.49,https://www.ninja-vapes.co.uk/product/kingston-70-30-brownies-and-cream-100ml,reviewed
ninja-vapes.co.uk,Kingston 50 50 Brownies 100Ml,Kingston Desserts 100Ml E-Liquid Shortfill,https://vapeonlinestore.co.uk/products/new-york-cheesecake-kingston-100ml-e-liquid,flavour,cream,not listed on VOS,,6.49,https://www.ninja-vapes.co.uk/product/kingston-brownies-and-cream-120ml,reviewed
ninja-vapes.co.uk,Lost Mary Bm600 Prefilled Pods Vape Kit,Lost Mary Bm600 Prefilled Reusable Pod Kit,https://vapeonlinestore.co.uk/products/lost-mary-bm600-disposable-vape,flavour,blue raspberry lemonade,not listed on VOS,,19.99,https://www.ninja-vapes.co.uk/product/wholesale-lost-mary-bm600-prefilled-kit,high
ninja-vapes.co.uk,Lost Mary Bm600 Prefilled Pods Vape Kit,Lost Mary Bm600 Prefilled Reusable Pod Kit,https://vapeonlinestore.co.uk/products/lost-mary-bm600-disposable-vape,flavour,fizzy cherry,not listed on VOS,,19.99,https://www.ninja-vapes.co.uk/product/wholesale-lost-mary-bm600-prefilled-kit,high
ninja-vapes.co.uk,Lost Mary Bm600 Prefilled Pods Vape Kit,Lost Mary Bm600 Prefilled Reusable Pod Kit,https://vapeonlinestore.co.uk/products/lost-mary-bm600-disposable-vape,flavour,fizzy pineapple,not listed on VOS,,19.99,https://www.ninja-vapes.co.uk/product/wholesale-lost-mary-bm600-prefilled-kit,high
ninja-vapes.co.uk,Lost Mary Bm600 Prefilled Pods Vape Kit,Lost Mary Bm600 Prefilled Reusable Pod Kit,https://vapeonlinestore.co.uk/products/lost-mary-bm600-disposable-vape,flavour,marybull ice,not listed on VOS,,19.99,https://www.ninja-vapes.co.uk/product/wholesale-lost-mary-bm600-prefilled-kit,high
ninja-vapes.co.uk,Lost Mary Bm600 Prefilled Pods Vape Kit,Lost Mary Bm600 Prefilled Reusable Pod Kit,https://vapeonlinestore.co.uk/products/lost-mary-bm600-disposable-vape,flavour,strawberry banana,not listed on VOS,,19.99,https://www.ninja-vapes.co.uk/product/wholesale-lost-mary-bm600-prefilled-kit,high
ninja-vapes.co.uk,Lost Mary Bm600 Prefilled Pods Vape Kit,Lost Mary Bm600 Prefilled Reusable Pod Kit,https://vapeonlinestore.co.uk/products/lost-mary-bm600-disposable-vape,flavour,strawberry raspberry cherry,not listed on VOS,,19.99,https://www.ninja-vapes.co.uk/product/wholesale-lost-mary-bm600-prefilled-kit,high
ninja-vapes.co.uk,Lost Mary Bm6000 Puffs Prefilled Vape Kit,Lost Mary Bm6000 Prefilled Pods Vape Kit,https://vapeonlinestore.co.uk/products/triple-mango-lost-mary-bm6000,flavour,blue raspberry cherry,not listed on VOS,,37.99,https://www.ninja-vapes.co.uk/product/box-of-5-lost-mary-bm6000,high
ninja-vapes.co.uk,Lost Mary Bm6000 Puffs Prefilled Vape Kit,Lost Mary Bm6000 Prefilled Pods Vape Kit,https://vapeonlinestore.co.uk/products/triple-mango-lost-mary-bm6000,flavour,blue raspberry gami,listed on VOS but out of stock,blue raspberry gami,37.99,https://www.ninja-vapes.co.uk/product/box-of-5-lost-mary-bm6000,high
ninja-vapes.co.uk,Lost Mary Bm6000 Puffs Prefilled Vape Kit,Lost Mary Bm6000 Prefilled Pods Vape Kit,https://vapeonlinestore.co.uk/products/triple-mango-lost-mary-bm6000,flavour,snoow tobacco,not listed on VOS,,149.99,https://www.ninja-vapes.co.uk/product/box-of-20-lost-mary-bm6000,high
ninja-vapes.co.uk,Refill Pods Pod By Triple Berry,Lost Mary Bm6000 Refill Pods,https://vapeonlinestore.co.uk/products/lost-mary-bm6000-prefilled-replacement-pods,flavour,lost mary bm6000,not listed on VOS,,6.99,https://www.ninja-vapes.co.uk/product/triple-berry-lost-mary-bm6000-refill-pack-pod,reviewed
ninja-vapes.co.uk,Refill Pods Pod By Strawberry Ice,Lost Mary Bm6000 Refill Pods,https://vapeonlinestore.co.uk/products/lost-mary-bm6000-prefilled-replacement-pods,flavour,lost mary bm6000,not listed on VOS,,6.99,https://www.ninja-vapes.co.uk/product/strawberry-ice-lost-mary-bm6000-refill-pack-pod,reviewed
ninja-vapes.co.uk,Refill Pods Pod By Miami Mint,Lost Mary Bm6000 Refill Pods,https://vapeonlinestore.co.uk/products/lost-mary-bm6000-prefilled-replacement-pods,flavour,lost mary bm6000,not listed on VOS,,6.99,https://www.ninja-vapes.co.uk/product/miami-mint-lost-mary-bm6000-refill-pack-pod,reviewed
ninja-vapes.co.uk,Refill Pods Pod By Watermelon Ice,Lost Mary Bm6000 Refill Pods,https://vapeonlinestore.co.uk/products/lost-mary-bm6000-prefilled-replacement-pods,flavour,lost mary bm6000,not listed on VOS,,6.99,https://www.ninja-vapes.co.uk/product/watermelon-ice-lost-mary-bm6000-refill-pack-pod,reviewed
ninja-vapes.co.uk,Refill Pods Pod By Raspberry Peach,Lost Mary Bm6000 Refill Pods,https://vapeonlinestore.co.uk/products/lost-mary-bm6000-prefilled-replacement-pods,flavour,lost mary bm6000,not listed on VOS,,6.99,https://www.ninja-vapes.co.uk/product/raspberry-peach-lost-mary-bm6000-refill-pack-pod,reviewed
ninja-vapes.co.uk,Refill Pods Pod By Pineapple Ice,Lost Mary Bm6000 Refill Pods,https://vapeonlinestore.co.uk/products/lost-mary-bm6000-prefilled-replacement-pods,flavour,lost mary bm6000,not listed on VOS,,6.99,https://www.ninja-vapes.co.uk/product/pineapple-ice-lost-mary-bm6000-refill-pack-pod,reviewed
ninja-vapes.co.uk,Lost Mary Bm6000 Prefilled Refill Pods,Lost Mary Bm6000 Refill Pods,https://vapeonlinestore.co.uk/products/lost-mary-bm6000-prefilled-replacement-pods,flavour,miami mint,listed on VOS but out of stock,miami mint,54.99,https://www.ninja-vapes.co.uk/product/box-of-10-lost-mary-bm6000-pods,high
ninja-vapes.co.uk,Lost Mary Nic Salt 10Ml,Lost Mary Nic Salt 10Ml E-Liquid,https://vapeonlinestore.co.uk/products/lost-mary-salts-10ml,flavour,blueberry raspberry,not listed on VOS,,19.99,https://www.ninja-vapes.co.uk/product/box-of-10-lost-mary-nic-salts-10ml,high
ninja-vapes.co.uk,Lost Mary Nic Salt 10Ml,Lost Mary Nic Salt 10Ml E-Liquid,https://vapeonlinestore.co.uk/products/lost-mary-salts-10ml,flavour,blueberry rose,not listed on VOS,,19.99,https://www.ninja-vapes.co.uk/product/box-of-10-lost-mary-nic-salts-10ml,high
ninja-vapes.co.uk,Lost Mary Nic Salt 10Ml,Lost Mary Nic Salt 10Ml E-Liquid,https://vapeonlinestore.co.uk/products/lost-mary-salts-10ml,flavour,double apple,not listed on VOS,,19.99,https://www.ninja-vapes.co.uk/product/box-of-10-lost-mary-nic-salts-10ml,high
ninja-vapes.co.uk,Lost Mary Nic Salt 10Ml,Lost Mary Nic Salt 10Ml E-Liquid,https://vapeonlinestore.co.uk/products/lost-mary-salts-10ml,flavour,green grape,not listed on VOS,,19.99,https://www.ninja-vapes.co.uk/product/box-of-10-lost-mary-nic-salts-10ml,high
ninja-vapes.co.uk,Lost Mary Nic Salt 10Ml,Lost Mary Nic Salt 10Ml E-Liquid,https://vapeonlinestore.co.uk/products/lost-mary-salts-10ml,flavour,orange juice,not listed on VOS,,19.99,https://www.ninja-vapes.co.uk/product/box-of-10-lost-mary-nic-salts-10ml,high
ninja-vapes.co.uk,Lost Mary Nic Salt 10Ml,Lost Mary Nic Salt 10Ml E-Liquid,https://vapeonlinestore.co.uk/products/lost-mary-salts-10ml,flavour,strawberry cherry raspberry,not listed on VOS,,19.99,https://www.ninja-vapes.co.uk/product/box-of-10-lost-mary-nic-salts-10ml,high
ninja-vapes.co.uk,lost vape ub mini coils,Lost Vape Ub Mini Coils,https://vapeonlinestore.co.uk/products/lost-vape-ub-mini-coils,resistance,0.8ohm,not listed on VOS,,9.95,https://www.ninja-vapes.co.uk/product/lost-vape-ub-mini-coils,high
ninja-vapes.co.uk,lost vape ub mini coils,Lost Vape Ub Mini Coils,https://vapeonlinestore.co.uk/products/lost-vape-ub-mini-coils,resistance,1.0ohm,not listed on VOS,,9.95,https://www.ninja-vapes.co.uk/product/lost-vape-ub-mini-coils,high
ninja-vapes.co.uk,mr salt nic salts 10ml,Mr Salt 10Ml Nic Salt E-Liquid,https://vapeonlinestore.co.uk/products/mr-salt-10ml-nic-salt-eliquid,flavour,black ice,not listed on VOS,,2.49,https://www.ninja-vapes.co.uk/product/mr-salt-nic-salts-10ml,reviewed
ninja-vapes.co.uk,mr salt nic salts 10ml,Mr Salt 10Ml Nic Salt E-Liquid,https://vapeonlinestore.co.uk/products/mr-salt-10ml-nic-salt-eliquid,flavour,blue slush bubble,not listed on VOS,,2.49,https://www.ninja-vapes.co.uk/product/mr-salt-nic-salts-10ml,reviewed
ninja-vapes.co.uk,mr salt nic salts 10ml,Mr Salt 10Ml Nic Salt E-Liquid,https://vapeonlinestore.co.uk/products/mr-salt-10ml-nic-salt-eliquid,flavour,blueberry,not listed on VOS,,2.49,https://www.ninja-vapes.co.uk/product/mr-salt-nic-salts-10ml,reviewed
ninja-vapes.co.uk,mr salt nic salts 10ml,Mr Salt 10Ml Nic Salt E-Liquid,https://vapeonlinestore.co.uk/products/mr-salt-10ml-nic-salt-eliquid,flavour,blueberry cherry cranberry,not listed on VOS,,2.49,https://www.ninja-vapes.co.uk/product/mr-salt-nic-salts-10ml,reviewed
ninja-vapes.co.uk,mr salt nic salts 10ml,Mr Salt 10Ml Nic Salt E-Liquid,https://vapeonlinestore.co.uk/products/mr-salt-10ml-nic-salt-eliquid,flavour,blueberry raspberry,not listed on VOS,,2.49,https://www.ninja-vapes.co.uk/product/mr-salt-nic-salts-10ml,reviewed
ninja-vapes.co.uk,mr salt nic salts 10ml,Mr Salt 10Ml Nic Salt E-Liquid,https://vapeonlinestore.co.uk/products/mr-salt-10ml-nic-salt-eliquid,flavour,caramel tobacco,not listed on VOS,,2.49,https://www.ninja-vapes.co.uk/product/mr-salt-nic-salts-10ml,reviewed
ninja-vapes.co.uk,mr salt nic salts 10ml,Mr Salt 10Ml Nic Salt E-Liquid,https://vapeonlinestore.co.uk/products/mr-salt-10ml-nic-salt-eliquid,flavour,cola ice,not listed on VOS,,2.49,https://www.ninja-vapes.co.uk/product/mr-salt-nic-salts-10ml,reviewed
ninja-vapes.co.uk,mr salt nic salts 10ml,Mr Salt 10Ml Nic Salt E-Liquid,https://vapeonlinestore.co.uk/products/mr-salt-10ml-nic-salt-eliquid,flavour,grape ice,not listed on VOS,,2.49,https://www.ninja-vapes.co.uk/product/mr-salt-nic-salts-10ml,reviewed
ninja-vapes.co.uk,mr salt nic salts 10ml,Mr Salt 10Ml Nic Salt E-Liquid,https://vapeonlinestore.co.uk/products/mr-salt-10ml-nic-salt-eliquid,flavour,gummy bear,not listed on VOS,,2.49,https://www.ninja-vapes.co.uk/product/mr-salt-nic-salts-10ml,reviewed
ninja-vapes.co.uk,mr salt nic salts 10ml,Mr Salt 10Ml Nic Salt E-Liquid,https://vapeonlinestore.co.uk/products/mr-salt-10ml-nic-salt-eliquid,flavour,lemon lime,not listed on VOS,,2.49,https://www.ninja-vapes.co.uk/product/mr-salt-nic-salts-10ml,reviewed
ninja-vapes.co.uk,mr salt nic salts 10ml,Mr Salt 10Ml Nic Salt E-Liquid,https://vapeonlinestore.co.uk/products/mr-salt-10ml-nic-salt-eliquid,flavour,mango strawberry passion fruit ice,not listed on VOS,,2.49,https://www.ninja-vapes.co.uk/product/mr-salt-nic-salts-10ml,reviewed
ninja-vapes.co.uk,mr salt nic salts 10ml,Mr Salt 10Ml Nic Salt E-Liquid,https://vapeonlinestore.co.uk/products/mr-salt-10ml-nic-salt-eliquid,flavour,mint,not listed on VOS,,2.49,https://www.ninja-vapes.co.uk/product/mr-salt-nic-salts-10ml,reviewed
ninja-vapes.co.uk,mr salt nic salts 10ml,Mr Salt 10Ml Nic Salt E-Liquid,https://vapeonlinestore.co.uk/products/mr-salt-10ml-nic-salt-eliquid,flavour,mr blue,not listed on VOS,,2.49,https://www.ninja-vapes.co.uk/product/mr-salt-nic-salts-10ml,reviewed
ninja-vapes.co.uk,mr salt nic salts 10ml,Mr Salt 10Ml Nic Salt E-Liquid,https://vapeonlinestore.co.uk/products/mr-salt-10ml-nic-salt-eliquid,flavour,strawberry,not listed on VOS,,2.49,https://www.ninja-vapes.co.uk/product/mr-salt-nic-salts-10ml,reviewed
ninja-vapes.co.uk,mr salt nic salts 10ml,Mr Salt 10Ml Nic Salt E-Liquid,https://vapeonlinestore.co.uk/products/mr-salt-10ml-nic-salt-eliquid,flavour,strawberry raspberry apple ice,not listed on VOS,,2.49,https://www.ninja-vapes.co.uk/product/mr-salt-nic-salts-10ml,reviewed
ninja-vapes.co.uk,mr salt nic salts 10ml,Mr Salt 10Ml Nic Salt E-Liquid,https://vapeonlinestore.co.uk/products/mr-salt-10ml-nic-salt-eliquid,flavour,strawberry raspberry cherry,not listed on VOS,,2.49,https://www.ninja-vapes.co.uk/product/mr-salt-nic-salts-10ml,reviewed
ninja-vapes.co.uk,mr salt nic salts 10ml,Mr Salt 10Ml Nic Salt E-Liquid,https://vapeonlinestore.co.uk/products/mr-salt-10ml-nic-salt-eliquid,flavour,tutti fruti,not listed on VOS,,2.49,https://www.ninja-vapes.co.uk/product/mr-salt-nic-salts-10ml,reviewed
ninja-vapes.co.uk,Nexel Thunder 15000 Puffs Prefilled Pods Kit,Nexel Thunder 15000 Vape,https://vapeonlinestore.co.uk/products/nexel-thunder-15000,flavour,skittys,not listed on VOS,,44.99,https://www.ninja-vapes.co.uk/product/box-of-10-nexel-thunder-15k-puffs-prefilled-pod-kit,reviewed
ninja-vapes.co.uk,Oxva Ox Passion 10Ml Nic Salt,Oxva Ox Passion 10Ml Nic Salt E-Liquid,https://vapeonlinestore.co.uk/products/oxva-ox-passion-10ml-nic-salts-e-liquid,flavour,bbg,not listed on VOS,,2.49,https://www.ninja-vapes.co.uk/product/oxva-ox-passion-nic-salts-10ml,high
ninja-vapes.co.uk,Nic Salt E-Liquid By Oxva Ox Passion,Oxva Ox Passion 10Ml Nic Salt E-Liquid,https://vapeonlinestore.co.uk/products/oxva-ox-passion-10ml-nic-salts-e-liquid,flavour,berry lemon,not listed on VOS,,3.95,https://www.ninja-vapes.co.uk/product/berry-lemon-nic-salt-oxva-ox-passion,reviewed
ninja-vapes.co.uk,Oxva Ox Passion 10Ml Nic Salt,Oxva Ox Passion 10Ml Nic Salt E-Liquid,https://vapeonlinestore.co.uk/products/oxva-ox-passion-10ml-nic-salts-e-liquid,flavour,blue raspberry gummy,not listed on VOS,,2.49,https://www.ninja-vapes.co.uk/product/oxva-ox-passion-nic-salts-10ml,high
ninja-vapes.co.uk,Nic Salt E-Liquid By Oxva Ox Passion,Oxva Ox Passion 10Ml Nic Salt E-Liquid,https://vapeonlinestore.co.uk/products/oxva-ox-passion-10ml-nic-salts-e-liquid,flavour,blue raspberry gummy,not listed on VOS,,3.95,https://www.ninja-vapes.co.uk/product/blue-razz-gummy-nic-salt-oxva-ox-passion,reviewed
ninja-vapes.co.uk,Nic Salt E-Liquid By Oxva Ox Passion,Oxva Ox Passion 10Ml Nic Salt E-Liquid,https://vapeonlinestore.co.uk/products/oxva-ox-passion-10ml-nic-salts-e-liquid,flavour,blueberry pom,not listed on VOS,,3.95,https://www.ninja-vapes.co.uk/product/blueberry-pom-nic-salt-oxva-ox-passion,reviewed
ninja-vapes.co.uk,Nic Salt E-Liquid By Oxva Ox Passion,Oxva Ox Passion 10Ml Nic Salt E-Liquid,https://vapeonlinestore.co.uk/products/oxva-ox-passion-10ml-nic-salts-e-liquid,flavour,paradise punch,not listed on VOS,,3.95,https://www.ninja-vapes.co.uk/product/paradise-punch-nic-salt-oxva-ox-passion,reviewed
ninja-vapes.co.uk,Nic Salt E-Liquid By Oxva Ox Passion,Oxva Ox Passion 10Ml Nic Salt E-Liquid,https://vapeonlinestore.co.uk/products/oxva-ox-passion-10ml-nic-salts-e-liquid,flavour,senorita,not listed on VOS,,3.95,https://www.ninja-vapes.co.uk/product/senorita-nic-salt-oxva-ox-passion,reviewed
ninja-vapes.co.uk,Oxva Ox Passion 10Ml Nic Salt,Oxva Ox Passion 10Ml Nic Salt E-Liquid,https://vapeonlinestore.co.uk/products/oxva-ox-passion-10ml-nic-salts-e-liquid,flavour,strawberry vanilla ice cream,not listed on VOS,,2.49,https://www.ninja-vapes.co.uk/product/oxva-ox-passion-nic-salts-10ml,high
ninja-vapes.co.uk,Oxva Ox Passion 10Ml Nic Salt,Oxva Ox Passion 10Ml Nic Salt E-Liquid,https://vapeonlinestore.co.uk/products/oxva-ox-passion-10ml-nic-salts-e-liquid,strength,5mg,not listed on VOS,,2.49,https://www.ninja-vapes.co.uk/product/oxva-ox-passion-nic-salts-10ml,high
ninja-vapes.co.uk,Nic Salt E-Liquid By Oxva Ox Passion,Oxva Ox Passion 10Ml Nic Salt E-Liquid,https://vapeonlinestore.co.uk/products/oxva-ox-passion-10ml-nic-salts-e-liquid,strength,5mg,not listed on VOS,,3.95,https://www.ninja-vapes.co.uk/product/senorita-nic-salt-oxva-ox-passion,reviewed
ninja-vapes.co.uk,innokin mvp pod vape kit,Pod Kit By Innokin,https://vapeonlinestore.co.uk/products/mvp-pod-kit-by-innokin,colour,pink fade,not listed on VOS,,11.99,https://www.ninja-vapes.co.uk/product/innokin-mvp-pod-vape-kit,reviewed
ninja-vapes.co.uk,Pod Salt Origin Nic Salt 10Ml,Pod Salt Origin 10Ml Nic Salt,https://vapeonlinestore.co.uk/products/virginia-gold-pod-salt-origin-10ml-nic-salts,flavour,cuban creme,not listed on VOS,,2.99,https://www.ninja-vapes.co.uk/product/pod-salt-origin-nic-salts-10ml,high
ninja-vapes.co.uk,elfa pro pod,Prefilled Pods,https://vapeonlinestore.co.uk/products/blueberry-elfa-pro-prefilled-pods,flavour,apple peach,not listed on VOS,,3.99,https://www.ninja-vapes.co.uk/product/elfa-pro-prefilled-pods-by-elf-bar,reviewed
ninja-vapes.co.uk,elfa pro pod,Prefilled Pods,https://vapeonlinestore.co.uk/products/blueberry-elfa-pro-prefilled-pods,flavour,blueberry,not listed on VOS,,3.99,https://www.ninja-vapes.co.uk/product/elfa-pro-prefilled-pods-by-elf-bar,reviewed
ninja-vapes.co.uk,elfa pro pod,Prefilled Pods,https://vapeonlinestore.co.uk/products/blueberry-elfa-pro-prefilled-pods,flavour,blueberry bg,not listed on VOS,,3.99,https://www.ninja-vapes.co.uk/product/elfa-pro-prefilled-pods-by-elf-bar,reviewed
ninja-vapes.co.uk,elfa pro pod,Prefilled Pods,https://vapeonlinestore.co.uk/products/blueberry-elfa-pro-prefilled-pods,flavour,cherry cloud,not listed on VOS,,3.99,https://www.ninja-vapes.co.uk/product/elfa-pro-prefilled-pods-by-elf-bar,reviewed
ninja-vapes.co.uk,elfa pro pod,Prefilled Pods,https://vapeonlinestore.co.uk/products/blueberry-elfa-pro-prefilled-pods,flavour,mad blue,not listed on VOS,,3.99,https://www.ninja-vapes.co.uk/product/elfa-pro-prefilled-pods-by-elf-bar,reviewed
ninja-vapes.co.uk,elfa pro pod,Prefilled Pods,https://vapeonlinestore.co.uk/products/blueberry-elfa-pro-prefilled-pods,flavour,peach ice,not listed on VOS,,3.99,https://www.ninja-vapes.co.uk/product/elfa-pro-prefilled-pods-by-elf-bar,reviewed
ninja-vapes.co.uk,elfa pro pod,Prefilled Pods,https://vapeonlinestore.co.uk/products/blueberry-elfa-pro-prefilled-pods,flavour,pear,not listed on VOS,,3.99,https://www.ninja-vapes.co.uk/product/elfa-pro-prefilled-pods-by-elf-bar,reviewed
ninja-vapes.co.uk,elfa pro pod,Prefilled Pods,https://vapeonlinestore.co.uk/products/blueberry-elfa-pro-prefilled-pods,flavour,pineapple lemon,not listed on VOS,,3.99,https://www.ninja-vapes.co.uk/product/elfa-pro-prefilled-pods-by-elf-bar,reviewed
ninja-vapes.co.uk,elfa pro pod,Prefilled Pods,https://vapeonlinestore.co.uk/products/blueberry-elfa-pro-prefilled-pods,flavour,strawberry kiwi,not listed on VOS,,3.99,https://www.ninja-vapes.co.uk/product/elfa-pro-prefilled-pods-by-elf-bar,reviewed
ninja-vapes.co.uk,elfa pro pod,Prefilled Pods,https://vapeonlinestore.co.uk/products/blueberry-elfa-pro-prefilled-pods,flavour,strawberry raspberry,not listed on VOS,,3.99,https://www.ninja-vapes.co.uk/product/elfa-pro-prefilled-pods-by-elf-bar,reviewed
ninja-vapes.co.uk,elfa pro pod,Prefilled Pods,https://vapeonlinestore.co.uk/products/blueberry-elfa-pro-prefilled-pods,flavour,strawberry raspberry cherry ice,not listed on VOS,,3.99,https://www.ninja-vapes.co.uk/product/elfa-pro-prefilled-pods-by-elf-bar,reviewed
ninja-vapes.co.uk,elfa pro pod,Prefilled Pods,https://vapeonlinestore.co.uk/products/blueberry-elfa-pro-prefilled-pods,flavour,strawberry snow,not listed on VOS,,3.99,https://www.ninja-vapes.co.uk/product/elfa-pro-prefilled-pods-by-elf-bar,reviewed
ninja-vapes.co.uk,elfa pro pod,Prefilled Pods,https://vapeonlinestore.co.uk/products/blueberry-elfa-pro-prefilled-pods,flavour,tropical fruit,not listed on VOS,,3.99,https://www.ninja-vapes.co.uk/product/elfa-pro-prefilled-pods-by-elf-bar,reviewed
ninja-vapes.co.uk,elfa pro pod,Prefilled Pods,https://vapeonlinestore.co.uk/products/blueberry-elfa-pro-prefilled-pods,flavour,watermelon cherry,not listed on VOS,,3.99,https://www.ninja-vapes.co.uk/product/elfa-pro-prefilled-pods-by-elf-bar,reviewed
ninja-vapes.co.uk,elfa pro pod,Prefilled Pods,https://vapeonlinestore.co.uk/products/blueberry-elfa-pro-prefilled-pods,flavour,wild orange,not listed on VOS,,3.99,https://www.ninja-vapes.co.uk/product/elfa-pro-prefilled-pods-by-elf-bar,reviewed
ninja-vapes.co.uk,Nic Salt E-Liquid By Pukka Juice 50 50,Pukka Juice 10Ml Nic Salt 3Mg 6Mg 12Mg,https://vapeonlinestore.co.uk/products/pukka-juice-10ml-e-liquid,flavour,triple menthol,not listed on VOS,,2.99,https://www.ninja-vapes.co.uk/product/pukka-juice-50-50-nic-salts-10ml,reviewed
ninja-vapes.co.uk,Pyne Pod Click 10000 Puffs Vape Kit,Pyne Pod Click 10000 Prefilled Pods Kit,https://vapeonlinestore.co.uk/products/box-of-10-pyne-click-10000,flavour,pink,not listed on VOS,,29.99,https://www.ninja-vapes.co.uk/product/box-of-5-pyne-pod-click-10000,high
ninja-vapes.co.uk,Pyne Pod Click 10000 Puffs Vape Kit,Pyne Pod Click 10000 Prefilled Pods Kit,https://vapeonlinestore.co.uk/products/box-of-10-pyne-click-10000,flavour,purple lemonade,not listed on VOS,,29.99,https://www.ninja-vapes.co.uk/product/box-of-5-pyne-pod-click-10000,high
ninja-vapes.co.uk,Pyne Pod Click 10000 Puffs Vape Kit,Pyne Pod Click 10000 Prefilled Pods Kit,https://vapeonlinestore.co.uk/products/box-of-10-pyne-click-10000,flavour,rainbow,not listed on VOS,,29.99,https://www.ninja-vapes.co.uk/product/box-of-5-pyne-pod-click-10000,high
ninja-vapes.co.uk,randm tornado 9000 pro max prefilled pod kit,Randm Fumot T9000 Pro Max Prefilled Pods Kit,https://vapeonlinestore.co.uk/products/randm-tornado-9000-puffs-box-of-10,flavour,mr blue,not listed on VOS,,8.99,https://www.ninja-vapes.co.uk/product/fumot-randm-tornado-9000-pro-max-prefilled-pod-kit,reviewed
ninja-vapes.co.uk,Randm Fumot T9000 Pro Max Prefilled Pods Kit,Randm Fumot T9000 Pro Max Prefilled Pods Kit,https://vapeonlinestore.co.uk/products/randm-tornado-9000-puffs-box-of-10,flavour,mr blue,not listed on VOS,,8.99,https://www.ninja-vapes.co.uk/product/fumot-t9000-replaceable,high
ninja-vapes.co.uk,relx maxgo combo 33k puffs prefilled pod kit,Relx Maxgo Combo 33000 Puffs Vape,https://vapeonlinestore.co.uk/products/cool-mint-watermelon-breeze-relx-maxgo-combo-33k,flavour,triple grape watermelon breeze,not listed on VOS,,9.99,https://www.ninja-vapes.co.uk/product/relx-maxgo-combo-33k,high
ninja-vapes.co.uk,Riot Squad Nic Salt 10Ml,Riot Squad Bar Edition Nic Salt 10Ml 5Mg E-Liquid,https://vapeonlinestore.co.uk/products/riot-squad-bar-edition-nic-salt-10ml-5mg-e-liquids,flavour,blue burst,not listed on VOS,,2.99,https://www.ninja-vapes.co.uk/product/riot-squad-nic-salt-blue-burst-10ml,medium
ninja-vapes.co.uk,Nic Salt E-Liquid By Riot Squad Bar Edtn,Riot Squad Bar Edition Nic Salt 10Ml 5Mg E-Liquid,https://vapeonlinestore.co.uk/products/riot-squad-bar-edition-nic-salt-10ml-5mg-e-liquids,flavour,blue peach,not listed on VOS,,2.95,https://www.ninja-vapes.co.uk/product/blue-peach-nic-salt-e-liquid-riot-squad-bar-edtn,reviewed
ninja-vapes.co.uk,Nic Salt E-Liquid By Riot Squad Bar Edtn,Riot Squad Bar Edition Nic Salt 10Ml 5Mg E-Liquid,https://vapeonlinestore.co.uk/products/riot-squad-bar-edition-nic-salt-10ml-5mg-e-liquids,flavour,blue raspberry citrus,not listed on VOS,,2.95,https://www.ninja-vapes.co.uk/product/blue-razz-citrus-nic-salt-e-liquid-riot-squad-bar-edtn,reviewed
ninja-vapes.co.uk,Nic Salt E-Liquid By Riot Squad Bar Edtn,Riot Squad Bar Edition Nic Salt 10Ml 5Mg E-Liquid,https://vapeonlinestore.co.uk/products/riot-squad-bar-edition-nic-salt-10ml-5mg-e-liquids,flavour,blueberry sour raspberry,not listed on VOS,,2.95,https://www.ninja-vapes.co.uk/product/blueberry-sour-raspberry-nic-salt-riot-squad-bar-edtn,reviewed
ninja-vapes.co.uk,Riot Squad Nic Salt 10Ml,Riot Squad Bar Edition Nic Salt 10Ml 5Mg E-Liquid,https://vapeonlinestore.co.uk/products/riot-squad-bar-edition-nic-salt-10ml-5mg-e-liquids,flavour,cherry menthol,not listed on VOS,,2.99,https://www.ninja-vapes.co.uk/product/riot-squad-nic-salt-cherry-menthol-10ml,medium
ninja-vapes.co.uk,Nic Salt E-Liquid By Riot Squad Bar Edtn,Riot Squad Bar Edition Nic Salt 10Ml 5Mg E-Liquid,https://vapeonlinestore.co.uk/products/riot-squad-bar-edition-nic-salt-10ml-5mg-e-liquids,flavour,guava passion fruit pineapple,not listed on VOS,,2.95,https://www.ninja-vapes.co.uk/product/guava-passionfruit-pineapple-nic-salt-riot-squad-bar-edtn,reviewed
ninja-vapes.co.uk,Riot Squad Nic Salt 10Ml,Riot Squad Bar Edition Nic Salt 10Ml 5Mg E-Liquid,https://vapeonlinestore.co.uk/products/riot-squad-bar-edition-nic-salt-10ml-5mg-e-liquids,flavour,ice menthol,not listed on VOS,,2.99,https://www.ninja-vapes.co.uk/product/riot-squad-nic-saltice-menthol-10ml,medium
ninja-vapes.co.uk,Riot Squad Nic Salt 10Ml,Riot Squad Bar Edition Nic Salt 10Ml 5Mg E-Liquid,https://vapeonlinestore.co.uk/products/riot-squad-bar-edition-nic-salt-10ml-5mg-e-liquids,flavour,lemon cucumber menthol,not listed on VOS,,2.99,https://www.ninja-vapes.co.uk/product/riot-squad-nic-salt-lemon-cucumber-menthol10ml,medium
ninja-vapes.co.uk,Nic Salt E-Liquid By Riot Squad Bar Edtn,Riot Squad Bar Edition Nic Salt 10Ml 5Mg E-Liquid,https://vapeonlinestore.co.uk/products/riot-squad-bar-edition-nic-salt-10ml-5mg-e-liquids,flavour,mango vanilla,not listed on VOS,,2.95,https://www.ninja-vapes.co.uk/product/mango-vanilla-nic-salt-riot-squad-bar-edtn,reviewed
ninja-vapes.co.uk,Riot Squad Nic Salt 10Ml,Riot Squad Bar Edition Nic Salt 10Ml 5Mg E-Liquid,https://vapeonlinestore.co.uk/products/riot-squad-bar-edition-nic-salt-10ml-5mg-e-liquids,flavour,melon menthol,not listed on VOS,,2.99,https://www.ninja-vapes.co.uk/product/riot-squad-nic-saltmelon-menthol-10ml,medium
ninja-vapes.co.uk,Nic Salt E-Liquid By Riot Squad Bar Edtn,Riot Squad Bar Edition Nic Salt 10Ml 5Mg E-Liquid,https://vapeonlinestore.co.uk/products/riot-squad-bar-edition-nic-salt-10ml-5mg-e-liquids,flavour,pineapple citrus,not listed on VOS,,2.95,https://www.ninja-vapes.co.uk/product/pineapple-citrus-nic-salt-e-liquid-riot-squad-bar-edtn,reviewed
ninja-vapes.co.uk,Riot Squad Nic Salt 10Ml,Riot Squad Bar Edition Nic Salt 10Ml 5Mg E-Liquid,https://vapeonlinestore.co.uk/products/riot-squad-bar-edition-nic-salt-10ml-5mg-e-liquids,flavour,pink grenade,not listed on VOS,,2.99,https://www.ninja-vapes.co.uk/product/riot-squad-nic-saltpink-grenade-10ml,medium
ninja-vapes.co.uk,Riot Squad Nic Salt 10Ml,Riot Squad Bar Edition Nic Salt 10Ml 5Mg E-Liquid,https://vapeonlinestore.co.uk/products/riot-squad-bar-edition-nic-salt-10ml-5mg-e-liquids,flavour,pure frozen acai,not listed on VOS,,2.99,https://www.ninja-vapes.co.uk/product/riot-squad-nic-saltpure-frozen-acai10ml,medium
ninja-vapes.co.uk,Riot Squad Nic Salt 10Ml,Riot Squad Bar Edition Nic Salt 10Ml 5Mg E-Liquid,https://vapeonlinestore.co.uk/products/riot-squad-bar-edition-nic-salt-10ml-5mg-e-liquids,flavour,rich black grape,not listed on VOS,,2.99,https://www.ninja-vapes.co.uk/product/riot-squad-nic-salt-rich-black-grape10ml,medium
ninja-vapes.co.uk,Nic Salt E-Liquid By Riot Squad Bar Edtn,Riot Squad Bar Edition Nic Salt 10Ml 5Mg E-Liquid,https://vapeonlinestore.co.uk/products/riot-squad-bar-edition-nic-salt-10ml-5mg-e-liquids,flavour,strawberry cherry raspberry,not listed on VOS,,2.95,https://www.ninja-vapes.co.uk/product/strawberry-cherry-razz-nic-salt-e-liquid-riot-squad-bar-edtn,reviewed
ninja-vapes.co.uk,Nic Salt E-Liquid By Riot Squad Bar Edtn,Riot Squad Bar Edition Nic Salt 10Ml 5Mg E-Liquid,https://vapeonlinestore.co.uk/products/riot-squad-bar-edition-nic-salt-10ml-5mg-e-liquids,flavour,strawberry peach raspberry,not listed on VOS,,2.95,https://www.ninja-vapes.co.uk/product/strawberry-peach-razz-nic-salt-e-liquid-riot-squad-bar-edtn,reviewed
ninja-vapes.co.uk,Riot Squad Nic Salt 10Ml,Riot Squad Bar Edition Nic Salt 10Ml 5Mg E-Liquid,https://vapeonlinestore.co.uk/products/riot-squad-bar-edition-nic-salt-10ml-5mg-e-liquids,flavour,tropical fury,not listed on VOS,,2.99,https://www.ninja-vapes.co.uk/product/riot-squad-nic-salttropical-fury-10ml,medium
ninja-vapes.co.uk,doozy’s seriously donuts 100ml e liquid shortfill,Seriously Shortfill 100Ml E-Liquid,https://vapeonlinestore.co.uk/products/seriously-donuts-shortfill-100ml-e-liquid,flavour,apple fritter,not listed on VOS,,8.99,https://www.ninja-vapes.co.uk/product/doozy-seriously-donuts-shortfill,reviewed
ninja-vapes.co.uk,doozy’s seriously donuts 100ml e liquid shortfill,Seriously Shortfill 100Ml E-Liquid,https://vapeonlinestore.co.uk/products/seriously-donuts-shortfill-100ml-e-liquid,flavour,glazed biscoff,not listed on VOS,,8.99,https://www.ninja-vapes.co.uk/product/doozy-seriously-donuts-shortfill,reviewed
ninja-vapes.co.uk,doozy’s seriously donuts 100ml e liquid shortfill,Seriously Shortfill 100Ml E-Liquid,https://vapeonlinestore.co.uk/products/seriously-donuts-shortfill-100ml-e-liquid,flavour,lemon drizzle,not listed on VOS,,8.99,https://www.ninja-vapes.co.uk/product/doozy-seriously-donuts-shortfill,reviewed
ninja-vapes.co.uk,doozy’s seriously donuts 100ml e liquid shortfill,Seriously Shortfill 100Ml E-Liquid,https://vapeonlinestore.co.uk/products/seriously-donuts-shortfill-100ml-e-liquid,flavour,original glazed,not listed on VOS,,8.99,https://www.ninja-vapes.co.uk/product/doozy-seriously-donuts-shortfill,reviewed
ninja-vapes.co.uk,doozy’s seriously donuts 100ml e liquid shortfill,Seriously Shortfill 100Ml E-Liquid,https://vapeonlinestore.co.uk/products/seriously-donuts-shortfill-100ml-e-liquid,flavour,raspberry jam,not listed on VOS,,8.99,https://www.ninja-vapes.co.uk/product/doozy-seriously-donuts-shortfill,reviewed
ninja-vapes.co.uk,doozy’s seriously donuts 100ml e liquid shortfill,Seriously Shortfill 100Ml E-Liquid,https://vapeonlinestore.co.uk/products/seriously-donuts-shortfill-100ml-e-liquid,flavour,strawberry cream,not listed on VOS,,8.99,https://www.ninja-vapes.co.uk/product/doozy-seriously-donuts-shortfill,reviewed
ninja-vapes.co.uk,ske bar 600 puffs prefilled pod kit,Ske Bar 600 Compliant Prefilled Pods Kit,https://vapeonlinestore.co.uk/products/crystal-bar-600-puffs-20mg-disposable-vape-device,flavour,fruit melody,not listed on VOS,,4.99,https://www.ninja-vapes.co.uk/product/ske-bar-600-puffs-prefilled-pod-kit,medium
ninja-vapes.co.uk,ske memers wukong v10000 prefilled refill pods,Ske Memers Wukong V10000 Refill Pods 20Mg,https://vapeonlinestore.co.uk/products/ske-memers-wukong-v10000-replacement-pods,flavour,sakura grape,not listed on VOS,,5.99,https://www.ninja-vapes.co.uk/product/memers-wukong-v10000-prefilled-pods,high
ninja-vapes.co.uk,ske memers wukong v10000 prefilled refill pods,Ske Memers Wukong V10000 Refill Pods 20Mg,https://vapeonlinestore.co.uk/products/ske-memers-wukong-v10000-replacement-pods,flavour,vimbull ice,not listed on VOS,,5.99,https://www.ninja-vapes.co.uk/product/memers-wukong-v10000-prefilled-pods,high
ninja-vapes.co.uk,ske crystal plus prefilled pods,Ske Plus Prefilled Pods 20Mg,https://vapeonlinestore.co.uk/products/ske-crystal-plus-pre-filled-pods-20mg,flavour,cotton candy ice,not listed on VOS,,4.99,https://www.ninja-vapes.co.uk/product/ske-crystal-plus-pods,high
ninja-vapes.co.uk,smok nord kit,Smok Nord Pod Vape Kit,https://vapeonlinestore.co.uk/products/smok-nord-pod-vape-kit,colour,7 color oil painting,not listed on VOS,,14.49,https://www.ninja-vapes.co.uk/product/smok-nord-kit,high
ninja-vapes.co.uk,smok nord kit,Smok Nord Pod Vape Kit,https://vapeonlinestore.co.uk/products/smok-nord-pod-vape-kit,colour,7 color resin streak,not listed on VOS,,14.49,https://www.ninja-vapes.co.uk/product/smok-nord-kit,high
ninja-vapes.co.uk,smok nord kit,Smok Nord Pod Vape Kit,https://vapeonlinestore.co.uk/products/smok-nord-pod-vape-kit,colour,black camouflage,not listed on VOS,,14.49,https://www.ninja-vapes.co.uk/product/smok-nord-kit,high
ninja-vapes.co.uk,smok nord kit,Smok Nord Pod Vape Kit,https://vapeonlinestore.co.uk/products/smok-nord-pod-vape-kit,colour,blue camouflage,not listed on VOS,,14.49,https://www.ninja-vapes.co.uk/product/smok-nord-kit,high
ninja-vapes.co.uk,smok nord kit,Smok Nord Pod Vape Kit,https://vapeonlinestore.co.uk/products/smok-nord-pod-vape-kit,colour,bottle green,not listed on VOS,,14.49,https://www.ninja-vapes.co.uk/product/smok-nord-kit,high
ninja-vapes.co.uk,smok nord kit,Smok Nord Pod Vape Kit,https://vapeonlinestore.co.uk/products/smok-nord-pod-vape-kit,colour,full black,not listed on VOS,,14.49,https://www.ninja-vapes.co.uk/product/smok-nord-kit,high
ninja-vapes.co.uk,smok nord kit,Smok Nord Pod Vape Kit,https://vapeonlinestore.co.uk/products/smok-nord-pod-vape-kit,colour,golden carbon fiber,not listed on VOS,,14.49,https://www.ninja-vapes.co.uk/product/smok-nord-kit,high
ninja-vapes.co.uk,smok nord kit,Smok Nord Pod Vape Kit,https://vapeonlinestore.co.uk/products/smok-nord-pod-vape-kit,colour,green carbon fiber,not listed on VOS,,14.49,https://www.ninja-vapes.co.uk/product/smok-nord-kit,high
ninja-vapes.co.uk,smok nord kit,Smok Nord Pod Vape Kit,https://vapeonlinestore.co.uk/products/smok-nord-pod-vape-kit,colour,mirror gold,not listed on VOS,,14.49,https://www.ninja-vapes.co.uk/product/smok-nord-kit,high
ninja-vapes.co.uk,smok nord kit,Smok Nord Pod Vape Kit,https://vapeonlinestore.co.uk/products/smok-nord-pod-vape-kit,colour,red camouflage,not listed on VOS,,14.49,https://www.ninja-vapes.co.uk/product/smok-nord-kit,high
ninja-vapes.co.uk,smok nord kit,Smok Nord Pod Vape Kit,https://vapeonlinestore.co.uk/products/smok-nord-pod-vape-kit,colour,red carbon fiber,not listed on VOS,,14.49,https://www.ninja-vapes.co.uk/product/smok-nord-kit,high
ninja-vapes.co.uk,smok nord kit,Smok Nord Pod Vape Kit,https://vapeonlinestore.co.uk/products/smok-nord-pod-vape-kit,colour,silver carbon fiber,not listed on VOS,,14.49,https://www.ninja-vapes.co.uk/product/smok-nord-kit,high
ninja-vapes.co.uk,Smok Novo 2 Pod Vape Starter Kit,Smok Novo 2 Pod Kit,https://vapeonlinestore.co.uk/products/smok-novo-2-pod-kit,colour,7 colour cobra,not listed on VOS,,15.99,https://www.ninja-vapes.co.uk/product/smok-novo-2x-vape-kit,high
ninja-vapes.co.uk,Smok Novo 2 Pod Vape Starter Kit,Smok Novo 2 Pod Kit,https://vapeonlinestore.co.uk/products/smok-novo-2-pod-kit,colour,fluid 7 colour,not listed on VOS,,15.99,https://www.ninja-vapes.co.uk/product/smok-novo-2x-vape-kit,high
ninja-vapes.co.uk,Smok Novo 2 Pod Vape Starter Kit,Smok Novo 2 Pod Kit,https://vapeonlinestore.co.uk/products/smok-novo-2-pod-kit,flavour,black carbon fiber,not listed on VOS,,12.99,https://www.ninja-vapes.co.uk/product/smok-novo-2-pod-vape-starter-kit-800mah,high
ninja-vapes.co.uk,Smok Novo 2 Pod Vape Starter Kit,Smok Novo 2 Pod Kit,https://vapeonlinestore.co.uk/products/smok-novo-2-pod-kit,flavour,black stabilizing wood,not listed on VOS,,12.99,https://www.ninja-vapes.co.uk/product/smok-novo-2-pod-vape-starter-kit-800mah,high
ninja-vapes.co.uk,Smok Novo 2 Pod Vape Starter Kit,Smok Novo 2 Pod Kit,https://vapeonlinestore.co.uk/products/smok-novo-2-pod-kit,flavour,blue black,not listed on VOS,,12.99,https://www.ninja-vapes.co.uk/product/smok-novo-2-pod-vape-starter-kit-800mah,high
ninja-vapes.co.uk,Smok Novo 2 Pod Vape Starter Kit,Smok Novo 2 Pod Kit,https://vapeonlinestore.co.uk/products/smok-novo-2-pod-kit,flavour,blue brown,not listed on VOS,,12.99,https://www.ninja-vapes.co.uk/product/smok-novo-2-pod-vape-starter-kit-800mah,high
ninja-vapes.co.uk,Smok Novo 2 Pod Vape Starter Kit,Smok Novo 2 Pod Kit,https://vapeonlinestore.co.uk/products/smok-novo-2-pod-kit,flavour,blue shell,not listed on VOS,,12.99,https://www.ninja-vapes.co.uk/product/smok-novo-2-pod-vape-starter-kit-800mah,high
ninja-vapes.co.uk,Smok Novo 2 Pod Vape Starter Kit,Smok Novo 2 Pod Kit,https://vapeonlinestore.co.uk/products/smok-novo-2-pod-kit,flavour,blue stabilizing wood,not listed on VOS,,12.99,https://www.ninja-vapes.co.uk/product/smok-novo-2-pod-vape-starter-kit-800mah,high
ninja-vapes.co.uk,Smok Novo 2 Pod Vape Starter Kit,Smok Novo 2 Pod Kit,https://vapeonlinestore.co.uk/products/smok-novo-2-pod-kit,flavour,green red,not listed on VOS,,12.99,https://www.ninja-vapes.co.uk/product/smok-novo-2-pod-vape-starter-kit-800mah,high
ninja-vapes.co.uk,Smok Novo 2 Pod Vape Starter Kit,Smok Novo 2 Pod Kit,https://vapeonlinestore.co.uk/products/smok-novo-2-pod-kit,flavour,green stabilizing wood,not listed on VOS,,12.99,https://www.ninja-vapes.co.uk/product/smok-novo-2-pod-vape-starter-kit-800mah,high
ninja-vapes.co.uk,Smok Novo 2 Pod Vape Starter Kit,Smok Novo 2 Pod Kit,https://vapeonlinestore.co.uk/products/smok-novo-2-pod-kit,flavour,iml 7 color cobra,not listed on VOS,,12.99,https://www.ninja-vapes.co.uk/product/smok-novo-2-pod-vape-starter-kit-800mah,high
ninja-vapes.co.uk,Smok Novo 2 Pod Vape Starter Kit,Smok Novo 2 Pod Kit,https://vapeonlinestore.co.uk/products/smok-novo-2-pod-kit,flavour,iml black cobra,not listed on VOS,,12.99,https://www.ninja-vapes.co.uk/product/smok-novo-2-pod-vape-starter-kit-800mah,high
ninja-vapes.co.uk,Smok Novo 2 Pod Vape Starter Kit,Smok Novo 2 Pod Kit,https://vapeonlinestore.co.uk/products/smok-novo-2-pod-kit,flavour,iml blue cobra,not listed on VOS,,12.99,https://www.ninja-vapes.co.uk/product/smok-novo-2-pod-vape-starter-kit-800mah,high
ninja-vapes.co.uk,Smok Novo 2 Pod Vape Starter Kit,Smok Novo 2 Pod Kit,https://vapeonlinestore.co.uk/products/smok-novo-2-pod-kit,flavour,iml gold cobra,not listed on VOS,,12.99,https://www.ninja-vapes.co.uk/product/smok-novo-2-pod-vape-starter-kit-800mah,high
ninja-vapes.co.uk,Smok Novo 2 Pod Vape Starter Kit,Smok Novo 2 Pod Kit,https://vapeonlinestore.co.uk/products/smok-novo-2-pod-kit,flavour,iml red cobra,not listed on VOS,,12.99,https://www.ninja-vapes.co.uk/product/smok-novo-2-pod-vape-starter-kit-800mah,high
ninja-vapes.co.uk,Smok Novo 2 Pod Vape Starter Kit,Smok Novo 2 Pod Kit,https://vapeonlinestore.co.uk/products/smok-novo-2-pod-kit,flavour,iml silver cobra,not listed on VOS,,12.99,https://www.ninja-vapes.co.uk/product/smok-novo-2-pod-vape-starter-kit-800mah,high
ninja-vapes.co.uk,Smok Novo 2 Pod Vape Starter Kit,Smok Novo 2 Pod Kit,https://vapeonlinestore.co.uk/products/smok-novo-2-pod-kit,flavour,iml white cobra,not listed on VOS,,12.99,https://www.ninja-vapes.co.uk/product/smok-novo-2-pod-vape-starter-kit-800mah,high
ninja-vapes.co.uk,Smok Novo 2 Pod Vape Starter Kit,Smok Novo 2 Pod Kit,https://vapeonlinestore.co.uk/products/smok-novo-2-pod-kit,flavour,purple stabilizing wood,not listed on VOS,,12.99,https://www.ninja-vapes.co.uk/product/smok-novo-2-pod-vape-starter-kit-800mah,high
ninja-vapes.co.uk,Smok Novo 2 Pod Vape Starter Kit,Smok Novo 2 Pod Kit,https://vapeonlinestore.co.uk/products/smok-novo-2-pod-kit,flavour,red stabilizing wood,not listed on VOS,,12.99,https://www.ninja-vapes.co.uk/product/smok-novo-2-pod-vape-starter-kit-800mah,high
ninja-vapes.co.uk,Smok Novo 2 Pod Vape Starter Kit,Smok Novo 2 Pod Kit,https://vapeonlinestore.co.uk/products/smok-novo-2-pod-kit,flavour,red yellow,not listed on VOS,,12.99,https://www.ninja-vapes.co.uk/product/smok-novo-2-pod-vape-starter-kit-800mah,high
ninja-vapes.co.uk,Smok Novo 2 Pod Vape Starter Kit,Smok Novo 2 Pod Kit,https://vapeonlinestore.co.uk/products/smok-novo-2-pod-kit,flavour,tiffany blue shell,not listed on VOS,,12.99,https://www.ninja-vapes.co.uk/product/smok-novo-2-pod-vape-starter-kit-800mah,high
ninja-vapes.co.uk,Smok Novo 2 Pod Vape Starter Kit,Smok Novo 2 Pod Kit,https://vapeonlinestore.co.uk/products/smok-novo-2-pod-kit,flavour,yellow purple,not listed on VOS,,12.99,https://www.ninja-vapes.co.uk/product/smok-novo-2-pod-vape-starter-kit-800mah,high
ninja-vapes.co.uk,Smok Novo 2X Refill Pods,Smok Novo 2 Refill Pods,https://vapeonlinestore.co.uk/products/novo-2-replacement-pods-by-smok,resistance,0.8ohm,not listed on VOS,,9.95,https://www.ninja-vapes.co.uk/product/smok-novo-2-replacement-pods,high
ninja-vapes.co.uk,smok novo 2 pods replacement coils cartridge pack of 3,Smok Novo 2 Refill Pods,https://vapeonlinestore.co.uk/products/novo-2-replacement-pods-by-smok,resistance,1.4ohm mtl,not listed on VOS,,7.95,https://www.ninja-vapes.co.uk/product/smok-novo-2-pods-replacement-coils-cartridge-pack-of-3-14-mtl-mesh-10,reviewed
ninja-vapes.co.uk,Smok Novo Gt Pod Vape Kit,Smok Novo Gt Box Pod Vape Kit,https://vapeonlinestore.co.uk/products/smok-novo-gt-box-pod-kit,colour,black,not listed on VOS,,18.99,https://www.ninja-vapes.co.uk/product/smok-novo-gt-box-kit,high
ninja-vapes.co.uk,smok propod gt vape kit,Smok Propod Pod Vape Kit,https://vapeonlinestore.co.uk/products/smok-propod-pod-kit,colour,blue,not listed on VOS,,15.99,https://www.ninja-vapes.co.uk/product/smok-propod-gt-vape-kit,medium
ninja-vapes.co.uk,smok propod gt vape kit,Smok Propod Pod Vape Kit,https://vapeonlinestore.co.uk/products/smok-propod-pod-kit,colour,peacock green,not listed on VOS,,15.99,https://www.ninja-vapes.co.uk/product/smok-propod-gt-vape-kit,medium
ninja-vapes.co.uk,smok propod gt vape kit,Smok Propod Pod Vape Kit,https://vapeonlinestore.co.uk/products/smok-propod-pod-kit,colour,purple,not listed on VOS,,15.99,https://www.ninja-vapes.co.uk/product/smok-propod-gt-vape-kit,medium
ninja-vapes.co.uk,smok propod gt vape kit,Smok Propod Pod Vape Kit,https://vapeonlinestore.co.uk/products/smok-propod-pod-kit,colour,purple grey,not listed on VOS,,15.99,https://www.ninja-vapes.co.uk/product/smok-propod-gt-vape-kit,medium
ninja-vapes.co.uk,smok rpm80 rgc coil & rpm80 rgc replacement pod,Smok Rpm80 Rgc Coils,https://vapeonlinestore.co.uk/products/rgc-replacement-coils-by-smok,resistance,rpm80 rgc refill pods 5ml 3pcs,not listed on VOS,,6.99,https://www.ninja-vapes.co.uk/product/smok-rpm80-rgc-coil-and-rpm80-rgc-replacement-pod,high
ninja-vapes.co.uk,smok solus g box vape kit,Smok Solus G Box Pod Vape Kit,https://vapeonlinestore.co.uk/products/smok-solus-g-box-pod-vape-kit,colour,7 color,not listed on VOS,,9.99,https://www.ninja-vapes.co.uk/product/smok-solus-g-box-vape-kit,high
ninja-vapes.co.uk,smok solus g box vape kit,Smok Solus G Box Pod Vape Kit,https://vapeonlinestore.co.uk/products/smok-solus-g-box-pod-vape-kit,colour,gold,not listed on VOS,,9.99,https://www.ninja-vapes.co.uk/product/smok-solus-g-box-vape-kit,high
ninja-vapes.co.uk,smok solus g box vape kit,Smok Solus G Box Pod Vape Kit,https://vapeonlinestore.co.uk/products/smok-solus-g-box-pod-vape-kit,colour,gunmetal,not listed on VOS,,9.99,https://www.ninja-vapes.co.uk/product/smok-solus-g-box-vape-kit,high
ninja-vapes.co.uk,smok stick aio replacement coils,Smok Stick Aio Replacement Vape Coils,https://vapeonlinestore.co.uk/products/aio-coils-5-pack-by-smok,resistance,0.23ohm 5,not listed on VOS,,9.99,https://www.ninja-vapes.co.uk/product/smok-aio-coils,high
ninja-vapes.co.uk,smok stick aio replacement coils,Smok Stick Aio Replacement Vape Coils,https://vapeonlinestore.co.uk/products/aio-coils-5-pack-by-smok,resistance,0.6ohm 5,not listed on VOS,,9.99,https://www.ninja-vapes.co.uk/product/smok-aio-coils,high
ninja-vapes.co.uk,smok tfv8 baby replacement coils,Smok Tfv8 Baby Coils,https://vapeonlinestore.co.uk/products/tfv8-baby-coils-5-pack-by-smok,resistance,0.15ohm 5,not listed on VOS,,9.99,https://www.ninja-vapes.co.uk/product/smok-tfv8-baby-coils,high
ninja-vapes.co.uk,smok tfv8 baby replacement coils,Smok Tfv8 Baby Coils,https://vapeonlinestore.co.uk/products/tfv8-baby-coils-5-pack-by-smok,resistance,0.15ohm m2 5,not listed on VOS,,9.99,https://www.ninja-vapes.co.uk/product/smok-tfv8-baby-coils,high
ninja-vapes.co.uk,smok tfv8 baby replacement coils,Smok Tfv8 Baby Coils,https://vapeonlinestore.co.uk/products/tfv8-baby-coils-5-pack-by-smok,resistance,0.15ohm t12 5,not listed on VOS,,9.99,https://www.ninja-vapes.co.uk/product/smok-tfv8-baby-coils,high
ninja-vapes.co.uk,smok tfv8 baby replacement coils,Smok Tfv8 Baby Coils,https://vapeonlinestore.co.uk/products/tfv8-baby-coils-5-pack-by-smok,resistance,0.15ohm t8 5,not listed on VOS,,9.99,https://www.ninja-vapes.co.uk/product/smok-tfv8-baby-coils,high
ninja-vapes.co.uk,smok tfv8 baby replacement coils,Smok Tfv8 Baby Coils,https://vapeonlinestore.co.uk/products/tfv8-baby-coils-5-pack-by-smok,resistance,0.15ohm x4 5,not listed on VOS,,9.99,https://www.ninja-vapes.co.uk/product/smok-tfv8-baby-coils,high
ninja-vapes.co.uk,smok tfv8 baby replacement coils,Smok Tfv8 Baby Coils,https://vapeonlinestore.co.uk/products/tfv8-baby-coils-5-pack-by-smok,resistance,0.25ohm m2 5,not listed on VOS,,9.99,https://www.ninja-vapes.co.uk/product/smok-tfv8-baby-coils,high
ninja-vapes.co.uk,smok tfv8 baby replacement coils,Smok Tfv8 Baby Coils,https://vapeonlinestore.co.uk/products/tfv8-baby-coils-5-pack-by-smok,resistance,0.2ohm t6 5,not listed on VOS,,9.99,https://www.ninja-vapes.co.uk/product/smok-tfv8-baby-coils,high
ninja-vapes.co.uk,smok tfv8 baby replacement coils,Smok Tfv8 Baby Coils,https://vapeonlinestore.co.uk/products/tfv8-baby-coils-5-pack-by-smok,resistance,0.4ohm q2 5,not listed on VOS,,9.99,https://www.ninja-vapes.co.uk/product/smok-tfv8-baby-coils,high
ninja-vapes.co.uk,smok tfv8 baby replacement coils,Smok Tfv8 Baby Coils,https://vapeonlinestore.co.uk/products/tfv8-baby-coils-5-pack-by-smok,resistance,0.4ohm q4 5,not listed on VOS,,9.99,https://www.ninja-vapes.co.uk/product/smok-tfv8-baby-coils,high
ninja-vapes.co.uk,smok tfv8 baby replacement coils,Smok Tfv8 Baby Coils,https://vapeonlinestore.co.uk/products/tfv8-baby-coils-5-pack-by-smok,resistance,0.5ohm strip 5,not listed on VOS,,9.99,https://www.ninja-vapes.co.uk/product/smok-tfv8-baby-coils,high
ninja-vapes.co.uk,smok tfv8 baby replacement coils,Smok Tfv8 Baby Coils,https://vapeonlinestore.co.uk/products/tfv8-baby-coils-5-pack-by-smok,resistance,0.6ohm q2 5,not listed on VOS,,9.99,https://www.ninja-vapes.co.uk/product/smok-tfv8-baby-coils,high
ninja-vapes.co.uk,Titan Puffs Prefilled Vape Kit,Titan Prefilled Pods Kit,https://vapeonlinestore.co.uk/products/box-of-10-titan-10000,flavour,pink burst rainbow burst,not listed on VOS,,9.99,https://www.ninja-vapes.co.uk/product/titan-x-50k,high
ninja-vapes.co.uk,Titan Puffs Prefilled Vape Kit,Titan Prefilled Pods Kit,https://vapeonlinestore.co.uk/products/box-of-10-titan-10000,flavour,strawberry raspberry cherry strawberry kiwi watermelon,not listed on VOS,,9.99,https://www.ninja-vapes.co.uk/product/titan-x-50k,high
ninja-vapes.co.uk,Ultimate Puff 100Ml,Ultimate Puff Shortfill 50Ml E-Liquid,https://vapeonlinestore.co.uk/products/ultimate-puff-shortfill-50ml-e-liquid,flavour,blossom acai apple,not listed on VOS,,10.99,https://www.ninja-vapes.co.uk/product/ultimate-puff-blossom-acai-and-apple-100ml,high
ninja-vapes.co.uk,Ultimate Puff 100Ml,Ultimate Puff Shortfill 50Ml E-Liquid,https://vapeonlinestore.co.uk/products/ultimate-puff-shortfill-50ml-e-liquid,flavour,blossom aloe lychee pom,not listed on VOS,,10.99,https://www.ninja-vapes.co.uk/product/ultimate-puff-blossom-aloe-lychee-and-pom-100ml,high
ninja-vapes.co.uk,Ultimate Puff 100Ml,Ultimate Puff Shortfill 50Ml E-Liquid,https://vapeonlinestore.co.uk/products/ultimate-puff-shortfill-50ml-e-liquid,flavour,blossom elderflower apple mango,not listed on VOS,,10.99,https://www.ninja-vapes.co.uk/product/ultimate-puff-blossom-elderflower-apple-and-mango-100ml,high
ninja-vapes.co.uk,Ultimate Puff 100Ml,Ultimate Puff Shortfill 50Ml E-Liquid,https://vapeonlinestore.co.uk/products/ultimate-puff-shortfill-50ml-e-liquid,flavour,blossom juniper pink lemon,not listed on VOS,,10.99,https://www.ninja-vapes.co.uk/product/ultimate-puff-blossom-juniper-and-pink-lemon-100ml,high
ninja-vapes.co.uk,Ultimate Puff 100Ml,Ultimate Puff Shortfill 50Ml E-Liquid,https://vapeonlinestore.co.uk/products/ultimate-puff-shortfill-50ml-e-liquid,flavour,blossom rose white grape,not listed on VOS,,10.99,https://www.ninja-vapes.co.uk/product/ultimate-puff-blossom-rose-and-white-grape-100ml,high
ninja-vapes.co.uk,Ultimate Puff 100Ml,Ultimate Puff Shortfill 50Ml E-Liquid,https://vapeonlinestore.co.uk/products/ultimate-puff-shortfill-50ml-e-liquid,flavour,blossom sweet melon cucumber,not listed on VOS,,10.99,https://www.ninja-vapes.co.uk/product/ultimate-puff-blossom-sweet-melon-and-cucumber-100ml,high
ninja-vapes.co.uk,Ultimate Puff 100Ml,Ultimate Puff Shortfill 50Ml E-Liquid,https://vapeonlinestore.co.uk/products/ultimate-puff-shortfill-50ml-e-liquid,flavour,candy drops grape strawberry,not listed on VOS,,10.99,https://www.ninja-vapes.co.uk/product/ultimate-puff-candy-drops-e-liquid-grape-and-strawberry-100ml,high
ninja-vapes.co.uk,Ultimate Puff 100Ml,Ultimate Puff Shortfill 50Ml E-Liquid,https://vapeonlinestore.co.uk/products/ultimate-puff-shortfill-50ml-e-liquid,flavour,candy drops lemonade cherry,not listed on VOS,,10.99,https://www.ninja-vapes.co.uk/product/ultimate-puff-candy-drops-e-liquid-lemonade-and-cherry-100ml,high
ninja-vapes.co.uk,Ultimate Puff 100Ml,Ultimate Puff Shortfill 50Ml E-Liquid,https://vapeonlinestore.co.uk/products/ultimate-puff-shortfill-50ml-e-liquid,flavour,candy drops rainbow,not listed on VOS,,10.99,https://www.ninja-vapes.co.uk/product/ultimate-puff-candy-drops-e-liquid-rainbow-100ml,high
ninja-vapes.co.uk,Ultimate Puff 100Ml,Ultimate Puff Shortfill 50Ml E-Liquid,https://vapeonlinestore.co.uk/products/ultimate-puff-shortfill-50ml-e-liquid,flavour,candy drops watermelon cherry,not listed on VOS,,10.99,https://www.ninja-vapes.co.uk/product/ultimate-puff-candy-drops-e-liquid-watermelon-and-cherry-100ml-25301,high
ninja-vapes.co.uk,Ultimate Puff 100Ml,Ultimate Puff Shortfill 50Ml E-Liquid,https://vapeonlinestore.co.uk/products/ultimate-puff-shortfill-50ml-e-liquid,flavour,chilled blue raspberry,not listed on VOS,,10.99,https://www.ninja-vapes.co.uk/product/ultimate-puff-chilled-blue-raspberry-100ml,high
ninja-vapes.co.uk,Ultimate Puff 100Ml,Ultimate Puff Shortfill 50Ml E-Liquid,https://vapeonlinestore.co.uk/products/ultimate-puff-shortfill-50ml-e-liquid,flavour,chilled pink raspberry,not listed on VOS,,10.99,https://www.ninja-vapes.co.uk/product/ultimate-puff-chilled-pink-raspberry-100ml,high
ninja-vapes.co.uk,Ultimate Puff 100Ml,Ultimate Puff Shortfill 50Ml E-Liquid,https://vapeonlinestore.co.uk/products/ultimate-puff-shortfill-50ml-e-liquid,flavour,chilled strawberry pom,not listed on VOS,,10.99,https://www.ninja-vapes.co.uk/product/ultimate-puff-chilled-strawberry-pom-100ml,high
ninja-vapes.co.uk,Ultimate Puff 100Ml,Ultimate Puff Shortfill 50Ml E-Liquid,https://vapeonlinestore.co.uk/products/ultimate-puff-shortfill-50ml-e-liquid,flavour,chilled watermelon apple,not listed on VOS,,10.99,https://www.ninja-vapes.co.uk/product/ultimate-puff-chilled-watermelon-apple-100ml,high
ninja-vapes.co.uk,Ultimate Puff 100Ml,Ultimate Puff Shortfill 50Ml E-Liquid,https://vapeonlinestore.co.uk/products/ultimate-puff-shortfill-50ml-e-liquid,flavour,custard maple syrup,not listed on VOS,,10.99,https://www.ninja-vapes.co.uk/product/ultimate-puff-custard-maple-syrup-100ml,high
ninja-vapes.co.uk,Ultimate Puff 100Ml,Ultimate Puff Shortfill 50Ml E-Liquid,https://vapeonlinestore.co.uk/products/ultimate-puff-shortfill-50ml-e-liquid,flavour,custard raspberry jam,not listed on VOS,,10.99,https://www.ninja-vapes.co.uk/product/ultimate-puff-custard-raspberry-jam-100ml,high
ninja-vapes.co.uk,Ultimate Puff 100Ml,Ultimate Puff Shortfill 50Ml E-Liquid,https://vapeonlinestore.co.uk/products/ultimate-puff-shortfill-50ml-e-liquid,flavour,custard whipped vanilla,not listed on VOS,,10.99,https://www.ninja-vapes.co.uk/product/ultimate-puff-custard-whipped-vanilla-100m,high
ninja-vapes.co.uk,Ultimate Puff 100Ml,Ultimate Puff Shortfill 50Ml E-Liquid,https://vapeonlinestore.co.uk/products/ultimate-puff-shortfill-50ml-e-liquid,flavour,menthol blackcurrant,not listed on VOS,,10.99,https://www.ninja-vapes.co.uk/product/ultimate-puff-menthol-blackcurrant-100ml,high
ninja-vapes.co.uk,Ultimate Puff 100Ml,Ultimate Puff Shortfill 50Ml E-Liquid,https://vapeonlinestore.co.uk/products/ultimate-puff-shortfill-50ml-e-liquid,flavour,menthol cherry,not listed on VOS,,10.99,https://www.ninja-vapes.co.uk/product/ultimate-puff-menthol-cherry-100ml,high
ninja-vapes.co.uk,Ultimate Puff 100Ml,Ultimate Puff Shortfill 50Ml E-Liquid,https://vapeonlinestore.co.uk/products/ultimate-puff-shortfill-50ml-e-liquid,flavour,menthol mango,not listed on VOS,,10.99,https://www.ninja-vapes.co.uk/product/ultimate-puff-menthol-mango-100ml,high
ninja-vapes.co.uk,Ultimate Puff 100Ml,Ultimate Puff Shortfill 50Ml E-Liquid,https://vapeonlinestore.co.uk/products/ultimate-puff-shortfill-50ml-e-liquid,flavour,menthol raspberry,not listed on VOS,,10.99,https://www.ninja-vapes.co.uk/product/ultimate-puff-menthol-raspberry-100ml,high
ninja-vapes.co.uk,Ultimate Puff 100Ml,Ultimate Puff Shortfill 50Ml E-Liquid,https://vapeonlinestore.co.uk/products/ultimate-puff-shortfill-50ml-e-liquid,flavour,menthol watermelon,not listed on VOS,,10.99,https://www.ninja-vapes.co.uk/product/ultimate-puff-menthol-watermelon-100ml,high
ninja-vapes.co.uk,Ultimate Puff 100Ml,Ultimate Puff Shortfill 50Ml E-Liquid,https://vapeonlinestore.co.uk/products/ultimate-puff-shortfill-50ml-e-liquid,flavour,on ice apple mango,not listed on VOS,,10.99,https://www.ninja-vapes.co.uk/product/ultimate-puff-on-ice-apple-and-mango-100ml,high
ninja-vapes.co.uk,Ultimate Puff 100Ml,Ultimate Puff Shortfill 50Ml E-Liquid,https://vapeonlinestore.co.uk/products/ultimate-puff-shortfill-50ml-e-liquid,flavour,on ice blackcurrant,not listed on VOS,,10.99,https://www.ninja-vapes.co.uk/product/ultimate-puff-on-ice-blackcurrant-100ml,high
ninja-vapes.co.uk,Ultimate Puff 100Ml,Ultimate Puff Shortfill 50Ml E-Liquid,https://vapeonlinestore.co.uk/products/ultimate-puff-shortfill-50ml-e-liquid,flavour,on ice blue slush,not listed on VOS,,10.99,https://www.ninja-vapes.co.uk/product/ultimate-puff-on-ice-blue-slush-100ml,high
ninja-vapes.co.uk,Ultimate Puff 100Ml,Ultimate Puff Shortfill 50Ml E-Liquid,https://vapeonlinestore.co.uk/products/ultimate-puff-shortfill-50ml-e-liquid,flavour,on ice grape strawberry,not listed on VOS,,10.99,https://www.ninja-vapes.co.uk/product/ultimate-puff-on-ice-grape-and-strawberry-100ml,high
ninja-vapes.co.uk,Ultimate Puff 100Ml,Ultimate Puff Shortfill 50Ml E-Liquid,https://vapeonlinestore.co.uk/products/ultimate-puff-shortfill-50ml-e-liquid,flavour,on ice rainbow,not listed on VOS,,10.99,https://www.ninja-vapes.co.uk/product/ultimate-puff-on-ice-rainbow-100ml,high
ninja-vapes.co.uk,Ultimate Puff 100Ml,Ultimate Puff Shortfill 50Ml E-Liquid,https://vapeonlinestore.co.uk/products/ultimate-puff-shortfill-50ml-e-liquid,flavour,on ice raspberry,not listed on VOS,,10.99,https://www.ninja-vapes.co.uk/product/ultimate-puff-on-ice-raspberry-100ml,high
ninja-vapes.co.uk,Ultimate Puff 100Ml,Ultimate Puff Shortfill 50Ml E-Liquid,https://vapeonlinestore.co.uk/products/ultimate-puff-shortfill-50ml-e-liquid,flavour,shake blueberry,not listed on VOS,,10.99,https://www.ninja-vapes.co.uk/product/ultimate-puff-shake-e-liquid-blueberry-100ml,high
ninja-vapes.co.uk,Ultimate Puff 100Ml,Ultimate Puff Shortfill 50Ml E-Liquid,https://vapeonlinestore.co.uk/products/ultimate-puff-shortfill-50ml-e-liquid,flavour,shake shamrock,not listed on VOS,,10.99,https://www.ninja-vapes.co.uk/product/ultimate-puff-shake-e-liquid-shamrock-100ml,high
ninja-vapes.co.uk,Ultimate Puff 100Ml,Ultimate Puff Shortfill 50Ml E-Liquid,https://vapeonlinestore.co.uk/products/ultimate-puff-shortfill-50ml-e-liquid,flavour,shake vanilla,not listed on VOS,,10.99,https://www.ninja-vapes.co.uk/product/ultimate-puff-shake-e-liquid-vanilla-100ml-25335,high
ninja-vapes.co.uk,Ultimate Puff 100Ml,Ultimate Puff Shortfill 50Ml E-Liquid,https://vapeonlinestore.co.uk/products/ultimate-puff-shortfill-50ml-e-liquid,flavour,sherbet apple mango,not listed on VOS,,10.99,https://www.ninja-vapes.co.uk/product/ultimate-puff-sherbet-e-liquid-apple-and-mango-100ml,high
ninja-vapes.co.uk,Ultimate Puff 100Ml,Ultimate Puff Shortfill 50Ml E-Liquid,https://vapeonlinestore.co.uk/products/ultimate-puff-shortfill-50ml-e-liquid,flavour,sherbet strawberry laces,not listed on VOS,,10.99,https://www.ninja-vapes.co.uk/product/ultimate-puff-sherbet-e-liquid-strawberry-laces-100ml,high
ninja-vapes.co.uk,Ultimate Puff 100Ml,Ultimate Puff Shortfill 50Ml E-Liquid,https://vapeonlinestore.co.uk/products/ultimate-puff-shortfill-50ml-e-liquid,flavour,slushy blue,not listed on VOS,,10.99,https://www.ninja-vapes.co.uk/product/ultimate-puff-slushy-blue-100ml,high
ninja-vapes.co.uk,Ultimate Puff 100Ml,Ultimate Puff Shortfill 50Ml E-Liquid,https://vapeonlinestore.co.uk/products/ultimate-puff-shortfill-50ml-e-liquid,flavour,slushy green,not listed on VOS,,10.99,https://www.ninja-vapes.co.uk/product/ultimate-puff-slushy-green-100ml,high
ninja-vapes.co.uk,Ultimate Puff 100Ml,Ultimate Puff Shortfill 50Ml E-Liquid,https://vapeonlinestore.co.uk/products/ultimate-puff-shortfill-50ml-e-liquid,flavour,slushy pink,not listed on VOS,,10.99,https://www.ninja-vapes.co.uk/product/ultimate-puff-slushy-pink-100ml,high
ninja-vapes.co.uk,Ultimate Puff 100Ml,Ultimate Puff Shortfill 50Ml E-Liquid,https://vapeonlinestore.co.uk/products/ultimate-puff-shortfill-50ml-e-liquid,flavour,slushy purple,not listed on VOS,,10.99,https://www.ninja-vapes.co.uk/product/ultimate-puff-slushy-purple-100ml,high
ninja-vapes.co.uk,Ultimate Puff 100Ml,Ultimate Puff Shortfill 50Ml E-Liquid,https://vapeonlinestore.co.uk/products/ultimate-puff-shortfill-50ml-e-liquid,flavour,slushy red,not listed on VOS,,10.99,https://www.ninja-vapes.co.uk/product/ultimate-puff-slushy-red-100ml-25346,high
ninja-vapes.co.uk,Ultimate Puff 100Ml,Ultimate Puff Shortfill 50Ml E-Liquid,https://vapeonlinestore.co.uk/products/ultimate-puff-shortfill-50ml-e-liquid,flavour,slushy yellow,not listed on VOS,,10.99,https://www.ninja-vapes.co.uk/product/ultimate-puff-slushy-yellow-100ml,high
ninja-vapes.co.uk,Ultimate Puff 100Ml,Ultimate Puff Shortfill 50Ml E-Liquid,https://vapeonlinestore.co.uk/products/ultimate-puff-shortfill-50ml-e-liquid,flavour,soda blackcurrant crush,not listed on VOS,,10.99,https://www.ninja-vapes.co.uk/product/ultimate-puff-soda-blackcurrant-crush-100ml,high
ninja-vapes.co.uk,Ultimate Puff 100Ml,Ultimate Puff Shortfill 50Ml E-Liquid,https://vapeonlinestore.co.uk/products/ultimate-puff-shortfill-50ml-e-liquid,flavour,soda cherry cola,not listed on VOS,,10.99,https://www.ninja-vapes.co.uk/product/ultimate-puff-soda-cherry-cola-100ml,high
ninja-vapes.co.uk,Ultimate Puff 100Ml,Ultimate Puff Shortfill 50Ml E-Liquid,https://vapeonlinestore.co.uk/products/ultimate-puff-shortfill-50ml-e-liquid,flavour,soda lemon lime cola,not listed on VOS,,10.99,https://www.ninja-vapes.co.uk/product/ultimate-puff-soda-lemon-and-lime-cola-100ml,high
ninja-vapes.co.uk,Ultimate Puff 100Ml,Ultimate Puff Shortfill 50Ml E-Liquid,https://vapeonlinestore.co.uk/products/ultimate-puff-shortfill-50ml-e-liquid,flavour,soda pineapple crush,not listed on VOS,,10.99,https://www.ninja-vapes.co.uk/product/ultimate-puff-soda-pineapple-crush-100ml,high
ninja-vapes.co.uk,Uwell Caliburn Pod Kit,Uwell Caliburn Pod Kit,https://vapeonlinestore.co.uk/products/uwell-caliburn-pod-kit,colour,grey,not listed on VOS,,12.95,https://www.ninja-vapes.co.uk/product/uwell-caliburn-pod-kit,high
ninja-vapes.co.uk,Uwell Caliburn Pod Kit,Uwell Caliburn Pod Kit,https://vapeonlinestore.co.uk/products/uwell-caliburn-pod-kit,colour,iris purple,not listed on VOS,,12.95,https://www.ninja-vapes.co.uk/product/uwell-caliburn-pod-kit,high
ninja-vapes.co.uk,Uwell Caliburn Pod Kit,Uwell Caliburn Pod Kit,https://vapeonlinestore.co.uk/products/uwell-caliburn-pod-kit,colour,red,not listed on VOS,,12.95,https://www.ninja-vapes.co.uk/product/uwell-caliburn-pod-kit,high
ninja-vapes.co.uk,v blood 50ml e liquid 50/50 pg/vg shortfill,V Blood Shortfill 50Ml E-Liquid,https://vapeonlinestore.co.uk/products/v-blood-shortfill-50ml-e-liquid,flavour,blue,not listed on VOS,,4.99,https://www.ninja-vapes.co.uk/product/v-blood-50ml-e-liquid,reviewed
ninja-vapes.co.uk,v blood 100ml e-liquid 50vg 0mg shortfill,V Blood Shortfill 50Ml E-Liquid,https://vapeonlinestore.co.uk/products/v-blood-shortfill-50ml-e-liquid,flavour,blue,not listed on VOS,,7.45,https://www.ninja-vapes.co.uk/product/v-blood-100ml-e-liquid,reviewed
ninja-vapes.co.uk,v blood 50ml e liquid 50/50 pg/vg shortfill,V Blood Shortfill 50Ml E-Liquid,https://vapeonlinestore.co.uk/products/v-blood-shortfill-50ml-e-liquid,flavour,cherry blue fusion,not listed on VOS,,4.99,https://www.ninja-vapes.co.uk/product/v-blood-50ml-e-liquid,reviewed
ninja-vapes.co.uk,v blood 100ml e-liquid 50vg 0mg shortfill,V Blood Shortfill 50Ml E-Liquid,https://vapeonlinestore.co.uk/products/v-blood-shortfill-50ml-e-liquid,flavour,cherry blue fusion,not listed on VOS,,7.45,https://www.ninja-vapes.co.uk/product/v-blood-100ml-e-liquid,reviewed
ninja-vapes.co.uk,v blood 50ml e liquid 50/50 pg/vg shortfill,V Blood Shortfill 50Ml E-Liquid,https://vapeonlinestore.co.uk/products/v-blood-shortfill-50ml-e-liquid,flavour,mixed fruit blue fusion,not listed on VOS,,4.99,https://www.ninja-vapes.co.uk/product/v-blood-50ml-e-liquid,reviewed
ninja-vapes.co.uk,v blood 100ml e-liquid 50vg 0mg shortfill,V Blood Shortfill 50Ml E-Liquid,https://vapeonlinestore.co.uk/products/v-blood-shortfill-50ml-e-liquid,flavour,mixed fruit blue fusion,not listed on VOS,,7.45,https://www.ninja-vapes.co.uk/product/v-blood-100ml-e-liquid,reviewed
ninja-vapes.co.uk,v blood 50ml e liquid 50/50 pg/vg shortfill,V Blood Shortfill 50Ml E-Liquid,https://vapeonlinestore.co.uk/products/v-blood-shortfill-50ml-e-liquid,flavour,raspberry fruit blue fusion,not listed on VOS,,4.99,https://www.ninja-vapes.co.uk/product/v-blood-50ml-e-liquid,reviewed
ninja-vapes.co.uk,v blood 100ml e-liquid 50vg 0mg shortfill,V Blood Shortfill 50Ml E-Liquid,https://vapeonlinestore.co.uk/products/v-blood-shortfill-50ml-e-liquid,flavour,raspberry fruit blue fusion,not listed on VOS,,7.45,https://www.ninja-vapes.co.uk/product/v-blood-100ml-e-liquid,reviewed
ninja-vapes.co.uk,v blood 50ml e liquid 50/50 pg/vg shortfill,V Blood Shortfill 50Ml E-Liquid,https://vapeonlinestore.co.uk/products/v-blood-shortfill-50ml-e-liquid,flavour,red a,not listed on VOS,,4.99,https://www.ninja-vapes.co.uk/product/v-blood-50ml-e-liquid,reviewed
ninja-vapes.co.uk,v blood 100ml e-liquid 50vg 0mg shortfill,V Blood Shortfill 50Ml E-Liquid,https://vapeonlinestore.co.uk/products/v-blood-shortfill-50ml-e-liquid,flavour,red a,not listed on VOS,,7.45,https://www.ninja-vapes.co.uk/product/v-blood-100ml-e-liquid,reviewed
ninja-vapes.co.uk,v blood 50ml e liquid 50/50 pg/vg shortfill,V Blood Shortfill 50Ml E-Liquid,https://vapeonlinestore.co.uk/products/v-blood-shortfill-50ml-e-liquid,flavour,strawberry blue fusion,not listed on VOS,,4.99,https://www.ninja-vapes.co.uk/product/v-blood-50ml-e-liquid,reviewed
ninja-vapes.co.uk,v blood 100ml e-liquid 50vg 0mg shortfill,V Blood Shortfill 50Ml E-Liquid,https://vapeonlinestore.co.uk/products/v-blood-shortfill-50ml-e-liquid,flavour,strawberry blue fusion,not listed on VOS,,7.45,https://www.ninja-vapes.co.uk/product/v-blood-100ml-e-liquid,reviewed
ninja-vapes.co.uk,v blood 50ml e liquid 50/50 pg/vg shortfill,V Blood Shortfill 50Ml E-Liquid,https://vapeonlinestore.co.uk/products/v-blood-shortfill-50ml-e-liquid,flavour,strawberry mojito,not listed on VOS,,4.99,https://www.ninja-vapes.co.uk/product/v-blood-50ml-e-liquid,reviewed
ninja-vapes.co.uk,v blood 100ml e-liquid 50vg 0mg shortfill,V Blood Shortfill 50Ml E-Liquid,https://vapeonlinestore.co.uk/products/v-blood-shortfill-50ml-e-liquid,flavour,strawberry mojito,not listed on VOS,,7.45,https://www.ninja-vapes.co.uk/product/v-blood-100ml-e-liquid,reviewed
ninja-vapes.co.uk,v blood 50ml e liquid 50/50 pg/vg shortfill,V Blood Shortfill 50Ml E-Liquid,https://vapeonlinestore.co.uk/products/v-blood-shortfill-50ml-e-liquid,flavour,very blueberry blue fusion,not listed on VOS,,4.99,https://www.ninja-vapes.co.uk/product/v-blood-50ml-e-liquid,reviewed
ninja-vapes.co.uk,v blood 100ml e-liquid 50vg 0mg shortfill,V Blood Shortfill 50Ml E-Liquid,https://vapeonlinestore.co.uk/products/v-blood-shortfill-50ml-e-liquid,flavour,very blueberry blue fusion,not listed on VOS,,7.45,https://www.ninja-vapes.co.uk/product/v-blood-100ml-e-liquid,reviewed
ninja-vapes.co.uk,Uwell Valyrian Coils,Valyrian Coils By Uwell,https://vapeonlinestore.co.uk/products/valyrian-coils-2-pack-by-uwell,resistance,0.18ohm un2 meshed,not listed on VOS,,6.19,https://www.ninja-vapes.co.uk/product/uwell-valyrian-coils,high
ninja-vapes.co.uk,Uwell Valyrian Coils,Valyrian Coils By Uwell,https://vapeonlinestore.co.uk/products/valyrian-coils-2-pack-by-uwell,resistance,0.6ohm dtl,not listed on VOS,,10.99,https://www.ninja-vapes.co.uk/product/uwell-valyrian-pod-replacement-coil,high
ninja-vapes.co.uk,Uwell Valyrian Coils,Valyrian Coils By Uwell,https://vapeonlinestore.co.uk/products/valyrian-coils-2-pack-by-uwell,resistance,1.0ohm mtl,not listed on VOS,,10.99,https://www.ninja-vapes.co.uk/product/uwell-valyrian-pod-replacement-coil,high
ninja-vapes.co.uk,Nic Salt E-Liquid By Vampire Vape,Vampire Vape 10Ml E-Liquid,https://vapeonlinestore.co.uk/products/pack-of-10-vampire-vape-10ml-e-liquid,flavour,purple craze,not listed on VOS,,3.95,https://www.ninja-vapes.co.uk/product/purple-craze-nic-salt-e-liquid-vampire-vape,high
ninja-vapes.co.uk,Nic Salt E-Liquid By Vampire Vape,Vampire Vape 10Ml E-Liquid,https://vapeonlinestore.co.uk/products/pack-of-10-vampire-vape-10ml-e-liquid,strength,10mg,not listed on VOS,,3.95,https://www.ninja-vapes.co.uk/product/black-jack-nic-salt-e-liquid-vampire-vape,high
ninja-vapes.co.uk,Nic Salt E-Liquid By Vampire Vape,Vampire Vape 10Ml E-Liquid,https://vapeonlinestore.co.uk/products/pack-of-10-vampire-vape-10ml-e-liquid,strength,20mg,not listed on VOS,,3.95,https://www.ninja-vapes.co.uk/product/black-jack-nic-salt-e-liquid-vampire-vape,high
ninja-vapes.co.uk,box of 10 ghost salts 10ml nic salts,Vapes Bars Ghost Salts 10Ml Nic Salt,https://vapeonlinestore.co.uk/products/vapes-bars-ghost-salts-10ml-nic-salts,flavour,blueberry sour raspberry,not listed on VOS,,19.99,https://www.ninja-vapes.co.uk/product/box-of-10-ghost-nic-salts-10ml,high
ninja-vapes.co.uk,ghost salts 10ml nic salts 30+flavours top seller,Vapes Bars Ghost Salts 10Ml Nic Salt,https://vapeonlinestore.co.uk/products/vapes-bars-ghost-salts-10ml-nic-salts,flavour,blueberry sour raspberry,not listed on VOS,,2.99,https://www.ninja-vapes.co.uk/product/ghost-salts-10ml-nic-salts,reviewed
ninja-vapes.co.uk,Vaporesso Dojo Blast 10000 Refill Pods 10Mg,Vaporesso Dojo Blast 10000 Prefilled Pods,https://vapeonlinestore.co.uk/products/vaporesso-dojo-blast-10k-pods,flavour,berry cherry limeade fresh,not listed on VOS,,24.99,https://www.ninja-vapes.co.uk/product/Box-of-10-vaporesso-dojo-blast-10k-refill-pods,high
ninja-vapes.co.uk,Vaporesso Dojo Blast 10000 Refill Pods 10Mg,Vaporesso Dojo Blast 10000 Prefilled Pods,https://vapeonlinestore.co.uk/products/vaporesso-dojo-blast-10k-pods,flavour,berry lemonade fresh,not listed on VOS,,24.99,https://www.ninja-vapes.co.uk/product/Box-of-10-vaporesso-dojo-blast-10k-refill-pods,high
ninja-vapes.co.uk,Vaporesso Dojo Blast 10000 Refill Pods 10Mg,Vaporesso Dojo Blast 10000 Prefilled Pods,https://vapeonlinestore.co.uk/products/vaporesso-dojo-blast-10k-pods,flavour,blackcurrant gb fresh,not listed on VOS,,24.99,https://www.ninja-vapes.co.uk/product/Box-of-10-vaporesso-dojo-blast-10k-refill-pods,high
ninja-vapes.co.uk,Vaporesso Dojo Blast 10000 Refill Pods 10Mg,Vaporesso Dojo Blast 10000 Prefilled Pods,https://vapeonlinestore.co.uk/products/vaporesso-dojo-blast-10k-pods,flavour,blue raspberry gb fresh,not listed on VOS,,24.99,https://www.ninja-vapes.co.uk/product/Box-of-10-vaporesso-dojo-blast-10k-refill-pods,high
ninja-vapes.co.uk,vapouresso dojo blast 10k puffs prefilled refill pods,Vaporesso Dojo Blast 10000 Prefilled Pods,https://vapeonlinestore.co.uk/products/vaporesso-dojo-blast-10k-pods,flavour,fresh mint fresh,not listed on VOS,,5.99,https://www.ninja-vapes.co.uk/product/vaporesso-dojo-blast-10k-refill-pods,medium
ninja-vapes.co.uk,Vaporesso Dojo Blast 10000 Refill Pods 10Mg,Vaporesso Dojo Blast 10000 Prefilled Pods,https://vapeonlinestore.co.uk/products/vaporesso-dojo-blast-10k-pods,flavour,fresh mint fresh,not listed on VOS,,24.99,https://www.ninja-vapes.co.uk/product/Box-of-10-vaporesso-dojo-blast-10k-refill-pods,high
ninja-vapes.co.uk,vapouresso dojo blast 10k puffs prefilled refill pods,Vaporesso Dojo Blast 10000 Prefilled Pods,https://vapeonlinestore.co.uk/products/vaporesso-dojo-blast-10k-pods,flavour,i bru,not listed on VOS,,5.99,https://www.ninja-vapes.co.uk/product/vaporesso-dojo-blast-10k-refill-pods,medium
ninja-vapes.co.uk,Vaporesso Dojo Blast 10000 Refill Pods 10Mg,Vaporesso Dojo Blast 10000 Prefilled Pods,https://vapeonlinestore.co.uk/products/vaporesso-dojo-blast-10k-pods,flavour,i bru,not listed on VOS,,24.99,https://www.ninja-vapes.co.uk/product/Box-of-10-vaporesso-dojo-blast-10k-refill-pods,high
ninja-vapes.co.uk,vapouresso dojo blast 10k puffs prefilled refill pods,Vaporesso Dojo Blast 10000 Prefilled Pods,https://vapeonlinestore.co.uk/products/vaporesso-dojo-blast-10k-pods,flavour,matcha strawberry fresh,not listed on VOS,,5.99,https://www.ninja-vapes.co.uk/product/vaporesso-dojo-blast-10k-refill-pods,medium
ninja-vapes.co.uk,Vaporesso Dojo Blast 10000 Refill Pods 10Mg,Vaporesso Dojo Blast 10000 Prefilled Pods,https://vapeonlinestore.co.uk/products/vaporesso-dojo-blast-10k-pods,flavour,matcha strawberry fresh,not listed on VOS,,24.99,https://www.ninja-vapes.co.uk/product/Box-of-10-vaporesso-dojo-blast-10k-refill-pods,high
ninja-vapes.co.uk,vapouresso dojo blast 10k puffs prefilled refill pods,Vaporesso Dojo Blast 10000 Prefilled Pods,https://vapeonlinestore.co.uk/products/vaporesso-dojo-blast-10k-pods,flavour,pina colada fresh,not listed on VOS,,5.99,https://www.ninja-vapes.co.uk/product/vaporesso-dojo-blast-10k-refill-pods,medium
ninja-vapes.co.uk,Vaporesso Dojo Blast 10000 Refill Pods 10Mg,Vaporesso Dojo Blast 10000 Prefilled Pods,https://vapeonlinestore.co.uk/products/vaporesso-dojo-blast-10k-pods,flavour,pina colada fresh,not listed on VOS,,24.99,https://www.ninja-vapes.co.uk/product/Box-of-10-vaporesso-dojo-blast-10k-refill-pods,high
ninja-vapes.co.uk,vapouresso dojo blast 10k puffs prefilled refill pods,Vaporesso Dojo Blast 10000 Prefilled Pods,https://vapeonlinestore.co.uk/products/vaporesso-dojo-blast-10k-pods,flavour,rhubarb custard sweet fresh,not listed on VOS,,5.99,https://www.ninja-vapes.co.uk/product/vaporesso-dojo-blast-10k-refill-pods,medium
ninja-vapes.co.uk,Vaporesso Dojo Blast 10000 Refill Pods 10Mg,Vaporesso Dojo Blast 10000 Prefilled Pods,https://vapeonlinestore.co.uk/products/vaporesso-dojo-blast-10k-pods,flavour,rhubarb custard sweet fresh,not listed on VOS,,24.99,https://www.ninja-vapes.co.uk/product/Box-of-10-vaporesso-dojo-blast-10k-refill-pods,high
ninja-vapes.co.uk,Vaporesso Dojo Blast 10000 Puffs Prefilled Pods Kit,Vaporesso Dojo Blast 10000 Prefilled Pods Vape Kit,https://vapeonlinestore.co.uk/products/vaporesso-dojo-blast-10k,flavour,banana ice,not listed on VOS,,0.00,https://www.ninja-vapes.co.uk/product/box-of-10-vaporesso-dojo-blast-10k,high
ninja-vapes.co.uk,Vaporesso Dojo Blast 10000 Puffs Prefilled Pods Kit,Vaporesso Dojo Blast 10000 Prefilled Pods Vape Kit,https://vapeonlinestore.co.uk/products/vaporesso-dojo-blast-10k,flavour,berry lemonade fresh,not listed on VOS,,0.00,https://www.ninja-vapes.co.uk/product/box-of-10-vaporesso-dojo-blast-10k,high
ninja-vapes.co.uk,Vaporesso Dojo Blast 10000 Puffs Prefilled Pods Kit,Vaporesso Dojo Blast 10000 Prefilled Pods Vape Kit,https://vapeonlinestore.co.uk/products/vaporesso-dojo-blast-10k,flavour,blackcurrant gb fresh,not listed on VOS,,0.00,https://www.ninja-vapes.co.uk/product/box-of-10-vaporesso-dojo-blast-10k,high
ninja-vapes.co.uk,Vaporesso Dojo Blast 10000 Puffs Prefilled Pods Kit,Vaporesso Dojo Blast 10000 Prefilled Pods Vape Kit,https://vapeonlinestore.co.uk/products/vaporesso-dojo-blast-10k,flavour,i bru,not listed on VOS,,0.00,https://www.ninja-vapes.co.uk/product/box-of-10-vaporesso-dojo-blast-10k,high
ninja-vapes.co.uk,Vaporesso Dojo Blast 10000 Puffs Prefilled Pods Kit,Vaporesso Dojo Blast 10000 Prefilled Pods Vape Kit,https://vapeonlinestore.co.uk/products/vaporesso-dojo-blast-10k,flavour,lime pomegranate,not listed on VOS,,0.00,https://www.ninja-vapes.co.uk/product/box-of-10-vaporesso-dojo-blast-10k,high
ninja-vapes.co.uk,Vaporesso Dojo Blast 10000 Puffs Prefilled Pods Kit,Vaporesso Dojo Blast 10000 Prefilled Pods Vape Kit,https://vapeonlinestore.co.uk/products/vaporesso-dojo-blast-10k,flavour,lychee ice,not listed on VOS,,0.00,https://www.ninja-vapes.co.uk/product/box-of-10-vaporesso-dojo-blast-10k,high
ninja-vapes.co.uk,Vaporesso Dojo Blast 10000 Puffs Prefilled Pods Kit,Vaporesso Dojo Blast 10000 Prefilled Pods Vape Kit,https://vapeonlinestore.co.uk/products/vaporesso-dojo-blast-10k,flavour,matcha strawberry fresh,not listed on VOS,,0.00,https://www.ninja-vapes.co.uk/product/box-of-10-vaporesso-dojo-blast-10k,high
ninja-vapes.co.uk,Vaporesso Dojo Blast 10000 Puffs Prefilled Pods Kit,Vaporesso Dojo Blast 10000 Prefilled Pods Vape Kit,https://vapeonlinestore.co.uk/products/vaporesso-dojo-blast-10k,flavour,pine colada fresh,not listed on VOS,,0.00,https://www.ninja-vapes.co.uk/product/box-of-10-vaporesso-dojo-blast-10k,high
ninja-vapes.co.uk,Vaporesso Dojo Blast 10000 Puffs Prefilled Pods Kit,Vaporesso Dojo Blast 10000 Prefilled Pods Vape Kit,https://vapeonlinestore.co.uk/products/vaporesso-dojo-blast-10k,flavour,rhubarb custard sweet fresh,not listed on VOS,,0.00,https://www.ninja-vapes.co.uk/product/box-of-10-vaporesso-dojo-blast-10k,high
ninja-vapes.co.uk,Vaporesso Dojo Blast 10000 Puffs Prefilled Pods Kit,Vaporesso Dojo Blast 10000 Prefilled Pods Vape Kit,https://vapeonlinestore.co.uk/products/vaporesso-dojo-blast-10k,flavour,sour berry,not listed on VOS,,0.00,https://www.ninja-vapes.co.uk/product/box-of-10-vaporesso-dojo-blast-10k,high
ninja-vapes.co.uk,Vaporesso Dojo Blast 10000 Puffs Prefilled Pods Kit,Vaporesso Dojo Blast 10000 Prefilled Pods Vape Kit,https://vapeonlinestore.co.uk/products/vaporesso-dojo-blast-10k,flavour,sour peach gummy,not listed on VOS,,0.00,https://www.ninja-vapes.co.uk/product/box-of-10-vaporesso-dojo-blast-10k,high
ninja-vapes.co.uk,vaporesso luxe qs pod kit,Vaporesso Luxe X Pod Kit,https://vapeonlinestore.co.uk/products/vaporesso-luxe-x-pod-kit,colour,flame red,not listed on VOS,,19.99,https://www.ninja-vapes.co.uk/product/vaporesso-luxe-qs-pod-kit,medium
ninja-vapes.co.uk,vaporesso luxe qs pod kit,Vaporesso Luxe X Pod Kit,https://vapeonlinestore.co.uk/products/vaporesso-luxe-x-pod-kit,colour,graffiti,not listed on VOS,,19.99,https://www.ninja-vapes.co.uk/product/vaporesso-luxe-qs-pod-kit,medium
ninja-vapes.co.uk,vaporesso luxe qs pod kit,Vaporesso Luxe X Pod Kit,https://vapeonlinestore.co.uk/products/vaporesso-luxe-x-pod-kit,colour,lime green,not listed on VOS,,19.99,https://www.ninja-vapes.co.uk/product/vaporesso-luxe-qs-pod-kit,medium
ninja-vapes.co.uk,vaporesso luxe qs pod kit,Vaporesso Luxe X Pod Kit,https://vapeonlinestore.co.uk/products/vaporesso-luxe-x-pod-kit,colour,painting,not listed on VOS,,19.99,https://www.ninja-vapes.co.uk/product/vaporesso-luxe-qs-pod-kit,medium
ninja-vapes.co.uk,vaporesso luxe qs pod kit,Vaporesso Luxe X Pod Kit,https://vapeonlinestore.co.uk/products/vaporesso-luxe-x-pod-kit,colour,palette,not listed on VOS,,19.99,https://www.ninja-vapes.co.uk/product/vaporesso-luxe-qs-pod-kit,medium
ninja-vapes.co.uk,Vaporesso Luxe Vape Kit,Vaporesso Luxe X Pod Kit,https://vapeonlinestore.co.uk/products/vaporesso-luxe-x-pod-kit,colour,pink,not listed on VOS,,21.99,https://www.ninja-vapes.co.uk/product/vaporesso-luxe-x-vape-kit,high
ninja-vapes.co.uk,vaporesso luxe qs pod kit,Vaporesso Luxe X Pod Kit,https://vapeonlinestore.co.uk/products/vaporesso-luxe-x-pod-kit,colour,purity,not listed on VOS,,19.99,https://www.ninja-vapes.co.uk/product/vaporesso-luxe-qs-pod-kit,medium
ninja-vapes.co.uk,vaporesso luxe qs pod kit,Vaporesso Luxe X Pod Kit,https://vapeonlinestore.co.uk/products/vaporesso-luxe-x-pod-kit,colour,sunset violet,not listed on VOS,,19.99,https://www.ninja-vapes.co.uk/product/vaporesso-luxe-qs-pod-kit,medium
ninja-vapes.co.uk,Vaporesso Luxe Vape Kit,Vaporesso Luxe X Pod Kit,https://vapeonlinestore.co.uk/products/vaporesso-luxe-x-pod-kit,colour,white,not listed on VOS,,21.99,https://www.ninja-vapes.co.uk/product/vaporesso-luxe-x-vape-kit,high
ninja-vapes.co.uk,Vaporesso Luxe Vape Kit,Vaporesso Luxe X Pod Kit,https://vapeonlinestore.co.uk/products/vaporesso-luxe-x-pod-kit,colour,yellow,not listed on VOS,,21.99,https://www.ninja-vapes.co.uk/product/vaporesso-luxe-x-vape-kit,high
ninja-vapes.co.uk,Voopoo Argus A Vape Kit,Voopoo Argus A Pod Vape Kit,https://vapeonlinestore.co.uk/products/voopoo-argus-a-pod-vape-kit,colour,brown,not listed on VOS,,19.99,https://www.ninja-vapes.co.uk/product/voopoo-argus-20w-pod-kit,high
ninja-vapes.co.uk,Voopoo Argus A Vape Kit,Voopoo Argus A Pod Vape Kit,https://vapeonlinestore.co.uk/products/voopoo-argus-a-pod-vape-kit,colour,grey,not listed on VOS,,19.99,https://www.ninja-vapes.co.uk/product/voopoo-argus-20w-pod-kit,high
ninja-vapes.co.uk,Voopoo Argus A Vape Kit,Voopoo Argus A Pod Vape Kit,https://vapeonlinestore.co.uk/products/voopoo-argus-a-pod-vape-kit,colour,red,not listed on VOS,,19.99,https://www.ninja-vapes.co.uk/product/voopoo-argus-20w-pod-kit,high
ninja-vapes.co.uk,Voopoo Pnp Coils,Voopoo Pnp Coils,https://vapeonlinestore.co.uk/products/voopoo-pnp-replacement-coils,resistance,0.15ohm 60 80w,not listed on VOS,,12.95,https://www.ninja-vapes.co.uk/product/voopoo-pnp-x-replacement-coils,high
ninja-vapes.co.uk,Voopoo Pnp Coils,Voopoo Pnp Coils,https://vapeonlinestore.co.uk/products/voopoo-pnp-replacement-coils,resistance,0.15ohm tw15,not listed on VOS,,7.99,https://www.ninja-vapes.co.uk/product/voopoo-pnp-replacement-coils,high
ninja-vapes.co.uk,Voopoo Pnp Coils,Voopoo Pnp Coils,https://vapeonlinestore.co.uk/products/voopoo-pnp-replacement-coils,resistance,0.15ohm vm6,not listed on VOS,,7.99,https://www.ninja-vapes.co.uk/product/voopoo-pnp-replacement-coils,high
ninja-vapes.co.uk,Voopoo Pnp Coils,Voopoo Pnp Coils,https://vapeonlinestore.co.uk/products/voopoo-pnp-replacement-coils,resistance,0.2ohm 40 60w,not listed on VOS,,12.95,https://www.ninja-vapes.co.uk/product/voopoo-pnp-x-replacement-coils,high
ninja-vapes.co.uk,Voopoo Pnp Coils,Voopoo Pnp Coils,https://vapeonlinestore.co.uk/products/voopoo-pnp-replacement-coils,resistance,0.2ohm tw20,not listed on VOS,,7.99,https://www.ninja-vapes.co.uk/product/voopoo-pnp-replacement-coils,high
ninja-vapes.co.uk,Voopoo Pnp Coils,Voopoo Pnp Coils,https://vapeonlinestore.co.uk/products/voopoo-pnp-replacement-coils,resistance,0.2ohm vm5,not listed on VOS,,7.99,https://www.ninja-vapes.co.uk/product/voopoo-pnp-replacement-coils,high
ninja-vapes.co.uk,voopoo pnp vm1 replacement mesh coils (pack of 5),Voopoo Pnp Coils,https://vapeonlinestore.co.uk/products/voopoo-pnp-replacement-coils,resistance,0.3ohm,not listed on VOS,,7.99,https://www.ninja-vapes.co.uk/product/voopoo-pnp-vm1-coils,reviewed
ninja-vapes.co.uk,Voopoo Pnp Coils,Voopoo Pnp Coils,https://vapeonlinestore.co.uk/products/voopoo-pnp-replacement-coils,resistance,0.3ohm 32 40w,not listed on VOS,,12.95,https://www.ninja-vapes.co.uk/product/voopoo-pnp-x-replacement-coils,high
ninja-vapes.co.uk,Voopoo Pnp Coils,Voopoo Pnp Coils,https://vapeonlinestore.co.uk/products/voopoo-pnp-replacement-coils,resistance,0.3ohm tw30,not listed on VOS,,7.99,https://www.ninja-vapes.co.uk/product/voopoo-pnp-replacement-coils,high
ninja-vapes.co.uk,Voopoo Pnp Coils,Voopoo Pnp Coils,https://vapeonlinestore.co.uk/products/voopoo-pnp-replacement-coils,resistance,0.3ohm vm1,not listed on VOS,,7.99,https://www.ninja-vapes.co.uk/product/voopoo-pnp-replacement-coils,high
ninja-vapes.co.uk,Voopoo Pnp Coils,Voopoo Pnp Coils,https://vapeonlinestore.co.uk/products/voopoo-pnp-replacement-coils,resistance,0.45ohm vm3,not listed on VOS,,7.99,https://www.ninja-vapes.co.uk/product/voopoo-pnp-replacement-coils,high
ninja-vapes.co.uk,Voopoo Pnp Coils,Voopoo Pnp Coils,https://vapeonlinestore.co.uk/products/voopoo-pnp-replacement-coils,resistance,0.6ohm 18 23w,not listed on VOS,,12.95,https://www.ninja-vapes.co.uk/product/voopoo-pnp-x-replacement-coils,high
ninja-vapes.co.uk,Voopoo Pnp Coils,Voopoo Pnp Coils,https://vapeonlinestore.co.uk/products/voopoo-pnp-replacement-coils,resistance,1.2ohm tr1,not listed on VOS,,7.99,https://www.ninja-vapes.co.uk/product/voopoo-pnp-replacement-coils,high
ninja-vapes.co.uk,Voopoo Pnp Coils,Voopoo Pnp Coils,https://vapeonlinestore.co.uk/products/voopoo-pnp-replacement-coils,resistance,2 x voopoo vinci refill pods 2ml,not listed on VOS,,6.49,https://www.ninja-vapes.co.uk/product/voopoo-pnp-vinci-x-coils-and-replacement-pods,high
ninja-vapes.co.uk,Voopoo Pnp Coils,Voopoo Pnp Coils,https://vapeonlinestore.co.uk/products/voopoo-pnp-replacement-coils,resistance,2 x voopoo vinci refill pods 5.5ml,not listed on VOS,,6.49,https://www.ninja-vapes.co.uk/product/voopoo-pnp-vinci-x-coils-and-replacement-pods,high
ninja-vapes.co.uk,Voopoo Pnp Coils,Voopoo Pnp Coils,https://vapeonlinestore.co.uk/products/voopoo-pnp-replacement-coils,resistance,pnp c1 1.2ohm,not listed on VOS,,6.49,https://www.ninja-vapes.co.uk/product/voopoo-pnp-vinci-x-coils-and-replacement-pods,high
ninja-vapes.co.uk,Voopoo Pnp Coils,Voopoo Pnp Coils,https://vapeonlinestore.co.uk/products/voopoo-pnp-replacement-coils,resistance,pnp m1 0.45ohm,not listed on VOS,,6.49,https://www.ninja-vapes.co.uk/product/voopoo-pnp-vinci-x-coils-and-replacement-pods,high
ninja-vapes.co.uk,Voopoo Pnp Coils,Voopoo Pnp Coils,https://vapeonlinestore.co.uk/products/voopoo-pnp-replacement-coils,resistance,pnp m2 0.6ohm,not listed on VOS,,6.49,https://www.ninja-vapes.co.uk/product/voopoo-pnp-vinci-x-coils-and-replacement-pods,high
ninja-vapes.co.uk,Voopoo Pnp Coils,Voopoo Pnp Coils,https://vapeonlinestore.co.uk/products/voopoo-pnp-replacement-coils,resistance,pnp r2 1.0ohm,not listed on VOS,,6.49,https://www.ninja-vapes.co.uk/product/voopoo-pnp-vinci-x-coils-and-replacement-pods,high
ninja-vapes.co.uk,Voopoo Pnp Coils,Voopoo Pnp Coils,https://vapeonlinestore.co.uk/products/voopoo-pnp-replacement-coils,resistance,pnp tm1 0.6ohm,not listed on VOS,,6.49,https://www.ninja-vapes.co.uk/product/voopoo-pnp-vinci-x-coils-and-replacement-pods,high
ninja-vapes.co.uk,Voopoo Pnp Coils,Voopoo Pnp Coils,https://vapeonlinestore.co.uk/products/voopoo-pnp-replacement-coils,resistance,pnp tr1 1.2ohm,not listed on VOS,,6.49,https://www.ninja-vapes.co.uk/product/voopoo-pnp-vinci-x-coils-and-replacement-pods,high
ninja-vapes.co.uk,Voopoo Pnp Coils,Voopoo Pnp Coils,https://vapeonlinestore.co.uk/products/voopoo-pnp-replacement-coils,resistance,pnp vm1 0.3ohm,not listed on VOS,,6.49,https://www.ninja-vapes.co.uk/product/voopoo-pnp-vinci-x-coils-and-replacement-pods,high
ninja-vapes.co.uk,Voopoo Pnp Coils,Voopoo Pnp Coils,https://vapeonlinestore.co.uk/products/voopoo-pnp-replacement-coils,resistance,pnp vm3 0.45ohm,not listed on VOS,,6.49,https://www.ninja-vapes.co.uk/product/voopoo-pnp-vinci-x-coils-and-replacement-pods,high
ninja-vapes.co.uk,Voopoo Pnp Coils,Voopoo Pnp Coils,https://vapeonlinestore.co.uk/products/voopoo-pnp-replacement-coils,resistance,pnp vm4 0.6ohm,not listed on VOS,,6.49,https://www.ninja-vapes.co.uk/product/voopoo-pnp-vinci-x-coils-and-replacement-pods,high
ninja-vapes.co.uk,Voopoo Pnp Coils,Voopoo Pnp Coils,https://vapeonlinestore.co.uk/products/voopoo-pnp-replacement-coils,resistance,pnp vm5 0.2ohm,not listed on VOS,,6.49,https://www.ninja-vapes.co.uk/product/voopoo-pnp-vinci-x-coils-and-replacement-pods,high
ninja-vapes.co.uk,Voopoo Pnp Coils,Voopoo Pnp Coils,https://vapeonlinestore.co.uk/products/voopoo-pnp-replacement-coils,resistance,pnp vm6 0.15ohm,not listed on VOS,,6.49,https://www.ninja-vapes.co.uk/product/voopoo-pnp-vinci-x-coils-and-replacement-pods,high
ninja-vapes.co.uk,Voopoo Pnp Coils,Voopoo Pnp Coils,https://vapeonlinestore.co.uk/products/voopoo-pnp-replacement-coils,resistance,pnp x 0.15ohm dtl 60 80w 5,not listed on VOS,,12.99,https://www.ninja-vapes.co.uk/product/voopoo-pnp-x-coils,high
ninja-vapes.co.uk,Voopoo Pnp Coils,Voopoo Pnp Coils,https://vapeonlinestore.co.uk/products/voopoo-pnp-replacement-coils,resistance,pnp x 0.2ohm dtl 40 60w 5,not listed on VOS,,12.99,https://www.ninja-vapes.co.uk/product/voopoo-pnp-x-coils,high
ninja-vapes.co.uk,Voopoo Pnp Coils,Voopoo Pnp Coils,https://vapeonlinestore.co.uk/products/voopoo-pnp-replacement-coils,resistance,pnp x 0.3ohm dtl 32 40w 5,not listed on VOS,,12.99,https://www.ninja-vapes.co.uk/product/voopoo-pnp-x-coils,high
ninja-vapes.co.uk,Voopoo Pnp Coils,Voopoo Pnp Coils,https://vapeonlinestore.co.uk/products/voopoo-pnp-replacement-coils,resistance,pnp x 0.3ohm rdl 32 40w 5,not listed on VOS,,12.99,https://www.ninja-vapes.co.uk/product/voopoo-pnp-x-coils,high
ninja-vapes.co.uk,Voopoo Pnp Coils,Voopoo Pnp Coils,https://vapeonlinestore.co.uk/products/voopoo-pnp-replacement-coils,resistance,pnp x 0.45ohm rdl 25 32w 5,not listed on VOS,,12.99,https://www.ninja-vapes.co.uk/product/voopoo-pnp-x-coils,high
ninja-vapes.co.uk,Voopoo Pnp Coils,Voopoo Pnp Coils,https://vapeonlinestore.co.uk/products/voopoo-pnp-replacement-coils,resistance,pnp x 0.6ohm mtl 18 23w 5,not listed on VOS,,12.99,https://www.ninja-vapes.co.uk/product/voopoo-pnp-x-coils,high
ninja-vapes.co.uk,Voopoo Pnp Coils,Voopoo Pnp Coils,https://vapeonlinestore.co.uk/products/voopoo-pnp-replacement-coils,resistance,pnp x 0.6ohm rdl 18 23w 5,not listed on VOS,,12.99,https://www.ninja-vapes.co.uk/product/voopoo-pnp-x-coils,high
ninja-vapes.co.uk,Voopoo Pnp X Dtl Pod Tank,Voopoo Pnp X Refill Pods,https://vapeonlinestore.co.uk/products/pnp-x-replacement-pod-by-voopoo,colour,grey,not listed on VOS,,7.99,https://www.ninja-vapes.co.uk/product/voopoo-pnp-x-dtl,reviewed
ninja-vapes.co.uk,Vozol Vista Plug 10000 Puffs,Vozol Vape Vista Plug 10000 Puffs Disposable Kit,https://vapeonlinestore.co.uk/products/vozol-10000,flavour,pink lemonade,not listed on VOS,,39.99,https://www.ninja-vapes.co.uk/product/box-of-5-vozol-vista-plug-10k,high
ninja-vapes.co.uk,100Ml Shortfill E-Liquid By Zombie Blood,Zombie Blood Shortfill 50Ml E-Liquid,https://vapeonlinestore.co.uk/products/zombie-blood-50ml-shortfill-e-liquid,flavour,mr pink,not listed on VOS,,9.99,https://www.ninja-vapes.co.uk/product/mr-pink-zombie-blood-shortfills,high
ninja-vapes.co.uk,100Ml Shortfill E-Liquid By Zombie Blood,Zombie Blood Shortfill 50Ml E-Liquid,https://vapeonlinestore.co.uk/products/zombie-blood-50ml-shortfill-e-liquid,flavour,opal fruits,not listed on VOS,,9.99,https://www.ninja-vapes.co.uk/product/opal-fruits-zombie-blood-shortfills,high
ninja-vapes.co.uk,100Ml Shortfill E-Liquid By Zombie Blood,Zombie Blood Shortfill 50Ml E-Liquid,https://vapeonlinestore.co.uk/products/zombie-blood-50ml-shortfill-e-liquid,flavour,pear drops,not listed on VOS,,9.99,https://www.ninja-vapes.co.uk/product/pear-drops-zombie-blood-shortfills,high
ninja-vapes.co.uk,100Ml Shortfill E-Liquid By Zombie Blood,Zombie Blood Shortfill 50Ml E-Liquid,https://vapeonlinestore.co.uk/products/zombie-blood-50ml-shortfill-e-liquid,flavour,pink lemonade,not listed on VOS,,9.99,https://www.ninja-vapes.co.uk/product/pink-lemonade-zombie-blood-shortfills,high
ninja-vapes.co.uk,100Ml Shortfill E-Liquid By Zombie Blood,Zombie Blood Shortfill 50Ml E-Liquid,https://vapeonlinestore.co.uk/products/zombie-blood-50ml-shortfill-e-liquid,flavour,tobacco,not listed on VOS,,9.99,https://www.ninja-vapes.co.uk/product/tobacco-zombie-blood-shortfills,high
ninja-vapes.co.uk,100Ml Shortfill E-Liquid By Zombie Blood,Zombie Blood Shortfill 50Ml E-Liquid,https://vapeonlinestore.co.uk/products/zombie-blood-50ml-shortfill-e-liquid,flavour,vamtoes,not listed on VOS,,9.99,https://www.ninja-vapes.co.uk/product/vamtoes-zombie-blood-shortfills,high
ninja-vapes.co.uk,Aisu Nic Salt,aisu 10ml nic salt e-liquids,https://vapeonlinestore.co.uk/products/aisu-10ml-nic-salt-e-liquids,flavour,melon milk,not listed on VOS,,3.95,https://www.ninja-vapes.co.uk/product/melon-milk-nic-salt-e-liquid-aisu,high
ninja-vapes.co.uk,Aisu Yoguruto Nic Salt 10Ml,aisu 10ml nic salt e-liquids,https://vapeonlinestore.co.uk/products/aisu-10ml-nic-salt-e-liquids,flavour,melon milk,not listed on VOS,,2.99,https://www.ninja-vapes.co.uk/product/zap-juice-aisu-yoguruto-nic-salt-melon-milk-10ml,reviewed
ninja-vapes.co.uk,Aisu Yoguruto Nic Salt 10Ml,aisu 10ml nic salt e-liquids,https://vapeonlinestore.co.uk/products/aisu-10ml-nic-salt-e-liquids,flavour,pineapple coconut,not listed on VOS,,2.99,https://www.ninja-vapes.co.uk/product/zap-juice-aisu-yoguruto-nic-salt-pineapple-and-coconut-10ml,reviewed
ninja-vapes.co.uk,Aisu Yoguruto Nic Salt 10Ml,aisu 10ml nic salt e-liquids,https://vapeonlinestore.co.uk/products/aisu-10ml-nic-salt-e-liquids,flavour,strawberry cream,not listed on VOS,,2.99,https://www.ninja-vapes.co.uk/product/zap-juice-aisu-yoguruto-nic-salt-strawberry-and-cream-10ml,reviewed
ninja-vapes.co.uk,Aisu Yoguruto E-Liquid 50Ml,aisu shortfill 50ml vape juice,https://vapeonlinestore.co.uk/products/aisu-shortfill-50ml-e-liquid,flavour,pineapple coconut,not listed on VOS,,6.99,https://www.ninja-vapes.co.uk/product/zap-juice-aisu-yoguruto-e-liquidpineapple-and-coconut50ml,reviewed
ninja-vapes.co.uk,Aisu Yoguruto E-Liquid 50Ml,aisu shortfill 50ml vape juice,https://vapeonlinestore.co.uk/products/aisu-shortfill-50ml-e-liquid,flavour,strawberry cream,not listed on VOS,,6.99,https://www.ninja-vapes.co.uk/product/zap-juice-aisu-yoguruto-e-liquid-strawberry-and-cream50ml,reviewed
ninja-vapes.co.uk,al fakher 30k hypermax refill pods,al fakher 30000 hypermax replacement pods,https://vapeonlinestore.co.uk/products/al-fakher-30k-pods,flavour,cool mango,listed on VOS but out of stock,cool mango,6.99,https://www.ninja-vapes.co.uk/product/al-fakher-30k-puffs-hypermax-refill-pods,high
ninja-vapes.co.uk,al fakher 30k hypermax refill pods,al fakher 30000 hypermax replacement pods,https://vapeonlinestore.co.uk/products/al-fakher-30k-pods,flavour,peach ice,listed on VOS but out of stock,peach ice,6.99,https://www.ninja-vapes.co.uk/product/al-fakher-30k-puffs-hypermax-refill-pods,high
ninja-vapes.co.uk,al fakher 30k hypermax refill pods,al fakher 30000 hypermax replacement pods,https://vapeonlinestore.co.uk/products/al-fakher-30k-pods,flavour,strawberry punch,listed on VOS but out of stock,strawberry punch,6.99,https://www.ninja-vapes.co.uk/product/al-fakher-30k-puffs-hypermax-refill-pods,high
ninja-vapes.co.uk,al fakher crown bar 600 puffs pod kit,al fakher crown bar 600 pod kit,https://vapeonlinestore.co.uk/products/al-fakher-crown-bar-600,flavour,gum,not listed on VOS,,4.99,https://www.ninja-vapes.co.uk/product/al-fakher-crown-bar-600,high
ninja-vapes.co.uk,al fakher crown bar 600 puffs pod kit,al fakher crown bar 600 pod kit,https://vapeonlinestore.co.uk/products/al-fakher-crown-bar-600,flavour,sweet passion fruit,not listed on VOS,,4.99,https://www.ninja-vapes.co.uk/product/al-fakher-crown-bar-600,high
ninja-vapes.co.uk,al fakher crown bar 600 puffs pod kit,al fakher crown bar 600 pod kit,https://vapeonlinestore.co.uk/products/al-fakher-crown-bar-600,flavour,white flash,not listed on VOS,,4.99,https://www.ninja-vapes.co.uk/product/al-fakher-crown-bar-600,high
ninja-vapes.co.uk,al fakher crown bar pro max 12k refill pods,al fakher crown bar pro max 12k puff pods,https://vapeonlinestore.co.uk/products/al-fakher-crown-bar-pro-max-12k-pods,flavour,fruit blast,not listed on VOS,,5.99,https://www.ninja-vapes.co.uk/product/al-fakher-crown-bar-pro-max-12k-refills,high
ninja-vapes.co.uk,al fakher crown bar pro max 12k refill pods,al fakher crown bar pro max 12k puff pods,https://vapeonlinestore.co.uk/products/al-fakher-crown-bar-pro-max-12k-pods,flavour,fruit bomb,not listed on VOS,,5.99,https://www.ninja-vapes.co.uk/product/al-fakher-crown-bar-pro-max-12k-refills,high
ninja-vapes.co.uk,al fakher crown bar pro max 12k refill pods,al fakher crown bar pro max 12k puff pods,https://vapeonlinestore.co.uk/products/al-fakher-crown-bar-pro-max-12k-pods,flavour,strawberry kiwi,not listed on VOS,,5.99,https://www.ninja-vapes.co.uk/product/al-fakher-crown-bar-pro-max-12k-refills,high
ninja-vapes.co.uk,Al Fakher Nic Salt E-Liquid 10Ml,al fakher nic salt 10ml e-liquid,https://vapeonlinestore.co.uk/products/al-fakher-nic-salt-10ml-e-liquid-30-flavours,flavour,blue mist,not listed on VOS,,2.10,https://www.ninja-vapes.co.uk/product/al-fakher-nic-salts-10ml,high
ninja-vapes.co.uk,Al Fakher Nic Salt E-Liquid 10Ml,al fakher nic salt 10ml e-liquid,https://vapeonlinestore.co.uk/products/al-fakher-nic-salt-10ml-e-liquid-30-flavours,flavour,mango ice,not listed on VOS,,2.10,https://www.ninja-vapes.co.uk/product/al-fakher-nic-salts-10ml,high
ninja-vapes.co.uk,Al Fakher Nic Salt E-Liquid 10Ml,al fakher nic salt 10ml e-liquid,https://vapeonlinestore.co.uk/products/al-fakher-nic-salt-10ml-e-liquid-30-flavours,flavour,two apple,listed on VOS but out of stock,two apple,17.99,https://www.ninja-vapes.co.uk/product/box-of-10-al-fakher-nic-salts-10ml,high
ninja-vapes.co.uk,Al Fakher Nic Salt E-Liquid 10Ml,al fakher nic salt 10ml e-liquid,https://vapeonlinestore.co.uk/products/al-fakher-nic-salt-10ml-e-liquid-30-flavours,flavour,two apple.,listed on VOS but out of stock,two apple,2.10,https://www.ninja-vapes.co.uk/product/al-fakher-nic-salts-10ml,high
ninja-vapes.co.uk,Al Fakher Nic Salt E-Liquid 10Ml,al fakher nic salt 10ml e-liquid,https://vapeonlinestore.co.uk/products/al-fakher-nic-salt-10ml-e-liquid-30-flavours,strength,10mg,not listed on VOS,,2.10,https://www.ninja-vapes.co.uk/product/al-fakher-nic-salts-10ml,high
ninja-vapes.co.uk,10Ml Nic Salt E-Liquid By Angel,angel 10ml nic salts,https://vapeonlinestore.co.uk/products/angel-10ml,flavour,berry burst,not listed on VOS,,2.1,https://www.ninja-vapes.co.uk/product/berry-burst-angel-nic-salt,high
ninja-vapes.co.uk,aspire pockex vape kit,aspire aio pockex pen kit,https://vapeonlinestore.co.uk/products/aio-pockex-aspire-pen-kit,colour,black white,not listed on VOS,,18.99,https://www.ninja-vapes.co.uk/product/aspire-pockex-vape-kit,low
ninja-vapes.co.uk,aspire pockex vape kit,aspire aio pockex pen kit,https://vapeonlinestore.co.uk/products/aio-pockex-aspire-pen-kit,colour,matte black,not listed on VOS,,18.99,https://www.ninja-vapes.co.uk/product/aspire-pockex-vape-kit,low
ninja-vapes.co.uk,aspire pockex vape kit,aspire aio pockex pen kit,https://vapeonlinestore.co.uk/products/aio-pockex-aspire-pen-kit,colour,red,not listed on VOS,,18.99,https://www.ninja-vapes.co.uk/product/aspire-pockex-vape-kit,low
ninja-vapes.co.uk,aspire pockex vape kit,aspire aio pockex pen kit,https://vapeonlinestore.co.uk/products/aio-pockex-aspire-pen-kit,colour,rose,not listed on VOS,,18.99,https://www.ninja-vapes.co.uk/product/aspire-pockex-vape-kit,low
ninja-vapes.co.uk,aspire pockex vape kit,aspire aio pockex pen kit,https://vapeonlinestore.co.uk/products/aio-pockex-aspire-pen-kit,colour,stainless,not listed on VOS,,18.99,https://www.ninja-vapes.co.uk/product/aspire-pockex-vape-kit,low
ninja-vapes.co.uk,aspire flexus pro replacement pods (2 pack),aspire flexus pro replacement pods,https://vapeonlinestore.co.uk/products/aspire-flexus-pro-replacement-pods,resistance,0.1ohm,not listed on VOS,,4.99,https://www.ninja-vapes.co.uk/product/aspire-flexus-pro-replacement-pods,high
ninja-vapes.co.uk,aspire flexus pro replacement pods (2 pack),aspire flexus pro replacement pods,https://vapeonlinestore.co.uk/products/aspire-flexus-pro-replacement-pods,resistance,2pack,not listed on VOS,,4.99,https://www.ninja-vapes.co.uk/product/aspire-flexus-pro-replacement-pods,high
ninja-vapes.co.uk,aspire flexus pro replacement pods (2 pack),aspire flexus pro replacement pods,https://vapeonlinestore.co.uk/products/aspire-flexus-pro-replacement-pods,resistance,without 1pack,not listed on VOS,,4.99,https://www.ninja-vapes.co.uk/product/aspire-flexus-pro-replacement-pods,high
ninja-vapes.co.uk,aspire gotek nano pod kit,aspire gotek nano pod vape kit,https://vapeonlinestore.co.uk/products/aspire-gotek-nano-pod-vape-kit,flavour,ice gold black,not listed on VOS,,11.99,https://www.ninja-vapes.co.uk/product/aspire-gotek-nano-pod-kit,high
ninja-vapes.co.uk,aspire gotek nano pod kit,aspire gotek nano pod vape kit,https://vapeonlinestore.co.uk/products/aspire-gotek-nano-pod-vape-kit,flavour,ice rose pink,not listed on VOS,,11.99,https://www.ninja-vapes.co.uk/product/aspire-gotek-nano-pod-kit,high
ninja-vapes.co.uk,aspire gotek s vape kit,aspire gotek s pod kit,https://vapeonlinestore.co.uk/products/aspire-gotek-s-pod-kit,colour,black,not listed on VOS,,12.99,https://www.ninja-vapes.co.uk/product/aspire-gotek-s-vape-kit,high
ninja-vapes.co.uk,aspire loomix replacement pods (2pack) shop now,aspire loomix replacement pods,https://vapeonlinestore.co.uk/products/aspire-loomix-pods,resistance,0.6ohm,not listed on VOS,,6.99,https://www.ninja-vapes.co.uk/product/aspire-loomix-replacement-pods,low
ninja-vapes.co.uk,aspire minican 3 pro kit,aspire minican 3 pro vape kit,https://vapeonlinestore.co.uk/products/aspire-minican-3-pro,colour,black,not listed on VOS,,19.99,https://www.ninja-vapes.co.uk/product/aspire-minican-3-pro-pod-kit,high
ninja-vapes.co.uk,aspire minican 3 pro kit,aspire minican 3 pro vape kit,https://vapeonlinestore.co.uk/products/aspire-minican-3-pro,colour,dark green,not listed on VOS,,19.99,https://www.ninja-vapes.co.uk/product/aspire-minican-3-pro-pod-kit,high
ninja-vapes.co.uk,aspire minican 3 pro kit,aspire minican 3 pro vape kit,https://vapeonlinestore.co.uk/products/aspire-minican-3-pro,colour,lilac,not listed on VOS,,19.99,https://www.ninja-vapes.co.uk/product/aspire-minican-3-pro-pod-kit,high
ninja-vapes.co.uk,aspire nautilus 3 tank,aspire nautilus 3 replacement tank,https://vapeonlinestore.co.uk/products/nautilus-3-vape-tank-by-aspire,colour,stainless steel,not listed on VOS,,16.99,https://www.ninja-vapes.co.uk/product/aspire-nautilus-3-tank,high
ninja-vapes.co.uk,Aspire Nautilus Bvc Coils,aspire nautilus bvc replacement coils pack of 5,https://vapeonlinestore.co.uk/products/nautilus-bvc-coil-by-aspire,resistance,1ohm,not listed on VOS,,7.99,https://www.ninja-vapes.co.uk/product/aspire-nautilus-bvc-coils,high
ninja-vapes.co.uk,aspire bvc replacement coil,aspire nautilus bvc replacement coils pack of 5,https://vapeonlinestore.co.uk/products/nautilus-bvc-coil-by-aspire,resistance,2.1ohm,not listed on VOS,,6.99,https://www.ninja-vapes.co.uk/product/aspire-bvc-coil,medium
ninja-vapes.co.uk,aspire pixo replacement pods,aspire pixo 3ml pods pack of 2,https://vapeonlinestore.co.uk/products/aspire-pixo-pods,resistance,0.4ohm,not listed on VOS,,4.99,https://www.ninja-vapes.co.uk/product/aspire-pixo-replacement-pod,high
ninja-vapes.co.uk,aspire pixo replacement pods,aspire pixo 3ml pods pack of 2,https://vapeonlinestore.co.uk/products/aspire-pixo-pods,resistance,0.6ohm,not listed on VOS,,4.99,https://www.ninja-vapes.co.uk/product/aspire-pixo-replacement-pod,high
ninja-vapes.co.uk,aspire pixo replacement pods,aspire pixo 3ml pods pack of 2,https://vapeonlinestore.co.uk/products/aspire-pixo-pods,resistance,1.0ohm,not listed on VOS,,4.99,https://www.ninja-vapes.co.uk/product/aspire-pixo-replacement-pod,high
ninja-vapes.co.uk,aspire pixo pod kit,aspire pixo pod vape kit,https://vapeonlinestore.co.uk/products/aspire-pixo-pod-vape-kit,colour,beige,not listed on VOS,,26.99,https://www.ninja-vapes.co.uk/product/aspire-pixo-pod-kit,high
ninja-vapes.co.uk,aspire zelos 3 mod kit,aspire zelos 3 vape kit,https://vapeonlinestore.co.uk/products/zelos-3-aspire-vape-kit,colour,metallic silver,not listed on VOS,,39.99,https://www.ninja-vapes.co.uk/product/aspire-zelos-3-vape-kit,high
ninja-vapes.co.uk,aspire zelos x kit,aspire zelos x vape kit cheap,https://vapeonlinestore.co.uk/products/aspire-vape-kit-zelos-x,colour,black,not listed on VOS,,39.99,https://www.ninja-vapes.co.uk/product/aspire-zelos-x-vape-kit,high
ninja-vapes.co.uk,aspire zelos x 80w box mod,aspire zelos x vape kit cheap,https://vapeonlinestore.co.uk/products/aspire-vape-kit-zelos-x,colour,black silver,not listed on VOS,,28.99,https://www.ninja-vapes.co.uk/product/aspire-zelos-x-box-mod,medium
ninja-vapes.co.uk,aspire zelos x kit,aspire zelos x vape kit cheap,https://vapeonlinestore.co.uk/products/aspire-vape-kit-zelos-x,colour,blue,not listed on VOS,,39.99,https://www.ninja-vapes.co.uk/product/aspire-zelos-x-vape-kit,high
ninja-vapes.co.uk,aspire zelos x 80w box mod,aspire zelos x vape kit cheap,https://vapeonlinestore.co.uk/products/aspire-vape-kit-zelos-x,colour,blue,not listed on VOS,,28.99,https://www.ninja-vapes.co.uk/product/aspire-zelos-x-box-mod,medium
ninja-vapes.co.uk,aspire zelos x kit,aspire zelos x vape kit cheap,https://vapeonlinestore.co.uk/products/aspire-vape-kit-zelos-x,colour,gunmetal,not listed on VOS,,39.99,https://www.ninja-vapes.co.uk/product/aspire-zelos-x-vape-kit,high
ninja-vapes.co.uk,aspire zelos x 80w box mod,aspire zelos x vape kit cheap,https://vapeonlinestore.co.uk/products/aspire-vape-kit-zelos-x,colour,gunmetal,not listed on VOS,,28.99,https://www.ninja-vapes.co.uk/product/aspire-zelos-x-box-mod,medium
ninja-vapes.co.uk,aspire zelos x 80w box mod,aspire zelos x vape kit cheap,https://vapeonlinestore.co.uk/products/aspire-vape-kit-zelos-x,colour,metallic silver,not listed on VOS,,28.99,https://www.ninja-vapes.co.uk/product/aspire-zelos-x-box-mod,medium
ninja-vapes.co.uk,aspire zelos x kit,aspire zelos x vape kit cheap,https://vapeonlinestore.co.uk/products/aspire-vape-kit-zelos-x,colour,pink,not listed on VOS,,39.99,https://www.ninja-vapes.co.uk/product/aspire-zelos-x-vape-kit,high
ninja-vapes.co.uk,aspire zelos x 80w box mod,aspire zelos x vape kit cheap,https://vapeonlinestore.co.uk/products/aspire-vape-kit-zelos-x,colour,pink,not listed on VOS,,28.99,https://www.ninja-vapes.co.uk/product/aspire-zelos-x-box-mod,medium
ninja-vapes.co.uk,crystal prime 10000 prefilled refill pods aura bar,aura bar crystal prime pods,https://vapeonlinestore.co.uk/products/aura-bar-crystal-prime-10000-pods,flavour,blueberry sour raspberry,not listed on VOS,,5.99,https://www.ninja-vapes.co.uk/product/crystal-prime-10000-prefilled-refill-pods,medium
ninja-vapes.co.uk,crystal prime 10000 prefilled refill pods aura bar,aura bar crystal prime pods,https://vapeonlinestore.co.uk/products/aura-bar-crystal-prime-10000-pods,flavour,lemon lime,not listed on VOS,,5.99,https://www.ninja-vapes.co.uk/product/crystal-prime-10000-prefilled-refill-pods,medium
ninja-vapes.co.uk,crystal prime 10000 prefilled refill pods aura bar,aura bar crystal prime pods,https://vapeonlinestore.co.uk/products/aura-bar-crystal-prime-10000-pods,flavour,strawberry gummy bear,not listed on VOS,,5.99,https://www.ninja-vapes.co.uk/product/crystal-prime-10000-prefilled-refill-pods,medium
ninja-vapes.co.uk,avomi cliq 6000 puffs prefilled pod kit,avomi cliq 6000 puff pod vape kit,https://vapeonlinestore.co.uk/products/avomi-cliq-6000,flavour,blue sour raspberry,not listed on VOS,,5.99,https://www.ninja-vapes.co.uk/product/avomi-cliq-prefilled-pod-kit,high
ninja-vapes.co.uk,bad drip 50ml 75vg/25pg e-liquid juice,bad drip shortfill 50ml e liquid,https://vapeonlinestore.co.uk/products/bad-drip-shortfill-50ml-e-liquid,flavour,bear,not listed on VOS,,9.99,https://www.ninja-vapes.co.uk/product/bad-drip-50ml-e-liquid-juice,reviewed
ninja-vapes.co.uk,beard x series 100ml shortfill e-liquid,beard x series shortfill 50ml e liquid,https://vapeonlinestore.co.uk/products/beard-x-series-shortfill-50ml-e-liquid,flavour,cappuccino tobacco,not listed on VOS,,9.99,https://www.ninja-vapes.co.uk/product/beard-vape-x-series-100ml-shortfills,reviewed
ninja-vapes.co.uk,beard x series 100ml shortfill e-liquid,beard x series shortfill 50ml e liquid,https://vapeonlinestore.co.uk/products/beard-x-series-shortfill-50ml-e-liquid,flavour,peach pear candy,not listed on VOS,,9.99,https://www.ninja-vapes.co.uk/product/beard-vape-x-series-100ml-shortfills,reviewed
ninja-vapes.co.uk,beard x series 100ml shortfill e-liquid,beard x series shortfill 50ml e liquid,https://vapeonlinestore.co.uk/products/beard-x-series-shortfill-50ml-e-liquid,flavour,salted caramel malt,not listed on VOS,,9.99,https://www.ninja-vapes.co.uk/product/beard-vape-x-series-100ml-shortfills,reviewed
ninja-vapes.co.uk,beard x series 100ml shortfill e-liquid,beard x series shortfill 50ml e liquid,https://vapeonlinestore.co.uk/products/beard-x-series-shortfill-50ml-e-liquid,flavour,strawberry cheesecake,not listed on VOS,,9.99,https://www.ninja-vapes.co.uk/product/beard-vape-x-series-100ml-shortfills,reviewed
ninja-vapes.co.uk,E-Liquid By Ivg Berry Melonade Blitz 100Ml,beyond ivg shortfill 100ml e-liquid,https://vapeonlinestore.co.uk/products/beyond-ivg-shortfill-100ml-e-liquid,flavour,beyond,not listed on VOS,,9.99,https://www.ninja-vapes.co.uk/product/beyond-e-liquid-by-ivg-berry-melonade-blitz-100ml,reviewed
ninja-vapes.co.uk,E-Liquid By Ivg Mangoberry Magic 100Ml,beyond ivg shortfill 100ml e-liquid,https://vapeonlinestore.co.uk/products/beyond-ivg-shortfill-100ml-e-liquid,flavour,beyond,not listed on VOS,,9.99,https://www.ninja-vapes.co.uk/product/beyond-e-liquid-by-ivg-mangoberry-magic-100ml,reviewed
ninja-vapes.co.uk,E-Liquid By Ivg Cherry Apple Crush 100Ml,beyond ivg shortfill 100ml e-liquid,https://vapeonlinestore.co.uk/products/beyond-ivg-shortfill-100ml-e-liquid,flavour,beyond,not listed on VOS,,9.99,https://www.ninja-vapes.co.uk/product/beyond-e-liquid-by-ivg-cherry-apple-crush-100ml,reviewed
ninja-vapes.co.uk,E-Liquid By Ivg Sour Melon Surge 100Ml,beyond ivg shortfill 100ml e-liquid,https://vapeonlinestore.co.uk/products/beyond-ivg-shortfill-100ml-e-liquid,flavour,beyond,not listed on VOS,,9.99,https://www.ninja-vapes.co.uk/product/beyond-e-liquid-by-ivg-sour-melon-surge-100ml,reviewed
ninja-vapes.co.uk,E-Liquid By Ivg Kiwi Passion Kick 100Ml,beyond ivg shortfill 100ml e-liquid,https://vapeonlinestore.co.uk/products/beyond-ivg-shortfill-100ml-e-liquid,flavour,beyond,not listed on VOS,,9.99,https://www.ninja-vapes.co.uk/product/beyond-e-liquid-by-ivg-kiwi-passion-kick-100ml,reviewed
ninja-vapes.co.uk,titan pro 15k refill pod,big bar 15000 pro prefilled replacement pods,https://vapeonlinestore.co.uk/products/big-bar-pro-15k-refill-pods,flavour,cola freeze,not listed on VOS,,6.99,https://www.ninja-vapes.co.uk/product/refill-pods-for-titan-pro-15k,low
ninja-vapes.co.uk,titan pro 15k refill pod,big bar 15000 pro prefilled replacement pods,https://vapeonlinestore.co.uk/products/big-bar-pro-15k-refill-pods,flavour,cool mint,not listed on VOS,,6.99,https://www.ninja-vapes.co.uk/product/refill-pods-for-titan-pro-15k,low
ninja-vapes.co.uk,titan pro 15k refill pod,big bar 15000 pro prefilled replacement pods,https://vapeonlinestore.co.uk/products/big-bar-pro-15k-refill-pods,flavour,juicy peach,not listed on VOS,,6.99,https://www.ninja-vapes.co.uk/product/refill-pods-for-titan-pro-15k,low
ninja-vapes.co.uk,titan pro 15k refill pod,big bar 15000 pro prefilled replacement pods,https://vapeonlinestore.co.uk/products/big-bar-pro-15k-refill-pods,flavour,pink burst,not listed on VOS,,6.99,https://www.ninja-vapes.co.uk/product/refill-pods-for-titan-pro-15k,low
ninja-vapes.co.uk,titan pro 15k refill pod,big bar 15000 pro prefilled replacement pods,https://vapeonlinestore.co.uk/products/big-bar-pro-15k-refill-pods,flavour,rainbow burst,not listed on VOS,,6.99,https://www.ninja-vapes.co.uk/product/refill-pods-for-titan-pro-15k,low
ninja-vapes.co.uk,titan pro 15k refill pod,big bar 15000 pro prefilled replacement pods,https://vapeonlinestore.co.uk/products/big-bar-pro-15k-refill-pods,flavour,strawberry kiwi watermelon,not listed on VOS,,6.99,https://www.ninja-vapes.co.uk/product/refill-pods-for-titan-pro-15k,low
ninja-vapes.co.uk,titan pro 15k refill pod,big bar 15000 pro prefilled replacement pods,https://vapeonlinestore.co.uk/products/big-bar-pro-15k-refill-pods,flavour,triple berry,not listed on VOS,,6.99,https://www.ninja-vapes.co.uk/product/refill-pods-for-titan-pro-15k,low
ninja-vapes.co.uk,titan pro 15k puffs prefilled pod kit,big bar 15k pro prefilled pod kit,https://vapeonlinestore.co.uk/products/big-bar-15k-pod-kit,flavour,cola freeze,not listed on VOS,,8.99,https://www.ninja-vapes.co.uk/product/titan-pro-15k-starter-kit,low
ninja-vapes.co.uk,titan pro 15k puffs prefilled pod kit,big bar 15k pro prefilled pod kit,https://vapeonlinestore.co.uk/products/big-bar-15k-pod-kit,flavour,cool mint,not listed on VOS,,8.99,https://www.ninja-vapes.co.uk/product/titan-pro-15k-starter-kit,low
ninja-vapes.co.uk,titan pro 15k puffs prefilled pod kit,big bar 15k pro prefilled pod kit,https://vapeonlinestore.co.uk/products/big-bar-15k-pod-kit,flavour,juicy peach,not listed on VOS,,8.99,https://www.ninja-vapes.co.uk/product/titan-pro-15k-starter-kit,low
ninja-vapes.co.uk,titan pro 15k puffs prefilled pod kit,big bar 15k pro prefilled pod kit,https://vapeonlinestore.co.uk/products/big-bar-15k-pod-kit,flavour,pink burst,not listed on VOS,,8.99,https://www.ninja-vapes.co.uk/product/titan-pro-15k-starter-kit,low
ninja-vapes.co.uk,titan pro 15k puffs prefilled pod kit,big bar 15k pro prefilled pod kit,https://vapeonlinestore.co.uk/products/big-bar-15k-pod-kit,flavour,rainbow burst,not listed on VOS,,8.99,https://www.ninja-vapes.co.uk/product/titan-pro-15k-starter-kit,low
ninja-vapes.co.uk,titan pro 15k puffs prefilled pod kit,big bar 15k pro prefilled pod kit,https://vapeonlinestore.co.uk/products/big-bar-15k-pod-kit,flavour,strawberry kiwi watermelon,not listed on VOS,,8.99,https://www.ninja-vapes.co.uk/product/titan-pro-15k-starter-kit,low
ninja-vapes.co.uk,titan pro 15k puffs prefilled pod kit,big bar 15k pro prefilled pod kit,https://vapeonlinestore.co.uk/products/big-bar-15k-pod-kit,flavour,tobacco,not listed on VOS,,8.99,https://www.ninja-vapes.co.uk/product/titan-pro-15k-starter-kit,low
ninja-vapes.co.uk,titan pro 15k puffs prefilled pod kit,big bar 15k pro prefilled pod kit,https://vapeonlinestore.co.uk/products/big-bar-15k-pod-kit,flavour,triple berry,not listed on VOS,,8.99,https://www.ninja-vapes.co.uk/product/titan-pro-15k-starter-kit,low
ninja-vapes.co.uk,doozys big drip 100ml e-liquid,big drip shortfill 100ml e-liquid,https://vapeonlinestore.co.uk/products/big-drip-shortfill-100ml-e-liquid,flavour,berry chews,not listed on VOS,,15.99,https://www.ninja-vapes.co.uk/product/doozy-big-drip-e-liquid,low
ninja-vapes.co.uk,doozys big drip 100ml e-liquid,big drip shortfill 100ml e-liquid,https://vapeonlinestore.co.uk/products/big-drip-shortfill-100ml-e-liquid,flavour,cherry cola,not listed on VOS,,15.99,https://www.ninja-vapes.co.uk/product/doozy-big-drip-e-liquid,low
ninja-vapes.co.uk,doozys big drip 100ml e-liquid,big drip shortfill 100ml e-liquid,https://vapeonlinestore.co.uk/products/big-drip-shortfill-100ml-e-liquid,flavour,citrus apple,not listed on VOS,,15.99,https://www.ninja-vapes.co.uk/product/doozy-big-drip-e-liquid,low
ninja-vapes.co.uk,doozys big drip 100ml e-liquid,big drip shortfill 100ml e-liquid,https://vapeonlinestore.co.uk/products/big-drip-shortfill-100ml-e-liquid,flavour,lime slush,not listed on VOS,,15.99,https://www.ninja-vapes.co.uk/product/doozy-big-drip-e-liquid,low
ninja-vapes.co.uk,doozys big drip 100ml e-liquid,big drip shortfill 100ml e-liquid,https://vapeonlinestore.co.uk/products/big-drip-shortfill-100ml-e-liquid,flavour,mango magic,not listed on VOS,,15.99,https://www.ninja-vapes.co.uk/product/doozy-big-drip-e-liquid,low
ninja-vapes.co.uk,bloody bar 60k prefilled refill pods,bloody bar 60k replacement pods pack of 1,https://vapeonlinestore.co.uk/products/bloody-bar-60k-pods,flavour,strawberry watermelon gum,not listed on VOS,,4.99,https://www.ninja-vapes.co.uk/product/prefilled-refill-pod-bloody-bar-60k,high
ninja-vapes.co.uk,bloody bar ultra twist 20k refill pods,bloody bar ultra twist 20k refill pods,https://vapeonlinestore.co.uk/products/bloody-bar-ultra-twist-20k-pods,flavour,skitz ice pop,not listed on VOS,,7.99,https://www.ninja-vapes.co.uk/product/bloody-bar-ultra-twist-20000-refill-pods,high
ninja-vapes.co.uk,Vapes Bars Ghost Pro 8000 Plus Puffs Prefilled Pods Kit,box of 10 ghost pro 8000 plus vape pod kit,https://vapeonlinestore.co.uk/products/box-of-10-vapes-bar-ghost-pro-6000,flavour,berry burst,not listed on VOS,,39.99,https://www.ninja-vapes.co.uk/product/box-of-10-ghost-pro-8k,high
ninja-vapes.co.uk,Vapes Bars Ghost Pro 8000 Plus Puffs Prefilled Pods Kit,box of 10 ghost pro 8000 plus vape pod kit,https://vapeonlinestore.co.uk/products/box-of-10-vapes-bar-ghost-pro-6000,flavour,blueberry sour raspberry,not listed on VOS,,39.99,https://www.ninja-vapes.co.uk/product/box-of-10-ghost-pro-8k,high
ninja-vapes.co.uk,Vapes Bars Ghost Pro 8000 Plus Puffs Prefilled Pods Kit,box of 10 ghost pro 8000 plus vape pod kit,https://vapeonlinestore.co.uk/products/box-of-10-vapes-bar-ghost-pro-6000,flavour,cherry cola,not listed on VOS,,39.99,https://www.ninja-vapes.co.uk/product/box-of-10-ghost-pro-8k,high
ninja-vapes.co.uk,Vapes Bars Ghost Pro 8000 Plus Puffs Prefilled Pods Kit,box of 10 ghost pro 8000 plus vape pod kit,https://vapeonlinestore.co.uk/products/box-of-10-vapes-bar-ghost-pro-6000,flavour,cola ice,listed on VOS but out of stock,cola ice,39.99,https://www.ninja-vapes.co.uk/product/box-of-10-ghost-pro-8k,high
ninja-vapes.co.uk,Vapes Bars Ghost Pro 8000 Plus Puffs Prefilled Pods Kit,box of 10 ghost pro 8000 plus vape pod kit,https://vapeonlinestore.co.uk/products/box-of-10-vapes-bar-ghost-pro-6000,flavour,fresh mint,listed on VOS but out of stock,fresh mint,39.99,https://www.ninja-vapes.co.uk/product/box-of-10-ghost-pro-8k,high
ninja-vapes.co.uk,Vapes Bars Ghost Pro 8000 Plus Puffs Prefilled Pods Kit,box of 10 ghost pro 8000 plus vape pod kit,https://vapeonlinestore.co.uk/products/box-of-10-vapes-bar-ghost-pro-6000,flavour,kiwi passion fruit lime,not listed on VOS,,39.99,https://www.ninja-vapes.co.uk/product/box-of-10-ghost-pro-8k,high
ninja-vapes.co.uk,Vapes Bars Ghost Pro 8000 Plus Puffs Prefilled Pods Kit,box of 10 ghost pro 8000 plus vape pod kit,https://vapeonlinestore.co.uk/products/box-of-10-vapes-bar-ghost-pro-6000,flavour,pina colada,listed on VOS but out of stock,pina colada,39.99,https://www.ninja-vapes.co.uk/product/box-of-10-ghost-pro-8k,high
ninja-vapes.co.uk,Vapes Bars Ghost Pro 8000 Plus Puffs Prefilled Pods Kit,box of 10 ghost pro 8000 plus vape pod kit,https://vapeonlinestore.co.uk/products/box-of-10-vapes-bar-ghost-pro-6000,flavour,sweet lemon sherbet,not listed on VOS,,39.99,https://www.ninja-vapes.co.uk/product/box-of-10-ghost-pro-8k,high
ninja-vapes.co.uk,Lost Mary Nera 15000 Refill Pods,box of 10 lost mary nera 15k puffs prefilled replacement pods,https://vapeonlinestore.co.uk/products/box-of-10-lost-mary-nera-pods,flavour,gami grape,not listed on VOS,,54.99,https://www.ninja-vapes.co.uk/product/box-of-10-lost-mary-nera-15k-pods,high
ninja-vapes.co.uk,Randm Fumot 7000 Nic Salt 10Ml E-Liquid,box of 10 randm tornado 7000 10ml nic salts,https://vapeonlinestore.co.uk/products/box-of-10-randm-tornado-7000-10ml-nic-salts,flavour,apple berry blast,not listed on VOS,,19.99,https://www.ninja-vapes.co.uk/product/box-of-10-randm-7000-nic-salts-10ml,reviewed
ninja-vapes.co.uk,Randm Fumot 7000 Nic Salt 10Ml E-Liquid,box of 10 randm tornado 7000 10ml nic salts,https://vapeonlinestore.co.uk/products/box-of-10-randm-tornado-7000-10ml-nic-salts,flavour,banana custard,not listed on VOS,,19.99,https://www.ninja-vapes.co.uk/product/box-of-10-randm-7000-nic-salts-10ml,reviewed
ninja-vapes.co.uk,Randm Fumot 7000 Nic Salt 10Ml E-Liquid,box of 10 randm tornado 7000 10ml nic salts,https://vapeonlinestore.co.uk/products/box-of-10-randm-tornado-7000-10ml-nic-salts,flavour,berry lemonade,not listed on VOS,,19.99,https://www.ninja-vapes.co.uk/product/box-of-10-randm-7000-nic-salts-10ml,reviewed
ninja-vapes.co.uk,Randm Fumot 7000 Nic Salt 10Ml E-Liquid,box of 10 randm tornado 7000 10ml nic salts,https://vapeonlinestore.co.uk/products/box-of-10-randm-tornado-7000-10ml-nic-salts,flavour,bingo crush,not listed on VOS,,19.99,https://www.ninja-vapes.co.uk/product/box-of-10-randm-7000-nic-salts-10ml,reviewed
ninja-vapes.co.uk,Randm Fumot 7000 Nic Salt 10Ml E-Liquid,box of 10 randm tornado 7000 10ml nic salts,https://vapeonlinestore.co.uk/products/box-of-10-randm-tornado-7000-10ml-nic-salts,flavour,black dragon ice,not listed on VOS,,19.99,https://www.ninja-vapes.co.uk/product/box-of-10-randm-7000-nic-salts-10ml,reviewed
ninja-vapes.co.uk,Randm Fumot 7000 Nic Salt 10Ml E-Liquid,box of 10 randm tornado 7000 10ml nic salts,https://vapeonlinestore.co.uk/products/box-of-10-randm-tornado-7000-10ml-nic-salts,flavour,blue fusion,not listed on VOS,,19.99,https://www.ninja-vapes.co.uk/product/box-of-10-randm-7000-nic-salts-10ml,reviewed
ninja-vapes.co.uk,Randm Fumot 7000 Nic Salt 10Ml E-Liquid,box of 10 randm tornado 7000 10ml nic salts,https://vapeonlinestore.co.uk/products/box-of-10-randm-tornado-7000-10ml-nic-salts,flavour,blueberry bubblegum,not listed on VOS,,19.99,https://www.ninja-vapes.co.uk/product/box-of-10-randm-7000-nic-salts-10ml,reviewed
ninja-vapes.co.uk,Randm Fumot 7000 Nic Salt 10Ml E-Liquid,box of 10 randm tornado 7000 10ml nic salts,https://vapeonlinestore.co.uk/products/box-of-10-randm-tornado-7000-10ml-nic-salts,flavour,blueberry sour raspberry,not listed on VOS,,19.99,https://www.ninja-vapes.co.uk/product/box-of-10-randm-7000-nic-salts-10ml,reviewed
ninja-vapes.co.uk,Randm Fumot 7000 Nic Salt 10Ml E-Liquid,box of 10 randm tornado 7000 10ml nic salts,https://vapeonlinestore.co.uk/products/box-of-10-randm-tornado-7000-10ml-nic-salts,flavour,bluelicious ice,not listed on VOS,,19.99,https://www.ninja-vapes.co.uk/product/box-of-10-randm-7000-nic-salts-10ml,reviewed
ninja-vapes.co.uk,Randm Fumot 7000 Nic Salt 10Ml E-Liquid,box of 10 randm tornado 7000 10ml nic salts,https://vapeonlinestore.co.uk/products/box-of-10-randm-tornado-7000-10ml-nic-salts,flavour,cherry lychee,not listed on VOS,,19.99,https://www.ninja-vapes.co.uk/product/box-of-10-randm-7000-nic-salts-10ml,reviewed
ninja-vapes.co.uk,Randm Fumot 7000 Nic Salt 10Ml E-Liquid,box of 10 randm tornado 7000 10ml nic salts,https://vapeonlinestore.co.uk/products/box-of-10-randm-tornado-7000-10ml-nic-salts,flavour,cotton pair,not listed on VOS,,19.99,https://www.ninja-vapes.co.uk/product/box-of-10-randm-7000-nic-salts-10ml,reviewed
ninja-vapes.co.uk,Randm Fumot 7000 Nic Salt 10Ml E-Liquid,box of 10 randm tornado 7000 10ml nic salts,https://vapeonlinestore.co.uk/products/box-of-10-randm-tornado-7000-10ml-nic-salts,flavour,guava,not listed on VOS,,19.99,https://www.ninja-vapes.co.uk/product/box-of-10-randm-7000-nic-salts-10ml,reviewed
ninja-vapes.co.uk,Randm Fumot 7000 Nic Salt 10Ml E-Liquid,box of 10 randm tornado 7000 10ml nic salts,https://vapeonlinestore.co.uk/products/box-of-10-randm-tornado-7000-10ml-nic-salts,flavour,honeydew ice cream,not listed on VOS,,19.99,https://www.ninja-vapes.co.uk/product/box-of-10-randm-7000-nic-salts-10ml,reviewed
ninja-vapes.co.uk,Randm Fumot 7000 Nic Salt 10Ml E-Liquid,box of 10 randm tornado 7000 10ml nic salts,https://vapeonlinestore.co.uk/products/box-of-10-randm-tornado-7000-10ml-nic-salts,flavour,kiwi passion fruit guava,not listed on VOS,,19.99,https://www.ninja-vapes.co.uk/product/box-of-10-randm-7000-nic-salts-10ml,reviewed
ninja-vapes.co.uk,Randm Fumot 7000 Nic Salt 10Ml E-Liquid,box of 10 randm tornado 7000 10ml nic salts,https://vapeonlinestore.co.uk/products/box-of-10-randm-tornado-7000-10ml-nic-salts,flavour,lady killer,not listed on VOS,,19.99,https://www.ninja-vapes.co.uk/product/box-of-10-randm-7000-nic-salts-10ml,reviewed
ninja-vapes.co.uk,Randm Fumot 7000 Nic Salt 10Ml E-Liquid,box of 10 randm tornado 7000 10ml nic salts,https://vapeonlinestore.co.uk/products/box-of-10-randm-tornado-7000-10ml-nic-salts,flavour,melon ice,not listed on VOS,,19.99,https://www.ninja-vapes.co.uk/product/box-of-10-randm-7000-nic-salts-10ml,reviewed
ninja-vapes.co.uk,Randm Fumot 7000 Nic Salt 10Ml E-Liquid,box of 10 randm tornado 7000 10ml nic salts,https://vapeonlinestore.co.uk/products/box-of-10-randm-tornado-7000-10ml-nic-salts,flavour,pacific cooler,not listed on VOS,,19.99,https://www.ninja-vapes.co.uk/product/box-of-10-randm-7000-nic-salts-10ml,reviewed
ninja-vapes.co.uk,Randm Fumot 7000 Nic Salt 10Ml E-Liquid,box of 10 randm tornado 7000 10ml nic salts,https://vapeonlinestore.co.uk/products/box-of-10-randm-tornado-7000-10ml-nic-salts,flavour,peach mango,not listed on VOS,,19.99,https://www.ninja-vapes.co.uk/product/box-of-10-randm-7000-nic-salts-10ml,reviewed
ninja-vapes.co.uk,Randm Fumot 7000 Nic Salt 10Ml E-Liquid,box of 10 randm tornado 7000 10ml nic salts,https://vapeonlinestore.co.uk/products/box-of-10-randm-tornado-7000-10ml-nic-salts,flavour,pomegranate ice,not listed on VOS,,19.99,https://www.ninja-vapes.co.uk/product/box-of-10-randm-7000-nic-salts-10ml,reviewed
ninja-vapes.co.uk,Randm Fumot 7000 Nic Salt 10Ml E-Liquid,box of 10 randm tornado 7000 10ml nic salts,https://vapeonlinestore.co.uk/products/box-of-10-randm-tornado-7000-10ml-nic-salts,flavour,red apple lemon,not listed on VOS,,19.99,https://www.ninja-vapes.co.uk/product/box-of-10-randm-7000-nic-salts-10ml,reviewed
ninja-vapes.co.uk,Randm Fumot 7000 Nic Salt 10Ml E-Liquid,box of 10 randm tornado 7000 10ml nic salts,https://vapeonlinestore.co.uk/products/box-of-10-randm-tornado-7000-10ml-nic-salts,flavour,red apple melon,not listed on VOS,,19.99,https://www.ninja-vapes.co.uk/product/box-of-10-randm-7000-nic-salts-10ml,reviewed
ninja-vapes.co.uk,Randm Fumot 7000 Nic Salt 10Ml E-Liquid,box of 10 randm tornado 7000 10ml nic salts,https://vapeonlinestore.co.uk/products/box-of-10-randm-tornado-7000-10ml-nic-salts,flavour,strawberry raspberry,not listed on VOS,,19.99,https://www.ninja-vapes.co.uk/product/box-of-10-randm-7000-nic-salts-10ml,reviewed
ninja-vapes.co.uk,Randm Fumot 7000 Nic Salt 10Ml E-Liquid,box of 10 randm tornado 7000 10ml nic salts,https://vapeonlinestore.co.uk/products/box-of-10-randm-tornado-7000-10ml-nic-salts,flavour,watermelon rainbow,not listed on VOS,,19.99,https://www.ninja-vapes.co.uk/product/box-of-10-randm-7000-nic-salts-10ml,reviewed
ninja-vapes.co.uk,lost mary airplane mode nicotine pouches,buy lost mary airplane mode nicotine pouches,https://vapeonlinestore.co.uk/products/lost-mary-airplane-mode-nicotine-pouches,flavour,max polar,not listed on VOS,,4.99,https://www.ninja-vapes.co.uk/product/lost-mary-airplane-mode-nicotine-pouches,medium
ninja-vapes.co.uk,uwell caliburn g and g2 replacement coils,caliburn g & g2 replacement coils by uwell pack of 4,https://vapeonlinestore.co.uk/products/caliburn-g-replacement-coils-by-uwell,resistance,1.2ohm,not listed on VOS,,9.95,https://www.ninja-vapes.co.uk/product/uwell-caliburn-g-g2-replacement-coils,high
ninja-vapes.co.uk,Caliypso 100Ml Shortfill E-Liquid,caliypso 100ml shortfill e-liquid,https://vapeonlinestore.co.uk/products/caliypso-100ml,flavour,lemon lime,not listed on VOS,,6.99,https://www.ninja-vapes.co.uk/product/caliypso-100ml-shortfill-e-liquids,high
ninja-vapes.co.uk,Caliypso Surf 100Ml,caliypso 100ml shortfill e-liquid,https://vapeonlinestore.co.uk/products/caliypso-100ml,flavour,orange,not listed on VOS,,6.99,https://www.ninja-vapes.co.uk/product/caliypso-orange-surf-100ml,reviewed
ninja-vapes.co.uk,Caliypso 100Ml Shortfill E-Liquid,caliypso 100ml shortfill e-liquid,https://vapeonlinestore.co.uk/products/caliypso-100ml,flavour,pineapple limeade,not listed on VOS,,6.99,https://www.ninja-vapes.co.uk/product/caliypso-pineapple-limeade-100ml,high
ninja-vapes.co.uk,Caliypso Surf 100Ml,caliypso 100ml shortfill e-liquid,https://vapeonlinestore.co.uk/products/caliypso-100ml,flavour,rainbow,not listed on VOS,,6.99,https://www.ninja-vapes.co.uk/product/caliypso-rainbow-surf-100ml,reviewed
ninja-vapes.co.uk,Caliypso Surf 100Ml,caliypso 100ml shortfill e-liquid,https://vapeonlinestore.co.uk/products/caliypso-100ml,flavour,red,not listed on VOS,,6.99,https://www.ninja-vapes.co.uk/product/caliypso-red-surf-100ml,reviewed
ninja-vapes.co.uk,Caliypso 100Ml Shortfill E-Liquid,caliypso 100ml shortfill e-liquid,https://vapeonlinestore.co.uk/products/caliypso-100ml,flavour,sweet mango,not listed on VOS,,6.99,https://www.ninja-vapes.co.uk/product/caliypso-100ml-shortfill-e-liquids,high
ninja-vapes.co.uk,chapo white nicotine pouches,chapo white nicotine pouches snus nicotine pouches,https://vapeonlinestore.co.uk/products/chapo-white-nicotine-pouches,flavour,american blend,not listed on VOS,,4.99,https://www.ninja-vapes.co.uk/product/chapo-white-nicotine-pouches,high
ninja-vapes.co.uk,chapo white nicotine pouches,chapo white nicotine pouches snus nicotine pouches,https://vapeonlinestore.co.uk/products/chapo-white-nicotine-pouches,flavour,blueberry ice,not listed on VOS,,4.99,https://www.ninja-vapes.co.uk/product/chapo-white-nicotine-pouches,high
ninja-vapes.co.uk,chapo white nicotine pouches,chapo white nicotine pouches snus nicotine pouches,https://vapeonlinestore.co.uk/products/chapo-white-nicotine-pouches,flavour,brutal cold,not listed on VOS,,4.99,https://www.ninja-vapes.co.uk/product/chapo-white-nicotine-pouches,high
ninja-vapes.co.uk,chapo white nicotine pouches,chapo white nicotine pouches snus nicotine pouches,https://vapeonlinestore.co.uk/products/chapo-white-nicotine-pouches,flavour,cola,not listed on VOS,,4.99,https://www.ninja-vapes.co.uk/product/chapo-white-nicotine-pouches,high
ninja-vapes.co.uk,chapo white nicotine pouches,chapo white nicotine pouches snus nicotine pouches,https://vapeonlinestore.co.uk/products/chapo-white-nicotine-pouches,flavour,crystal menthol,not listed on VOS,,4.99,https://www.ninja-vapes.co.uk/product/chapo-white-nicotine-pouches,high
ninja-vapes.co.uk,chapo white nicotine pouches,chapo white nicotine pouches snus nicotine pouches,https://vapeonlinestore.co.uk/products/chapo-white-nicotine-pouches,flavour,polar mint,not listed on VOS,,4.99,https://www.ninja-vapes.co.uk/product/chapo-white-nicotine-pouches,high
ninja-vapes.co.uk,chapo white nicotine pouches,chapo white nicotine pouches snus nicotine pouches,https://vapeonlinestore.co.uk/products/chapo-white-nicotine-pouches,flavour,watermelon,not listed on VOS,,4.99,https://www.ninja-vapes.co.uk/product/chapo-white-nicotine-pouches,high
ninja-vapes.co.uk,100Ml Shortfill E-Liquid By Chunky Monkey,chunky monkey 100ml e liquids 0mg 70vg/30pg,https://vapeonlinestore.co.uk/products/chunky-monkey-100ml-e-liquids,flavour,guava rubicana,not listed on VOS,,5.99,https://www.ninja-vapes.co.uk/product/chunky-monkey-100ml-shortfill-e-liquids,reviewed
ninja-vapes.co.uk,100Ml Shortfill E-Liquid By Chunky Monkey,chunky monkey 100ml e liquids 0mg 70vg/30pg,https://vapeonlinestore.co.uk/products/chunky-monkey-100ml-e-liquids,flavour,lychee rubicana,not listed on VOS,,5.99,https://www.ninja-vapes.co.uk/product/lychee-rubicana-chunky-monkey,reviewed
ninja-vapes.co.uk,Cotton Candy Nic Salt E-Liquid By Bar,cotton candy bar series 10ml nic salt,https://vapeonlinestore.co.uk/products/cotton-candy-bar-series-10ml-nic-salt,colour,series,not listed on VOS,,2.95,https://www.ninja-vapes.co.uk/product/cotton-candy-nic-salt-bar-series,high
ninja-vapes.co.uk,Crystal Galaxy Focus 1 6000 Puffs Prefilled Kit,crystal galaxy focus 1 pre-filled pod kit,https://vapeonlinestore.co.uk/products/crystal-galaxy-focus-1-pre-filled-pod-kit,flavour,blueberry raspberry,not listed on VOS,,36.99,https://www.ninja-vapes.co.uk/product/box-of-10-crystal-galaxy-focus-6000,reviewed
ninja-vapes.co.uk,Crystal Prime 10000 Puffs Vape Aura Bar,crystal prime 10000 puffs vape kit aura bar vape,https://vapeonlinestore.co.uk/products/crystal-prime-10000-aura-bar,flavour,blueberry sour raspberry,not listed on VOS,,69.99,https://www.ninja-vapes.co.uk/product/box-of-10-crystal-prime-10k,high
ninja-vapes.co.uk,crystal prime 10000 puffs prefilled pod kit,crystal prime 10000 puffs vape kit aura bar vape,https://vapeonlinestore.co.uk/products/crystal-prime-10000-aura-bar,flavour,blueberry sour raspberry,not listed on VOS,,7.99,https://www.ninja-vapes.co.uk/product/crystal-prime-10000,low
ninja-vapes.co.uk,Crystal Prime 10000 Puffs Vape Aura Bar,crystal prime 10000 puffs vape kit aura bar vape,https://vapeonlinestore.co.uk/products/crystal-prime-10000-aura-bar,flavour,lemon lime,not listed on VOS,,69.99,https://www.ninja-vapes.co.uk/product/box-of-10-crystal-prime-10k,high
ninja-vapes.co.uk,crystal prime 10000 puffs prefilled pod kit,crystal prime 10000 puffs vape kit aura bar vape,https://vapeonlinestore.co.uk/products/crystal-prime-10000-aura-bar,flavour,lemon lime,not listed on VOS,,7.99,https://www.ninja-vapes.co.uk/product/crystal-prime-10000,low
ninja-vapes.co.uk,Crystal Prime 10000 Puffs Vape Aura Bar,crystal prime 10000 puffs vape kit aura bar vape,https://vapeonlinestore.co.uk/products/crystal-prime-10000-aura-bar,flavour,strawberry gummy bear,not listed on VOS,,69.99,https://www.ninja-vapes.co.uk/product/box-of-10-crystal-prime-10k,high
ninja-vapes.co.uk,crystal prime 10000 puffs prefilled pod kit,crystal prime 10000 puffs vape kit aura bar vape,https://vapeonlinestore.co.uk/products/crystal-prime-10000-aura-bar,flavour,strawberry gummy bear,not listed on VOS,,7.99,https://www.ninja-vapes.co.uk/product/crystal-prime-10000,low
ninja-vapes.co.uk,Crystal Prime Nic Salt 10Ml,crystal prime 10ml nic salts e-liquid,https://vapeonlinestore.co.uk/products/crystal-prime-10ml-nic-salts,flavour,prime special,not listed on VOS,,2.49,https://www.ninja-vapes.co.uk/product/crystal-prime-nic-salts-10ml,high
ninja-vapes.co.uk,crystal pro switch 30k prefilled refill pods,crystal pro switch 30k prefilled pods,https://vapeonlinestore.co.uk/products/crystal-pro-switch-30k-pods,flavour,gummy bear hbubba,not listed on VOS,,6.99,https://www.ninja-vapes.co.uk/product/crystal-pro-switch-30k-prefilled-refill-Pods,high
ninja-vapes.co.uk,crystal pro switch 30k prefilled refill pods,crystal pro switch 30k prefilled pods,https://vapeonlinestore.co.uk/products/crystal-pro-switch-30k-pods,flavour,watermelon ice watermelon bubblegum,not listed on VOS,,6.99,https://www.ninja-vapes.co.uk/product/crystal-pro-switch-30k-prefilled-refill-Pods,high
ninja-vapes.co.uk,cuba nicotine pouches,cuba nicotine pouches,https://vapeonlinestore.co.uk/products/cuba-nicotine-pouches,flavour,apple juice,not listed on VOS,,3.99,https://www.ninja-vapes.co.uk/product/cuba-nicotine-pouches,high
ninja-vapes.co.uk,cuba nicotine pouches,cuba nicotine pouches,https://vapeonlinestore.co.uk/products/cuba-nicotine-pouches,flavour,banana ice,not listed on VOS,,3.99,https://www.ninja-vapes.co.uk/product/cuba-nicotine-pouches,high
ninja-vapes.co.uk,cuba nicotine pouches,cuba nicotine pouches,https://vapeonlinestore.co.uk/products/cuba-nicotine-pouches,flavour,blackcurrant,not listed on VOS,,3.99,https://www.ninja-vapes.co.uk/product/cuba-nicotine-pouches,high
ninja-vapes.co.uk,cuba nicotine pouches,cuba nicotine pouches,https://vapeonlinestore.co.uk/products/cuba-nicotine-pouches,flavour,blueberry,not listed on VOS,,3.99,https://www.ninja-vapes.co.uk/product/cuba-nicotine-pouches,high
ninja-vapes.co.uk,cuba nicotine pouches,cuba nicotine pouches,https://vapeonlinestore.co.uk/products/cuba-nicotine-pouches,flavour,cherry,not listed on VOS,,3.99,https://www.ninja-vapes.co.uk/product/cuba-nicotine-pouches,high
ninja-vapes.co.uk,cuba nicotine pouches,cuba nicotine pouches,https://vapeonlinestore.co.uk/products/cuba-nicotine-pouches,flavour,cola,not listed on VOS,,3.99,https://www.ninja-vapes.co.uk/product/cuba-nicotine-pouches,high
ninja-vapes.co.uk,cuba nicotine pouches,cuba nicotine pouches,https://vapeonlinestore.co.uk/products/cuba-nicotine-pouches,flavour,cold dry,not listed on VOS,,3.99,https://www.ninja-vapes.co.uk/product/cuba-nicotine-pouches,high
ninja-vapes.co.uk,cuba nicotine pouches,cuba nicotine pouches,https://vapeonlinestore.co.uk/products/cuba-nicotine-pouches,flavour,double fresh,not listed on VOS,,3.99,https://www.ninja-vapes.co.uk/product/cuba-nicotine-pouches,high
ninja-vapes.co.uk,cuba nicotine pouches,cuba nicotine pouches,https://vapeonlinestore.co.uk/products/cuba-nicotine-pouches,flavour,forest berry,not listed on VOS,,3.99,https://www.ninja-vapes.co.uk/product/cuba-nicotine-pouches,high
ninja-vapes.co.uk,cuba nicotine pouches,cuba nicotine pouches,https://vapeonlinestore.co.uk/products/cuba-nicotine-pouches,flavour,grape,not listed on VOS,,3.99,https://www.ninja-vapes.co.uk/product/cuba-nicotine-pouches,high
ninja-vapes.co.uk,cuba nicotine pouches,cuba nicotine pouches,https://vapeonlinestore.co.uk/products/cuba-nicotine-pouches,flavour,ice spearmint,not listed on VOS,,3.99,https://www.ninja-vapes.co.uk/product/cuba-nicotine-pouches,high
ninja-vapes.co.uk,cuba nicotine pouches,cuba nicotine pouches,https://vapeonlinestore.co.uk/products/cuba-nicotine-pouches,flavour,jogurt,not listed on VOS,,3.99,https://www.ninja-vapes.co.uk/product/cuba-nicotine-pouches,high
ninja-vapes.co.uk,cuba nicotine pouches,cuba nicotine pouches,https://vapeonlinestore.co.uk/products/cuba-nicotine-pouches,flavour,peach,not listed on VOS,,3.99,https://www.ninja-vapes.co.uk/product/cuba-nicotine-pouches,high
ninja-vapes.co.uk,cuba nicotine pouches,cuba nicotine pouches,https://vapeonlinestore.co.uk/products/cuba-nicotine-pouches,flavour,pineapple,not listed on VOS,,3.99,https://www.ninja-vapes.co.uk/product/cuba-nicotine-pouches,high
ninja-vapes.co.uk,cuba nicotine pouches,cuba nicotine pouches,https://vapeonlinestore.co.uk/products/cuba-nicotine-pouches,flavour,watermelon,not listed on VOS,,3.99,https://www.ninja-vapes.co.uk/product/cuba-nicotine-pouches,high
ninja-vapes.co.uk,cuttwood bar salts nic salts 10ml,cuttwood bar 10ml nic salts e-liquid,https://vapeonlinestore.co.uk/products/cuttwood-bar-10ml-nic-salts-e-liquid,flavour,crush,not listed on VOS,,2.99,https://www.ninja-vapes.co.uk/product/cuttwood-bar-salts-nic-salts-10ml,medium
ninja-vapes.co.uk,cuttwood bar salts nic salts 10ml,cuttwood bar 10ml nic salts e-liquid,https://vapeonlinestore.co.uk/products/cuttwood-bar-10ml-nic-salts-e-liquid,strength,5mg,not listed on VOS,,2.99,https://www.ninja-vapes.co.uk/product/cuttwood-bar-salts-nic-salts-10ml,medium
ninja-vapes.co.uk,Cuttwood 100Ml Shortfill E-Liquid,cuttwood shortfill 50ml e-liquid,https://vapeonlinestore.co.uk/products/cuttwood-shortfill-50ml-e-liquid,flavour,bird berry,not listed on VOS,,11.99,https://www.ninja-vapes.co.uk/product/cuttwood-100ml-shortfill-eliquid,high
ninja-vapes.co.uk,Cuttwood 100Ml Shortfill E-Liquid,cuttwood shortfill 50ml e-liquid,https://vapeonlinestore.co.uk/products/cuttwood-shortfill-50ml-e-liquid,flavour,bird brains,not listed on VOS,,11.99,https://www.ninja-vapes.co.uk/product/cuttwood-100ml-shortfill-eliquid,high
ninja-vapes.co.uk,Cuttwood 100Ml Shortfill E-Liquid,cuttwood shortfill 50ml e-liquid,https://vapeonlinestore.co.uk/products/cuttwood-shortfill-50ml-e-liquid,flavour,blue raspberry ice,not listed on VOS,,11.99,https://www.ninja-vapes.co.uk/product/cuttwood-100ml-shortfill-eliquid,high
ninja-vapes.co.uk,Cuttwood 100Ml Shortfill E-Liquid,cuttwood shortfill 50ml e-liquid,https://vapeonlinestore.co.uk/products/cuttwood-shortfill-50ml-e-liquid,flavour,blueberry smoothie 100vg 20pg,not listed on VOS,,11.99,https://www.ninja-vapes.co.uk/product/cuttwood-100ml-shortfill-eliquid,high
ninja-vapes.co.uk,Cuttwood 100Ml Shortfill E-Liquid,cuttwood shortfill 50ml e-liquid,https://vapeonlinestore.co.uk/products/cuttwood-shortfill-50ml-e-liquid,flavour,boss reserve 100vg 20pg,not listed on VOS,,11.99,https://www.ninja-vapes.co.uk/product/cuttwood-100ml-shortfill-eliquid,high
ninja-vapes.co.uk,Cuttwood 100Ml Shortfill E-Liquid,cuttwood shortfill 50ml e-liquid,https://vapeonlinestore.co.uk/products/cuttwood-shortfill-50ml-e-liquid,flavour,mega melon 100vg 20pg,not listed on VOS,,11.99,https://www.ninja-vapes.co.uk/product/cuttwood-100ml-shortfill-eliquid,high
ninja-vapes.co.uk,Cuttwood 100Ml Shortfill E-Liquid,cuttwood shortfill 50ml e-liquid,https://vapeonlinestore.co.uk/products/cuttwood-shortfill-50ml-e-liquid,flavour,mr fritter,not listed on VOS,,11.99,https://www.ninja-vapes.co.uk/product/cuttwood-100ml-shortfill-eliquid,high
ninja-vapes.co.uk,Cuttwood 100Ml Shortfill E-Liquid,cuttwood shortfill 50ml e-liquid,https://vapeonlinestore.co.uk/products/cuttwood-shortfill-50ml-e-liquid,flavour,passion fruit,not listed on VOS,,7.99,https://www.ninja-vapes.co.uk/product/cuttwood-50ml-e-liquid,high
ninja-vapes.co.uk,Cuttwood 100Ml Shortfill E-Liquid,cuttwood shortfill 50ml e-liquid,https://vapeonlinestore.co.uk/products/cuttwood-shortfill-50ml-e-liquid,flavour,passion fruit 100vg 20pg,not listed on VOS,,11.99,https://www.ninja-vapes.co.uk/product/cuttwood-100ml-shortfill-eliquid,high
ninja-vapes.co.uk,Cuttwood 100Ml Shortfill E-Liquid,cuttwood shortfill 50ml e-liquid,https://vapeonlinestore.co.uk/products/cuttwood-shortfill-50ml-e-liquid,flavour,purple rain,not listed on VOS,,11.99,https://www.ninja-vapes.co.uk/product/cuttwood-100ml-shortfill-eliquid,high
ninja-vapes.co.uk,Cuttwood 100Ml Shortfill E-Liquid,cuttwood shortfill 50ml e-liquid,https://vapeonlinestore.co.uk/products/cuttwood-shortfill-50ml-e-liquid,flavour,strawberry banan,not listed on VOS,,7.99,https://www.ninja-vapes.co.uk/product/cuttwood-50ml-e-liquid,high
ninja-vapes.co.uk,Cuttwood 100Ml Shortfill E-Liquid,cuttwood shortfill 50ml e-liquid,https://vapeonlinestore.co.uk/products/cuttwood-shortfill-50ml-e-liquid,flavour,strawberry banana 100vg 20pg,not listed on VOS,,11.99,https://www.ninja-vapes.co.uk/product/cuttwood-100ml-shortfill-eliquid,high
ninja-vapes.co.uk,Cuttwood 100Ml Shortfill E-Liquid,cuttwood shortfill 50ml e-liquid,https://vapeonlinestore.co.uk/products/cuttwood-shortfill-50ml-e-liquid,flavour,sugar drizzle 100vg 20pg,not listed on VOS,,11.99,https://www.ninja-vapes.co.uk/product/cuttwood-100ml-shortfill-eliquid,high
ninja-vapes.co.uk,Cuttwood 100Ml Shortfill E-Liquid,cuttwood shortfill 50ml e-liquid,https://vapeonlinestore.co.uk/products/cuttwood-shortfill-50ml-e-liquid,flavour,tobacco trail 100vg 20pg,not listed on VOS,,11.99,https://www.ninja-vapes.co.uk/product/cuttwood-100ml-shortfill-eliquid,high
ninja-vapes.co.uk,Cuttwood 100Ml Shortfill E-Liquid,cuttwood shortfill 50ml e-liquid,https://vapeonlinestore.co.uk/products/cuttwood-shortfill-50ml-e-liquid,flavour,unicorn delight,not listed on VOS,,11.99,https://www.ninja-vapes.co.uk/product/cuttwood-100ml-shortfill-eliquid,high
ninja-vapes.co.uk,Cuttwood 100Ml Shortfill E-Liquid,cuttwood shortfill 50ml e-liquid,https://vapeonlinestore.co.uk/products/cuttwood-shortfill-50ml-e-liquid,flavour,unicorn milk 100vg 20pg,not listed on VOS,,11.99,https://www.ninja-vapes.co.uk/product/cuttwood-100ml-shortfill-eliquid,high
ninja-vapes.co.uk,devil vapour 50ml e-liquid juice,devil vapour shortfill 50ml e-liquid,https://vapeonlinestore.co.uk/products/devil-vapour-shortfill-50ml-e-liquid,flavour,black aniseed,not listed on VOS,,4.99,https://www.ninja-vapes.co.uk/product/devil-vapour-50ml-e-liquid,high
ninja-vapes.co.uk,devil vapour 50ml e-liquid juice,devil vapour shortfill 50ml e-liquid,https://vapeonlinestore.co.uk/products/devil-vapour-shortfill-50ml-e-liquid,flavour,blackcurrant lozenges,not listed on VOS,,4.99,https://www.ninja-vapes.co.uk/product/devil-vapour-50ml-e-liquid,high
ninja-vapes.co.uk,devil vapour 50ml e-liquid juice,devil vapour shortfill 50ml e-liquid,https://vapeonlinestore.co.uk/products/devil-vapour-shortfill-50ml-e-liquid,flavour,cherry menthol,not listed on VOS,,4.99,https://www.ninja-vapes.co.uk/product/devil-vapour-50ml-e-liquid,high
ninja-vapes.co.uk,devil vapour 50ml e-liquid juice,devil vapour shortfill 50ml e-liquid,https://vapeonlinestore.co.uk/products/devil-vapour-shortfill-50ml-e-liquid,flavour,cherry slush,not listed on VOS,,4.99,https://www.ninja-vapes.co.uk/product/devil-vapour-50ml-e-liquid,high
ninja-vapes.co.uk,devil vapour 50ml e-liquid juice,devil vapour shortfill 50ml e-liquid,https://vapeonlinestore.co.uk/products/devil-vapour-shortfill-50ml-e-liquid,flavour,icy apple,not listed on VOS,,4.99,https://www.ninja-vapes.co.uk/product/devil-vapour-50ml-e-liquid,high
ninja-vapes.co.uk,devil vapour 50ml e-liquid juice,devil vapour shortfill 50ml e-liquid,https://vapeonlinestore.co.uk/products/devil-vapour-shortfill-50ml-e-liquid,flavour,pineapple lime soda,not listed on VOS,,4.99,https://www.ninja-vapes.co.uk/product/devil-vapour-50ml-e-liquid,high
ninja-vapes.co.uk,devil vapour 50ml e-liquid juice,devil vapour shortfill 50ml e-liquid,https://vapeonlinestore.co.uk/products/devil-vapour-shortfill-50ml-e-liquid,flavour,raspberry,not listed on VOS,,4.99,https://www.ninja-vapes.co.uk/product/devil-vapour-50ml-e-liquid,high
ninja-vapes.co.uk,devil vapour 50ml e-liquid juice,devil vapour shortfill 50ml e-liquid,https://vapeonlinestore.co.uk/products/devil-vapour-shortfill-50ml-e-liquid,flavour,raspberry kiwi,not listed on VOS,,4.99,https://www.ninja-vapes.co.uk/product/devil-vapour-50ml-e-liquid,high
ninja-vapes.co.uk,devil vapour 50ml e-liquid juice,devil vapour shortfill 50ml e-liquid,https://vapeonlinestore.co.uk/products/devil-vapour-shortfill-50ml-e-liquid,flavour,strawberry kiwi bgum,not listed on VOS,,4.99,https://www.ninja-vapes.co.uk/product/devil-vapour-50ml-e-liquid,high
ninja-vapes.co.uk,devil vapour 50ml e-liquid juice,devil vapour shortfill 50ml e-liquid,https://vapeonlinestore.co.uk/products/devil-vapour-shortfill-50ml-e-liquid,flavour,strawberry milkshake,not listed on VOS,,4.99,https://www.ninja-vapes.co.uk/product/devil-vapour-50ml-e-liquid,high
ninja-vapes.co.uk,devil vapour 50ml e-liquid juice,devil vapour shortfill 50ml e-liquid,https://vapeonlinestore.co.uk/products/devil-vapour-shortfill-50ml-e-liquid,flavour,sweet raspberry cherry sour,not listed on VOS,,4.99,https://www.ninja-vapes.co.uk/product/devil-vapour-50ml-e-liquid,high
ninja-vapes.co.uk,devil vapour 50ml e-liquid juice,devil vapour shortfill 50ml e-liquid,https://vapeonlinestore.co.uk/products/devil-vapour-shortfill-50ml-e-liquid,flavour,twister lolly,not listed on VOS,,4.99,https://www.ninja-vapes.co.uk/product/devil-vapour-50ml-e-liquid,high
ninja-vapes.co.uk,100Ml Shortfill E-Liquid By Donut King,dk cakes shortfill 100ml e-liquid,https://vapeonlinestore.co.uk/products/dk-cakes-shortfill-100ml-e-liquid,flavour,banana custard,not listed on VOS,,6.99,https://www.ninja-vapes.co.uk/product/Banana-custard-donut-king,reviewed
ninja-vapes.co.uk,100Ml Shortfill E-Liquid By Donut King,dk cakes shortfill 100ml e-liquid,https://vapeonlinestore.co.uk/products/dk-cakes-shortfill-100ml-e-liquid,flavour,cinnamon apple,not listed on VOS,,6.99,https://www.ninja-vapes.co.uk/product/cinnamon-apple-donut-king,reviewed
ninja-vapes.co.uk,100Ml Shortfill E-Liquid By Donut King,dk cakes shortfill 100ml e-liquid,https://vapeonlinestore.co.uk/products/dk-cakes-shortfill-100ml-e-liquid,flavour,delightful lemon,not listed on VOS,,6.99,https://www.ninja-vapes.co.uk/product/delightful-lemon-donut-king,reviewed
ninja-vapes.co.uk,100Ml Shortfill E-Liquid By Donut King,dk cakes shortfill 100ml e-liquid,https://vapeonlinestore.co.uk/products/dk-cakes-shortfill-100ml-e-liquid,flavour,jaffa,not listed on VOS,,6.99,https://www.ninja-vapes.co.uk/product/jaffa-donut-king,reviewed
ninja-vapes.co.uk,100Ml Shortfill E-Liquid By Donut King,dk cakes shortfill 100ml e-liquid,https://vapeonlinestore.co.uk/products/dk-cakes-shortfill-100ml-e-liquid,flavour,passion party,not listed on VOS,,6.99,https://www.ninja-vapes.co.uk/product/passion-party-donut-king,reviewed
ninja-vapes.co.uk,100Ml Shortfill E-Liquid By Donut King,dk cakes shortfill 100ml e-liquid,https://vapeonlinestore.co.uk/products/dk-cakes-shortfill-100ml-e-liquid,flavour,raspberry coconut,not listed on VOS,,6.99,https://www.ninja-vapes.co.uk/product/raspberry-coconut-donut-king,reviewed
ninja-vapes.co.uk,100Ml Shortfill E-Liquid By Donut King,dk cakes shortfill 100ml e-liquid,https://vapeonlinestore.co.uk/products/dk-cakes-shortfill-100ml-e-liquid,flavour,rhubarb custard,not listed on VOS,,6.99,https://www.ninja-vapes.co.uk/product/rhubarb-donut-king,reviewed
ninja-vapes.co.uk,100Ml Shortfill E-Liquid By Donut King,dk cakes shortfill 100ml e-liquid,https://vapeonlinestore.co.uk/products/dk-cakes-shortfill-100ml-e-liquid,flavour,vanilla custard,not listed on VOS,,6.99,https://www.ninja-vapes.co.uk/product/vanilla-custard-donut-king,reviewed
ninja-vapes.co.uk,donut king bar series 100ml shortfill e-liquids,donut king bar series 100ml shortfill,https://vapeonlinestore.co.uk/products/donut-king-bar-series-100ml,flavour,mixed fruits gummy bear,not listed on VOS,,4.99,https://www.ninja-vapes.co.uk/product/donut-king-bar-series-100ml-shortfills,reviewed
ninja-vapes.co.uk,donut king n shake 100ml shortfill e-liquid,donut king n shake shortfill 100ml e-liquid,https://vapeonlinestore.co.uk/products/donut-king-n-shake-100ml,flavour,shamrock rock,not listed on VOS,,4.99,https://www.ninja-vapes.co.uk/product/donut-king-n-shake-100ml-shortfills,high
ninja-vapes.co.uk,double drip 10k refill pods,double drip 10k refill pod,https://vapeonlinestore.co.uk/products/double-drip-10k-refill-pod,flavour,spearmint menthol,listed on VOS but out of stock,spearmint menthol,5.99,https://www.ninja-vapes.co.uk/product/refill-pods-for-double-drip-10k,high
ninja-vapes.co.uk,dovpo ayce pro pod kit,dovpo ayce pro vape kit,https://vapeonlinestore.co.uk/products/dovpo-ayce-pro-pod-kit,colour,nacre black,not listed on VOS,,18.99,https://www.ninja-vapes.co.uk/product/dovpo-ayce-pro-pod-kit,high
ninja-vapes.co.uk,dovpo ayce pro pod kit,dovpo ayce pro vape kit,https://vapeonlinestore.co.uk/products/dovpo-ayce-pro-pod-kit,colour,nacre blue,not listed on VOS,,18.99,https://www.ninja-vapes.co.uk/product/dovpo-ayce-pro-pod-kit,high
ninja-vapes.co.uk,dovpo ayce pro pod kit,dovpo ayce pro vape kit,https://vapeonlinestore.co.uk/products/dovpo-ayce-pro-pod-kit,colour,nacre dark blue,not listed on VOS,,18.99,https://www.ninja-vapes.co.uk/product/dovpo-ayce-pro-pod-kit,high
ninja-vapes.co.uk,dovpo ayce pro pod kit,dovpo ayce pro vape kit,https://vapeonlinestore.co.uk/products/dovpo-ayce-pro-pod-kit,colour,nacre gold,not listed on VOS,,18.99,https://www.ninja-vapes.co.uk/product/dovpo-ayce-pro-pod-kit,high
ninja-vapes.co.uk,dovpo ayce pro pod kit,dovpo ayce pro vape kit,https://vapeonlinestore.co.uk/products/dovpo-ayce-pro-pod-kit,colour,nacre pink,not listed on VOS,,18.99,https://www.ninja-vapes.co.uk/product/dovpo-ayce-pro-pod-kit,high
ninja-vapes.co.uk,dovpo ayce pro pod kit,dovpo ayce pro vape kit,https://vapeonlinestore.co.uk/products/dovpo-ayce-pro-pod-kit,colour,nacre purple red,not listed on VOS,,18.99,https://www.ninja-vapes.co.uk/product/dovpo-ayce-pro-pod-kit,high
ninja-vapes.co.uk,dovpo ayce pro pod kit,dovpo ayce pro vape kit,https://vapeonlinestore.co.uk/products/dovpo-ayce-pro-pod-kit,colour,nacre red,not listed on VOS,,18.99,https://www.ninja-vapes.co.uk/product/dovpo-ayce-pro-pod-kit,high
ninja-vapes.co.uk,dovpo ayce pro pod kit,dovpo ayce pro vape kit,https://vapeonlinestore.co.uk/products/dovpo-ayce-pro-pod-kit,colour,nacre silver,not listed on VOS,,18.99,https://www.ninja-vapes.co.uk/product/dovpo-ayce-pro-pod-kit,high
ninja-vapes.co.uk,dovpo ayce pro pod kit,dovpo ayce pro vape kit,https://vapeonlinestore.co.uk/products/dovpo-ayce-pro-pod-kit,colour,nacre sunset sky,not listed on VOS,,18.99,https://www.ninja-vapes.co.uk/product/dovpo-ayce-pro-pod-kit,high
ninja-vapes.co.uk,Nic Salt E-Liquid By Drifter,drifter bar 10ml nic salt e-liquid,https://vapeonlinestore.co.uk/products/drifter-bar-10ml-nic-salt,flavour,pineapple ice,not listed on VOS,,3.95,https://www.ninja-vapes.co.uk/product/pineapple-ice-nic-salt-drifter,medium
ninja-vapes.co.uk,Nic Salt E-Liquid By Drifter,drifter bar 10ml nic salt e-liquid,https://vapeonlinestore.co.uk/products/drifter-bar-10ml-nic-salt,flavour,sweet strawberry ice,not listed on VOS,,3.95,https://www.ninja-vapes.co.uk/product/sweet-strawberry-ice-nic-salt-drifter,medium
ninja-vapes.co.uk,eleaf istick 20w box mod,eleaf istick 20w mod,https://vapeonlinestore.co.uk/products/eleaf-istick-20w-mod,colour,silver,not listed on VOS,,22.99,https://www.ninja-vapes.co.uk/product/eleaf-istick-20w-mod,high
ninja-vapes.co.uk,eleaf istick 40w tc box mod,eleaf istick 40w tc box mod,https://vapeonlinestore.co.uk/products/eleaf-istick-40w-mod,colour,baby pink,not listed on VOS,,23.99,https://www.ninja-vapes.co.uk/product/eleaf-istick-40w-tc-box-pod,high
ninja-vapes.co.uk,eleaf istick t80 mod,eleaf istick t80 mod,https://vapeonlinestore.co.uk/products/eleaf-istick-t80-mod,colour,black,not listed on VOS,,36.99,https://www.ninja-vapes.co.uk/product/eleaf-istick-t80-mod,high
ninja-vapes.co.uk,eleaf istick t80 mod,eleaf istick t80 mod,https://vapeonlinestore.co.uk/products/eleaf-istick-t80-mod,colour,gradient aqua,not listed on VOS,,36.99,https://www.ninja-vapes.co.uk/product/eleaf-istick-t80-mod,high
ninja-vapes.co.uk,eleaf istick t80 mod,eleaf istick t80 mod,https://vapeonlinestore.co.uk/products/eleaf-istick-t80-mod,colour,rose gold. silver,not listed on VOS,,36.99,https://www.ninja-vapes.co.uk/product/eleaf-istick-t80-mod,high
ninja-vapes.co.uk,eleaf istick t80 mod kit,eleaf istick t80 vape kit,https://vapeonlinestore.co.uk/products/eleaf-istick-t80-vape-kit,colour,grey,not listed on VOS,,38.99,https://www.ninja-vapes.co.uk/product/eleaf-istick-t80-mod-kit,high
ninja-vapes.co.uk,eleaf istick t80 mod kit,eleaf istick t80 vape kit,https://vapeonlinestore.co.uk/products/eleaf-istick-t80-vape-kit,colour,rose gold,not listed on VOS,,38.99,https://www.ninja-vapes.co.uk/product/eleaf-istick-t80-mod-kit,high
ninja-vapes.co.uk,eleaf istick mini mod 10w,eleaf mini istick 10w box mod,https://vapeonlinestore.co.uk/products/eleaf-mini-istick-10w-mod,colour,pink,not listed on VOS,,18.99,https://www.ninja-vapes.co.uk/product/eleaf-istick-mini-10w-mod,high
ninja-vapes.co.uk,eleaf istick mini mod 10w,eleaf mini istick 10w box mod,https://vapeonlinestore.co.uk/products/eleaf-mini-istick-10w-mod,colour,white,not listed on VOS,,18.99,https://www.ninja-vapes.co.uk/product/eleaf-istick-mini-10w-mod,high
ninja-vapes.co.uk,element 100ml shortfill e-liquids,element shortfill 100ml e-liquid,https://vapeonlinestore.co.uk/products/element-shortfill-100ml-e-liquid,flavour,freeze squeeze,not listed on VOS,,9.99,https://www.ninja-vapes.co.uk/product/element-100ml-shortfill-eliquids,high
ninja-vapes.co.uk,element 100ml shortfill e-liquids,element shortfill 100ml e-liquid,https://vapeonlinestore.co.uk/products/element-shortfill-100ml-e-liquid,flavour,grape vape,listed on VOS but out of stock,grape vape,9.99,https://www.ninja-vapes.co.uk/product/element-100ml-shortfill-eliquids,high
ninja-vapes.co.uk,element 100ml shortfill e-liquids,element shortfill 100ml e-liquid,https://vapeonlinestore.co.uk/products/element-shortfill-100ml-e-liquid,flavour,green apple plus kiwi redberry,listed on VOS but out of stock,green apple plus kiwi redberry,9.99,https://www.ninja-vapes.co.uk/product/element-100ml-shortfill-eliquids,high
ninja-vapes.co.uk,element 100ml shortfill e-liquids,element shortfill 100ml e-liquid,https://vapeonlinestore.co.uk/products/element-shortfill-100ml-e-liquid,flavour,neon red slushie,listed on VOS but out of stock,neon red slushie,9.99,https://www.ninja-vapes.co.uk/product/element-100ml-shortfill-eliquids,high
ninja-vapes.co.uk,element 100ml shortfill e-liquids,element shortfill 100ml e-liquid,https://vapeonlinestore.co.uk/products/element-shortfill-100ml-e-liquid,flavour,pineapple bliss,listed on VOS but out of stock,pineapple bliss,9.99,https://www.ninja-vapes.co.uk/product/element-100ml-shortfill-eliquids,high
ninja-vapes.co.uk,elf bar 4 in 1 3200 puffs prefilled pod kit,elf bar 4 in 1 vape pod kit,https://vapeonlinestore.co.uk/products/elf-bar-4-in-1-vape-pod-kit,flavour,pineapple,not listed on VOS,,5.99,https://www.ninja-vapes.co.uk/product/elf-bar-4-in-1-pod-kit,medium
ninja-vapes.co.uk,elf bar 4 in 1 3200 puffs prefilled pod kit,elf bar 4 in 1 vape pod kit,https://vapeonlinestore.co.uk/products/elf-bar-4-in-1-vape-pod-kit,flavour,pink,not listed on VOS,,5.99,https://www.ninja-vapes.co.uk/product/elf-bar-4-in-1-pod-kit,medium
ninja-vapes.co.uk,elf bar 4 in 1 3200 puffs prefilled pod kit,elf bar 4 in 1 vape pod kit,https://vapeonlinestore.co.uk/products/elf-bar-4-in-1-vape-pod-kit,flavour,summer,not listed on VOS,,5.99,https://www.ninja-vapes.co.uk/product/elf-bar-4-in-1-pod-kit,medium
ninja-vapes.co.uk,elf bar 4 in 1 3200 puffs prefilled pod kit,elf bar 4 in 1 vape pod kit,https://vapeonlinestore.co.uk/products/elf-bar-4-in-1-vape-pod-kit,flavour,yellow,not listed on VOS,,5.99,https://www.ninja-vapes.co.uk/product/elf-bar-4-in-1-pod-kit,medium
ninja-vapes.co.uk,elf bar af5500 puffs prefilled refill pods,elf bar af5500 prefilled pods,https://vapeonlinestore.co.uk/products/elf-bar-af5000-pods,flavour,sour pineapple ice,not listed on VOS,,4.99,https://www.ninja-vapes.co.uk/product/elf-bar-af5500-prefilled-refill-pods,high
ninja-vapes.co.uk,elf bar elf nicotine pouches,elf bar elf nicotine pouches,https://vapeonlinestore.co.uk/products/elf-nicotine-pouches,flavour,max polar mint pineapple,not listed on VOS,,4.99,https://www.ninja-vapes.co.uk/product/elf-nicotine-pouches-by-elf-bar,high
ninja-vapes.co.uk,elf bar elfa pod vape kit,elf bar elfa pre-filled pod kit,https://vapeonlinestore.co.uk/products/elfa-pod-kit,colour,white,not listed on VOS,,3.99,https://www.ninja-vapes.co.uk/product/elfbar-elfa-pod-vape-kit,high
ninja-vapes.co.uk,elf bar elfx replacement pods (3pack),elf bar elfx replacement pods pack of 3,https://vapeonlinestore.co.uk/products/elf-bar-elfx-replacement-pods,resistance,0.6ohm,not listed on VOS,,8.99,https://www.ninja-vapes.co.uk/product/elf-bar-elfx-replacement-pods,high
ninja-vapes.co.uk,elf bar elfx replacement pods (3pack),elf bar elfx replacement pods pack of 3,https://vapeonlinestore.co.uk/products/elf-bar-elfx-replacement-pods,resistance,0.8ohm,not listed on VOS,,8.99,https://www.ninja-vapes.co.uk/product/elf-bar-elfx-replacement-pods,high
ninja-vapes.co.uk,elf bar mate 500 pod vape kit,elf bar mate 500 pod starter kit - starter kit,https://vapeonlinestore.co.uk/products/elf-bar-mate500-pod-starter-kit,colour,aurora green,not listed on VOS,,3.99,https://www.ninja-vapes.co.uk/product/elf-bar-mate-500-pod-kit,high
ninja-vapes.co.uk,elf bar mate 500 pod vape kit,elf bar mate 500 pod starter kit - starter kit,https://vapeonlinestore.co.uk/products/elf-bar-mate500-pod-starter-kit,colour,aurora yellow,not listed on VOS,,3.99,https://www.ninja-vapes.co.uk/product/elf-bar-mate-500-pod-kit,high
ninja-vapes.co.uk,elf bar tacja nicotine pouches,elf bar tacja nicotine pouches,https://vapeonlinestore.co.uk/products/elf-bar-tacja-nicotine-pouches,flavour,spearmint mint,not listed on VOS,,3.99,https://www.ninja-vapes.co.uk/product/elfbar-tacja-nicotine-pouches,high
ninja-vapes.co.uk,elf bar tacja nicotine pouches,elf bar tacja nicotine pouches,https://vapeonlinestore.co.uk/products/elf-bar-tacja-nicotine-pouches,strength,12mg regular,not listed on VOS,,3.99,https://www.ninja-vapes.co.uk/product/elfbar-tacja-nicotine-pouches,high
ninja-vapes.co.uk,elf bar tacja nicotine pouches,elf bar tacja nicotine pouches,https://vapeonlinestore.co.uk/products/elf-bar-tacja-nicotine-pouches,strength,18mg medium,not listed on VOS,,3.99,https://www.ninja-vapes.co.uk/product/elfbar-tacja-nicotine-pouches,high
ninja-vapes.co.uk,elf bar tacja nicotine pouches,elf bar tacja nicotine pouches,https://vapeonlinestore.co.uk/products/elf-bar-tacja-nicotine-pouches,strength,20mg strong,not listed on VOS,,3.99,https://www.ninja-vapes.co.uk/product/elfbar-tacja-nicotine-pouches,high
ninja-vapes.co.uk,elfbar elfx pro classic edition pod kit,elfbar elfx pro classic edition pod kit,https://vapeonlinestore.co.uk/products/elfbar-elfx-pro-classic-edition-pod-kit,colour,papaya,not listed on VOS,,14.99,https://www.ninja-vapes.co.uk/product/elfbar-elfx-pro-classic-edition-pod-vape,high
ninja-vapes.co.uk,elf bar elfx vape kit,elfbar elfx ultra pod kit,https://vapeonlinestore.co.uk/products/elfbar-elfx-ultra-pod-kit,colour,purple,not listed on VOS,,11.99,https://www.ninja-vapes.co.uk/product/elf-bar-elfx-vape-kit-device,medium
ninja-vapes.co.uk,elf bar elfx vape kit,elfbar elfx ultra pod kit,https://vapeonlinestore.co.uk/products/elfbar-elfx-ultra-pod-kit,colour,silver,not listed on VOS,,11.99,https://www.ninja-vapes.co.uk/product/elf-bar-elfx-vape-kit-device,medium
ninja-vapes.co.uk,elux cyberover p1 pod kit,elux cyberover p1 pod vape kit,https://vapeonlinestore.co.uk/products/elux-cyberover-p1,colour,golden,not listed on VOS,,12.99,https://www.ninja-vapes.co.uk/product/elux-cyberover-p1-pod-vape-kit,high
ninja-vapes.co.uk,elux ene legend 15k puffs prefilled pod kit,elux ene legend 15k puff prefilled vape pod kit,https://vapeonlinestore.co.uk/products/ene-legend-15k,flavour,fresh mint,not listed on VOS,,8.99,https://www.ninja-vapes.co.uk/product/elux-ene-legend-15k-puffs-prefilled-pod-kit,high
ninja-vapes.co.uk,elux firerose alter 7000 refill pods,elux firerose alter 7000 prefilled pod,https://vapeonlinestore.co.uk/products/elux-firerose-alter-7000-pod,flavour,haven oasis,not listed on VOS,,4.99,https://www.ninja-vapes.co.uk/product/refill-pods-for-elux-firerose-alter-7000,high
ninja-vapes.co.uk,elux firerose alter 7000 refill pods,elux firerose alter 7000 prefilled pod,https://vapeonlinestore.co.uk/products/elux-firerose-alter-7000-pod,flavour,hbubba,not listed on VOS,,4.99,https://www.ninja-vapes.co.uk/product/refill-pods-for-elux-firerose-alter-7000,high
ninja-vapes.co.uk,elux legend 1500 prefilled refill pods,elux legend 1500 puffs replacement pods,https://vapeonlinestore.co.uk/products/elux-legend-1500-pods,flavour,g bear,not listed on VOS,,4.99,https://www.ninja-vapes.co.uk/product/elux-legend-1500-prefilled-refill-pods,high
ninja-vapes.co.uk,Enjoy Ultra 9000 Refill Pods,enjoy ultra 9000 prefilled refill pods,https://vapeonlinestore.co.uk/products/enjoy-ultra-9000-pods,flavour,blue raspberry cherry,not listed on VOS,,25.99,https://www.ninja-vapes.co.uk/product/box-of-10-enjoy-ultra-9000-refill-pods,high
ninja-vapes.co.uk,Enjoy Ultra 9000 Refill Pods,enjoy ultra 9000 prefilled refill pods,https://vapeonlinestore.co.uk/products/enjoy-ultra-9000-pods,flavour,blue raspberry lemonade,not listed on VOS,,25.99,https://www.ninja-vapes.co.uk/product/box-of-10-enjoy-ultra-9000-refill-pods,high
ninja-vapes.co.uk,Enjoy Ultra 9000 Refill Pods,enjoy ultra 9000 prefilled refill pods,https://vapeonlinestore.co.uk/products/enjoy-ultra-9000-pods,flavour,blueberry cranberry cherry,not listed on VOS,,25.99,https://www.ninja-vapes.co.uk/product/box-of-10-enjoy-ultra-9000-refill-pods,high
ninja-vapes.co.uk,Enjoy Ultra 9000 Refill Pods,enjoy ultra 9000 prefilled refill pods,https://vapeonlinestore.co.uk/products/enjoy-ultra-9000-pods,flavour,blueberry raspberry,not listed on VOS,,25.99,https://www.ninja-vapes.co.uk/product/box-of-10-enjoy-ultra-9000-refill-pods,high
ninja-vapes.co.uk,Enjoy Ultra 9000 Refill Pods,enjoy ultra 9000 prefilled refill pods,https://vapeonlinestore.co.uk/products/enjoy-ultra-9000-pods,flavour,blueberry sour raspberry,not listed on VOS,,25.99,https://www.ninja-vapes.co.uk/product/box-of-10-enjoy-ultra-9000-refill-pods,high
ninja-vapes.co.uk,Enjoy Ultra 9000 Refill Pods,enjoy ultra 9000 prefilled refill pods,https://vapeonlinestore.co.uk/products/enjoy-ultra-9000-pods,flavour,cherry cola,not listed on VOS,,25.99,https://www.ninja-vapes.co.uk/product/box-of-10-enjoy-ultra-9000-refill-pods,high
ninja-vapes.co.uk,Enjoy Ultra 9000 Refill Pods,enjoy ultra 9000 prefilled refill pods,https://vapeonlinestore.co.uk/products/enjoy-ultra-9000-pods,flavour,fizzy cherry,not listed on VOS,,25.99,https://www.ninja-vapes.co.uk/product/box-of-10-enjoy-ultra-9000-refill-pods,high
ninja-vapes.co.uk,Enjoy Ultra 9000 Refill Pods,enjoy ultra 9000 prefilled refill pods,https://vapeonlinestore.co.uk/products/enjoy-ultra-9000-pods,flavour,juicy peach,not listed on VOS,,25.99,https://www.ninja-vapes.co.uk/product/box-of-10-enjoy-ultra-9000-refill-pods,high
ninja-vapes.co.uk,Enjoy Ultra 9000 Refill Pods,enjoy ultra 9000 prefilled refill pods,https://vapeonlinestore.co.uk/products/enjoy-ultra-9000-pods,flavour,strawberry watermelon bubblegum,not listed on VOS,,25.99,https://www.ninja-vapes.co.uk/product/box-of-10-enjoy-ultra-9000-refill-pods,high
ninja-vapes.co.uk,vaporesso euc cotton coils,euc replacement coils pack of 5,https://vapeonlinestore.co.uk/products/euc-replacement-coils-5-pack-by-vaporesso,resistance,0.4ohm,not listed on VOS,,6.99,https://www.ninja-vapes.co.uk/product/vaporesso-euc-cotton-coils,medium
ninja-vapes.co.uk,feoba pro plus 10k prefilled pod kit,feoba pro plus 10k prefilled pod kit,https://vapeonlinestore.co.uk/products/feoba-pro-plus-10k,flavour,blueberry ice,not listed on VOS,,8.99,https://www.ninja-vapes.co.uk/product/feoba-pro-plus-10k-prefilled-pod-kit,high
ninja-vapes.co.uk,feoba pro plus 10k prefilled pod kit,feoba pro plus 10k prefilled pod kit,https://vapeonlinestore.co.uk/products/feoba-pro-plus-10k,flavour,bru ice,not listed on VOS,,8.99,https://www.ninja-vapes.co.uk/product/feoba-pro-plus-10k-prefilled-pod-kit,high
ninja-vapes.co.uk,feoba pro plus 10k prefilled pod kit,feoba pro plus 10k prefilled pod kit,https://vapeonlinestore.co.uk/products/feoba-pro-plus-10k,flavour,bubblegum,not listed on VOS,,8.99,https://www.ninja-vapes.co.uk/product/feoba-pro-plus-10k-prefilled-pod-kit,high
ninja-vapes.co.uk,feoba pro plus 10k prefilled pod kit,feoba pro plus 10k prefilled pod kit,https://vapeonlinestore.co.uk/products/feoba-pro-plus-10k,flavour,cola ice,not listed on VOS,,8.99,https://www.ninja-vapes.co.uk/product/feoba-pro-plus-10k-prefilled-pod-kit,high
ninja-vapes.co.uk,feoba pro plus 10k prefilled pod kit,feoba pro plus 10k prefilled pod kit,https://vapeonlinestore.co.uk/products/feoba-pro-plus-10k,flavour,cola lime,not listed on VOS,,8.99,https://www.ninja-vapes.co.uk/product/feoba-pro-plus-10k-prefilled-pod-kit,high
ninja-vapes.co.uk,feoba pro plus 10k prefilled pod kit,feoba pro plus 10k prefilled pod kit,https://vapeonlinestore.co.uk/products/feoba-pro-plus-10k,flavour,fizzy grape,not listed on VOS,,8.99,https://www.ninja-vapes.co.uk/product/feoba-pro-plus-10k-prefilled-pod-kit,high
ninja-vapes.co.uk,feoba pro plus 10k prefilled pod kit,feoba pro plus 10k prefilled pod kit,https://vapeonlinestore.co.uk/products/feoba-pro-plus-10k,flavour,fizzy orange ice,not listed on VOS,,8.99,https://www.ninja-vapes.co.uk/product/feoba-pro-plus-10k-prefilled-pod-kit,high
ninja-vapes.co.uk,feoba pro plus 10k prefilled pod kit,feoba pro plus 10k prefilled pod kit,https://vapeonlinestore.co.uk/products/feoba-pro-plus-10k,flavour,fuba fuba,not listed on VOS,,8.99,https://www.ninja-vapes.co.uk/product/feoba-pro-plus-10k-prefilled-pod-kit,high
ninja-vapes.co.uk,feoba pro plus 10k prefilled pod kit,feoba pro plus 10k prefilled pod kit,https://vapeonlinestore.co.uk/products/feoba-pro-plus-10k,flavour,gummy bear,not listed on VOS,,8.99,https://www.ninja-vapes.co.uk/product/feoba-pro-plus-10k-prefilled-pod-kit,high
ninja-vapes.co.uk,feoba pro plus 10k prefilled pod kit,feoba pro plus 10k prefilled pod kit,https://vapeonlinestore.co.uk/products/feoba-pro-plus-10k,flavour,kiwi grape raspberry,not listed on VOS,,8.99,https://www.ninja-vapes.co.uk/product/feoba-pro-plus-10k-prefilled-pod-kit,high
ninja-vapes.co.uk,feoba pro plus 10k prefilled pod kit,feoba pro plus 10k prefilled pod kit,https://vapeonlinestore.co.uk/products/feoba-pro-plus-10k,flavour,lemon sherbert,not listed on VOS,,8.99,https://www.ninja-vapes.co.uk/product/feoba-pro-plus-10k-prefilled-pod-kit,high
ninja-vapes.co.uk,feoba pro plus 10k prefilled pod kit,feoba pro plus 10k prefilled pod kit,https://vapeonlinestore.co.uk/products/feoba-pro-plus-10k,flavour,peach raspberry gummy,not listed on VOS,,8.99,https://www.ninja-vapes.co.uk/product/feoba-pro-plus-10k-prefilled-pod-kit,high
ninja-vapes.co.uk,feoba pro plus 10k prefilled pod kit,feoba pro plus 10k prefilled pod kit,https://vapeonlinestore.co.uk/products/feoba-pro-plus-10k,flavour,rainbow,not listed on VOS,,8.99,https://www.ninja-vapes.co.uk/product/feoba-pro-plus-10k-prefilled-pod-kit,high
ninja-vapes.co.uk,feoba pro plus 10k prefilled pod kit,feoba pro plus 10k prefilled pod kit,https://vapeonlinestore.co.uk/products/feoba-pro-plus-10k,flavour,raspberry lemonade,not listed on VOS,,8.99,https://www.ninja-vapes.co.uk/product/feoba-pro-plus-10k-prefilled-pod-kit,high
ninja-vapes.co.uk,feoba pro plus 10k prefilled pod kit,feoba pro plus 10k prefilled pod kit,https://vapeonlinestore.co.uk/products/feoba-pro-plus-10k,flavour,strawberry banana raspberry,not listed on VOS,,8.99,https://www.ninja-vapes.co.uk/product/feoba-pro-plus-10k-prefilled-pod-kit,high
ninja-vapes.co.uk,feoba pro plus 10k prefilled pod kit,feoba pro plus 10k prefilled pod kit,https://vapeonlinestore.co.uk/products/feoba-pro-plus-10k,flavour,strawberry gummy,not listed on VOS,,8.99,https://www.ninja-vapes.co.uk/product/feoba-pro-plus-10k-prefilled-pod-kit,high
ninja-vapes.co.uk,feoba pro plus 10k prefilled pod kit,feoba pro plus 10k prefilled pod kit,https://vapeonlinestore.co.uk/products/feoba-pro-plus-10k,flavour,strawberry watermelon,not listed on VOS,,8.99,https://www.ninja-vapes.co.uk/product/feoba-pro-plus-10k-prefilled-pod-kit,high
ninja-vapes.co.uk,feoba pro plus 10k prefilled pod kit,feoba pro plus 10k prefilled pod kit,https://vapeonlinestore.co.uk/products/feoba-pro-plus-10k,flavour,watermelon cherry,not listed on VOS,,8.99,https://www.ninja-vapes.co.uk/product/feoba-pro-plus-10k-prefilled-pod-kit,high
ninja-vapes.co.uk,feoba pro plus 10k prefilled pod kit,feoba pro plus 10k prefilled pod kit,https://vapeonlinestore.co.uk/products/feoba-pro-plus-10k,flavour,watermelon raspberry,not listed on VOS,,8.99,https://www.ninja-vapes.co.uk/product/feoba-pro-plus-10k-prefilled-pod-kit,high
ninja-vapes.co.uk,feoba pro plus 10k prefilled pods,feoba pro plus 10k prefilled pods,https://vapeonlinestore.co.uk/products/feoba-pro-plus-10k-pods,flavour,blueberry ice,not listed on VOS,,5.99,https://www.ninja-vapes.co.uk/product/feoba-pro-plus-10k-prefilled-pods,high
ninja-vapes.co.uk,feoba pro plus 10k prefilled pods,feoba pro plus 10k prefilled pods,https://vapeonlinestore.co.uk/products/feoba-pro-plus-10k-pods,flavour,bru ice,not listed on VOS,,5.99,https://www.ninja-vapes.co.uk/product/feoba-pro-plus-10k-prefilled-pods,high
ninja-vapes.co.uk,feoba pro plus 10k prefilled pods,feoba pro plus 10k prefilled pods,https://vapeonlinestore.co.uk/products/feoba-pro-plus-10k-pods,flavour,cola lime,not listed on VOS,,5.99,https://www.ninja-vapes.co.uk/product/feoba-pro-plus-10k-prefilled-pods,high
ninja-vapes.co.uk,feoba pro plus 10k prefilled pods,feoba pro plus 10k prefilled pods,https://vapeonlinestore.co.uk/products/feoba-pro-plus-10k-pods,flavour,gummy bear,not listed on VOS,,5.99,https://www.ninja-vapes.co.uk/product/feoba-pro-plus-10k-prefilled-pods,high
ninja-vapes.co.uk,feoba pro plus 10k prefilled pods,feoba pro plus 10k prefilled pods,https://vapeonlinestore.co.uk/products/feoba-pro-plus-10k-pods,flavour,kiwi grape raspberry,not listed on VOS,,5.99,https://www.ninja-vapes.co.uk/product/feoba-pro-plus-10k-prefilled-pods,high
ninja-vapes.co.uk,feoba pro plus 10k prefilled pods,feoba pro plus 10k prefilled pods,https://vapeonlinestore.co.uk/products/feoba-pro-plus-10k-pods,flavour,rainbow,not listed on VOS,,5.99,https://www.ninja-vapes.co.uk/product/feoba-pro-plus-10k-prefilled-pods,high
ninja-vapes.co.uk,feoba pro plus 10k prefilled pods,feoba pro plus 10k prefilled pods,https://vapeonlinestore.co.uk/products/feoba-pro-plus-10k-pods,flavour,raspberry lemonade,not listed on VOS,,5.99,https://www.ninja-vapes.co.uk/product/feoba-pro-plus-10k-prefilled-pods,high
ninja-vapes.co.uk,feoba pro plus 10k prefilled pods,feoba pro plus 10k prefilled pods,https://vapeonlinestore.co.uk/products/feoba-pro-plus-10k-pods,flavour,strawberry watermelon,not listed on VOS,,5.99,https://www.ninja-vapes.co.uk/product/feoba-pro-plus-10k-prefilled-pods,high
ninja-vapes.co.uk,feoba pro plus 10k prefilled pods,feoba pro plus 10k prefilled pods,https://vapeonlinestore.co.uk/products/feoba-pro-plus-10k-pods,flavour,watermelon cherry,not listed on VOS,,5.99,https://www.ninja-vapes.co.uk/product/feoba-pro-plus-10k-prefilled-pods,high
ninja-vapes.co.uk,feoba pro plus 10k prefilled pods,feoba pro plus 10k prefilled pods,https://vapeonlinestore.co.uk/products/feoba-pro-plus-10k-pods,flavour,watermelon raspberry,not listed on VOS,,5.99,https://www.ninja-vapes.co.uk/product/feoba-pro-plus-10k-prefilled-pods,high
ninja-vapes.co.uk,box of 5 / box of 10 feoba pro 6k prefilled refill pods,feoba pro prefilled replacement pods,https://vapeonlinestore.co.uk/products/feoba-pro-refillable-replacement-pods,flavour,triple mango,not listed on VOS,,19.99,https://www.ninja-vapes.co.uk/product/box-of-10-feoba-pro-6k-prefilled-refill-pods,low
ninja-vapes.co.uk,box of 5 / box of 10 feoba pro 6k prefilled refill pods,feoba pro prefilled replacement pods,https://vapeonlinestore.co.uk/products/feoba-pro-refillable-replacement-pods,flavour,triple melon,not listed on VOS,,19.99,https://www.ninja-vapes.co.uk/product/box-of-10-feoba-pro-6k-prefilled-refill-pods,low
ninja-vapes.co.uk,firerose slidego 20k refill pods,firerose slidego 20k puffs pod,https://vapeonlinestore.co.uk/products/firerose-slidego-20k-puffs-pod,flavour,pineapple ice,not listed on VOS,,5.99,https://www.ninja-vapes.co.uk/product/refill-pods-for-firerose-slidego-40k,reviewed
ninja-vapes.co.uk,Fisco Point Pro 7000 Puffs Prefilled Pods Kit,fisco point pro 7000 puffs disposable pod kit,https://vapeonlinestore.co.uk/products/fisco-point-pro-7000,flavour,triple apple,not listed on VOS,,39.99,https://www.ninja-vapes.co.uk/product/box-of-5-fisco-point-pro-7000,high
ninja-vapes.co.uk,fisco point pro 7000 prefilled refill pods,fisco point pro 7000 puffs reusable pods,https://vapeonlinestore.co.uk/products/fisco-point-pro-7000-prefilled-pods,flavour,strawberry watermelon bubblegum,not listed on VOS,,5.99,https://www.ninja-vapes.co.uk/product/fisco-point-pro-7000-refill-pods,high
ninja-vapes.co.uk,fisco point pro 7000 prefilled refill pods,fisco point pro 7000 puffs reusable pods,https://vapeonlinestore.co.uk/products/fisco-point-pro-7000-prefilled-pods,flavour,triple apple,not listed on VOS,,5.99,https://www.ninja-vapes.co.uk/product/fisco-point-pro-7000-refill-pods,high
ninja-vapes.co.uk,freemax fireluke 2 mesh sub-ohm tank,freemax fireluke 2 tank,https://vapeonlinestore.co.uk/products/freemax-fireluke-2-tank,colour,metal blue,not listed on VOS,,20.99,https://www.ninja-vapes.co.uk/product/freemax-fireluke-2-mesh-subohm-tank,medium
ninja-vapes.co.uk,freemax fireluke 2 mesh sub-ohm tank,freemax fireluke 2 tank,https://vapeonlinestore.co.uk/products/freemax-fireluke-2-tank,colour,metal golden,not listed on VOS,,20.99,https://www.ninja-vapes.co.uk/product/freemax-fireluke-2-mesh-subohm-tank,medium
ninja-vapes.co.uk,freemax fireluke 2 mesh sub-ohm tank,freemax fireluke 2 tank,https://vapeonlinestore.co.uk/products/freemax-fireluke-2-tank,colour,metal green,not listed on VOS,,20.99,https://www.ninja-vapes.co.uk/product/freemax-fireluke-2-mesh-subohm-tank,medium
ninja-vapes.co.uk,freemax fireluke 2 mesh sub-ohm tank,freemax fireluke 2 tank,https://vapeonlinestore.co.uk/products/freemax-fireluke-2-tank,colour,metal purple,not listed on VOS,,20.99,https://www.ninja-vapes.co.uk/product/freemax-fireluke-2-mesh-subohm-tank,medium
ninja-vapes.co.uk,freemax fireluke 2 mesh sub-ohm tank,freemax fireluke 2 tank,https://vapeonlinestore.co.uk/products/freemax-fireluke-2-tank,colour,metal stainless,not listed on VOS,,20.99,https://www.ninja-vapes.co.uk/product/freemax-fireluke-2-mesh-subohm-tank,medium
ninja-vapes.co.uk,freemax m pro 3 tank,freemax m pro 3 tank,https://vapeonlinestore.co.uk/products/freemax-m-pro-3-tank,colour,silver,not listed on VOS,,22.99,https://www.ninja-vapes.co.uk/product/freemax-m-pro-3-tank,high
ninja-vapes.co.uk,freemax maxpod kit replacement coils,freemax maxpod ns mesh replacement coils uk,https://vapeonlinestore.co.uk/products/maxpod-ns-mesh-replacement-coils-by-freemax,resistance,ns 1.0ohm,not listed on VOS,,11.99,https://www.ninja-vapes.co.uk/product/freemax-maxpod-kit-replacement-coils,reviewed
ninja-vapes.co.uk,freemax maxpod kit replacement coils,freemax maxpod ns mesh replacement coils uk,https://vapeonlinestore.co.uk/products/maxpod-ns-mesh-replacement-coils-by-freemax,resistance,ns 1.5ohm,not listed on VOS,,11.99,https://www.ninja-vapes.co.uk/product/freemax-maxpod-kit-replacement-coils,reviewed
ninja-vapes.co.uk,freemax max pod kit,freemax maxus max pro kit,https://vapeonlinestore.co.uk/products/freemax-maxus-max-pro-kit,colour,black,not listed on VOS,,21.99,https://www.ninja-vapes.co.uk/product/freemax-max-pod-kit,low
ninja-vapes.co.uk,freemax max pod kit,freemax maxus max pro kit,https://vapeonlinestore.co.uk/products/freemax-maxus-max-pro-kit,colour,green,not listed on VOS,,21.99,https://www.ninja-vapes.co.uk/product/freemax-max-pod-kit,low
ninja-vapes.co.uk,freemax max pod kit,freemax maxus max pro kit,https://vapeonlinestore.co.uk/products/freemax-maxus-max-pro-kit,colour,red,not listed on VOS,,21.99,https://www.ninja-vapes.co.uk/product/freemax-max-pod-kit,low
ninja-vapes.co.uk,freemax max pod kit,freemax maxus max pro kit,https://vapeonlinestore.co.uk/products/freemax-maxus-max-pro-kit,colour,white,not listed on VOS,,21.99,https://www.ninja-vapes.co.uk/product/freemax-max-pod-kit,low
ninja-vapes.co.uk,freemax mesh pro replacement coils,freemax mesh pro coils pack of 3,https://vapeonlinestore.co.uk/products/freemax-mesh-pro-coils,resistance,kanthal double 0.2ohm,not listed on VOS,,8.99,https://www.ninja-vapes.co.uk/product/freemax-mesh-pro-replacement-coils,high
ninja-vapes.co.uk,freemax mesh pro replacement coils,freemax mesh pro coils pack of 3,https://vapeonlinestore.co.uk/products/freemax-mesh-pro-coils,resistance,kanthal quad 0.15ohm,not listed on VOS,,8.99,https://www.ninja-vapes.co.uk/product/freemax-mesh-pro-replacement-coils,high
ninja-vapes.co.uk,freemax mesh pro replacement coils,freemax mesh pro coils pack of 3,https://vapeonlinestore.co.uk/products/freemax-mesh-pro-coils,resistance,kanthal quintuple 0.15ohm,not listed on VOS,,8.99,https://www.ninja-vapes.co.uk/product/freemax-mesh-pro-replacement-coils,high
ninja-vapes.co.uk,freemax mesh pro replacement coils,freemax mesh pro coils pack of 3,https://vapeonlinestore.co.uk/products/freemax-mesh-pro-coils,resistance,kanthal single 0.15ohm,not listed on VOS,,8.99,https://www.ninja-vapes.co.uk/product/freemax-mesh-pro-replacement-coils,high
ninja-vapes.co.uk,freemax mesh pro replacement coils,freemax mesh pro coils pack of 3,https://vapeonlinestore.co.uk/products/freemax-mesh-pro-coils,resistance,kanthal triple 0.15ohm,not listed on VOS,,8.99,https://www.ninja-vapes.co.uk/product/freemax-mesh-pro-replacement-coils,high
ninja-vapes.co.uk,freemax mesh pro replacement coils,freemax mesh pro coils pack of 3,https://vapeonlinestore.co.uk/products/freemax-mesh-pro-coils,resistance,ss316l single 0.15ohm,not listed on VOS,,8.99,https://www.ninja-vapes.co.uk/product/freemax-mesh-pro-replacement-coils,high
ninja-vapes.co.uk,freemax twister coils,freemax twister coils cheap pack of 5,https://vapeonlinestore.co.uk/products/twister-coils-by-freemax,resistance,ss316l 0.12ohm,not listed on VOS,,16.95,https://www.ninja-vapes.co.uk/product/freemax-twister-coils,high
ninja-vapes.co.uk,freemax twister coils,freemax twister coils cheap pack of 5,https://vapeonlinestore.co.uk/products/twister-coils-by-freemax,resistance,tnx2 0.5ohm tea fiber,not listed on VOS,,16.95,https://www.ninja-vapes.co.uk/product/freemax-twister-coils,high
ninja-vapes.co.uk,freemax twister coils,freemax twister coils cheap pack of 5,https://vapeonlinestore.co.uk/products/twister-coils-by-freemax,resistance,tx3 0.15ohm tea fiber,not listed on VOS,,16.95,https://www.ninja-vapes.co.uk/product/freemax-twister-coils,high
ninja-vapes.co.uk,frumist nic salts 10ml,frumist bar salts 10ml nic salts,https://vapeonlinestore.co.uk/products/frumist-bar-salts-10ml-e-liquid,flavour,bull ice energy,not listed on VOS,,2.99,https://www.ninja-vapes.co.uk/product/frumist-nic-salts-10ml,reviewed
ninja-vapes.co.uk,fumi nicotine pouches,fumi nicotine pouches,https://vapeonlinestore.co.uk/products/fumi-nicotine-pouches,flavour,salty raspberry,not listed on VOS,,4.99,https://www.ninja-vapes.co.uk/product/fumi-nicotine-pouches,high
ninja-vapes.co.uk,randm fumot ultra t32000 refill pods,fumot t32000 replacement pods,https://vapeonlinestore.co.uk/products/fumot-t32000-replacement-pods,flavour,watermelon ice,not listed on VOS,,5.99,https://www.ninja-vapes.co.uk/product/randm-fumot-ultra-t32000-refill-pods,reviewed
ninja-vapes.co.uk,randm fumot t9000 pro max prefilled refill pods,fumot t9000 refill pods,https://vapeonlinestore.co.uk/products/randm-fumot-t9000-refill-pods,flavour,mr blue,not listed on VOS,,5.99,https://www.ninja-vapes.co.uk/product/randm-fumot-t9000-pro-max-prefilled-refill-pods,medium
ninja-vapes.co.uk,geek bar up 10000 prefilled refill pods,geek bar up 10000 refill pod,https://vapeonlinestore.co.uk/products/geek-bar-up-10000-refill-pod,flavour,watermelon blueberry,not listed on VOS,,5.99,https://www.ninja-vapes.co.uk/product/Geek-bar-up-10000-puffs-refill-pod,high
ninja-vapes.co.uk,geekvape aegis legend 2 starter kit 200w,geek vape aegis legend 2 vape kit,https://vapeonlinestore.co.uk/products/geek-vape-aegis-legend-2-vape-kit,colour,black,not listed on VOS,,46.59,https://www.ninja-vapes.co.uk/product/geekvape-aegis-legend-2-starter-vape-kit,high
ninja-vapes.co.uk,geekvape aegis legend 2 starter kit 200w,geek vape aegis legend 2 vape kit,https://vapeonlinestore.co.uk/products/geek-vape-aegis-legend-2-vape-kit,colour,blue red,not listed on VOS,,46.59,https://www.ninja-vapes.co.uk/product/geekvape-aegis-legend-2-starter-vape-kit,high
ninja-vapes.co.uk,geekvape aegis legend 2 starter kit 200w,geek vape aegis legend 2 vape kit,https://vapeonlinestore.co.uk/products/geek-vape-aegis-legend-2-vape-kit,colour,mint green,not listed on VOS,,46.59,https://www.ninja-vapes.co.uk/product/geekvape-aegis-legend-2-starter-vape-kit,high
ninja-vapes.co.uk,geekvape aegis legend 2 starter kit 200w,geek vape aegis legend 2 vape kit,https://vapeonlinestore.co.uk/products/geek-vape-aegis-legend-2-vape-kit,colour,navy blue,not listed on VOS,,46.59,https://www.ninja-vapes.co.uk/product/geekvape-aegis-legend-2-starter-vape-kit,high
ninja-vapes.co.uk,geekvape aegis legend 2 starter kit 200w,geek vape aegis legend 2 vape kit,https://vapeonlinestore.co.uk/products/geek-vape-aegis-legend-2-vape-kit,colour,pink gold,not listed on VOS,,46.59,https://www.ninja-vapes.co.uk/product/geekvape-aegis-legend-2-starter-vape-kit,high
ninja-vapes.co.uk,geekvape aegis legend 2 starter kit 200w,geek vape aegis legend 2 vape kit,https://vapeonlinestore.co.uk/products/geek-vape-aegis-legend-2-vape-kit,colour,rainbow,not listed on VOS,,46.59,https://www.ninja-vapes.co.uk/product/geekvape-aegis-legend-2-starter-vape-kit,high
ninja-vapes.co.uk,geekvape aegis boost 2 (b60) vape kit,geekvape aegis boost 2 b60 kit,https://vapeonlinestore.co.uk/products/geekvape-b60-boost-2-vape-kit,colour,bottle green,not listed on VOS,,31.99,https://www.ninja-vapes.co.uk/product/geekvape-b60-vape-kit,high
ninja-vapes.co.uk,geekvape aegis boost 2 (b60) vape kit,geekvape aegis boost 2 b60 kit,https://vapeonlinestore.co.uk/products/geekvape-b60-boost-2-vape-kit,colour,golden red,not listed on VOS,,31.99,https://www.ninja-vapes.co.uk/product/geekvape-b60-vape-kit,high
ninja-vapes.co.uk,geekvape aegis boost 3 kit,geekvape aegis boost 3 pod vape kit,https://vapeonlinestore.co.uk/products/geekvape-aegis-boost-3-pod-vape-kit,flavour,fire blue,not listed on VOS,,30.99,https://www.ninja-vapes.co.uk/product/geekvape-aegis-boost-3-vape-kit,high
ninja-vapes.co.uk,geekvape aegis hero replacement pod,geekvape aegis hero replacement pod,https://vapeonlinestore.co.uk/products/aegis-hero-replacement-pod-coils,colour,black,not listed on VOS,,5.99,https://www.ninja-vapes.co.uk/product/geekvape-aegis-hero-replacement-pod,high
ninja-vapes.co.uk,geekvape aegis hero replacement pod,geekvape aegis hero replacement pod,https://vapeonlinestore.co.uk/products/aegis-hero-replacement-pod-coils,colour,white,not listed on VOS,,5.99,https://www.ninja-vapes.co.uk/product/geekvape-aegis-hero-replacement-pod,high
ninja-vapes.co.uk,geekvape aegis legend 3 vape kit,geekvape aegis legend 3 kit,https://vapeonlinestore.co.uk/products/geekvape-aegis-legend-3-kit,colour,dark gary,not listed on VOS,,54.99,https://www.ninja-vapes.co.uk/product/geekvape-aegis-legend-3-vape-kit,high
ninja-vapes.co.uk,geekvape aegis m100 starter kit,geekvape aegis m100 kit,https://vapeonlinestore.co.uk/products/aegis-vape-kit-m100mini-2-geek-vape,colour,classic black,not listed on VOS,,49.99,https://www.ninja-vapes.co.uk/product/geekvape-m100-aegis-100w-starter-vape-kit,high
ninja-vapes.co.uk,geekvape aegis m100 starter kit,geekvape aegis m100 kit,https://vapeonlinestore.co.uk/products/aegis-vape-kit-m100mini-2-geek-vape,colour,grey,not listed on VOS,,49.99,https://www.ninja-vapes.co.uk/product/geekvape-m100-aegis-100w-starter-vape-kit,high
ninja-vapes.co.uk,geekvape aegis m100 starter kit,geekvape aegis m100 kit,https://vapeonlinestore.co.uk/products/aegis-vape-kit-m100mini-2-geek-vape,colour,raindow,not listed on VOS,,49.99,https://www.ninja-vapes.co.uk/product/geekvape-m100-aegis-100w-starter-vape-kit,high
ninja-vapes.co.uk,geekvape max 100 kit (aegis max 2),geekvape aegis max 2 vape kit,https://vapeonlinestore.co.uk/products/max100-aegis-max-2-vape-kit-geek-vape,colour,rainbow,not listed on VOS,,44.99,https://www.ninja-vapes.co.uk/product/geekvape-max-100-vape-kit,medium
ninja-vapes.co.uk,geekvape aegis x zeus kit,geekvape aegis x zeus vape kit,https://vapeonlinestore.co.uk/products/geekvape-aegis-x-zeus-tank-vape-kit,colour,gold black,not listed on VOS,,48.99,https://www.ninja-vapes.co.uk/product/geekvape-aegis-x-zeus-vape-kit-2ml,high
ninja-vapes.co.uk,geekvape aegis x zeus kit,geekvape aegis x zeus vape kit,https://vapeonlinestore.co.uk/products/geekvape-aegis-x-zeus-tank-vape-kit,colour,green black,not listed on VOS,,48.99,https://www.ninja-vapes.co.uk/product/geekvape-aegis-x-zeus-vape-kit-2ml,high
ninja-vapes.co.uk,geekvape aegis x zeus kit,geekvape aegis x zeus vape kit,https://vapeonlinestore.co.uk/products/geekvape-aegis-x-zeus-tank-vape-kit,colour,red black,not listed on VOS,,48.99,https://www.ninja-vapes.co.uk/product/geekvape-aegis-x-zeus-vape-kit-2ml,high
ninja-vapes.co.uk,geekvape aegis x zeus kit,geekvape aegis x zeus vape kit,https://vapeonlinestore.co.uk/products/geekvape-aegis-x-zeus-tank-vape-kit,colour,signature orange,not listed on VOS,,48.99,https://www.ninja-vapes.co.uk/product/geekvape-aegis-x-zeus-vape-kit-2ml,high
ninja-vapes.co.uk,geekvape aegis x zeus kit,geekvape aegis x zeus vape kit,https://vapeonlinestore.co.uk/products/geekvape-aegis-x-zeus-tank-vape-kit,colour,silver black,not listed on VOS,,48.99,https://www.ninja-vapes.co.uk/product/geekvape-aegis-x-zeus-vape-kit-2ml,high
ninja-vapes.co.uk,geekvape aegis x zeus kit,geekvape aegis x zeus vape kit,https://vapeonlinestore.co.uk/products/geekvape-aegis-x-zeus-tank-vape-kit,colour,stealth black,not listed on VOS,,48.99,https://www.ninja-vapes.co.uk/product/geekvape-aegis-x-zeus-vape-kit-2ml,high
ninja-vapes.co.uk,geekvape obelisk 65 vape kit,geekvape obelisk 65 fc vape kit,https://vapeonlinestore.co.uk/products/obelisk-65-fc-pod-mod-kit-by-geek-vape,colour,rainbow,not listed on VOS,,29.99,https://www.ninja-vapes.co.uk/product/geekvape-obelisk-65-vape-kit,medium
ninja-vapes.co.uk,geek vape p coils,geekvape p series replacement coils,https://vapeonlinestore.co.uk/products/geekvape-p-series-coils-pack-of-5,resistance,po.2 0.2ohm,not listed on VOS,,10.99,https://www.ninja-vapes.co.uk/product/geek-vape-p-coils,low
ninja-vapes.co.uk,geek vape p coils,geekvape p series replacement coils,https://vapeonlinestore.co.uk/products/geekvape-p-series-coils-pack-of-5,resistance,po.4 0.4ohm,not listed on VOS,,10.99,https://www.ninja-vapes.co.uk/product/geek-vape-p-coils,low
ninja-vapes.co.uk,geekvape sonder q kit,geekvape sonder q pod vape kit,https://vapeonlinestore.co.uk/products/geekvape-sonder-q-pod-kit,colour,blue whisper,not listed on VOS,,8.99,https://www.ninja-vapes.co.uk/product/geekvape-sonder-q-pod-kit,high
ninja-vapes.co.uk,geekvape sonder q kit,geekvape sonder q pod vape kit,https://vapeonlinestore.co.uk/products/geekvape-sonder-q-pod-kit,colour,mystic nebula,not listed on VOS,,8.99,https://www.ninja-vapes.co.uk/product/geekvape-sonder-q-pod-kit,high
ninja-vapes.co.uk,geekvape sonder q kit,geekvape sonder q pod vape kit,https://vapeonlinestore.co.uk/products/geekvape-sonder-q-pod-kit,colour,purple mist,not listed on VOS,,8.99,https://www.ninja-vapes.co.uk/product/geekvape-sonder-q-pod-kit,high
ninja-vapes.co.uk,geekvape sonder q kit,geekvape sonder q pod vape kit,https://vapeonlinestore.co.uk/products/geekvape-sonder-q-pod-kit,colour,purple night,not listed on VOS,,8.99,https://www.ninja-vapes.co.uk/product/geekvape-sonder-q-pod-kit,high
ninja-vapes.co.uk,geekvape sonder q kit,geekvape sonder q pod vape kit,https://vapeonlinestore.co.uk/products/geekvape-sonder-q-pod-kit,colour,starry night,not listed on VOS,,8.99,https://www.ninja-vapes.co.uk/product/geekvape-sonder-q-pod-kit,high
ninja-vapes.co.uk,geekvape sonder q kit,geekvape sonder q pod vape kit,https://vapeonlinestore.co.uk/products/geekvape-sonder-q-pod-kit,colour,stellar white,not listed on VOS,,8.99,https://www.ninja-vapes.co.uk/product/geekvape-sonder-q-pod-kit,high
ninja-vapes.co.uk,geekvape sonder q kit,geekvape sonder q pod vape kit,https://vapeonlinestore.co.uk/products/geekvape-sonder-q-pod-kit,colour,wine red,not listed on VOS,,8.99,https://www.ninja-vapes.co.uk/product/geekvape-sonder-q-pod-kit,high
ninja-vapes.co.uk,geekvape sonder u vape kit,geekvape sonder u pod kit,https://vapeonlinestore.co.uk/products/geekvape-sonder-u-pod-kit,colour,gray,not listed on VOS,,9.99,https://www.ninja-vapes.co.uk/product/geekvape-sonder-u-vape-kit,high
ninja-vapes.co.uk,geekvape sonder u vape kit,geekvape sonder u pod kit,https://vapeonlinestore.co.uk/products/geekvape-sonder-u-pod-kit,colour,light green,not listed on VOS,,9.99,https://www.ninja-vapes.co.uk/product/geekvape-sonder-u-vape-kit,high
ninja-vapes.co.uk,geekvape sonder u vape kit,geekvape sonder u pod kit,https://vapeonlinestore.co.uk/products/geekvape-sonder-u-pod-kit,colour,majestic sky,not listed on VOS,,9.99,https://www.ninja-vapes.co.uk/product/geekvape-sonder-u-vape-kit,high
ninja-vapes.co.uk,geekvape sonder u vape kit,geekvape sonder u pod kit,https://vapeonlinestore.co.uk/products/geekvape-sonder-u-pod-kit,colour,pink,not listed on VOS,,9.99,https://www.ninja-vapes.co.uk/product/geekvape-sonder-u-vape-kit,high
ninja-vapes.co.uk,geekvape sonder u vape kit,geekvape sonder u pod kit,https://vapeonlinestore.co.uk/products/geekvape-sonder-u-pod-kit,colour,wine red,not listed on VOS,,9.99,https://www.ninja-vapes.co.uk/product/geekvape-sonder-u-vape-kit,high
ninja-vapes.co.uk,geekvape zeus z replacement coils 5 packs,geekvape zeus z replacement coils[pack of 5],https://vapeonlinestore.co.uk/products/geekvape-z-series-coils-pack-of-5,resistance,z 0.15ohm 5pack,not listed on VOS,,8.99,https://www.ninja-vapes.co.uk/product/geekvape-zeus-z-replacement-coils,high
ninja-vapes.co.uk,geek vape z series replacement coils,geekvape zeus z replacement coils[pack of 5],https://vapeonlinestore.co.uk/products/geekvape-z-series-coils-pack-of-5,resistance,z 0.25ohm,not listed on VOS,,10.99,https://www.ninja-vapes.co.uk/product/geek-vape-z-series-replacement-coils,reviewed
ninja-vapes.co.uk,geekvape zeus z replacement coils 5 packs,geekvape zeus z replacement coils[pack of 5],https://vapeonlinestore.co.uk/products/geekvape-z-series-coils-pack-of-5,resistance,z 0.25ohm 5pack,not listed on VOS,,8.99,https://www.ninja-vapes.co.uk/product/geekvape-zeus-z-replacement-coils,high
ninja-vapes.co.uk,geekvape zeus z replacement coils 5 packs,geekvape zeus z replacement coils[pack of 5],https://vapeonlinestore.co.uk/products/geekvape-z-series-coils-pack-of-5,resistance,z 0.2ohm 5pack,not listed on VOS,,8.99,https://www.ninja-vapes.co.uk/product/geekvape-zeus-z-replacement-coils,high
ninja-vapes.co.uk,geekvape zeus z replacement coils 5 packs,geekvape zeus z replacement coils[pack of 5],https://vapeonlinestore.co.uk/products/geekvape-z-series-coils-pack-of-5,resistance,z 0.4ohm 5pack,not listed on VOS,,8.99,https://www.ninja-vapes.co.uk/product/geekvape-zeus-z-replacement-coils,high
ninja-vapes.co.uk,vapes bar ghost pro 8000+ refill pods,ghost pro 8000+ refill pods – clearance price,https://vapeonlinestore.co.uk/products/vapes-bars-ghost-pro-8000-pods,flavour,caribbean crush,listed on VOS but out of stock,caribbean crush,6.99,https://www.ninja-vapes.co.uk/product/vapes-bar-ghost-pro-8000-plus-refill-pods,high
ninja-vapes.co.uk,vapes bar ghost pro 8000+ refill pods,ghost pro 8000+ refill pods – clearance price,https://vapeonlinestore.co.uk/products/vapes-bars-ghost-pro-8000-pods,flavour,cherry cola,listed on VOS but out of stock,cherry cola,6.99,https://www.ninja-vapes.co.uk/product/vapes-bar-ghost-pro-8000-plus-refill-pods,high
ninja-vapes.co.uk,vapes bar ghost pro 8000+ refill pods,ghost pro 8000+ refill pods – clearance price,https://vapeonlinestore.co.uk/products/vapes-bars-ghost-pro-8000-pods,flavour,cherry watermelon freeze,listed on VOS but out of stock,cherry watermelon freeze,6.99,https://www.ninja-vapes.co.uk/product/vapes-bar-ghost-pro-8000-plus-refill-pods,high
ninja-vapes.co.uk,vapes bar ghost pro 8000+ refill pods,ghost pro 8000+ refill pods – clearance price,https://vapeonlinestore.co.uk/products/vapes-bars-ghost-pro-8000-pods,flavour,cola ice,listed on VOS but out of stock,cola ice,6.99,https://www.ninja-vapes.co.uk/product/vapes-bar-ghost-pro-8000-plus-refill-pods,high
ninja-vapes.co.uk,vapes bar ghost pro 8000+ refill pods,ghost pro 8000+ refill pods – clearance price,https://vapeonlinestore.co.uk/products/vapes-bars-ghost-pro-8000-pods,flavour,watermelon ice,listed on VOS but out of stock,watermelon ice,6.99,https://www.ninja-vapes.co.uk/product/vapes-bar-ghost-pro-8000-plus-refill-pods,high
ninja-vapes.co.uk,innokin go z disposable tank,go z tank by innokin,https://vapeonlinestore.co.uk/products/go-z-tank-by-innokin,colour,royal blue,not listed on VOS,,4.99,https://www.ninja-vapes.co.uk/product/innokin-go-z-tank,high
ninja-vapes.co.uk,gold bar reload prefilled pods,gold bar 600 puffs prefilled replacement pods pack of 2,https://vapeonlinestore.co.uk/products/gold-bar-600-puffs-prefilled-replacement-pods,flavour,ice pop,not listed on VOS,,2.99,https://www.ninja-vapes.co.uk/product/gold-bar-prefilled-pods-for-reload-pod-kit,reviewed
ninja-vapes.co.uk,gold bar reload prefilled pods,gold bar 600 puffs prefilled replacement pods pack of 2,https://vapeonlinestore.co.uk/products/gold-bar-600-puffs-prefilled-replacement-pods,flavour,virginia cream tobacco,not listed on VOS,,2.99,https://www.ninja-vapes.co.uk/product/gold-bar-prefilled-pods-for-reload-pod-kit,reviewed
ninja-vapes.co.uk,Gold Bar Apollo 20000 Puffs Pod Vape Kit,gold bar apollo 20k reusable kit uk,https://vapeonlinestore.co.uk/products/gold-bar-apollo-20k,flavour,pineapple watermelon lemonade,listed on VOS but out of stock,pineapple watermelon lemonade,24.99,https://www.ninja-vapes.co.uk/product/box-of-10-gold-bar-apollo-20000-pod-vape-kit,high
ninja-vapes.co.uk,Gold Bar Apollo 20000 Puffs Pod Vape Kit,gold bar apollo 20k reusable kit uk,https://vapeonlinestore.co.uk/products/gold-bar-apollo-20k,flavour,sour apple,listed on VOS but out of stock,sour apple,24.99,https://www.ninja-vapes.co.uk/product/box-of-10-gold-bar-apollo-20000-pod-vape-kit,high
ninja-vapes.co.uk,gold bar reload 600 puffs prefilled pod kit,gold bar reload prefilled pod kit 20mg,https://vapeonlinestore.co.uk/products/gold-bar-600-puffs-prefilled-pod-kit,flavour,vanilla cream tobacco,not listed on VOS,,2.99,https://www.ninja-vapes.co.uk/product/gold-bar-reload-pod-kit,low
ninja-vapes.co.uk,gold bar xl 10k puffs prefilled pod kit,gold bar xl 10k prefilled pod kit,https://vapeonlinestore.co.uk/products/gold-bar-xl-10000,flavour,haven oasis,not listed on VOS,,6.99,https://www.ninja-vapes.co.uk/product/gold-bar-xl-starter-kit,high
ninja-vapes.co.uk,gold bar xl 10k refill pod,gold bar xl 10k puff refill pods,https://vapeonlinestore.co.uk/products/gold-bar-xl-10k-prefilled-pods,flavour,haven oasis,not listed on VOS,,6.99,https://www.ninja-vapes.co.uk/product/gold-bar-xl-12ml-refill-pod,high
ninja-vapes.co.uk,Hayati Mini Ultra 1500 Puffs Vape Kit,hayati mini ultra 1500 puffs pod kit,https://vapeonlinestore.co.uk/products/hayati-mini-ultra-1500,flavour,fruit bomb strawberry bubblegum,not listed on VOS,,39.99,https://www.ninja-vapes.co.uk/product/box-of-10-hayati-mini-ultra-1500-prefilled-kit,high
ninja-vapes.co.uk,Hayati Mini Ultra 1500 Puffs Vape Kit,hayati mini ultra 1500 puffs pod kit,https://vapeonlinestore.co.uk/products/hayati-mini-ultra-1500,flavour,mr.blue,not listed on VOS,,39.99,https://www.ninja-vapes.co.uk/product/box-of-10-hayati-mini-ultra-1500-prefilled-kit,high
ninja-vapes.co.uk,Hayati Mini Ultra 1500 Puffs Vape Kit,hayati mini ultra 1500 puffs pod kit,https://vapeonlinestore.co.uk/products/hayati-mini-ultra-1500,flavour,strawberry cranberry ice cherry ice,not listed on VOS,,39.99,https://www.ninja-vapes.co.uk/product/box-of-10-hayati-mini-ultra-1500-prefilled-kit,high
ninja-vapes.co.uk,Hayati Pro Max Plus 6000 Puffs Souvenir Edition,hayati pro max plus 6000 souvenir ireland edition,https://vapeonlinestore.co.uk/products/hayati-pro-max-plus-souvenir-ireland-edition,flavour,king bruce blue raspberry gb,not listed on VOS,,8.99,https://www.ninja-vapes.co.uk/product/hayati-pro-max-plus-6k-souvenir-edition-england,high
ninja-vapes.co.uk,Hayati Pro Max Plus 6000 Puffs Souvenir Edition,hayati pro max plus 6000 souvenir ireland edition,https://vapeonlinestore.co.uk/products/hayati-pro-max-plus-souvenir-ireland-edition,flavour,london taxi blue raspberry gb,not listed on VOS,,8.99,https://www.ninja-vapes.co.uk/product/hayati-pro-max-plus-6k-souvenir-edition-england,high
ninja-vapes.co.uk,Hayati Pro Max Plus 6000 Puffs Souvenir Edition,hayati pro max plus 6000 souvenir ireland edition,https://vapeonlinestore.co.uk/products/hayati-pro-max-plus-souvenir-ireland-edition,flavour,manchester blue raspberry gb,not listed on VOS,,8.99,https://www.ninja-vapes.co.uk/product/hayati-pro-max-plus-6k-souvenir-edition-england,high
ninja-vapes.co.uk,Hayati Pro Max Plus 6000 Puffs Souvenir Edition,hayati pro max plus 6000 souvenir ireland edition,https://vapeonlinestore.co.uk/products/hayati-pro-max-plus-souvenir-ireland-edition,flavour,manchester blueberry raspberry,not listed on VOS,,8.99,https://www.ninja-vapes.co.uk/product/hayati-pro-max-plus-6k-souvenir-edition-england,high
ninja-vapes.co.uk,Hayati Pro Max Plus 6000 Puffs Souvenir Edition,hayati pro max plus 6000 souvenir ireland edition,https://vapeonlinestore.co.uk/products/hayati-pro-max-plus-souvenir-ireland-edition,flavour,manchester juicy peach,not listed on VOS,,8.99,https://www.ninja-vapes.co.uk/product/hayati-pro-max-plus-6k-souvenir-edition-england,high
ninja-vapes.co.uk,Hayati Pro Max Plus 6000 Puffs Souvenir Edition,hayati pro max plus 6000 souvenir ireland edition,https://vapeonlinestore.co.uk/products/hayati-pro-max-plus-souvenir-ireland-edition,flavour,manchester lemon lime,not listed on VOS,,8.99,https://www.ninja-vapes.co.uk/product/hayati-pro-max-plus-6k-souvenir-edition-england,high
ninja-vapes.co.uk,Hayati Pro Max Plus 6000 Puffs Souvenir Edition,hayati pro max plus 6000 souvenir ireland edition,https://vapeonlinestore.co.uk/products/hayati-pro-max-plus-souvenir-ireland-edition,flavour,manchester strawberry raspberry ice,not listed on VOS,,8.99,https://www.ninja-vapes.co.uk/product/hayati-pro-max-plus-6k-souvenir-edition-england,high
ninja-vapes.co.uk,Hayati Pro Max Plus 6000 Puffs Souvenir Edition,hayati pro max plus 6000 souvenir ireland edition,https://vapeonlinestore.co.uk/products/hayati-pro-max-plus-souvenir-ireland-edition,flavour,mix best,not listed on VOS,,39.99,https://www.ninja-vapes.co.uk/product/box-of-5-hayati-pro-max-plus-6k-souvenir-edition-england,high
ninja-vapes.co.uk,Hayati Pro Max Plus 6000 Puffs Souvenir Edition,hayati pro max plus 6000 souvenir ireland edition,https://vapeonlinestore.co.uk/products/hayati-pro-max-plus-souvenir-ireland-edition,flavour,red telephone box juicy peach,not listed on VOS,,8.99,https://www.ninja-vapes.co.uk/product/hayati-pro-max-plus-6k-souvenir-edition-england,high
ninja-vapes.co.uk,Hayati Pro Max Plus 6000 Puffs Souvenir Edition,hayati pro max plus 6000 souvenir ireland edition,https://vapeonlinestore.co.uk/products/hayati-pro-max-plus-souvenir-ireland-edition,flavour,scottish sheep juicy peach,not listed on VOS,,8.99,https://www.ninja-vapes.co.uk/product/hayati-pro-max-plus-6k-souvenir-edition-england,high
ninja-vapes.co.uk,Hayati Pro Max Plus 6000 Puffs Souvenir Edition,hayati pro max plus 6000 souvenir ireland edition,https://vapeonlinestore.co.uk/products/hayati-pro-max-plus-souvenir-ireland-edition,flavour,wales blue raspberry gb,not listed on VOS,,8.99,https://www.ninja-vapes.co.uk/product/hayati-pro-max-plus-6k-souvenir-edition-england,high
ninja-vapes.co.uk,Hayati Pro Max Plus 6000 Puffs Souvenir Edition,hayati pro max plus 6000 souvenir ireland edition,https://vapeonlinestore.co.uk/products/hayati-pro-max-plus-souvenir-ireland-edition,flavour,wales blueberry raspberry,not listed on VOS,,8.99,https://www.ninja-vapes.co.uk/product/hayati-pro-max-plus-6k-souvenir-edition-england,high
ninja-vapes.co.uk,Hayati Pro Max Plus 6000 Puffs Souvenir Edition,hayati pro max plus 6000 souvenir ireland edition,https://vapeonlinestore.co.uk/products/hayati-pro-max-plus-souvenir-ireland-edition,flavour,wales juicy peach,not listed on VOS,,8.99,https://www.ninja-vapes.co.uk/product/hayati-pro-max-plus-6k-souvenir-edition-england,high
ninja-vapes.co.uk,Hayati Pro Max Plus 6000 Puffs Souvenir Edition,hayati pro max plus 6000 souvenir ireland edition,https://vapeonlinestore.co.uk/products/hayati-pro-max-plus-souvenir-ireland-edition,flavour,wales lemon lime,not listed on VOS,,8.99,https://www.ninja-vapes.co.uk/product/hayati-pro-max-plus-6k-souvenir-edition-england,high
ninja-vapes.co.uk,Hayati Pro Max Plus 6000 Puffs Souvenir Edition,hayati pro max plus 6000 souvenir ireland edition,https://vapeonlinestore.co.uk/products/hayati-pro-max-plus-souvenir-ireland-edition,flavour,wales strawberry raspberry ice,not listed on VOS,,8.99,https://www.ninja-vapes.co.uk/product/hayati-pro-max-plus-6k-souvenir-edition-england,high
ninja-vapes.co.uk,hayati pro max+ s1 1000 puffs prefilled pod kit,hayati pro max s1 1000 puff pod kit - only,https://vapeonlinestore.co.uk/products/hayati-pro-max-s1-pod-kit,flavour,caribb crush,not listed on VOS,,4.99,https://www.ninja-vapes.co.uk/product/hayati-pro-max-s1-1000-puffs,high
ninja-vapes.co.uk,hayati pro max+ s1 1000 puffs prefilled pod kit,hayati pro max s1 1000 puff pod kit - only,https://vapeonlinestore.co.uk/products/hayati-pro-max-s1-pod-kit,flavour,hbubba,not listed on VOS,,4.99,https://www.ninja-vapes.co.uk/product/hayati-pro-max-s1-1000-puffs,high
ninja-vapes.co.uk,hayati pro max+ s1 1000 puffs prefilled pod kit,hayati pro max s1 1000 puff pod kit - only,https://vapeonlinestore.co.uk/products/hayati-pro-max-s1-pod-kit,flavour,ice pop,not listed on VOS,,4.99,https://www.ninja-vapes.co.uk/product/hayati-pro-max-s1-1000-puffs,high
ninja-vapes.co.uk,hayati pro max+ s1 1000 puffs prefilled pod kit,hayati pro max s1 1000 puff pod kit - only,https://vapeonlinestore.co.uk/products/hayati-pro-max-s1-pod-kit,flavour,pipeline punch,not listed on VOS,,4.99,https://www.ninja-vapes.co.uk/product/hayati-pro-max-s1-1000-puffs,high
ninja-vapes.co.uk,hayati pro max s1 prefilled pod,hayati pro max s1 prefilled refill pods pack of 2,https://vapeonlinestore.co.uk/products/hayati-pro-max-s1-prefilled-pods,flavour,strawberry raspberry blueberry,not listed on VOS,,3.99,https://www.ninja-vapes.co.uk/product/refill-pods-for-hayati-pro-max-s1,high
ninja-vapes.co.uk,hayati pro max s1 prefilled pod,hayati pro max s1 prefilled refill pods pack of 2,https://vapeonlinestore.co.uk/products/hayati-pro-max-s1-prefilled-pods,flavour,strawberry raspberry ice,not listed on VOS,,3.99,https://www.ninja-vapes.co.uk/product/refill-pods-for-hayati-pro-max-s1,high
ninja-vapes.co.uk,hayati pro max s1 prefilled pod,hayati pro max s1 prefilled refill pods pack of 2,https://vapeonlinestore.co.uk/products/hayati-pro-max-s1-prefilled-pods,flavour,strawberry watermelon,not listed on VOS,,3.99,https://www.ninja-vapes.co.uk/product/refill-pods-for-hayati-pro-max-s1,high
ninja-vapes.co.uk,hayati pro max s1 prefilled pod,hayati pro max s1 prefilled refill pods pack of 2,https://vapeonlinestore.co.uk/products/hayati-pro-max-s1-prefilled-pods,flavour,summer dream,not listed on VOS,,3.99,https://www.ninja-vapes.co.uk/product/refill-pods-for-hayati-pro-max-s1,high
ninja-vapes.co.uk,hayati pro max s1 prefilled pod,hayati pro max s1 prefilled refill pods pack of 2,https://vapeonlinestore.co.uk/products/hayati-pro-max-s1-prefilled-pods,flavour,triple mango,not listed on VOS,,3.99,https://www.ninja-vapes.co.uk/product/refill-pods-for-hayati-pro-max-s1,high
ninja-vapes.co.uk,hayati pro max s1 prefilled pod,hayati pro max s1 prefilled refill pods pack of 2,https://vapeonlinestore.co.uk/products/hayati-pro-max-s1-prefilled-pods,flavour,watermelon ice,not listed on VOS,,3.99,https://www.ninja-vapes.co.uk/product/refill-pods-for-hayati-pro-max-s1,high
ninja-vapes.co.uk,hayati quokka elite pod kit,hayati quokka elite pod kit,https://vapeonlinestore.co.uk/products/hayati-quokka-elite-pod-kit,colour,baby pink,not listed on VOS,,16.99,https://www.ninja-vapes.co.uk/product/hayati-quokka-elite-pod-vape-kit,high
ninja-vapes.co.uk,hayati quokka elite pod kit,hayati quokka elite pod kit,https://vapeonlinestore.co.uk/products/hayati-quokka-elite-pod-kit,colour,forest green,not listed on VOS,,16.99,https://www.ninja-vapes.co.uk/product/hayati-quokka-elite-pod-vape-kit,high
ninja-vapes.co.uk,hayati quokka elite pod kit,hayati quokka elite pod kit,https://vapeonlinestore.co.uk/products/hayati-quokka-elite-pod-kit,colour,navy blue,not listed on VOS,,16.99,https://www.ninja-vapes.co.uk/product/hayati-quokka-elite-pod-vape-kit,high
ninja-vapes.co.uk,hayati quokka elite pod kit,hayati quokka elite pod kit,https://vapeonlinestore.co.uk/products/hayati-quokka-elite-pod-kit,colour,onyx black,not listed on VOS,,16.99,https://www.ninja-vapes.co.uk/product/hayati-quokka-elite-pod-vape-kit,high
ninja-vapes.co.uk,hayati quokka elite pod kit,hayati quokka elite pod kit,https://vapeonlinestore.co.uk/products/hayati-quokka-elite-pod-kit,colour,opal grey,not listed on VOS,,16.99,https://www.ninja-vapes.co.uk/product/hayati-quokka-elite-pod-vape-kit,high
ninja-vapes.co.uk,hayati quokka elite pod kit,hayati quokka elite pod kit,https://vapeonlinestore.co.uk/products/hayati-quokka-elite-pod-kit,colour,pink blue gradient,not listed on VOS,,16.99,https://www.ninja-vapes.co.uk/product/hayati-quokka-elite-pod-vape-kit,high
ninja-vapes.co.uk,hayati quokka elite pod kit,hayati quokka elite pod kit,https://vapeonlinestore.co.uk/products/hayati-quokka-elite-pod-kit,colour,quokka color,not listed on VOS,,16.99,https://www.ninja-vapes.co.uk/product/hayati-quokka-elite-pod-vape-kit,high
ninja-vapes.co.uk,hayati quokka elite pod kit,hayati quokka elite pod kit,https://vapeonlinestore.co.uk/products/hayati-quokka-elite-pod-kit,colour,silver white,not listed on VOS,,16.99,https://www.ninja-vapes.co.uk/product/hayati-quokka-elite-pod-vape-kit,high
ninja-vapes.co.uk,hayati quokka lite pod kit,hayati quokka lite pod kit,https://vapeonlinestore.co.uk/products/hayati-quokka-lite-vape-kit,colour,quokka color,not listed on VOS,,9.99,https://www.ninja-vapes.co.uk/product/hayati-quokka-lite-pod-vape-kit,high
ninja-vapes.co.uk,hayati quokka replacement pods,hayati quokka replacement pods – 0.6ω/0.8ω/1.2ω side-fill,https://vapeonlinestore.co.uk/products/hayati-quokka-pods,resistance,0.6ohm,listed on VOS but out of stock,0.6ohm,7.99,https://www.ninja-vapes.co.uk/product/hayati-quokka-replacement-pods,reviewed
ninja-vapes.co.uk,hayati quokka replacement pods,hayati quokka replacement pods – 0.6ω/0.8ω/1.2ω side-fill,https://vapeonlinestore.co.uk/products/hayati-quokka-pods,resistance,0.8ohm,listed on VOS but out of stock,0.8ohm,7.99,https://www.ninja-vapes.co.uk/product/hayati-quokka-replacement-pods,reviewed
ninja-vapes.co.uk,higo bb 4000 refill pods,higo bb 4000 refill pods,https://vapeonlinestore.co.uk/products/higo-bb-4000-pods,flavour,huba huba,not listed on VOS,,5.99,https://www.ninja-vapes.co.uk/product/refill-pods-for-higo-bb-4000,high
ninja-vapes.co.uk,higo bb 4000 puffs pod vape kit,higo bb 4000 vape kit,https://vapeonlinestore.co.uk/products/higo-bb-4000-vape-kit,flavour,blueberry sour raspberry,not listed on VOS,,7.99,https://www.ninja-vapes.co.uk/product/higo-bb-4000,high
ninja-vapes.co.uk,higo bb 4000 puffs pod vape kit,higo bb 4000 vape kit,https://vapeonlinestore.co.uk/products/higo-bb-4000-vape-kit,flavour,cherry ice,not listed on VOS,,7.99,https://www.ninja-vapes.co.uk/product/higo-bb-4000,high
ninja-vapes.co.uk,higo bb 4000 puffs pod vape kit,higo bb 4000 vape kit,https://vapeonlinestore.co.uk/products/higo-bb-4000-vape-kit,flavour,fruit gum,not listed on VOS,,7.99,https://www.ninja-vapes.co.uk/product/higo-bb-4000,high
ninja-vapes.co.uk,higo bb 4000 puffs pod vape kit,higo bb 4000 vape kit,https://vapeonlinestore.co.uk/products/higo-bb-4000-vape-kit,flavour,grape,not listed on VOS,,7.99,https://www.ninja-vapes.co.uk/product/higo-bb-4000,high
ninja-vapes.co.uk,higo bb 4000 puffs pod vape kit,higo bb 4000 vape kit,https://vapeonlinestore.co.uk/products/higo-bb-4000-vape-kit,flavour,lemon lime,not listed on VOS,,7.99,https://www.ninja-vapes.co.uk/product/higo-bb-4000,high
ninja-vapes.co.uk,higo bb 4000 puffs pod vape kit,higo bb 4000 vape kit,https://vapeonlinestore.co.uk/products/higo-bb-4000-vape-kit,flavour,pineapple ice,not listed on VOS,,7.99,https://www.ninja-vapes.co.uk/product/higo-bb-4000,high
ninja-vapes.co.uk,higo bb 4000 puffs pod vape kit,higo bb 4000 vape kit,https://vapeonlinestore.co.uk/products/higo-bb-4000-vape-kit,flavour,rainbow candy,not listed on VOS,,7.99,https://www.ninja-vapes.co.uk/product/higo-bb-4000,high
ninja-vapes.co.uk,higo bb 4000 puffs pod vape kit,higo bb 4000 vape kit,https://vapeonlinestore.co.uk/products/higo-bb-4000-vape-kit,flavour,strawberry burst,not listed on VOS,,7.99,https://www.ninja-vapes.co.uk/product/higo-bb-4000,high
ninja-vapes.co.uk,higo bb 4000 puffs pod vape kit,higo bb 4000 vape kit,https://vapeonlinestore.co.uk/products/higo-bb-4000-vape-kit,flavour,strawberry raspberry cherry ice,not listed on VOS,,7.99,https://www.ninja-vapes.co.uk/product/higo-bb-4000,high
ninja-vapes.co.uk,horizontech sakerz replacement coils,horizontech sakerz replacement coils,https://vapeonlinestore.co.uk/products/sakerz-replacement-coils-by-horizontech,resistance,0.16ohm,listed on VOS but out of stock,0.16ohm,8.95,https://www.ninja-vapes.co.uk/product/horizontech-sakerz-replacement-coils,high
ninja-vapes.co.uk,horizontech sakerz replacement coils,horizontech sakerz replacement coils,https://vapeonlinestore.co.uk/products/sakerz-replacement-coils-by-horizontech,resistance,0.17ohm,not listed on VOS,,8.95,https://www.ninja-vapes.co.uk/product/horizontech-sakerz-replacement-coils,high
ninja-vapes.co.uk,horny flava 100ml shortfill e-liquids,horny flava 100ml shortfill e-liquid,https://vapeonlinestore.co.uk/products/horny-flava-100ml,flavour,dear blondie,not listed on VOS,,7.99,https://www.ninja-vapes.co.uk/product/horny-flava-100ml-shortfill-e-liquids,high
ninja-vapes.co.uk,horny flava 100ml shortfill e-liquids,horny flava 100ml shortfill e-liquid,https://vapeonlinestore.co.uk/products/horny-flava-100ml,flavour,pineapple,not listed on VOS,,7.99,https://www.ninja-vapes.co.uk/product/horny-flava-100ml-shortfill-e-liquids,high
ninja-vapes.co.uk,horny flava 100ml shortfill e-liquids,horny flava 100ml shortfill e-liquid,https://vapeonlinestore.co.uk/products/horny-flava-100ml,flavour,pob,not listed on VOS,,7.99,https://www.ninja-vapes.co.uk/product/horny-flava-100ml-shortfill-e-liquids,high
ninja-vapes.co.uk,Hqd Glow Air 70000 Puffs Prefilled Pods Kit,hqd glow air 70k 70k puff vape,https://vapeonlinestore.co.uk/products/hqd-glow-air-70k,flavour,mix berry cherry berry,listed on VOS but out of stock,mix berry cherry berry,50.49,https://www.ninja-vapes.co.uk/product/box-of-10-hqd-glow-air-70k,high
ninja-vapes.co.uk,humble juice 100ml shortfill e-liquids,humble juice shortfill 100ml e-liquid,https://vapeonlinestore.co.uk/products/humble-juice-100ml,flavour,vtr ice,not listed on VOS,,8.99,https://www.ninja-vapes.co.uk/product/humble-juice-100ml-shortfill-e-liquids,high
ninja-vapes.co.uk,ice nicotine pouches,ice nicotine pouches,https://vapeonlinestore.co.uk/products/ice-nicotine-pouches,flavour,habanera x,not listed on VOS,,4.99,https://www.ninja-vapes.co.uk/product/ice-nicotine-pouches,high
ninja-vapes.co.uk,ice nicotine pouches,ice nicotine pouches,https://vapeonlinestore.co.uk/products/ice-nicotine-pouches,flavour,habanera xl,not listed on VOS,,4.99,https://www.ninja-vapes.co.uk/product/ice-nicotine-pouches,high
ninja-vapes.co.uk,ice nicotine pouches,ice nicotine pouches,https://vapeonlinestore.co.uk/products/ice-nicotine-pouches,flavour,habanero sunset,not listed on VOS,,4.99,https://www.ninja-vapes.co.uk/product/ice-nicotine-pouches,high
ninja-vapes.co.uk,ice nicotine pouches,ice nicotine pouches,https://vapeonlinestore.co.uk/products/ice-nicotine-pouches,flavour,lakkris,not listed on VOS,,4.99,https://www.ninja-vapes.co.uk/product/ice-nicotine-pouches,high
ninja-vapes.co.uk,ice nicotine pouches,ice nicotine pouches,https://vapeonlinestore.co.uk/products/ice-nicotine-pouches,flavour,liquorice reaper,not listed on VOS,,4.99,https://www.ninja-vapes.co.uk/product/ice-nicotine-pouches,high
ninja-vapes.co.uk,ice nicotine pouches,ice nicotine pouches,https://vapeonlinestore.co.uk/products/ice-nicotine-pouches,flavour,polar bliss,not listed on VOS,,4.99,https://www.ninja-vapes.co.uk/product/ice-nicotine-pouches,high
ninja-vapes.co.uk,ice nicotine pouches,ice nicotine pouches,https://vapeonlinestore.co.uk/products/ice-nicotine-pouches,flavour,reaper xl,not listed on VOS,,4.99,https://www.ninja-vapes.co.uk/product/ice-nicotine-pouches,high
ninja-vapes.co.uk,Vape E-Liquid Chilled Grape 100Ml,ice queen vape shortfill 100ml e-liquid,https://vapeonlinestore.co.uk/products/ice-queen-vape-shortfill-100ml-e-liquid,flavour,ice queen,not listed on VOS,,4.99,https://www.ninja-vapes.co.uk/product/ice-queen-vape-e-liquid-chilled-grape-100ml,reviewed
ninja-vapes.co.uk,Vape E-Liquid Chilled Mango 100Ml,ice queen vape shortfill 100ml e-liquid,https://vapeonlinestore.co.uk/products/ice-queen-vape-shortfill-100ml-e-liquid,flavour,ice queen,not listed on VOS,,4.99,https://www.ninja-vapes.co.uk/product/ice-queen-vape-e-liquid-chilled-mango-100ml,reviewed
ninja-vapes.co.uk,Vape E-Liquid Chilled Strawberry 100Ml,ice queen vape shortfill 100ml e-liquid,https://vapeonlinestore.co.uk/products/ice-queen-vape-shortfill-100ml-e-liquid,flavour,ice queen,not listed on VOS,,4.99,https://www.ninja-vapes.co.uk/product/ice-queen-vape-e-liquid-chilled-strawberry-100ml,reviewed
ninja-vapes.co.uk,Vape E-Liquid Chilled Tropical 100Ml,ice queen vape shortfill 100ml e-liquid,https://vapeonlinestore.co.uk/products/ice-queen-vape-shortfill-100ml-e-liquid,flavour,ice queen,not listed on VOS,,4.99,https://www.ninja-vapes.co.uk/product/ice-queen-vape-e-liquid-chilled-tropical-100ml,reviewed
ninja-vapes.co.uk,Vape E-Liquid Chilled Watermelon 100Ml,ice queen vape shortfill 100ml e-liquid,https://vapeonlinestore.co.uk/products/ice-queen-vape-shortfill-100ml-e-liquid,flavour,ice queen,not listed on VOS,,4.99,https://www.ninja-vapes.co.uk/product/ice-queen-vape-e-liquid-chilled-watermelon-100ml,reviewed
ninja-vapes.co.uk,Pouches By Iceberg,iceberg nicotine pouches online,https://vapeonlinestore.co.uk/products/iceberg-nicotine-pouches,flavour,apple lemon pineapple,not listed on VOS,,4.99,https://www.ninja-vapes.co.uk/product/apple-lemon-pineapple-iceberg,high
ninja-vapes.co.uk,Pouches By Iceberg,iceberg nicotine pouches online,https://vapeonlinestore.co.uk/products/iceberg-nicotine-pouches,flavour,black mint,not listed on VOS,,4.99,https://www.ninja-vapes.co.uk/product/black-mint-iceberg,high
ninja-vapes.co.uk,Pouches By Iceberg,iceberg nicotine pouches online,https://vapeonlinestore.co.uk/products/iceberg-nicotine-pouches,flavour,blackcurrant,not listed on VOS,,4.99,https://www.ninja-vapes.co.uk/product/blackcurrant-iceberg,high
ninja-vapes.co.uk,Pouches By Iceberg,iceberg nicotine pouches online,https://vapeonlinestore.co.uk/products/iceberg-nicotine-pouches,flavour,bubblegum,not listed on VOS,,4.99,https://www.ninja-vapes.co.uk/product/bubblegum-iceberg,high
ninja-vapes.co.uk,Pouches By Iceberg,iceberg nicotine pouches online,https://vapeonlinestore.co.uk/products/iceberg-nicotine-pouches,flavour,cherry apricot gum,not listed on VOS,,4.99,https://www.ninja-vapes.co.uk/product/cherry-apricot-gum-iceberg,high
ninja-vapes.co.uk,Pouches By Iceberg,iceberg nicotine pouches online,https://vapeonlinestore.co.uk/products/iceberg-nicotine-pouches,flavour,coconut,not listed on VOS,,3.99,https://www.ninja-vapes.co.uk/product/iceberg-nicotine-pouches,high
ninja-vapes.co.uk,Pouches By Iceberg,iceberg nicotine pouches online,https://vapeonlinestore.co.uk/products/iceberg-nicotine-pouches,flavour,cola,not listed on VOS,,4.99,https://www.ninja-vapes.co.uk/product/cola-iceberg,high
ninja-vapes.co.uk,Pouches By Iceberg,iceberg nicotine pouches online,https://vapeonlinestore.co.uk/products/iceberg-nicotine-pouches,flavour,cool mint,not listed on VOS,,4.99,https://www.ninja-vapes.co.uk/product/cool-mint-iceberg,high
ninja-vapes.co.uk,Pouches By Iceberg,iceberg nicotine pouches online,https://vapeonlinestore.co.uk/products/iceberg-nicotine-pouches,flavour,crazy mix,not listed on VOS,,4.99,https://www.ninja-vapes.co.uk/product/crazy-energy-iceberg,high
ninja-vapes.co.uk,Pouches By Iceberg,iceberg nicotine pouches online,https://vapeonlinestore.co.uk/products/iceberg-nicotine-pouches,flavour,double mint,not listed on VOS,,4.99,https://www.ninja-vapes.co.uk/product/double-mint-iceberg,high
ninja-vapes.co.uk,Pouches By Iceberg,iceberg nicotine pouches online,https://vapeonlinestore.co.uk/products/iceberg-nicotine-pouches,flavour,dragon fruit,not listed on VOS,,4.99,https://www.ninja-vapes.co.uk/product/dragon-fruit-iceberg,high
ninja-vapes.co.uk,Pouches By Iceberg,iceberg nicotine pouches online,https://vapeonlinestore.co.uk/products/iceberg-nicotine-pouches,flavour,energy mango,not listed on VOS,,4.99,https://www.ninja-vapes.co.uk/product/energy-mango-iceberg,high
ninja-vapes.co.uk,Pouches By Iceberg,iceberg nicotine pouches online,https://vapeonlinestore.co.uk/products/iceberg-nicotine-pouches,flavour,frosty mint,not listed on VOS,,3.99,https://www.ninja-vapes.co.uk/product/iceberg-nicotine-pouches,high
ninja-vapes.co.uk,Pouches By Iceberg,iceberg nicotine pouches online,https://vapeonlinestore.co.uk/products/iceberg-nicotine-pouches,flavour,grape,not listed on VOS,,4.99,https://www.ninja-vapes.co.uk/product/grape-iceberg,high
ninja-vapes.co.uk,Pouches By Iceberg,iceberg nicotine pouches online,https://vapeonlinestore.co.uk/products/iceberg-nicotine-pouches,flavour,grapefruit pineapple,not listed on VOS,,3.99,https://www.ninja-vapes.co.uk/product/iceberg-nicotine-pouches,high
ninja-vapes.co.uk,Pouches By Iceberg,iceberg nicotine pouches online,https://vapeonlinestore.co.uk/products/iceberg-nicotine-pouches,flavour,melon peach,not listed on VOS,,4.99,https://www.ninja-vapes.co.uk/product/melon-peach-iceberg,high
ninja-vapes.co.uk,Pouches By Iceberg,iceberg nicotine pouches online,https://vapeonlinestore.co.uk/products/iceberg-nicotine-pouches,flavour,mint explosion,not listed on VOS,,3.99,https://www.ninja-vapes.co.uk/product/iceberg-nicotine-pouches,high
ninja-vapes.co.uk,Pouches,iceberg nicotine pouches online,https://vapeonlinestore.co.uk/products/iceberg-nicotine-pouches,flavour,mint explosion,not listed on VOS,,4.99,https://www.ninja-vapes.co.uk/product/mint-explosion-iceberg,reviewed
ninja-vapes.co.uk,Pouches By Iceberg,iceberg nicotine pouches online,https://vapeonlinestore.co.uk/products/iceberg-nicotine-pouches,flavour,pineapple mango coconut,not listed on VOS,,3.99,https://www.ninja-vapes.co.uk/product/iceberg-nicotine-pouches,high
ninja-vapes.co.uk,Pouches,iceberg nicotine pouches online,https://vapeonlinestore.co.uk/products/iceberg-nicotine-pouches,flavour,pineapple mango coconut,not listed on VOS,,4.99,https://www.ninja-vapes.co.uk/product/pineapple-mango-currant-iceberg,reviewed
ninja-vapes.co.uk,Pouches By Iceberg,iceberg nicotine pouches online,https://vapeonlinestore.co.uk/products/iceberg-nicotine-pouches,flavour,sour berry,not listed on VOS,,4.99,https://www.ninja-vapes.co.uk/product/sour-berries-iceberg,high
ninja-vapes.co.uk,Pouches,iceberg nicotine pouches online,https://vapeonlinestore.co.uk/products/iceberg-nicotine-pouches,flavour,strawberry cheesecake,not listed on VOS,,4.99,https://www.ninja-vapes.co.uk/product/strawberry-cheesecake-pablo,reviewed
ninja-vapes.co.uk,Pouches,iceberg nicotine pouches online,https://vapeonlinestore.co.uk/products/iceberg-nicotine-pouches,flavour,strawberry lychee,not listed on VOS,,4.99,https://www.ninja-vapes.co.uk/product/strawberry-lychee-pablo,reviewed
ninja-vapes.co.uk,Pouches By Iceberg,iceberg nicotine pouches online,https://vapeonlinestore.co.uk/products/iceberg-nicotine-pouches,flavour,strawberry pomegranate,not listed on VOS,,3.99,https://www.ninja-vapes.co.uk/product/iceberg-nicotine-pouches,high
ninja-vapes.co.uk,Pouches,iceberg nicotine pouches online,https://vapeonlinestore.co.uk/products/iceberg-nicotine-pouches,flavour,strawberry pomegranate,not listed on VOS,,4.99,https://www.ninja-vapes.co.uk/product/strawberry-pomegranate-iceberg,reviewed
ninja-vapes.co.uk,Pouches By Iceberg,iceberg nicotine pouches online,https://vapeonlinestore.co.uk/products/iceberg-nicotine-pouches,flavour,sweet mint,not listed on VOS,,4.99,https://www.ninja-vapes.co.uk/product/sweet-mint-iceberg,high
ninja-vapes.co.uk,Pouches By Iceberg,iceberg nicotine pouches online,https://vapeonlinestore.co.uk/products/iceberg-nicotine-pouches,flavour,tutti fruity,not listed on VOS,,3.99,https://www.ninja-vapes.co.uk/product/iceberg-nicotine-pouches,high
ninja-vapes.co.uk,Pouches By Iceberg,iceberg nicotine pouches online,https://vapeonlinestore.co.uk/products/iceberg-nicotine-pouches,flavour,watermelon lime,not listed on VOS,,3.99,https://www.ninja-vapes.co.uk/product/iceberg-nicotine-pouches,high
ninja-vapes.co.uk,Pouches,iceberg nicotine pouches online,https://vapeonlinestore.co.uk/products/iceberg-nicotine-pouches,flavour,watermelon lime,not listed on VOS,,4.99,https://www.ninja-vapes.co.uk/product/watermelon-lime-iceberg,reviewed
ninja-vapes.co.uk,Pouches By Iceberg,iceberg nicotine pouches online,https://vapeonlinestore.co.uk/products/iceberg-nicotine-pouches,flavour,watermelon mint gum,not listed on VOS,,3.99,https://www.ninja-vapes.co.uk/product/iceberg-nicotine-pouches,high
ninja-vapes.co.uk,Pouches,iceberg nicotine pouches online,https://vapeonlinestore.co.uk/products/iceberg-nicotine-pouches,flavour,watermelon mint gum,not listed on VOS,,4.99,https://www.ninja-vapes.co.uk/product/watermelon-mint-gum-iceberg,reviewed
ninja-vapes.co.uk,Pouches By Iceberg,iceberg nicotine pouches online,https://vapeonlinestore.co.uk/products/iceberg-nicotine-pouches,strength,20mg,not listed on VOS,,3.99,https://www.ninja-vapes.co.uk/product/iceberg-nicotine-pouches,high
ninja-vapes.co.uk,Pouches By Iceberg,iceberg nicotine pouches online,https://vapeonlinestore.co.uk/products/iceberg-nicotine-pouches,strength,30mg medium,not listed on VOS,,4.99,https://www.ninja-vapes.co.uk/product/grape-gum-iceberg,high
ninja-vapes.co.uk,Pouches,iceberg nicotine pouches online,https://vapeonlinestore.co.uk/products/iceberg-nicotine-pouches,strength,30mg medium,not listed on VOS,,4.99,https://www.ninja-vapes.co.uk/product/mint-explosion-iceberg,reviewed
ninja-vapes.co.uk,Pouches By Iceberg,iceberg nicotine pouches online,https://vapeonlinestore.co.uk/products/iceberg-nicotine-pouches,strength,30mg regular,not listed on VOS,,4.99,https://www.ninja-vapes.co.uk/product/menthol-iceberg,high
ninja-vapes.co.uk,Pouches,iceberg nicotine pouches online,https://vapeonlinestore.co.uk/products/iceberg-nicotine-pouches,strength,30mg regular,not listed on VOS,,4.99,https://www.ninja-vapes.co.uk/product/watermelon-mint-gum-iceberg,reviewed
ninja-vapes.co.uk,Pouches By Iceberg,iceberg nicotine pouches online,https://vapeonlinestore.co.uk/products/iceberg-nicotine-pouches,strength,50mg,not listed on VOS,,3.99,https://www.ninja-vapes.co.uk/product/iceberg-nicotine-pouches,high
ninja-vapes.co.uk,Pouches,iceberg nicotine pouches online,https://vapeonlinestore.co.uk/products/iceberg-nicotine-pouches,strength,50mg,not listed on VOS,,4.99,https://www.ninja-vapes.co.uk/product/strawberry-lychee-pablo,reviewed
ninja-vapes.co.uk,innokin coolfire z60 vape kit,innokin coolfire z60 vape kit,https://vapeonlinestore.co.uk/products/innokin-coolfire-z60-kit,colour,stainless steel,not listed on VOS,,41.99,https://www.ninja-vapes.co.uk/product/innokin-coolfire-z60-vape-kit,high
ninja-vapes.co.uk,innokin endura t18 ii vape kit,innokin endura t18ii vape kit,https://vapeonlinestore.co.uk/products/innokin-vape-pen-kit-t18-ll,colour,blue silver gradient,not listed on VOS,,22.99,https://www.ninja-vapes.co.uk/product/innokin-endura-t18-ii-vape-kit,high
ninja-vapes.co.uk,innokin endura t18 ii vape kit,innokin endura t18ii vape kit,https://vapeonlinestore.co.uk/products/innokin-vape-pen-kit-t18-ll,colour,coffee,not listed on VOS,,22.99,https://www.ninja-vapes.co.uk/product/innokin-endura-t18-ii-vape-kit,high
ninja-vapes.co.uk,innokin endura t18 ii vape kit,innokin endura t18ii vape kit,https://vapeonlinestore.co.uk/products/innokin-vape-pen-kit-t18-ll,colour,rainbow,not listed on VOS,,22.99,https://www.ninja-vapes.co.uk/product/innokin-endura-t18-ii-vape-kit,high
ninja-vapes.co.uk,innokin endura t18 ii vape kit,innokin endura t18ii vape kit,https://vapeonlinestore.co.uk/products/innokin-vape-pen-kit-t18-ll,colour,violet silver gradient,not listed on VOS,,22.99,https://www.ninja-vapes.co.uk/product/innokin-endura-t18-ii-vape-kit,high
ninja-vapes.co.uk,innokin endura t20-s starter kit,innokin endura t20 s vape pen kit,https://vapeonlinestore.co.uk/products/innokin-vape-pen-endura-t20-s,colour,gun,not listed on VOS,,20.99,https://www.ninja-vapes.co.uk/product/innokin-endura-t20s-vape-starter-kit,medium
ninja-vapes.co.uk,innokin endura t20-s starter kit,innokin endura t20 s vape pen kit,https://vapeonlinestore.co.uk/products/innokin-vape-pen-endura-t20-s,colour,metal,not listed on VOS,,20.99,https://www.ninja-vapes.co.uk/product/innokin-endura-t20s-vape-starter-kit,medium
ninja-vapes.co.uk,innokin endura t22 pro kit,innokin endura t22 pro vape kit,https://vapeonlinestore.co.uk/products/innokin-endura-t22-pro-kit,colour,rainbow,not listed on VOS,,25.99,https://www.ninja-vapes.co.uk/product/innokin-endura-t22-pro-kit,high
ninja-vapes.co.uk,innokin go s pen kit,innokin go s vape pen kit,https://vapeonlinestore.co.uk/products/innokin-vape-pen-kit-go-s,colour,gun metal,not listed on VOS,,11.99,https://www.ninja-vapes.co.uk/product/innokin-go-s-pen-kit,high
ninja-vapes.co.uk,innokin go s pen kit,innokin go s vape pen kit,https://vapeonlinestore.co.uk/products/innokin-vape-pen-kit-go-s,colour,stainless steel,not listed on VOS,,11.99,https://www.ninja-vapes.co.uk/product/innokin-go-s-pen-kit,high
ninja-vapes.co.uk,innokin go s pen kit,innokin go s vape pen kit,https://vapeonlinestore.co.uk/products/innokin-vape-pen-kit-go-s,colour,teal,not listed on VOS,,11.99,https://www.ninja-vapes.co.uk/product/innokin-go-s-pen-kit,high
ninja-vapes.co.uk,innokin go s disposable tank,innokin go-s disposable tank,https://vapeonlinestore.co.uk/products/go-s-disposable-tank-by-innokin,colour,light blue,not listed on VOS,,4.99,https://www.ninja-vapes.co.uk/product/innokin-go-s-tank,high
ninja-vapes.co.uk,innokin go z pen vape kit,innokin go-z vape pen kit,https://vapeonlinestore.co.uk/products/go-z-vape-pen-by-innokin,colour,red black,not listed on VOS,,11.99,https://www.ninja-vapes.co.uk/product/innokin-go-z-pen-vape-kit,high
ninja-vapes.co.uk,innokin go z pen vape kit,innokin go-z vape pen kit,https://vapeonlinestore.co.uk/products/go-z-vape-pen-by-innokin,colour,stainless steel,not listed on VOS,,11.99,https://www.ninja-vapes.co.uk/product/innokin-go-z-pen-vape-kit,high
ninja-vapes.co.uk,innokin go z pen vape kit,innokin go-z vape pen kit,https://vapeonlinestore.co.uk/products/go-z-vape-pen-by-innokin,flavour,lagoon blue,not listed on VOS,,11.99,https://www.ninja-vapes.co.uk/product/innokin-go-z-pen-vape-kit,high
ninja-vapes.co.uk,innokin isub coils,innokin isub tank replacement coils,https://vapeonlinestore.co.uk/products/innokin-isub-coils-pack-of-5,resistance,1.0ohm,not listed on VOS,,8.50,https://www.ninja-vapes.co.uk/product/innokin-isub-coils,high
ninja-vapes.co.uk,innokin jem pen starter kit,innokin jem pen vape kit,https://vapeonlinestore.co.uk/products/innokin-jem-pen-kit,colour,grey,not listed on VOS,,14.49,https://www.ninja-vapes.co.uk/product/innokin-jem-pen-starter-kit,high
ninja-vapes.co.uk,innokin jem pen starter kit,innokin jem pen vape kit,https://vapeonlinestore.co.uk/products/innokin-jem-pen-kit,colour,white,not listed on VOS,,14.49,https://www.ninja-vapes.co.uk/product/innokin-jem-pen-starter-kit,high
ninja-vapes.co.uk,innokin pzp replacement coils,innokin pzp max replacement coils pack of 3,https://vapeonlinestore.co.uk/products/innokin-pzp-max-replacement-coils,resistance,0.4ohm,not listed on VOS,,4.95,https://www.ninja-vapes.co.uk/product/innokin-pzp-replacement-coils,medium
ninja-vapes.co.uk,innokin pzp replacement coils,innokin pzp max replacement coils pack of 3,https://vapeonlinestore.co.uk/products/innokin-pzp-max-replacement-coils,resistance,0.6ohm,not listed on VOS,,4.95,https://www.ninja-vapes.co.uk/product/innokin-pzp-replacement-coils,medium
ninja-vapes.co.uk,innokin pzp replacement coils,innokin pzp max replacement coils pack of 3,https://vapeonlinestore.co.uk/products/innokin-pzp-max-replacement-coils,resistance,1.0ohm,not listed on VOS,,4.95,https://www.ninja-vapes.co.uk/product/innokin-pzp-replacement-coils,medium
ninja-vapes.co.uk,innokin pzp replacement coils,innokin pzp max replacement coils pack of 3,https://vapeonlinestore.co.uk/products/innokin-pzp-max-replacement-coils,resistance,1.2ohm,not listed on VOS,,4.95,https://www.ninja-vapes.co.uk/product/innokin-pzp-replacement-coils,medium
ninja-vapes.co.uk,innokin sceptre replacement coil,innokin sceptre replacement coils pack of 5,https://vapeonlinestore.co.uk/products/innokin-sceptre-replacement-coils,resistance,1.2ohm,not listed on VOS,,5.99,https://www.ninja-vapes.co.uk/product/innokin-sceptre-replacement-coil,high
ninja-vapes.co.uk,innokin sceptre pod kit,innokin sceptre tube pod kit,https://vapeonlinestore.co.uk/products/sceptre-tube-pod-kit-by-innokin,colour,carbon fiber black,not listed on VOS,,19.99,https://www.ninja-vapes.co.uk/product/innokin-sceptre-pod-kit,medium
ninja-vapes.co.uk,innokin sceptre pod kit,innokin sceptre tube pod kit,https://vapeonlinestore.co.uk/products/sceptre-tube-pod-kit-by-innokin,colour,carbon fiber silver,not listed on VOS,,19.99,https://www.ninja-vapes.co.uk/product/innokin-sceptre-pod-kit,medium
ninja-vapes.co.uk,innokin trine vape kit,innokin trine pod vape kit,https://vapeonlinestore.co.uk/products/innokin-trine-pod-kit,colour,solor red,not listed on VOS,,15.99,https://www.ninja-vapes.co.uk/product/innokin-trine-vape-kit,high
ninja-vapes.co.uk,innokin vcap replacement pod,innokin vcap replacement 2ml pods,https://vapeonlinestore.co.uk/products/innokin-vcap-replacement-pods,resistance,0.6ohm pod single,not listed on VOS,,2.99,https://www.ninja-vapes.co.uk/product/innokin-vcap-pod,high
ninja-vapes.co.uk,innokin vcap replacement pod,innokin vcap replacement 2ml pods,https://vapeonlinestore.co.uk/products/innokin-vcap-replacement-pods,resistance,0.8ohm pod single,not listed on VOS,,2.99,https://www.ninja-vapes.co.uk/product/innokin-vcap-pod,high
ninja-vapes.co.uk,innokin vcap replacement pod,innokin vcap replacement 2ml pods,https://vapeonlinestore.co.uk/products/innokin-vcap-replacement-pods,resistance,1.2ohm pod single,not listed on VOS,,2.99,https://www.ninja-vapes.co.uk/product/innokin-vcap-pod,high
ninja-vapes.co.uk,innokin adept zlide kit,innokin zlide adept vape kit,https://vapeonlinestore.co.uk/products/zlide-adept-vape-kit,colour,forest camo,not listed on VOS,,28.99,https://www.ninja-vapes.co.uk/product/innokin-adept-zlide-kit,high
ninja-vapes.co.uk,innokin adept zlide kit,innokin zlide adept vape kit,https://vapeonlinestore.co.uk/products/zlide-adept-vape-kit,colour,sky,not listed on VOS,,28.99,https://www.ninja-vapes.co.uk/product/innokin-adept-zlide-kit,high
ninja-vapes.co.uk,innokin zlide vape tank,innokin zlide replacement tank,https://vapeonlinestore.co.uk/products/zlide-vape-tank-by-innokin,colour,stainles steel,not listed on VOS,,19.95,https://www.ninja-vapes.co.uk/product/innokin-zlide-tank,high
ninja-vapes.co.uk,innokin zlide top vape tank,innokin zlide replacement tank,https://vapeonlinestore.co.uk/products/zlide-vape-tank-by-innokin,colour,steel,not listed on VOS,,16.95,https://www.ninja-vapes.co.uk/product/innokin-zlide-top-tank,medium
ninja-vapes.co.uk,iqos iluma terea sticks,iqos iluma terea sticks,https://vapeonlinestore.co.uk/products/iqos-iluma-terea-sticks,flavour,mauve wave,not listed on VOS,,7.99,https://www.ninja-vapes.co.uk/product/iqos-iluma-terea-sticks,high
ninja-vapes.co.uk,iqos iluma terea sticks,iqos iluma terea sticks,https://vapeonlinestore.co.uk/products/iqos-iluma-terea-sticks,flavour,provence,not listed on VOS,,7.99,https://www.ninja-vapes.co.uk/product/iqos-iluma-terea-sticks,high
ninja-vapes.co.uk,iqos iluma terea sticks,iqos iluma terea sticks,https://vapeonlinestore.co.uk/products/iqos-iluma-terea-sticks,flavour,riviera pearl,not listed on VOS,,7.99,https://www.ninja-vapes.co.uk/product/iqos-iluma-terea-sticks,high
ninja-vapes.co.uk,iqos iluma terea sticks,iqos iluma terea sticks,https://vapeonlinestore.co.uk/products/iqos-iluma-terea-sticks,flavour,russet,not listed on VOS,,7.99,https://www.ninja-vapes.co.uk/product/iqos-iluma-terea-sticks,high
ninja-vapes.co.uk,iqos iluma terea sticks,iqos iluma terea sticks,https://vapeonlinestore.co.uk/products/iqos-iluma-terea-sticks,flavour,sienna,not listed on VOS,,7.99,https://www.ninja-vapes.co.uk/product/iqos-iluma-terea-sticks,high
ninja-vapes.co.uk,iqos iluma terea sticks,iqos iluma terea sticks,https://vapeonlinestore.co.uk/products/iqos-iluma-terea-sticks,flavour,starling pearl,not listed on VOS,,7.99,https://www.ninja-vapes.co.uk/product/iqos-iluma-terea-sticks,high
ninja-vapes.co.uk,iqos iluma terea sticks,iqos iluma terea sticks,https://vapeonlinestore.co.uk/products/iqos-iluma-terea-sticks,flavour,teak,not listed on VOS,,7.99,https://www.ninja-vapes.co.uk/product/iqos-iluma-terea-sticks,high
ninja-vapes.co.uk,iqos iluma terea sticks,iqos iluma terea sticks,https://vapeonlinestore.co.uk/products/iqos-iluma-terea-sticks,flavour,turquoise,not listed on VOS,,7.99,https://www.ninja-vapes.co.uk/product/iqos-iluma-terea-sticks,high
ninja-vapes.co.uk,iqos iluma terea sticks,iqos iluma terea sticks,https://vapeonlinestore.co.uk/products/iqos-iluma-terea-sticks,flavour,yellow,not listed on VOS,,7.99,https://www.ninja-vapes.co.uk/product/iqos-iluma-terea-sticks,high
ninja-vapes.co.uk,Ivg 50 50 Original Nic Salt 10Ml,ivg 10ml 50/50 nic salt e liquids,https://vapeonlinestore.co.uk/products/ivg-10ml-e-liquids,flavour,tropical ice,not listed on VOS,,2.99,https://www.ninja-vapes.co.uk/product/ivg-50-50-eliquid-range-10ml-bottles,high
ninja-vapes.co.uk,Ivg 50 50 Original Nic Salt 10Ml,ivg 10ml 50/50 nic salt e liquids,https://vapeonlinestore.co.uk/products/ivg-10ml-e-liquids,strength,3mg,not listed on VOS,,2.99,https://www.ninja-vapes.co.uk/product/ivg-50-50-eliquid-range-10ml-bottles,high
ninja-vapes.co.uk,Ivg Air 4In1 2400 Puffs Prefilled Pods Kit,ivg 2400 rechargeable pod kit 4-in-1 2400 puffs,https://vapeonlinestore.co.uk/products/ivg-2400,flavour,black,not listed on VOS,,29.99,https://www.ninja-vapes.co.uk/product/box-of-10-ivg-air-4in1-pod-kit,high
ninja-vapes.co.uk,Ivg Air 4In1 2400 Puffs Prefilled Pods Kit,ivg 2400 rechargeable pod kit 4-in-1 2400 puffs,https://vapeonlinestore.co.uk/products/ivg-2400,flavour,gold,not listed on VOS,,29.99,https://www.ninja-vapes.co.uk/product/box-of-10-ivg-air-4in1-pod-kit,high
ninja-vapes.co.uk,Ivg Air 4In1 2400 Puffs Prefilled Pods Kit,ivg 2400 rechargeable pod kit 4-in-1 2400 puffs,https://vapeonlinestore.co.uk/products/ivg-2400,flavour,green,not listed on VOS,,29.99,https://www.ninja-vapes.co.uk/product/box-of-10-ivg-air-4in1-pod-kit,high
ninja-vapes.co.uk,Ivg Air 4In1 2400 Puffs Prefilled Pods Kit,ivg 2400 rechargeable pod kit 4-in-1 2400 puffs,https://vapeonlinestore.co.uk/products/ivg-2400,flavour,silver,not listed on VOS,,29.99,https://www.ninja-vapes.co.uk/product/box-of-10-ivg-air-4in1-pod-kit,high
ninja-vapes.co.uk,Ivg Air 4In1 2400 Puffs Prefilled Pods Kit,ivg 2400 rechargeable pod kit 4-in-1 2400 puffs,https://vapeonlinestore.co.uk/products/ivg-2400,flavour,sky blue,not listed on VOS,,29.99,https://www.ninja-vapes.co.uk/product/box-of-10-ivg-air-4in1-pod-kit,high
ninja-vapes.co.uk,Ivg 2400 Reload 4In1 Prefilled Refill Pods,ivg 2400 reload 4-in-1 prefilled pods pack of 4,https://vapeonlinestore.co.uk/products/ivg-2400-reload-pods,flavour,blue kiwi,not listed on VOS,,24.99,https://www.ninja-vapes.co.uk/product/box-of-10-ivg-2400-reload-prefilled-refill-pods,high
ninja-vapes.co.uk,Ivg 2400 Reload 4In1 Prefilled Refill Pods,ivg 2400 reload 4-in-1 prefilled pods pack of 4,https://vapeonlinestore.co.uk/products/ivg-2400-reload-pods,flavour,blue raspberry pineapple,not listed on VOS,,24.99,https://www.ninja-vapes.co.uk/product/box-of-10-ivg-2400-reload-prefilled-refill-pods,high
ninja-vapes.co.uk,Ivg 2400 Reload 4In1 Prefilled Refill Pods,ivg 2400 reload 4-in-1 prefilled pods pack of 4,https://vapeonlinestore.co.uk/products/ivg-2400-reload-pods,flavour,cherry peach lemon,not listed on VOS,,24.99,https://www.ninja-vapes.co.uk/product/box-of-10-ivg-2400-reload-prefilled-refill-pods,high
ninja-vapes.co.uk,Ivg 2400 Reload 4In1 Prefilled Refill Pods,ivg 2400 reload 4-in-1 prefilled pods pack of 4,https://vapeonlinestore.co.uk/products/ivg-2400-reload-pods,flavour,coconut,listed on VOS but out of stock,coconut,24.99,https://www.ninja-vapes.co.uk/product/box-of-10-ivg-2400-reload-prefilled-refill-pods,high
ninja-vapes.co.uk,Ivg 2400 Reload 4In1 Prefilled Refill Pods,ivg 2400 reload 4-in-1 prefilled pods pack of 4,https://vapeonlinestore.co.uk/products/ivg-2400-reload-pods,flavour,coffee,listed on VOS but out of stock,coffee,24.99,https://www.ninja-vapes.co.uk/product/box-of-10-ivg-2400-reload-prefilled-refill-pods,high
ninja-vapes.co.uk,Ivg 2400 Reload 4In1 Prefilled Refill Pods,ivg 2400 reload 4-in-1 prefilled pods pack of 4,https://vapeonlinestore.co.uk/products/ivg-2400-reload-pods,flavour,cola,listed on VOS but out of stock,cola,24.99,https://www.ninja-vapes.co.uk/product/box-of-10-ivg-2400-reload-prefilled-refill-pods,high
ninja-vapes.co.uk,Ivg 2400 Reload 4In1 Prefilled Refill Pods,ivg 2400 reload 4-in-1 prefilled pods pack of 4,https://vapeonlinestore.co.uk/products/ivg-2400-reload-pods,flavour,fruit mint,not listed on VOS,,24.99,https://www.ninja-vapes.co.uk/product/box-of-10-ivg-2400-reload-prefilled-refill-pods,high
ninja-vapes.co.uk,Ivg 2400 Reload 4In1 Prefilled Refill Pods,ivg 2400 reload 4-in-1 prefilled pods pack of 4,https://vapeonlinestore.co.uk/products/ivg-2400-reload-pods,flavour,grape blackcurrant,not listed on VOS,,24.99,https://www.ninja-vapes.co.uk/product/box-of-10-ivg-2400-reload-prefilled-refill-pods,high
ninja-vapes.co.uk,Ivg 2400 Reload 4In1 Prefilled Refill Pods,ivg 2400 reload 4-in-1 prefilled pods pack of 4,https://vapeonlinestore.co.uk/products/ivg-2400-reload-pods,flavour,green apple,not listed on VOS,,24.99,https://www.ninja-vapes.co.uk/product/box-of-10-ivg-2400-reload-prefilled-refill-pods,high
ninja-vapes.co.uk,Ivg 2400 Reload 4In1 Prefilled Refill Pods,ivg 2400 reload 4-in-1 prefilled pods pack of 4,https://vapeonlinestore.co.uk/products/ivg-2400-reload-pods,flavour,guava pineapple passion fruit,not listed on VOS,,24.99,https://www.ninja-vapes.co.uk/product/box-of-10-ivg-2400-reload-prefilled-refill-pods,high
ninja-vapes.co.uk,Ivg 2400 Reload 4In1 Prefilled Refill Pods,ivg 2400 reload 4-in-1 prefilled pods pack of 4,https://vapeonlinestore.co.uk/products/ivg-2400-reload-pods,flavour,lemon lime,not listed on VOS,,24.99,https://www.ninja-vapes.co.uk/product/box-of-10-ivg-2400-reload-prefilled-refill-pods,high
ninja-vapes.co.uk,ivg 2400 reload prefilled refill pods (2 pack),ivg 2400 reload 4-in-1 prefilled pods pack of 4,https://vapeonlinestore.co.uk/products/ivg-2400-reload-pods,flavour,strawberry watermelon,not listed on VOS,,4.99,https://www.ninja-vapes.co.uk/product/ivg-2400-reload-prefilled-refill-pods,reviewed
ninja-vapes.co.uk,Ivg 2400 Reload 4In1 Prefilled Refill Pods,ivg 2400 reload 4-in-1 prefilled pods pack of 4,https://vapeonlinestore.co.uk/products/ivg-2400-reload-pods,flavour,tobacco,listed on VOS but out of stock,tobacco,24.99,https://www.ninja-vapes.co.uk/product/box-of-10-ivg-2400-reload-prefilled-refill-pods,high
ninja-vapes.co.uk,ivg 2400 reload prefilled refill pods (2 pack),ivg 2400 reload 4-in-1 prefilled pods pack of 4,https://vapeonlinestore.co.uk/products/ivg-2400-reload-pods,flavour,tropical fruits,not listed on VOS,,4.99,https://www.ninja-vapes.co.uk/product/ivg-2400-reload-prefilled-refill-pods,reviewed
ninja-vapes.co.uk,ivg air 2-in-1 1200 puffs rechargeable pod kit,ivg air 2 in 1 pre-filled pod vape kit 2 flavour vape,https://vapeonlinestore.co.uk/products/ivg-air-2-in-1-pod-kit,flavour,cream,not listed on VOS,,2.99,https://www.ninja-vapes.co.uk/product/ivg-air-2-in-1,medium
ninja-vapes.co.uk,ivg air 2-in-1 1200 puffs rechargeable pod kit,ivg air 2 in 1 pre-filled pod vape kit 2 flavour vape,https://vapeonlinestore.co.uk/products/ivg-air-2-in-1-pod-kit,flavour,gold,not listed on VOS,,2.99,https://www.ninja-vapes.co.uk/product/ivg-air-2-in-1,medium
ninja-vapes.co.uk,ivg reload mini 600 puffs starter kit,ivg reload mini prefilled pod kit,https://vapeonlinestore.co.uk/products/ivg-reload-mini-prefilled-pod-kit,flavour,red sour raspberry,not listed on VOS,,4.99,https://www.ninja-vapes.co.uk/product/ivg-reload-mini-starter-kit,medium
ninja-vapes.co.uk,Ivg Savr 3000 Prefilled Pods,ivg savr prefilled pods pack of 1,https://vapeonlinestore.co.uk/products/ivg-savr-prefilled-pods,flavour,fresh mint,listed on VOS but out of stock,fresh mint,14.99,https://www.ninja-vapes.co.uk/product/box-of-10-ivg-savr-3k-prefilled-pods,low
ninja-vapes.co.uk,Ivg Savr 3000 Prefilled Pods,ivg savr prefilled pods pack of 1,https://vapeonlinestore.co.uk/products/ivg-savr-prefilled-pods,flavour,mango,listed on VOS but out of stock,mango,14.99,https://www.ninja-vapes.co.uk/product/box-of-10-ivg-savr-3k-prefilled-pods,low
ninja-vapes.co.uk,Ivg Savr 3000 Prefilled Pods,ivg savr prefilled pods pack of 1,https://vapeonlinestore.co.uk/products/ivg-savr-prefilled-pods,flavour,watermelon,not listed on VOS,,14.99,https://www.ninja-vapes.co.uk/product/box-of-10-ivg-savr-3k-prefilled-pods,low
ninja-vapes.co.uk,Ivg Xl 35000 Prefilled Pods Kit,ivg xl 35k prefilled pod kit,https://vapeonlinestore.co.uk/products/ivg-xl-35k-prefilled-pod-kit,flavour,fizzy cherry,listed on VOS but out of stock,fizzy cherry,47.99,https://www.ninja-vapes.co.uk/product/box-of-10-ivg-xl-35k-pod-vape-kit,high
ninja-vapes.co.uk,Ivg Xl 35000 Prefilled Pods Kit,ivg xl 35k prefilled pod kit,https://vapeonlinestore.co.uk/products/ivg-xl-35k-prefilled-pod-kit,flavour,strawberry raspberry cherry,listed on VOS but out of stock,strawberry raspberry cherry,47.99,https://www.ninja-vapes.co.uk/product/box-of-10-ivg-xl-35k-pod-vape-kit,high
ninja-vapes.co.uk,jnr nicotine pouches,jnr energy nicotine pouches just no reason,https://vapeonlinestore.co.uk/products/jnr-energy-nicotine-pouches,strength,25mg g,not listed on VOS,,3.99,https://www.ninja-vapes.co.uk/product/jnr-nicotine-pouches,reviewed
ninja-vapes.co.uk,Jnr Fox 10000 Puffs Prefilled Pods Kit,jnr fox 10k puffs prefilled pod vape kit,https://vapeonlinestore.co.uk/products/jnr-fox-10k,flavour,blueberry ice,listed on VOS but out of stock,blueberry ice,39.99,https://www.ninja-vapes.co.uk/product/box-of-10-jnr-fox-10k-pod-kit,high
ninja-vapes.co.uk,jnr niplo 5000 nic salt 10ml,jnr niplo 5000 10ml nic salt e-liquid,https://vapeonlinestore.co.uk/products/jnr-niplo-5000-10ml-nic-salt,flavour,blue sour raspberry,not listed on VOS,,2.99,https://www.ninja-vapes.co.uk/product/jnr-niplo-5000-nic-salt,high
ninja-vapes.co.uk,jnr niplo 5000 nic salt 10ml,jnr niplo 5000 10ml nic salt e-liquid,https://vapeonlinestore.co.uk/products/jnr-niplo-5000-10ml-nic-salt,flavour,blueberry cherry cranberry,not listed on VOS,,2.99,https://www.ninja-vapes.co.uk/product/jnr-niplo-5000-nic-salt,high
ninja-vapes.co.uk,jnr niplo 5000 nic salt 10ml,jnr niplo 5000 10ml nic salt e-liquid,https://vapeonlinestore.co.uk/products/jnr-niplo-5000-10ml-nic-salt,flavour,mr.blue,not listed on VOS,,2.99,https://www.ninja-vapes.co.uk/product/jnr-niplo-5000-nic-salt,high
ninja-vapes.co.uk,jnr niplo 5000 nic salt 10ml,jnr niplo 5000 10ml nic salt e-liquid,https://vapeonlinestore.co.uk/products/jnr-niplo-5000-10ml-nic-salt,flavour,skit,not listed on VOS,,2.99,https://www.ninja-vapes.co.uk/product/jnr-niplo-5000-nic-salt,high
ninja-vapes.co.uk,jnr p4 stellarc refill pods,jnr p4 stellarc 100k puff replacement pods,https://vapeonlinestore.co.uk/products/jnr-p4-stellarc-100k-replacement-pods,flavour,green apple peach,not listed on VOS,,6.99,https://www.ninja-vapes.co.uk/product/refill-pod-for-jnr-p4-100000,medium
ninja-vapes.co.uk,jnr p5 glassrock 15k puffs prefilled pod kit,jnr p5 glassrock 15k prefilled pod kit,https://vapeonlinestore.co.uk/products/jnr-p5-glassrock-15k,flavour,watermelon ice,not listed on VOS,,8.99,https://www.ninja-vapes.co.uk/product/jnr-p5-glassrock-15k,high
ninja-vapes.co.uk,Juice Power Nic Salt 10Ml,juice n power 10ml e-liquid 10mg & 20mg,https://vapeonlinestore.co.uk/products/juice-n-power-10ml-e-liquid,flavour,bubblegum rainbow,not listed on VOS,,2.89,https://www.ninja-vapes.co.uk/product/juice-n-power-nic-salt-bubblegum-rainbow-10ml,high
ninja-vapes.co.uk,Juice Power Nic Salt 10Ml,juice n power 10ml e-liquid 10mg & 20mg,https://vapeonlinestore.co.uk/products/juice-n-power-10ml-e-liquid,flavour,kiwi honeydew mint,not listed on VOS,,0.49,https://www.ninja-vapes.co.uk/product/juice-n-power-nic-salt-10ml,high
ninja-vapes.co.uk,Juice Power Nic Salt 10Ml,juice n power 10ml e-liquid 10mg & 20mg,https://vapeonlinestore.co.uk/products/juice-n-power-10ml-e-liquid,flavour,melon berry,not listed on VOS,,2.89,https://www.ninja-vapes.co.uk/product/juice-n-power-nic-salt-melon-berries-10ml,high
ninja-vapes.co.uk,Juice Power Nic Salt 10Ml,juice n power 10ml e-liquid 10mg & 20mg,https://vapeonlinestore.co.uk/products/juice-n-power-10ml-e-liquid,flavour,rainbow sweets,not listed on VOS,,0.49,https://www.ninja-vapes.co.uk/product/juice-n-power-nic-salt-10ml,high
ninja-vapes.co.uk,Juice Power Nic Salt 10Ml,juice n power 10ml e-liquid 10mg & 20mg,https://vapeonlinestore.co.uk/products/juice-n-power-10ml-e-liquid,flavour,red apple,not listed on VOS,,2.89,https://www.ninja-vapes.co.uk/product/juice-n-power-nic-salt-red-apple-10ml,high
ninja-vapes.co.uk,Juice Power Nic Salt 10Ml,juice n power 10ml e-liquid 10mg & 20mg,https://vapeonlinestore.co.uk/products/juice-n-power-10ml-e-liquid,flavour,shock,not listed on VOS,,2.89,https://www.ninja-vapes.co.uk/product/juice-n-power-eliquid-shock-10ml,high
ninja-vapes.co.uk,Juice Power Nic Salt 10Ml,juice n power 10ml e-liquid 10mg & 20mg,https://vapeonlinestore.co.uk/products/juice-n-power-10ml-e-liquid,flavour,strawberry lemonade,not listed on VOS,,0.49,https://www.ninja-vapes.co.uk/product/juice-n-power-nic-salt-10ml,high
ninja-vapes.co.uk,Juice Power Nic Salt 10Ml,juice n power 10ml e-liquid 10mg & 20mg,https://vapeonlinestore.co.uk/products/juice-n-power-10ml-e-liquid,flavour,tropical fruit,not listed on VOS,,2.89,https://www.ninja-vapes.co.uk/product/juice-n-power-nic-salt-tropical-fruit-10ml,high
ninja-vapes.co.uk,Juice Power Nic Salt 10Ml,juice n power 10ml e-liquid 10mg & 20mg,https://vapeonlinestore.co.uk/products/juice-n-power-10ml-e-liquid,flavour,tropical rainbow,not listed on VOS,,2.89,https://www.ninja-vapes.co.uk/product/juice-n-power-nic-salt-tropical-rainbow-10ml,high
ninja-vapes.co.uk,Juice Power Nic Salt 10Ml,juice n power 10ml e-liquid 10mg & 20mg,https://vapeonlinestore.co.uk/products/juice-n-power-10ml-e-liquid,flavour,watermelon mojito,not listed on VOS,,2.89,https://www.ninja-vapes.co.uk/product/juice-n-power-nic-salt-watermelon-mojito-10ml,high
ninja-vapes.co.uk,Juice Power Nic Salt 10Ml,juice n power 10ml e-liquid 10mg & 20mg,https://vapeonlinestore.co.uk/products/juice-n-power-10ml-e-liquid,strength,11mg,not listed on VOS,,0.49,https://www.ninja-vapes.co.uk/product/juice-n-power-nic-salt-10ml,high
ninja-vapes.co.uk,Juicy Pod Novamax 10000 Prefilled Pods,juicy pod novamax 10k prefilled pods,https://vapeonlinestore.co.uk/products/juicy-pod-novamax-10k-pods,flavour,banana ice,not listed on VOS,,24.99,https://www.ninja-vapes.co.uk/product/box-of-10-juicy-pod-novamax-10k-pods,high
ninja-vapes.co.uk,Juicy Pod Novamax 10000 Prefilled Pods,juicy pod novamax 10k prefilled pods,https://vapeonlinestore.co.uk/products/juicy-pod-novamax-10k-pods,flavour,cherry berry,not listed on VOS,,24.99,https://www.ninja-vapes.co.uk/product/box-of-10-juicy-pod-novamax-10k-pods,high
ninja-vapes.co.uk,Juicy Pod Novamax 10000 Prefilled Pods,juicy pod novamax 10k prefilled pods,https://vapeonlinestore.co.uk/products/juicy-pod-novamax-10k-pods,flavour,pineapple ice,not listed on VOS,,24.99,https://www.ninja-vapes.co.uk/product/box-of-10-juicy-pod-novamax-10k-pods,high
ninja-vapes.co.uk,just juice 50ml all range shortfill e-liquid,just juice shortfill 50ml e-liquid,https://vapeonlinestore.co.uk/products/just-juice-shortfill-50ml-e-liquid,flavour,berry burst lemonade,not listed on VOS,,9.49,https://www.ninja-vapes.co.uk/product/just-juice-50ml-e-liquid-shortfill,reviewed
ninja-vapes.co.uk,just juice 50ml all range shortfill e-liquid,just juice shortfill 50ml e-liquid,https://vapeonlinestore.co.uk/products/just-juice-shortfill-50ml-e-liquid,flavour,exotic fruits cherymoya grapefruit berry,not listed on VOS,,9.49,https://www.ninja-vapes.co.uk/product/just-juice-50ml-e-liquid-shortfill,reviewed
ninja-vapes.co.uk,just juice 50ml all range shortfill e-liquid,just juice shortfill 50ml e-liquid,https://vapeonlinestore.co.uk/products/just-juice-shortfill-50ml-e-liquid,flavour,exotic fruits guanabana lime on ice,not listed on VOS,,9.49,https://www.ninja-vapes.co.uk/product/just-juice-50ml-e-liquid-shortfill,reviewed
ninja-vapes.co.uk,just juice 50ml all range shortfill e-liquid,just juice shortfill 50ml e-liquid,https://vapeonlinestore.co.uk/products/just-juice-shortfill-50ml-e-liquid,flavour,exotic fruits lulo citrus,not listed on VOS,,9.49,https://www.ninja-vapes.co.uk/product/just-juice-50ml-e-liquid-shortfill,reviewed
ninja-vapes.co.uk,just juice 50ml all range shortfill e-liquid,just juice shortfill 50ml e-liquid,https://vapeonlinestore.co.uk/products/just-juice-shortfill-50ml-e-liquid,flavour,exotic fruits strawberry curuba,not listed on VOS,,9.49,https://www.ninja-vapes.co.uk/product/just-juice-50ml-e-liquid-shortfill,reviewed
ninja-vapes.co.uk,just juice 50ml all range shortfill e-liquid,just juice shortfill 50ml e-liquid,https://vapeonlinestore.co.uk/products/just-juice-shortfill-50ml-e-liquid,flavour,fusion berry burst lemonade,not listed on VOS,,9.49,https://www.ninja-vapes.co.uk/product/just-juice-50ml-e-liquid-shortfill,reviewed
ninja-vapes.co.uk,just juice 50ml all range shortfill e-liquid,just juice shortfill 50ml e-liquid,https://vapeonlinestore.co.uk/products/just-juice-shortfill-50ml-e-liquid,flavour,mango blood orange on ice,not listed on VOS,,9.49,https://www.ninja-vapes.co.uk/product/just-juice-50ml-e-liquid-shortfill,reviewed
ninja-vapes.co.uk,Killa Pouches,killa nicotine pouches next day delivery,https://vapeonlinestore.co.uk/products/killa-nicotine-pouches,flavour,13 energy,not listed on VOS,,3.99,https://www.ninja-vapes.co.uk/product/killa-nicotine-pouches,reviewed
ninja-vapes.co.uk,Killa Pouches,killa nicotine pouches next day delivery,https://vapeonlinestore.co.uk/products/killa-nicotine-pouches,flavour,apple,not listed on VOS,,2.99,https://www.ninja-vapes.co.uk/product/killa-apple-nicotine-pouches,reviewed
ninja-vapes.co.uk,Killa Pouches,killa nicotine pouches next day delivery,https://vapeonlinestore.co.uk/products/killa-nicotine-pouches,flavour,banana ice,not listed on VOS,,2.99,https://www.ninja-vapes.co.uk/product/killa-banana-ice-nicotine-pouches,reviewed
ninja-vapes.co.uk,killa exclusive nicotine pouches,killa nicotine pouches next day delivery,https://vapeonlinestore.co.uk/products/killa-nicotine-pouches,flavour,blue mint,not listed on VOS,,3.99,https://www.ninja-vapes.co.uk/product/killa-exclusive-nicotine-pouches,reviewed
ninja-vapes.co.uk,killa exclusive nicotine pouches,killa nicotine pouches next day delivery,https://vapeonlinestore.co.uk/products/killa-nicotine-pouches,flavour,blue raspberry,not listed on VOS,,3.99,https://www.ninja-vapes.co.uk/product/killa-exclusive-nicotine-pouches,reviewed
ninja-vapes.co.uk,Killa Pouches,killa nicotine pouches next day delivery,https://vapeonlinestore.co.uk/products/killa-nicotine-pouches,flavour,blueberry,not listed on VOS,,2.99,https://www.ninja-vapes.co.uk/product/killa-blueberry-nicotine-pouches,reviewed
ninja-vapes.co.uk,Killa Pouches,killa nicotine pouches next day delivery,https://vapeonlinestore.co.uk/products/killa-nicotine-pouches,flavour,bubblegum,not listed on VOS,,2.99,https://www.ninja-vapes.co.uk/product/killa-bubblegum-nicotine-pouches,reviewed
ninja-vapes.co.uk,Killa Pouches,killa nicotine pouches next day delivery,https://vapeonlinestore.co.uk/products/killa-nicotine-pouches,flavour,cappuccino,not listed on VOS,,3.99,https://www.ninja-vapes.co.uk/product/killa-nicotine-pouches,reviewed
ninja-vapes.co.uk,killa exclusive nicotine pouches,killa nicotine pouches next day delivery,https://vapeonlinestore.co.uk/products/killa-nicotine-pouches,flavour,cherry cola,not listed on VOS,,3.99,https://www.ninja-vapes.co.uk/product/killa-exclusive-nicotine-pouches,reviewed
ninja-vapes.co.uk,Killa Pouches,killa nicotine pouches next day delivery,https://vapeonlinestore.co.uk/products/killa-nicotine-pouches,flavour,cola,not listed on VOS,,2.99,https://www.ninja-vapes.co.uk/product/killa-cola-nicotine-pouches,reviewed
ninja-vapes.co.uk,killa exclusive nicotine pouches,killa nicotine pouches next day delivery,https://vapeonlinestore.co.uk/products/killa-nicotine-pouches,flavour,cold dry,not listed on VOS,,3.99,https://www.ninja-vapes.co.uk/product/killa-exclusive-nicotine-pouches,reviewed
ninja-vapes.co.uk,Killa Pouches,killa nicotine pouches next day delivery,https://vapeonlinestore.co.uk/products/killa-nicotine-pouches,flavour,cold mint,not listed on VOS,,3.99,https://www.ninja-vapes.co.uk/product/killa-nicotine-pouches,reviewed
ninja-vapes.co.uk,Killa Pouches,killa nicotine pouches next day delivery,https://vapeonlinestore.co.uk/products/killa-nicotine-pouches,flavour,cold x mint,not listed on VOS,,3.99,https://www.ninja-vapes.co.uk/product/killa-nicotine-pouches,reviewed
ninja-vapes.co.uk,Killa Pouches,killa nicotine pouches next day delivery,https://vapeonlinestore.co.uk/products/killa-nicotine-pouches,flavour,cool mint,not listed on VOS,,2.99,https://www.ninja-vapes.co.uk/product/killa-cool-mint-nicotine-pouches,reviewed
ninja-vapes.co.uk,killa exclusive nicotine pouches,killa nicotine pouches next day delivery,https://vapeonlinestore.co.uk/products/killa-nicotine-pouches,flavour,dark cherry,not listed on VOS,,3.99,https://www.ninja-vapes.co.uk/product/killa-exclusive-nicotine-pouches,reviewed
ninja-vapes.co.uk,killa exclusive nicotine pouches,killa nicotine pouches next day delivery,https://vapeonlinestore.co.uk/products/killa-nicotine-pouches,flavour,double mint,not listed on VOS,,3.99,https://www.ninja-vapes.co.uk/product/killa-exclusive-nicotine-pouches,reviewed
ninja-vapes.co.uk,Killa Pouches,killa nicotine pouches next day delivery,https://vapeonlinestore.co.uk/products/killa-nicotine-pouches,flavour,freeze gold,not listed on VOS,,3.99,https://www.ninja-vapes.co.uk/product/killa-nicotine-pouches,reviewed
ninja-vapes.co.uk,Killa Pouches,killa nicotine pouches next day delivery,https://vapeonlinestore.co.uk/products/killa-nicotine-pouches,flavour,frosted mint,not listed on VOS,,2.99,https://www.ninja-vapes.co.uk/product/killa-frosted-mint-nicotine-pouches,reviewed
ninja-vapes.co.uk,Killa Pouches,killa nicotine pouches next day delivery,https://vapeonlinestore.co.uk/products/killa-nicotine-pouches,flavour,grape ice,not listed on VOS,,2.99,https://www.ninja-vapes.co.uk/product/killa-grape-ice-nicotine-pouches,reviewed
ninja-vapes.co.uk,killa exclusive nicotine pouches,killa nicotine pouches next day delivery,https://vapeonlinestore.co.uk/products/killa-nicotine-pouches,flavour,green mint,not listed on VOS,,3.99,https://www.ninja-vapes.co.uk/product/killa-exclusive-nicotine-pouches,reviewed
ninja-vapes.co.uk,killa exclusive nicotine pouches,killa nicotine pouches next day delivery,https://vapeonlinestore.co.uk/products/killa-nicotine-pouches,flavour,lemonade,not listed on VOS,,3.99,https://www.ninja-vapes.co.uk/product/killa-exclusive-nicotine-pouches,reviewed
ninja-vapes.co.uk,killa exclusive nicotine pouches,killa nicotine pouches next day delivery,https://vapeonlinestore.co.uk/products/killa-nicotine-pouches,flavour,liquorice,not listed on VOS,,3.99,https://www.ninja-vapes.co.uk/product/killa-exclusive-nicotine-pouches,reviewed
ninja-vapes.co.uk,Killa Pouches,killa nicotine pouches next day delivery,https://vapeonlinestore.co.uk/products/killa-nicotine-pouches,flavour,mango ice,not listed on VOS,,2.99,https://www.ninja-vapes.co.uk/product/killa-mango-ice-nicotine-pouches,reviewed
ninja-vapes.co.uk,Killa Pouches,killa nicotine pouches next day delivery,https://vapeonlinestore.co.uk/products/killa-nicotine-pouches,flavour,melon,not listed on VOS,,2.99,https://www.ninja-vapes.co.uk/product/killa-melon-nicotine-pouches,reviewed
ninja-vapes.co.uk,Killa Pouches,killa nicotine pouches next day delivery,https://vapeonlinestore.co.uk/products/killa-nicotine-pouches,flavour,mocca,not listed on VOS,,3.99,https://www.ninja-vapes.co.uk/product/killa-nicotine-pouches,reviewed
ninja-vapes.co.uk,killa exclusive nicotine pouches,killa nicotine pouches next day delivery,https://vapeonlinestore.co.uk/products/killa-nicotine-pouches,flavour,orange,not listed on VOS,,3.99,https://www.ninja-vapes.co.uk/product/killa-exclusive-nicotine-pouches,reviewed
ninja-vapes.co.uk,Killa Pouches,killa nicotine pouches next day delivery,https://vapeonlinestore.co.uk/products/killa-nicotine-pouches,flavour,pineapple,not listed on VOS,,3.99,https://www.ninja-vapes.co.uk/product/killa-nicotine-pouches,reviewed
ninja-vapes.co.uk,Killa Pouches,killa nicotine pouches next day delivery,https://vapeonlinestore.co.uk/products/killa-nicotine-pouches,flavour,spearmint,not listed on VOS,,3.99,https://www.ninja-vapes.co.uk/product/killa-nicotine-pouches,reviewed
ninja-vapes.co.uk,Killa Pouches,killa nicotine pouches next day delivery,https://vapeonlinestore.co.uk/products/killa-nicotine-pouches,flavour,strawberry cheesecake,not listed on VOS,,3.99,https://www.ninja-vapes.co.uk/product/killa-nicotine-pouches,reviewed
ninja-vapes.co.uk,Killa Pouches,killa nicotine pouches next day delivery,https://vapeonlinestore.co.uk/products/killa-nicotine-pouches,flavour,strawberry lychee,not listed on VOS,,2.99,https://www.ninja-vapes.co.uk/product/killa-dry-strawberry-lychee-nicotine-pouches,reviewed
ninja-vapes.co.uk,killa exclusive nicotine pouches,killa nicotine pouches next day delivery,https://vapeonlinestore.co.uk/products/killa-nicotine-pouches,flavour,strawberry watermelon,not listed on VOS,,3.99,https://www.ninja-vapes.co.uk/product/killa-exclusive-nicotine-pouches,reviewed
ninja-vapes.co.uk,killa exclusive nicotine pouches,killa nicotine pouches next day delivery,https://vapeonlinestore.co.uk/products/killa-nicotine-pouches,flavour,tropical punch,not listed on VOS,,3.99,https://www.ninja-vapes.co.uk/product/killa-exclusive-nicotine-pouches,reviewed
ninja-vapes.co.uk,Killa Pouches,killa nicotine pouches next day delivery,https://vapeonlinestore.co.uk/products/killa-nicotine-pouches,flavour,watermelon,not listed on VOS,,2.99,https://www.ninja-vapes.co.uk/product/killa-watermelon-nicotine-pouches,reviewed
ninja-vapes.co.uk,Killa Pouches,killa nicotine pouches next day delivery,https://vapeonlinestore.co.uk/products/killa-nicotine-pouches,flavour,white coffee,not listed on VOS,,2.99,https://www.ninja-vapes.co.uk/product/killa-white-coffee-nicotine-pouches,reviewed
ninja-vapes.co.uk,kingston 500ml e-liquids,kingston 500ml e-liquid,https://vapeonlinestore.co.uk/products/kingston-500ml-e-liquid,flavour,black a,not listed on VOS,,17.99,https://www.ninja-vapes.co.uk/product/kingston-500ml-e-liquids,high
ninja-vapes.co.uk,kingston 500ml e-liquids,kingston 500ml e-liquid,https://vapeonlinestore.co.uk/products/kingston-500ml-e-liquid,flavour,black grape lime bubblegum menthol,not listed on VOS,,17.99,https://www.ninja-vapes.co.uk/product/kingston-500ml-e-liquids,high
ninja-vapes.co.uk,kingston 500ml e-liquids,kingston 500ml e-liquid,https://vapeonlinestore.co.uk/products/kingston-500ml-e-liquid,flavour,blackcurrant blue raspberry menthol,not listed on VOS,,17.99,https://www.ninja-vapes.co.uk/product/kingston-500ml-e-liquids,high
ninja-vapes.co.uk,kingston 500ml e-liquids,kingston 500ml e-liquid,https://vapeonlinestore.co.uk/products/kingston-500ml-e-liquid,flavour,blue raspberry menthol,not listed on VOS,,17.99,https://www.ninja-vapes.co.uk/product/kingston-500ml-e-liquids,high
ninja-vapes.co.uk,kingston 500ml e-liquids,kingston 500ml e-liquid,https://vapeonlinestore.co.uk/products/kingston-500ml-e-liquid,flavour,blue raspberry slush,not listed on VOS,,17.99,https://www.ninja-vapes.co.uk/product/kingston-500ml-e-liquids,high
ninja-vapes.co.uk,kingston 500ml e-liquids,kingston 500ml e-liquid,https://vapeonlinestore.co.uk/products/kingston-500ml-e-liquid,flavour,get fruity blackchery raspberry,not listed on VOS,,17.99,https://www.ninja-vapes.co.uk/product/kingston-500ml-e-liquids,high
ninja-vapes.co.uk,kingston 500ml e-liquids,kingston 500ml e-liquid,https://vapeonlinestore.co.uk/products/kingston-500ml-e-liquid,flavour,get fruity raspberry pineapple,not listed on VOS,,17.99,https://www.ninja-vapes.co.uk/product/kingston-500ml-e-liquids,high
ninja-vapes.co.uk,kingston 500ml e-liquids,kingston 500ml e-liquid,https://vapeonlinestore.co.uk/products/kingston-500ml-e-liquid,flavour,luxe blue sour raspberry,not listed on VOS,,17.99,https://www.ninja-vapes.co.uk/product/kingston-500ml-e-liquids,high
ninja-vapes.co.uk,kingston 500ml e-liquids,kingston 500ml e-liquid,https://vapeonlinestore.co.uk/products/kingston-500ml-e-liquid,flavour,zingerberry,not listed on VOS,,17.99,https://www.ninja-vapes.co.uk/product/kingston-500ml-e-liquids,high
ninja-vapes.co.uk,Kingston Pouches,kingston nicotine pouches,https://vapeonlinestore.co.uk/products/kingston-nicotine-pouches,flavour,grape ice,not listed on VOS,,4.99,https://www.ninja-vapes.co.uk/product/kingston-grape-ice-nicotine-pouches,high
ninja-vapes.co.uk,Kingston 50 50 100Ml,kingston pod juice 100ml 50vg/50pg shortfills,https://vapeonlinestore.co.uk/products/kingston-pod-juice-50vg-50pg,flavour,black jack,not listed on VOS,,6.49,https://www.ninja-vapes.co.uk/product/kingston-black-jack-120ml,low
ninja-vapes.co.uk,Kingston 50 50 100Ml,kingston pod juice 100ml 50vg/50pg shortfills,https://vapeonlinestore.co.uk/products/kingston-pod-juice-50vg-50pg,flavour,blackcurrant blue raspberry menthol,not listed on VOS,,6.49,https://www.ninja-vapes.co.uk/product/kingston-blackcurrant-blue-raspberry-menthol-120ml,low
ninja-vapes.co.uk,Kingston 50 50 100Ml,kingston pod juice 100ml 50vg/50pg shortfills,https://vapeonlinestore.co.uk/products/kingston-pod-juice-50vg-50pg,flavour,blackcurrant chill,not listed on VOS,,6.49,https://www.ninja-vapes.co.uk/product/kingston-blackcurrant-chill-120ml,low
ninja-vapes.co.uk,Kingston 50 50 100Ml,kingston pod juice 100ml 50vg/50pg shortfills,https://vapeonlinestore.co.uk/products/kingston-pod-juice-50vg-50pg,flavour,blackcurrant raspberry lemonade soda,not listed on VOS,,6.49,https://www.ninja-vapes.co.uk/product/kingston-blackcurrant-raspberry-lemonade-soda-120ml,low
ninja-vapes.co.uk,Kingston 50 50 100Ml,kingston pod juice 100ml 50vg/50pg shortfills,https://vapeonlinestore.co.uk/products/kingston-pod-juice-50vg-50pg,flavour,blackcurrant slush,not listed on VOS,,6.49,https://www.ninja-vapes.co.uk/product/kingston-blackcurrant-slush-120ml,low
ninja-vapes.co.uk,Kingston 50 50 100Ml,kingston pod juice 100ml 50vg/50pg shortfills,https://vapeonlinestore.co.uk/products/kingston-pod-juice-50vg-50pg,flavour,blue raspberry slush,not listed on VOS,,6.49,https://www.ninja-vapes.co.uk/product/kingston-blue-raspberry-slush-120ml,low
ninja-vapes.co.uk,Kingston 50 50 100Ml,kingston pod juice 100ml 50vg/50pg shortfills,https://vapeonlinestore.co.uk/products/kingston-pod-juice-50vg-50pg,flavour,blueberry raspberry menthol,not listed on VOS,,6.49,https://www.ninja-vapes.co.uk/product/kingston-blueberry-raspberry-menthol-120ml,low
ninja-vapes.co.uk,Kingston 50 50 100Ml,kingston pod juice 100ml 50vg/50pg shortfills,https://vapeonlinestore.co.uk/products/kingston-pod-juice-50vg-50pg,flavour,cherry chill,not listed on VOS,,6.49,https://www.ninja-vapes.co.uk/product/kingston-cherry-chill-120ml,low
ninja-vapes.co.uk,Kingston 50 50 100Ml,kingston pod juice 100ml 50vg/50pg shortfills,https://vapeonlinestore.co.uk/products/kingston-pod-juice-50vg-50pg,flavour,custard glazed donut,not listed on VOS,,6.49,https://www.ninja-vapes.co.uk/product/kingston-custard-glazed-donut-120ml,low
ninja-vapes.co.uk,Kingston 50 50 100Ml,kingston pod juice 100ml 50vg/50pg shortfills,https://vapeonlinestore.co.uk/products/kingston-pod-juice-50vg-50pg,flavour,fruit pastels,not listed on VOS,,6.49,https://www.ninja-vapes.co.uk/product/kingston-fruit-pastels-120ml,low
ninja-vapes.co.uk,Kingston 50 50 100Ml,kingston pod juice 100ml 50vg/50pg shortfills,https://vapeonlinestore.co.uk/products/kingston-pod-juice-50vg-50pg,flavour,grape fizz,not listed on VOS,,6.49,https://www.ninja-vapes.co.uk/product/kingston-grape-fizz-120ml,low
ninja-vapes.co.uk,Kingston 50 50 100Ml,kingston pod juice 100ml 50vg/50pg shortfills,https://vapeonlinestore.co.uk/products/kingston-pod-juice-50vg-50pg,flavour,jam roly poly,not listed on VOS,,6.49,https://www.ninja-vapes.co.uk/product/kingston-jam-roly-poly-120ml,low
ninja-vapes.co.uk,Kingston 50 50 100Ml,kingston pod juice 100ml 50vg/50pg shortfills,https://vapeonlinestore.co.uk/products/kingston-pod-juice-50vg-50pg,flavour,lemon lime slush,not listed on VOS,,6.49,https://www.ninja-vapes.co.uk/product/kingston-lemon-and-lime-slush-120ml,low
ninja-vapes.co.uk,Kingston 50 50 100Ml,kingston pod juice 100ml 50vg/50pg shortfills,https://vapeonlinestore.co.uk/products/kingston-pod-juice-50vg-50pg,flavour,menthol,not listed on VOS,,6.49,https://www.ninja-vapes.co.uk/product/kingston-menthol-120ml,low
ninja-vapes.co.uk,Kingston 50 50 100Ml,kingston pod juice 100ml 50vg/50pg shortfills,https://vapeonlinestore.co.uk/products/kingston-pod-juice-50vg-50pg,flavour,pinkerton,not listed on VOS,,6.49,https://www.ninja-vapes.co.uk/product/kingston-pinkerton-120ml,low
ninja-vapes.co.uk,Kingston 50 50 100Ml,kingston pod juice 100ml 50vg/50pg shortfills,https://vapeonlinestore.co.uk/products/kingston-pod-juice-50vg-50pg,flavour,raspberry blackcurrant jam donut,not listed on VOS,,6.49,https://www.ninja-vapes.co.uk/product/kingston-raspberry-blackcurrant-jam-donut-120ml,low
ninja-vapes.co.uk,Kingston 50 50 100Ml,kingston pod juice 100ml 50vg/50pg shortfills,https://vapeonlinestore.co.uk/products/kingston-pod-juice-50vg-50pg,flavour,sticky toffee pudding,not listed on VOS,,6.49,https://www.ninja-vapes.co.uk/product/kingston-sticky-toffee-pudding-120ml,low
ninja-vapes.co.uk,Kingston 50 50 100Ml,kingston pod juice 100ml 50vg/50pg shortfills,https://vapeonlinestore.co.uk/products/kingston-pod-juice-50vg-50pg,flavour,strawberry slush,not listed on VOS,,6.49,https://www.ninja-vapes.co.uk/product/kingston-strawberry-slush-120ml,low
ninja-vapes.co.uk,Kingston 50 50 100Ml,kingston pod juice 100ml 50vg/50pg shortfills,https://vapeonlinestore.co.uk/products/kingston-pod-juice-50vg-50pg,flavour,super ice menthol,not listed on VOS,,6.49,https://www.ninja-vapes.co.uk/product/kingston-super-ice-menthol-120ml,low
ninja-vapes.co.uk,Kingston 50 50 100Ml,kingston pod juice 100ml 50vg/50pg shortfills,https://vapeonlinestore.co.uk/products/kingston-pod-juice-50vg-50pg,flavour,tropical fruits berry menthol,not listed on VOS,,6.49,https://www.ninja-vapes.co.uk/product/kingston-tropical-fruits-and-berries-menthol-120ml,low
ninja-vapes.co.uk,Kingston 50 50 100Ml,kingston pod juice 100ml 50vg/50pg shortfills,https://vapeonlinestore.co.uk/products/kingston-pod-juice-50vg-50pg,flavour,tropical fruits menthol,not listed on VOS,,6.49,https://www.ninja-vapes.co.uk/product/kingston-tropical-fruits-menthol-120ml,low
ninja-vapes.co.uk,Kingston 50 50 100Ml,kingston pod juice 100ml 50vg/50pg shortfills,https://vapeonlinestore.co.uk/products/kingston-pod-juice-50vg-50pg,flavour,vinberry,not listed on VOS,,6.49,https://www.ninja-vapes.co.uk/product/kingston-vinberry-120ml,low
ninja-vapes.co.uk,Kingston 50 50 Zingberry 100Ml,kingston zingberry range shortfill 100ml e-liquid,https://vapeonlinestore.co.uk/products/kingston-zingberry-range-shortfill-100ml-e-liquid,flavour,grape,not listed on VOS,,6.49,https://www.ninja-vapes.co.uk/product/kingston-grape-zingberry-120ml,reviewed
ninja-vapes.co.uk,Kingston 50 50 Zingberry 100Ml,kingston zingberry range shortfill 100ml e-liquid,https://vapeonlinestore.co.uk/products/kingston-zingberry-range-shortfill-100ml-e-liquid,flavour,strawberry kiwi,not listed on VOS,,6.49,https://www.ninja-vapes.co.uk/product/kingston-strawberry-kiwi-zingberry-120ml,reviewed
ninja-vapes.co.uk,loaded 100ml e-liquids & e-juices limited stock,loaded shortfill 100ml e-liquid,https://vapeonlinestore.co.uk/products/loaded-shortfill-100ml-e-liquid,flavour,apple fritter,not listed on VOS,,9.99,https://www.ninja-vapes.co.uk/product/loaded-100ml-e-liquids,reviewed
ninja-vapes.co.uk,loaded 100ml e-liquids & e-juices limited stock,loaded shortfill 100ml e-liquid,https://vapeonlinestore.co.uk/products/loaded-shortfill-100ml-e-liquid,flavour,cran apple ice,not listed on VOS,,9.99,https://www.ninja-vapes.co.uk/product/loaded-100ml-e-liquids,reviewed
ninja-vapes.co.uk,loaded 100ml e-liquids & e-juices limited stock,loaded shortfill 100ml e-liquid,https://vapeonlinestore.co.uk/products/loaded-shortfill-100ml-e-liquid,flavour,cran apple juice,not listed on VOS,,9.99,https://www.ninja-vapes.co.uk/product/loaded-100ml-e-liquids,reviewed
ninja-vapes.co.uk,loaded 100ml e-liquids & e-juices limited stock,loaded shortfill 100ml e-liquid,https://vapeonlinestore.co.uk/products/loaded-shortfill-100ml-e-liquid,flavour,raspberry eclair,not listed on VOS,,9.99,https://www.ninja-vapes.co.uk/product/loaded-100ml-e-liquids,reviewed
ninja-vapes.co.uk,loaded 100ml e-liquids & e-juices limited stock,loaded shortfill 100ml e-liquid,https://vapeonlinestore.co.uk/products/loaded-shortfill-100ml-e-liquid,flavour,smores,not listed on VOS,,9.99,https://www.ninja-vapes.co.uk/product/loaded-100ml-e-liquids,reviewed
ninja-vapes.co.uk,lost mary 4 in 1 prefilled pods,lost mary 4 in 1 pod kit 4 in 1 vape,https://vapeonlinestore.co.uk/products/lost-mary-4-in-1-prefilled-kit-20mg,flavour,double apple,not listed on VOS,,2.99,https://www.ninja-vapes.co.uk/product/lost-mary-4-in-1-pods,reviewed
ninja-vapes.co.uk,Lost Mary Bm600 Prefilled Pods,lost mary bm600 prefilled replacement pods pack of 2,https://vapeonlinestore.co.uk/products/lost-mary-bm600-prefilled-pods,flavour,blue raspberry lemonade,not listed on VOS,,24.99,https://www.ninja-vapes.co.uk/product/box-of-10-lost-mary-bm600-prefilled-pods,high
ninja-vapes.co.uk,Lost Mary Bm600 Prefilled Pods,lost mary bm600 prefilled replacement pods pack of 2,https://vapeonlinestore.co.uk/products/lost-mary-bm600-prefilled-pods,flavour,cola,not listed on VOS,,24.99,https://www.ninja-vapes.co.uk/product/box-of-10-lost-mary-bm600-prefilled-pods,high
ninja-vapes.co.uk,Lost Mary Bm600 Prefilled Pods,lost mary bm600 prefilled replacement pods pack of 2,https://vapeonlinestore.co.uk/products/lost-mary-bm600-prefilled-pods,flavour,fizzy cherry,not listed on VOS,,24.99,https://www.ninja-vapes.co.uk/product/box-of-10-lost-mary-bm600-prefilled-pods,high
ninja-vapes.co.uk,Lost Mary Bm600 Prefilled Pods,lost mary bm600 prefilled replacement pods pack of 2,https://vapeonlinestore.co.uk/products/lost-mary-bm600-prefilled-pods,flavour,fizzy pineapple,not listed on VOS,,24.99,https://www.ninja-vapes.co.uk/product/box-of-10-lost-mary-bm600-prefilled-pods,high
ninja-vapes.co.uk,Lost Mary Bm600 Prefilled Pods,lost mary bm600 prefilled replacement pods pack of 2,https://vapeonlinestore.co.uk/products/lost-mary-bm600-prefilled-pods,flavour,kiwi passion fruit guava,not listed on VOS,,24.99,https://www.ninja-vapes.co.uk/product/box-of-10-lost-mary-bm600-prefilled-pods,high
ninja-vapes.co.uk,Lost Mary Bm600 Prefilled Pods,lost mary bm600 prefilled replacement pods pack of 2,https://vapeonlinestore.co.uk/products/lost-mary-bm600-prefilled-pods,flavour,strawberry banana,not listed on VOS,,24.99,https://www.ninja-vapes.co.uk/product/box-of-10-lost-mary-bm600-prefilled-pods,high
ninja-vapes.co.uk,Lost Mary Bm600 Prefilled Pods,lost mary bm600 prefilled replacement pods pack of 2,https://vapeonlinestore.co.uk/products/lost-mary-bm600-prefilled-pods,flavour,strawberry raspberry cherry,not listed on VOS,,24.99,https://www.ninja-vapes.co.uk/product/box-of-10-lost-mary-bm600-prefilled-pods,high
ninja-vapes.co.uk,lost mary nera 15k puffs fullview pod kit,lost mary nera 15k prefilled pod kit,https://vapeonlinestore.co.uk/products/lost-mary-nera-15k,flavour,blueberry cherry cranberry,not listed on VOS,,8.99,https://www.ninja-vapes.co.uk/product/lost-mary-nera-15k,medium
ninja-vapes.co.uk,lost mary nera 15k puffs fullview pod kit,lost mary nera 15k prefilled pod kit,https://vapeonlinestore.co.uk/products/lost-mary-nera-15k,flavour,cherry cola,not listed on VOS,,8.99,https://www.ninja-vapes.co.uk/product/lost-mary-nera-15k,medium
ninja-vapes.co.uk,lost mary nera 15k puffs fullview pod kit,lost mary nera 15k prefilled pod kit,https://vapeonlinestore.co.uk/products/lost-mary-nera-15k,flavour,dubai chocolate,not listed on VOS,,8.99,https://www.ninja-vapes.co.uk/product/lost-mary-nera-15k,medium
ninja-vapes.co.uk,lost mary nera 15k puffs fullview pod kit,lost mary nera 15k prefilled pod kit,https://vapeonlinestore.co.uk/products/lost-mary-nera-15k,flavour,fizzy pineapple,not listed on VOS,,8.99,https://www.ninja-vapes.co.uk/product/lost-mary-nera-15k,medium
ninja-vapes.co.uk,lost mary nera 15k puffs fullview pod kit,lost mary nera 15k prefilled pod kit,https://vapeonlinestore.co.uk/products/lost-mary-nera-15k,flavour,gami grape,not listed on VOS,,8.99,https://www.ninja-vapes.co.uk/product/lost-mary-nera-15k,medium
ninja-vapes.co.uk,lost mary nera 15k puffs fullview pod kit,lost mary nera 15k prefilled pod kit,https://vapeonlinestore.co.uk/products/lost-mary-nera-15k,flavour,gami rare,not listed on VOS,,8.99,https://www.ninja-vapes.co.uk/product/lost-mary-nera-15k,medium
ninja-vapes.co.uk,lost mary nera 15k puffs fullview pod kit,lost mary nera 15k prefilled pod kit,https://vapeonlinestore.co.uk/products/lost-mary-nera-15k,flavour,grape berry,not listed on VOS,,8.99,https://www.ninja-vapes.co.uk/product/lost-mary-nera-15k,medium
ninja-vapes.co.uk,lost mary nera 15k puffs fullview pod kit,lost mary nera 15k prefilled pod kit,https://vapeonlinestore.co.uk/products/lost-mary-nera-15k,flavour,grape ice,not listed on VOS,,8.99,https://www.ninja-vapes.co.uk/product/lost-mary-nera-15k,medium
ninja-vapes.co.uk,lost mary nera 15k puffs fullview pod kit,lost mary nera 15k prefilled pod kit,https://vapeonlinestore.co.uk/products/lost-mary-nera-15k,flavour,lemon lime,not listed on VOS,,8.99,https://www.ninja-vapes.co.uk/product/lost-mary-nera-15k,medium
ninja-vapes.co.uk,lost mary nera 15k puffs fullview pod kit,lost mary nera 15k prefilled pod kit,https://vapeonlinestore.co.uk/products/lost-mary-nera-15k,flavour,mango dragon fruit,not listed on VOS,,8.99,https://www.ninja-vapes.co.uk/product/lost-mary-nera-15k,medium
ninja-vapes.co.uk,lost mary nera 15k puffs fullview pod kit,lost mary nera 15k prefilled pod kit,https://vapeonlinestore.co.uk/products/lost-mary-nera-15k,flavour,mango peach papaya,not listed on VOS,,8.99,https://www.ninja-vapes.co.uk/product/lost-mary-nera-15k,medium
ninja-vapes.co.uk,lost mary nera 15k puffs fullview pod kit,lost mary nera 15k prefilled pod kit,https://vapeonlinestore.co.uk/products/lost-mary-nera-15k,flavour,mint,not listed on VOS,,8.99,https://www.ninja-vapes.co.uk/product/lost-mary-nera-15k,medium
ninja-vapes.co.uk,lost mary nera 15k puffs fullview pod kit,lost mary nera 15k prefilled pod kit,https://vapeonlinestore.co.uk/products/lost-mary-nera-15k,flavour,pink lemonade,not listed on VOS,,8.99,https://www.ninja-vapes.co.uk/product/lost-mary-nera-15k,medium
ninja-vapes.co.uk,lost mary nera 15k puffs fullview pod kit,lost mary nera 15k prefilled pod kit,https://vapeonlinestore.co.uk/products/lost-mary-nera-15k,flavour,raspberry watermelon,not listed on VOS,,8.99,https://www.ninja-vapes.co.uk/product/lost-mary-nera-15k,medium
ninja-vapes.co.uk,lost mary nera 15k puffs fullview pod kit,lost mary nera 15k prefilled pod kit,https://vapeonlinestore.co.uk/products/lost-mary-nera-15k,flavour,sakura grape,not listed on VOS,,8.99,https://www.ninja-vapes.co.uk/product/lost-mary-nera-15k,medium
ninja-vapes.co.uk,lost mary nera 15k puffs fullview pod kit,lost mary nera 15k prefilled pod kit,https://vapeonlinestore.co.uk/products/lost-mary-nera-15k,flavour,strawberry dragon fruit,not listed on VOS,,8.99,https://www.ninja-vapes.co.uk/product/lost-mary-nera-15k,medium
ninja-vapes.co.uk,lost mary nera 15k puffs fullview pod kit,lost mary nera 15k prefilled pod kit,https://vapeonlinestore.co.uk/products/lost-mary-nera-15k,flavour,strawberry raspberry cherry,not listed on VOS,,8.99,https://www.ninja-vapes.co.uk/product/lost-mary-nera-15k,medium
ninja-vapes.co.uk,lost mary nera 15k puffs fullview pod kit,lost mary nera 15k prefilled pod kit,https://vapeonlinestore.co.uk/products/lost-mary-nera-15k,flavour,strawberry raspberry ice,not listed on VOS,,8.99,https://www.ninja-vapes.co.uk/product/lost-mary-nera-15k,medium
ninja-vapes.co.uk,lost mary nera 15k puffs fullview pod kit,lost mary nera 15k prefilled pod kit,https://vapeonlinestore.co.uk/products/lost-mary-nera-15k,flavour,strawberry watermelon,not listed on VOS,,8.99,https://www.ninja-vapes.co.uk/product/lost-mary-nera-15k,medium
ninja-vapes.co.uk,lost mary nera 15k pureview refill pod,lost mary nera 15k pureview prefilled pods,https://vapeonlinestore.co.uk/products/lost-mary-nera-15k-pureview-pods,flavour,blue raspberry lemonade fullview,not listed on VOS,,5.99,https://www.ninja-vapes.co.uk/product/lost-mary-nera-15k-pureview-refill-pods,high
ninja-vapes.co.uk,lost mary nera 15k pureview refill pod,lost mary nera 15k pureview prefilled pods,https://vapeonlinestore.co.uk/products/lost-mary-nera-15k-pureview-pods,flavour,blueberry cherry blackberry fullview,not listed on VOS,,5.99,https://www.ninja-vapes.co.uk/product/lost-mary-nera-15k-pureview-refill-pods,high
ninja-vapes.co.uk,lost mary nera 15k pureview refill pod,lost mary nera 15k pureview prefilled pods,https://vapeonlinestore.co.uk/products/lost-mary-nera-15k-pureview-pods,flavour,blueberry raspberry gami fullview,not listed on VOS,,5.99,https://www.ninja-vapes.co.uk/product/lost-mary-nera-15k-pureview-refill-pods,high
ninja-vapes.co.uk,lost mary nera 15k pureview refill pod,lost mary nera 15k pureview prefilled pods,https://vapeonlinestore.co.uk/products/lost-mary-nera-15k-pureview-pods,flavour,blueberry raspberry ice fullview,not listed on VOS,,5.99,https://www.ninja-vapes.co.uk/product/lost-mary-nera-15k-pureview-refill-pods,high
ninja-vapes.co.uk,lost mary nera 15k pureview refill pod,lost mary nera 15k pureview prefilled pods,https://vapeonlinestore.co.uk/products/lost-mary-nera-15k-pureview-pods,flavour,blueberry sour raspberry fullview,not listed on VOS,,5.99,https://www.ninja-vapes.co.uk/product/lost-mary-nera-15k-pureview-refill-pods,high
ninja-vapes.co.uk,lost mary nera 15k pureview refill pod,lost mary nera 15k pureview prefilled pods,https://vapeonlinestore.co.uk/products/lost-mary-nera-15k-pureview-pods,flavour,cherry cola fullview,not listed on VOS,,5.99,https://www.ninja-vapes.co.uk/product/lost-mary-nera-15k-pureview-refill-pods,high
ninja-vapes.co.uk,lost mary nera 15k pureview refill pod,lost mary nera 15k pureview prefilled pods,https://vapeonlinestore.co.uk/products/lost-mary-nera-15k-pureview-pods,flavour,cherry ice fullview,not listed on VOS,,5.99,https://www.ninja-vapes.co.uk/product/lost-mary-nera-15k-pureview-refill-pods,high
ninja-vapes.co.uk,lost mary nera 15k pureview refill pod,lost mary nera 15k pureview prefilled pods,https://vapeonlinestore.co.uk/products/lost-mary-nera-15k-pureview-pods,flavour,cola fullview,not listed on VOS,,5.99,https://www.ninja-vapes.co.uk/product/lost-mary-nera-15k-pureview-refill-pods,high
ninja-vapes.co.uk,lost mary nera 15k pureview refill pod,lost mary nera 15k pureview prefilled pods,https://vapeonlinestore.co.uk/products/lost-mary-nera-15k-pureview-pods,flavour,dubai chocolate fullview,not listed on VOS,,5.99,https://www.ninja-vapes.co.uk/product/lost-mary-nera-15k-pureview-refill-pods,high
ninja-vapes.co.uk,lost mary nera 15k pureview refill pod,lost mary nera 15k pureview prefilled pods,https://vapeonlinestore.co.uk/products/lost-mary-nera-15k-pureview-pods,flavour,fizzy cherry fullview,not listed on VOS,,5.99,https://www.ninja-vapes.co.uk/product/lost-mary-nera-15k-pureview-refill-pods,high
ninja-vapes.co.uk,lost mary nera 15k pureview refill pod,lost mary nera 15k pureview prefilled pods,https://vapeonlinestore.co.uk/products/lost-mary-nera-15k-pureview-pods,flavour,fizzy pineapple fullview,not listed on VOS,,5.99,https://www.ninja-vapes.co.uk/product/lost-mary-nera-15k-pureview-refill-pods,high
ninja-vapes.co.uk,lost mary nera 15k pureview refill pod,lost mary nera 15k pureview prefilled pods,https://vapeonlinestore.co.uk/products/lost-mary-nera-15k-pureview-pods,flavour,gami grape fullview,not listed on VOS,,5.99,https://www.ninja-vapes.co.uk/product/lost-mary-nera-15k-pureview-refill-pods,high
ninja-vapes.co.uk,lost mary nera 15k pureview refill pod,lost mary nera 15k pureview prefilled pods,https://vapeonlinestore.co.uk/products/lost-mary-nera-15k-pureview-pods,flavour,grape berry fullview,not listed on VOS,,5.99,https://www.ninja-vapes.co.uk/product/lost-mary-nera-15k-pureview-refill-pods,high
ninja-vapes.co.uk,lost mary nera 15k pureview refill pod,lost mary nera 15k pureview prefilled pods,https://vapeonlinestore.co.uk/products/lost-mary-nera-15k-pureview-pods,flavour,grape ice fullview,not listed on VOS,,5.99,https://www.ninja-vapes.co.uk/product/lost-mary-nera-15k-pureview-refill-pods,high
ninja-vapes.co.uk,lost mary nera 15k pureview refill pod,lost mary nera 15k pureview prefilled pods,https://vapeonlinestore.co.uk/products/lost-mary-nera-15k-pureview-pods,flavour,juicy peach fullview,not listed on VOS,,5.99,https://www.ninja-vapes.co.uk/product/lost-mary-nera-15k-pureview-refill-pods,high
ninja-vapes.co.uk,lost mary nera 15k pureview refill pod,lost mary nera 15k pureview prefilled pods,https://vapeonlinestore.co.uk/products/lost-mary-nera-15k-pureview-pods,flavour,kiwi passion fruit guava fullview,not listed on VOS,,5.99,https://www.ninja-vapes.co.uk/product/lost-mary-nera-15k-pureview-refill-pods,high
ninja-vapes.co.uk,lost mary nera 15k pureview refill pod,lost mary nera 15k pureview prefilled pods,https://vapeonlinestore.co.uk/products/lost-mary-nera-15k-pureview-pods,flavour,lemon lime fullview,not listed on VOS,,5.99,https://www.ninja-vapes.co.uk/product/lost-mary-nera-15k-pureview-refill-pods,high
ninja-vapes.co.uk,lost mary nera 15k pureview refill pod,lost mary nera 15k pureview prefilled pods,https://vapeonlinestore.co.uk/products/lost-mary-nera-15k-pureview-pods,flavour,mango dragon fruit fullview,not listed on VOS,,5.99,https://www.ninja-vapes.co.uk/product/lost-mary-nera-15k-pureview-refill-pods,high
ninja-vapes.co.uk,lost mary nera 15k pureview refill pod,lost mary nera 15k pureview prefilled pods,https://vapeonlinestore.co.uk/products/lost-mary-nera-15k-pureview-pods,flavour,mango peach papaya fullview,not listed on VOS,,5.99,https://www.ninja-vapes.co.uk/product/lost-mary-nera-15k-pureview-refill-pods,high
ninja-vapes.co.uk,lost mary nera 15k pureview refill pod,lost mary nera 15k pureview prefilled pods,https://vapeonlinestore.co.uk/products/lost-mary-nera-15k-pureview-pods,flavour,mint fullview,not listed on VOS,,5.99,https://www.ninja-vapes.co.uk/product/lost-mary-nera-15k-pureview-refill-pods,high
ninja-vapes.co.uk,lost mary nera 15k pureview refill pod,lost mary nera 15k pureview prefilled pods,https://vapeonlinestore.co.uk/products/lost-mary-nera-15k-pureview-pods,flavour,orange bruu fullview,not listed on VOS,,5.99,https://www.ninja-vapes.co.uk/product/lost-mary-nera-15k-pureview-refill-pods,high
ninja-vapes.co.uk,lost mary nera 15k pureview refill pod,lost mary nera 15k pureview prefilled pods,https://vapeonlinestore.co.uk/products/lost-mary-nera-15k-pureview-pods,flavour,pineapple ice fullview,not listed on VOS,,5.99,https://www.ninja-vapes.co.uk/product/lost-mary-nera-15k-pureview-refill-pods,high
ninja-vapes.co.uk,lost mary nera 15k pureview refill pod,lost mary nera 15k pureview prefilled pods,https://vapeonlinestore.co.uk/products/lost-mary-nera-15k-pureview-pods,flavour,pineapple peach mango fullview,not listed on VOS,,5.99,https://www.ninja-vapes.co.uk/product/lost-mary-nera-15k-pureview-refill-pods,high
ninja-vapes.co.uk,lost mary nera 15k pureview refill pod,lost mary nera 15k pureview prefilled pods,https://vapeonlinestore.co.uk/products/lost-mary-nera-15k-pureview-pods,flavour,pink lemonade fullview,not listed on VOS,,5.99,https://www.ninja-vapes.co.uk/product/lost-mary-nera-15k-pureview-refill-pods,high
ninja-vapes.co.uk,lost mary nera 15k pureview refill pod,lost mary nera 15k pureview prefilled pods,https://vapeonlinestore.co.uk/products/lost-mary-nera-15k-pureview-pods,flavour,raspberry watermelon fullview,not listed on VOS,,5.99,https://www.ninja-vapes.co.uk/product/lost-mary-nera-15k-pureview-refill-pods,high
ninja-vapes.co.uk,lost mary nera 15k pureview refill pod,lost mary nera 15k pureview prefilled pods,https://vapeonlinestore.co.uk/products/lost-mary-nera-15k-pureview-pods,flavour,sparkling cherry fullview,not listed on VOS,,5.99,https://www.ninja-vapes.co.uk/product/lost-mary-nera-15k-pureview-refill-pods,high
ninja-vapes.co.uk,lost mary nera 15k pureview refill pod,lost mary nera 15k pureview prefilled pods,https://vapeonlinestore.co.uk/products/lost-mary-nera-15k-pureview-pods,flavour,strawberry dragon fruit fullview,not listed on VOS,,5.99,https://www.ninja-vapes.co.uk/product/lost-mary-nera-15k-pureview-refill-pods,high
ninja-vapes.co.uk,lost mary nera 15k pureview refill pod,lost mary nera 15k pureview prefilled pods,https://vapeonlinestore.co.uk/products/lost-mary-nera-15k-pureview-pods,flavour,strawberry ice fullview,not listed on VOS,,5.99,https://www.ninja-vapes.co.uk/product/lost-mary-nera-15k-pureview-refill-pods,high
ninja-vapes.co.uk,lost mary nera 15k pureview refill pod,lost mary nera 15k pureview prefilled pods,https://vapeonlinestore.co.uk/products/lost-mary-nera-15k-pureview-pods,flavour,strawberry raspberry cherry fullview,not listed on VOS,,5.99,https://www.ninja-vapes.co.uk/product/lost-mary-nera-15k-pureview-refill-pods,high
ninja-vapes.co.uk,lost mary nera 15k pureview refill pod,lost mary nera 15k pureview prefilled pods,https://vapeonlinestore.co.uk/products/lost-mary-nera-15k-pureview-pods,flavour,strawberry raspberry ice fullview,not listed on VOS,,5.99,https://www.ninja-vapes.co.uk/product/lost-mary-nera-15k-pureview-refill-pods,high
ninja-vapes.co.uk,lost mary nera 15k pureview refill pod,lost mary nera 15k pureview prefilled pods,https://vapeonlinestore.co.uk/products/lost-mary-nera-15k-pureview-pods,flavour,strawberry watermelon fullview,not listed on VOS,,5.99,https://www.ninja-vapes.co.uk/product/lost-mary-nera-15k-pureview-refill-pods,high
ninja-vapes.co.uk,lost mary nera 15k pureview refill pod,lost mary nera 15k pureview prefilled pods,https://vapeonlinestore.co.uk/products/lost-mary-nera-15k-pureview-pods,flavour,summer grape fullview,not listed on VOS,,5.99,https://www.ninja-vapes.co.uk/product/lost-mary-nera-15k-pureview-refill-pods,high
ninja-vapes.co.uk,lost mary nera 15k pureview refill pod,lost mary nera 15k pureview prefilled pods,https://vapeonlinestore.co.uk/products/lost-mary-nera-15k-pureview-pods,flavour,triple mango fullview,not listed on VOS,,5.99,https://www.ninja-vapes.co.uk/product/lost-mary-nera-15k-pureview-refill-pods,high
ninja-vapes.co.uk,lost mary nera 15k pureview refill pod,lost mary nera 15k pureview prefilled pods,https://vapeonlinestore.co.uk/products/lost-mary-nera-15k-pureview-pods,flavour,watermelon ice fullview,not listed on VOS,,5.99,https://www.ninja-vapes.co.uk/product/lost-mary-nera-15k-pureview-refill-pods,high
ninja-vapes.co.uk,Lost Mary Nera 30000 Pureview Pod Kit,lost mary nera 30k pureview prefilled pod kit,https://vapeonlinestore.co.uk/products/lost-mary-nera-30k-pureview,flavour,apple pureview,not listed on VOS,,109.99,https://www.ninja-vapes.co.uk/product/box-of-10-lost-mary-nera-30k-pureview-pod-kit,high
ninja-vapes.co.uk,Lost Mary Nera 30000 Pureview Pod Kit,lost mary nera 30k pureview prefilled pod kit,https://vapeonlinestore.co.uk/products/lost-mary-nera-30k-pureview,flavour,berry fullview,not listed on VOS,,109.99,https://www.ninja-vapes.co.uk/product/box-of-10-lost-mary-nera-30k-pureview-pod-kit,high
ninja-vapes.co.uk,Lost Mary Nera 30000 Pureview Pod Kit,lost mary nera 30k pureview prefilled pod kit,https://vapeonlinestore.co.uk/products/lost-mary-nera-30k-pureview,flavour,blackcurrant fullview,not listed on VOS,,109.99,https://www.ninja-vapes.co.uk/product/box-of-10-lost-mary-nera-30k-pureview-pod-kit,high
ninja-vapes.co.uk,Lost Mary Nera 30000 Pureview Pod Kit,lost mary nera 30k pureview prefilled pod kit,https://vapeonlinestore.co.uk/products/lost-mary-nera-30k-pureview,flavour,blue fullview,not listed on VOS,,109.99,https://www.ninja-vapes.co.uk/product/box-of-10-lost-mary-nera-30k-pureview-pod-kit,high
ninja-vapes.co.uk,Lost Mary Nera 30000 Pureview Pod Kit,lost mary nera 30k pureview prefilled pod kit,https://vapeonlinestore.co.uk/products/lost-mary-nera-30k-pureview,flavour,blue pureview,not listed on VOS,,109.99,https://www.ninja-vapes.co.uk/product/box-of-10-lost-mary-nera-30k-pureview-pod-kit,high
ninja-vapes.co.uk,Lost Mary Nera 30000 Pureview Pod Kit,lost mary nera 30k pureview prefilled pod kit,https://vapeonlinestore.co.uk/products/lost-mary-nera-30k-pureview,flavour,blueberry fullview,not listed on VOS,,109.99,https://www.ninja-vapes.co.uk/product/box-of-10-lost-mary-nera-30k-pureview-pod-kit,high
ninja-vapes.co.uk,Lost Mary Nera 30000 Pureview Pod Kit,lost mary nera 30k pureview prefilled pod kit,https://vapeonlinestore.co.uk/products/lost-mary-nera-30k-pureview,flavour,blueberry sour raspberry fullview,not listed on VOS,,109.99,https://www.ninja-vapes.co.uk/product/box-of-10-lost-mary-nera-30k-pureview-pod-kit,high
ninja-vapes.co.uk,Lost Mary Nera 30000 Pureview Pod Kit,lost mary nera 30k pureview prefilled pod kit,https://vapeonlinestore.co.uk/products/lost-mary-nera-30k-pureview,flavour,cherry berry fullview,not listed on VOS,,109.99,https://www.ninja-vapes.co.uk/product/box-of-10-lost-mary-nera-30k-pureview-pod-kit,high
ninja-vapes.co.uk,Lost Mary Nera 30000 Pureview Pod Kit,lost mary nera 30k pureview prefilled pod kit,https://vapeonlinestore.co.uk/products/lost-mary-nera-30k-pureview,flavour,cherry fullview,not listed on VOS,,109.99,https://www.ninja-vapes.co.uk/product/box-of-10-lost-mary-nera-30k-pureview-pod-kit,high
ninja-vapes.co.uk,Lost Mary Nera 30000 Pureview Pod Kit,lost mary nera 30k pureview prefilled pod kit,https://vapeonlinestore.co.uk/products/lost-mary-nera-30k-pureview,flavour,cherry ice fullview,not listed on VOS,,109.99,https://www.ninja-vapes.co.uk/product/box-of-10-lost-mary-nera-30k-pureview-pod-kit,high
ninja-vapes.co.uk,Lost Mary Nera 30000 Pureview Pod Kit,lost mary nera 30k pureview prefilled pod kit,https://vapeonlinestore.co.uk/products/lost-mary-nera-30k-pureview,flavour,cherry pureview,not listed on VOS,,109.99,https://www.ninja-vapes.co.uk/product/box-of-10-lost-mary-nera-30k-pureview-pod-kit,high
ninja-vapes.co.uk,Lost Mary Nera 30000 Pureview Pod Kit,lost mary nera 30k pureview prefilled pod kit,https://vapeonlinestore.co.uk/products/lost-mary-nera-30k-pureview,flavour,cola fullview,not listed on VOS,,109.99,https://www.ninja-vapes.co.uk/product/box-of-10-lost-mary-nera-30k-pureview-pod-kit,high
ninja-vapes.co.uk,Lost Mary Nera 30000 Pureview Pod Kit,lost mary nera 30k pureview prefilled pod kit,https://vapeonlinestore.co.uk/products/lost-mary-nera-30k-pureview,flavour,drinks fullview,not listed on VOS,,109.99,https://www.ninja-vapes.co.uk/product/box-of-10-lost-mary-nera-30k-pureview-pod-kit,high
ninja-vapes.co.uk,Lost Mary Nera 30000 Pureview Pod Kit,lost mary nera 30k pureview prefilled pod kit,https://vapeonlinestore.co.uk/products/lost-mary-nera-30k-pureview,flavour,dubai chocolate fullview,not listed on VOS,,109.99,https://www.ninja-vapes.co.uk/product/box-of-10-lost-mary-nera-30k-pureview-pod-kit,high
ninja-vapes.co.uk,Lost Mary Nera 30000 Pureview Pod Kit,lost mary nera 30k pureview prefilled pod kit,https://vapeonlinestore.co.uk/products/lost-mary-nera-30k-pureview,flavour,fizzy fullview,not listed on VOS,,109.99,https://www.ninja-vapes.co.uk/product/box-of-10-lost-mary-nera-30k-pureview-pod-kit,high
ninja-vapes.co.uk,Lost Mary Nera 30000 Pureview Pod Kit,lost mary nera 30k pureview prefilled pod kit,https://vapeonlinestore.co.uk/products/lost-mary-nera-30k-pureview,flavour,grape fullview,not listed on VOS,,109.99,https://www.ninja-vapes.co.uk/product/box-of-10-lost-mary-nera-30k-pureview-pod-kit,high
ninja-vapes.co.uk,Lost Mary Nera 30000 Pureview Pod Kit,lost mary nera 30k pureview prefilled pod kit,https://vapeonlinestore.co.uk/products/lost-mary-nera-30k-pureview,flavour,green fullview,not listed on VOS,,109.99,https://www.ninja-vapes.co.uk/product/box-of-10-lost-mary-nera-30k-pureview-pod-kit,high
ninja-vapes.co.uk,Lost Mary Nera 30000 Pureview Pod Kit,lost mary nera 30k pureview prefilled pod kit,https://vapeonlinestore.co.uk/products/lost-mary-nera-30k-pureview,flavour,juicy peach fullview,not listed on VOS,,109.99,https://www.ninja-vapes.co.uk/product/box-of-10-lost-mary-nera-30k-pureview-pod-kit,high
ninja-vapes.co.uk,Lost Mary Nera 30000 Pureview Pod Kit,lost mary nera 30k pureview prefilled pod kit,https://vapeonlinestore.co.uk/products/lost-mary-nera-30k-pureview,flavour,kiwi passion fruit guava fullview,not listed on VOS,,109.99,https://www.ninja-vapes.co.uk/product/box-of-10-lost-mary-nera-30k-pureview-pod-kit,high
ninja-vapes.co.uk,Lost Mary Nera 30000 Pureview Pod Kit,lost mary nera 30k pureview prefilled pod kit,https://vapeonlinestore.co.uk/products/lost-mary-nera-30k-pureview,flavour,lemon lime fullview,not listed on VOS,,109.99,https://www.ninja-vapes.co.uk/product/box-of-10-lost-mary-nera-30k-pureview-pod-kit,high
ninja-vapes.co.uk,Lost Mary Nera 30000 Pureview Pod Kit,lost mary nera 30k pureview prefilled pod kit,https://vapeonlinestore.co.uk/products/lost-mary-nera-30k-pureview,flavour,lemon pureview,not listed on VOS,,109.99,https://www.ninja-vapes.co.uk/product/box-of-10-lost-mary-nera-30k-pureview-pod-kit,high
ninja-vapes.co.uk,Lost Mary Nera 30000 Pureview Pod Kit,lost mary nera 30k pureview prefilled pod kit,https://vapeonlinestore.co.uk/products/lost-mary-nera-30k-pureview,flavour,lemonade fullview,not listed on VOS,,109.99,https://www.ninja-vapes.co.uk/product/box-of-10-lost-mary-nera-30k-pureview-pod-kit,high
ninja-vapes.co.uk,Lost Mary Nera 30000 Pureview Pod Kit,lost mary nera 30k pureview prefilled pod kit,https://vapeonlinestore.co.uk/products/lost-mary-nera-30k-pureview,flavour,mango fullview,not listed on VOS,,109.99,https://www.ninja-vapes.co.uk/product/box-of-10-lost-mary-nera-30k-pureview-pod-kit,high
ninja-vapes.co.uk,Lost Mary Nera 30000 Pureview Pod Kit,lost mary nera 30k pureview prefilled pod kit,https://vapeonlinestore.co.uk/products/lost-mary-nera-30k-pureview,flavour,pineapple fullview,not listed on VOS,,109.99,https://www.ninja-vapes.co.uk/product/box-of-10-lost-mary-nera-30k-pureview-pod-kit,high
ninja-vapes.co.uk,Lost Mary Nera 30000 Pureview Pod Kit,lost mary nera 30k pureview prefilled pod kit,https://vapeonlinestore.co.uk/products/lost-mary-nera-30k-pureview,flavour,pineapple ice fullview,not listed on VOS,,109.99,https://www.ninja-vapes.co.uk/product/box-of-10-lost-mary-nera-30k-pureview-pod-kit,high
ninja-vapes.co.uk,Lost Mary Nera 30000 Pureview Pod Kit,lost mary nera 30k pureview prefilled pod kit,https://vapeonlinestore.co.uk/products/lost-mary-nera-30k-pureview,flavour,purple fullview,not listed on VOS,,109.99,https://www.ninja-vapes.co.uk/product/box-of-10-lost-mary-nera-30k-pureview-pod-kit,high
ninja-vapes.co.uk,Lost Mary Nera 30000 Pureview Pod Kit,lost mary nera 30k pureview prefilled pod kit,https://vapeonlinestore.co.uk/products/lost-mary-nera-30k-pureview,flavour,red fullview,not listed on VOS,,109.99,https://www.ninja-vapes.co.uk/product/box-of-10-lost-mary-nera-30k-pureview-pod-kit,high
ninja-vapes.co.uk,Lost Mary Nera 30000 Pureview Pod Kit,lost mary nera 30k pureview prefilled pod kit,https://vapeonlinestore.co.uk/products/lost-mary-nera-30k-pureview,flavour,special fullview,not listed on VOS,,109.99,https://www.ninja-vapes.co.uk/product/box-of-10-lost-mary-nera-30k-pureview-pod-kit,high
ninja-vapes.co.uk,Lost Mary Nera 30000 Pureview Pod Kit,lost mary nera 30k pureview prefilled pod kit,https://vapeonlinestore.co.uk/products/lost-mary-nera-30k-pureview,flavour,strawberry fullview,not listed on VOS,,109.99,https://www.ninja-vapes.co.uk/product/box-of-10-lost-mary-nera-30k-pureview-pod-kit,high
ninja-vapes.co.uk,Lost Mary Nera 30000 Pureview Pod Kit,lost mary nera 30k pureview prefilled pod kit,https://vapeonlinestore.co.uk/products/lost-mary-nera-30k-pureview,flavour,strawberry ice fullview,not listed on VOS,,109.99,https://www.ninja-vapes.co.uk/product/box-of-10-lost-mary-nera-30k-pureview-pod-kit,high
ninja-vapes.co.uk,Lost Mary Nera 30000 Pureview Pod Kit,lost mary nera 30k pureview prefilled pod kit,https://vapeonlinestore.co.uk/products/lost-mary-nera-30k-pureview,flavour,strawberry pureview,not listed on VOS,,109.99,https://www.ninja-vapes.co.uk/product/box-of-10-lost-mary-nera-30k-pureview-pod-kit,high
ninja-vapes.co.uk,Lost Mary Nera 30000 Pureview Pod Kit,lost mary nera 30k pureview prefilled pod kit,https://vapeonlinestore.co.uk/products/lost-mary-nera-30k-pureview,flavour,triple mango fullview,not listed on VOS,,109.99,https://www.ninja-vapes.co.uk/product/box-of-10-lost-mary-nera-30k-pureview-pod-kit,high
ninja-vapes.co.uk,Lost Mary Nera 30000 Pureview Pod Kit,lost mary nera 30k pureview prefilled pod kit,https://vapeonlinestore.co.uk/products/lost-mary-nera-30k-pureview,flavour,tropical pureview,not listed on VOS,,109.99,https://www.ninja-vapes.co.uk/product/box-of-10-lost-mary-nera-30k-pureview-pod-kit,high
ninja-vapes.co.uk,Lost Mary Nera 30000 Pureview Pod Kit,lost mary nera 30k pureview prefilled pod kit,https://vapeonlinestore.co.uk/products/lost-mary-nera-30k-pureview,flavour,watermelon fullview,not listed on VOS,,109.99,https://www.ninja-vapes.co.uk/product/box-of-10-lost-mary-nera-30k-pureview-pod-kit,high
ninja-vapes.co.uk,Lost Mary Nera 30000 Pureview Pod Kit,lost mary nera 30k pureview prefilled pod kit,https://vapeonlinestore.co.uk/products/lost-mary-nera-30k-pureview,flavour,yellow fullview,not listed on VOS,,109.99,https://www.ninja-vapes.co.uk/product/box-of-10-lost-mary-nera-30k-pureview-pod-kit,high
ninja-vapes.co.uk,lost mary tappo 600 rechargeable pod kit,lost mary tappo 600 pod kit 25+ flavours,https://vapeonlinestore.co.uk/products/lost-mary-tappo-600-pod-kit,flavour,blue green kit lemon lime,not listed on VOS,,6.99,https://www.ninja-vapes.co.uk/product/lost-mary-tappo,reviewed
ninja-vapes.co.uk,lost mary tappo 600 rechargeable pod kit,lost mary tappo 600 pod kit 25+ flavours,https://vapeonlinestore.co.uk/products/lost-mary-tappo-600-pod-kit,flavour,dark bronze kit blue sour raspberry,not listed on VOS,,6.99,https://www.ninja-vapes.co.uk/product/lost-mary-tappo,reviewed
ninja-vapes.co.uk,lost mary tappo 600 rechargeable pod kit,lost mary tappo 600 pod kit 25+ flavours,https://vapeonlinestore.co.uk/products/lost-mary-tappo-600-pod-kit,flavour,green pink kit watermelon,not listed on VOS,,6.99,https://www.ninja-vapes.co.uk/product/lost-mary-tappo,reviewed
ninja-vapes.co.uk,lost mary tappo 600 rechargeable pod kit,lost mary tappo 600 pod kit 25+ flavours,https://vapeonlinestore.co.uk/products/lost-mary-tappo-600-pod-kit,flavour,silver stainless steel kit strawberry ice,not listed on VOS,,6.99,https://www.ninja-vapes.co.uk/product/lost-mary-tappo,reviewed
ninja-vapes.co.uk,lost mary tappo prefilled vape pods,lost mary tappo prefilled replacement pods pack of 2,https://vapeonlinestore.co.uk/products/lost-mary-tappo-prefilled-replacement-pods,flavour,double apple,listed on VOS but out of stock,double apple,4.95,https://www.ninja-vapes.co.uk/product/tappo-pefilled-pods-by-lost-mary,high
ninja-vapes.co.uk,lost mary tappo prefilled vape pods,lost mary tappo prefilled replacement pods pack of 2,https://vapeonlinestore.co.uk/products/lost-mary-tappo-prefilled-replacement-pods,flavour,mix berry,listed on VOS but out of stock,mix berry,4.95,https://www.ninja-vapes.co.uk/product/tappo-pefilled-pods-by-lost-mary,high
ninja-vapes.co.uk,Lost Vape Nic Salt 10Ml,lost vape 10ml nic salts,https://vapeonlinestore.co.uk/products/lost-vape-10ml-nic-salts,flavour,watermelon ice,not listed on VOS,,2.49,https://www.ninja-vapes.co.uk/product/lost-vape-nic-salts-10ml,high
ninja-vapes.co.uk,lost vape thelema elite 40 pod vape kit,lost vape thelema elite 40 pod kit,https://vapeonlinestore.co.uk/products/lost-vape-thelema-elite-40-pod-kit,colour,emerald carbon,not listed on VOS,,19.99,https://www.ninja-vapes.co.uk/product/lost-vape-thelema-elite-40-pod-kit,high
ninja-vapes.co.uk,lost vape thelema elite s pod kit,lost vape thelema elite s vape kit,https://vapeonlinestore.co.uk/products/lost-vape-thelema-elite-s-vape-kit,colour,twil denim blue,not listed on VOS,,9.99,https://www.ninja-vapes.co.uk/product/lost-vape-thelema-elite-s-pod-kit,high
ninja-vapes.co.uk,lost vape ultra boost coils,lost vape ultra boost pro coils pack of 3,https://vapeonlinestore.co.uk/products/lost-vape-ultra-boost-pro-coils,resistance,m1 0.3ohm,not listed on VOS,,10.99,https://www.ninja-vapes.co.uk/product/lost-vape-ultra-boost-coils,medium
ninja-vapes.co.uk,lost vape ultra boost coils,lost vape ultra boost pro coils pack of 3,https://vapeonlinestore.co.uk/products/lost-vape-ultra-boost-pro-coils,resistance,m2 0.6ohm,not listed on VOS,,10.99,https://www.ninja-vapes.co.uk/product/lost-vape-ultra-boost-coils,medium
ninja-vapes.co.uk,lost vape ultra boost coils,lost vape ultra boost pro coils pack of 3,https://vapeonlinestore.co.uk/products/lost-vape-ultra-boost-pro-coils,resistance,m4 0.2ohm,not listed on VOS,,10.99,https://www.ninja-vapes.co.uk/product/lost-vape-ultra-boost-coils,medium
ninja-vapes.co.uk,lost vape ultra boost coils,lost vape ultra boost pro coils pack of 3,https://vapeonlinestore.co.uk/products/lost-vape-ultra-boost-pro-coils,resistance,mtl 1.0ohm,not listed on VOS,,10.99,https://www.ninja-vapes.co.uk/product/lost-vape-ultra-boost-coils,medium
ninja-vapes.co.uk,lost vape ursa replacement pods,lost vape ursa nano replacement pods,https://vapeonlinestore.co.uk/products/ursa-nano-replacement-pods-by-lost-vape,resistance,0.8ohm v2,not listed on VOS,,8.95,https://www.ninja-vapes.co.uk/product/lost-vape-ursa-pods,medium
ninja-vapes.co.uk,maxfel ultra pro 35k refill pods,maxfel ultra pro prefilled pods,https://vapeonlinestore.co.uk/products/maxfel-ultra-pro-pods,flavour,red apple ice,listed on VOS but out of stock,red apple ice,6.99,https://www.ninja-vapes.co.uk/product/maxfel-ultra-pro-35k-refill-pods,medium
ninja-vapes.co.uk,mr miss nic salts 10ml,mr miss nic salt e-liquid 10ml,https://vapeonlinestore.co.uk/products/mr-miss-nic-salt,flavour,miss rainbow,not listed on VOS,,2.49,https://www.ninja-vapes.co.uk/product/mr-miss-nic-salts-10ml,high
ninja-vapes.co.uk,100Ml E-Liquid By My E-Liquid,my e-liquids shortfill 100ml e-liquid,https://vapeonlinestore.co.uk/products/my-e-liquids-shortfill-100ml-e-liquid,flavour,berry limonada,not listed on VOS,,9.99,https://www.ninja-vapes.co.uk/product/berry-limonada-my-liquids,reviewed
ninja-vapes.co.uk,100Ml E-Liquid By My E-Liquid,my e-liquids shortfill 100ml e-liquid,https://vapeonlinestore.co.uk/products/my-e-liquids-shortfill-100ml-e-liquid,flavour,blue lips,not listed on VOS,,9.99,https://www.ninja-vapes.co.uk/product/blue-lips-my-liquids,reviewed
ninja-vapes.co.uk,100Ml E-Liquid By My E-Liquid,my e-liquids shortfill 100ml e-liquid,https://vapeonlinestore.co.uk/products/my-e-liquids-shortfill-100ml-e-liquid,flavour,mango,not listed on VOS,,9.99,https://www.ninja-vapes.co.uk/product/mango-my-liquids,reviewed
ninja-vapes.co.uk,100Ml E-Liquid By My E-Liquid,my e-liquids shortfill 100ml e-liquid,https://vapeonlinestore.co.uk/products/my-e-liquids-shortfill-100ml-e-liquid,flavour,rainbow,not listed on VOS,,9.99,https://www.ninja-vapes.co.uk/product/rainbow-my-liquids,reviewed
ninja-vapes.co.uk,50Ml Shortfill By Nasty Juice,nasty juice modmate 50ml e-liquid shortfills,https://vapeonlinestore.co.uk/products/nasty-juice-50ml-e-liquid,flavour,vanilla tobacco silver blend,not listed on VOS,,9.99,https://www.ninja-vapes.co.uk/product/silver-blend-nasty-juice,reviewed
ninja-vapes.co.uk,nerd liq bar nic salts 10ml,nerd liq bar salts nic salts 10ml,https://vapeonlinestore.co.uk/products/nerd-liq-bar-salts-nic-salts-10ml,flavour,berry freeze,not listed on VOS,,2.99,https://www.ninja-vapes.co.uk/product/nerd-liq-bar-nic-salts,medium
ninja-vapes.co.uk,nerd liq bar nic salts 10ml,nerd liq bar salts nic salts 10ml,https://vapeonlinestore.co.uk/products/nerd-liq-bar-salts-nic-salts-10ml,flavour,blackcurrant menthol,not listed on VOS,,2.99,https://www.ninja-vapes.co.uk/product/nerd-liq-bar-nic-salts,medium
ninja-vapes.co.uk,nerd liq bar nic salts 10ml,nerd liq bar salts nic salts 10ml,https://vapeonlinestore.co.uk/products/nerd-liq-bar-salts-nic-salts-10ml,flavour,blackcurrant raspberry ice,not listed on VOS,,2.99,https://www.ninja-vapes.co.uk/product/nerd-liq-bar-nic-salts,medium
ninja-vapes.co.uk,nerd liq bar nic salts 10ml,nerd liq bar salts nic salts 10ml,https://vapeonlinestore.co.uk/products/nerd-liq-bar-salts-nic-salts-10ml,flavour,blue raspberry gummy bear,not listed on VOS,,2.99,https://www.ninja-vapes.co.uk/product/nerd-liq-bar-nic-salts,medium
ninja-vapes.co.uk,nerd liq bar nic salts 10ml,nerd liq bar salts nic salts 10ml,https://vapeonlinestore.co.uk/products/nerd-liq-bar-salts-nic-salts-10ml,flavour,blue sour raspberry,not listed on VOS,,2.99,https://www.ninja-vapes.co.uk/product/nerd-liq-bar-nic-salts,medium
ninja-vapes.co.uk,nerd liq bar nic salts 10ml,nerd liq bar salts nic salts 10ml,https://vapeonlinestore.co.uk/products/nerd-liq-bar-salts-nic-salts-10ml,flavour,blueberry cherry cranberry,not listed on VOS,,2.99,https://www.ninja-vapes.co.uk/product/nerd-liq-bar-nic-salts,medium
ninja-vapes.co.uk,nerd liq bar nic salts 10ml,nerd liq bar salts nic salts 10ml,https://vapeonlinestore.co.uk/products/nerd-liq-bar-salts-nic-salts-10ml,flavour,fresh mint,not listed on VOS,,2.99,https://www.ninja-vapes.co.uk/product/nerd-liq-bar-nic-salts,medium
ninja-vapes.co.uk,nerd liq bar nic salts 10ml,nerd liq bar salts nic salts 10ml,https://vapeonlinestore.co.uk/products/nerd-liq-bar-salts-nic-salts-10ml,flavour,gummy bear,not listed on VOS,,2.99,https://www.ninja-vapes.co.uk/product/nerd-liq-bar-nic-salts,medium
ninja-vapes.co.uk,nerd liq bar nic salts 10ml,nerd liq bar salts nic salts 10ml,https://vapeonlinestore.co.uk/products/nerd-liq-bar-salts-nic-salts-10ml,flavour,iron soda,not listed on VOS,,2.99,https://www.ninja-vapes.co.uk/product/nerd-liq-bar-nic-salts,medium
ninja-vapes.co.uk,nerd liq bar nic salts 10ml,nerd liq bar salts nic salts 10ml,https://vapeonlinestore.co.uk/products/nerd-liq-bar-salts-nic-salts-10ml,flavour,lemon lime,not listed on VOS,,2.99,https://www.ninja-vapes.co.uk/product/nerd-liq-bar-nic-salts,medium
ninja-vapes.co.uk,nerd liq bar nic salts 10ml,nerd liq bar salts nic salts 10ml,https://vapeonlinestore.co.uk/products/nerd-liq-bar-salts-nic-salts-10ml,flavour,pineapple passion guava,not listed on VOS,,2.99,https://www.ninja-vapes.co.uk/product/nerd-liq-bar-nic-salts,medium
ninja-vapes.co.uk,nerd liq bar nic salts 10ml,nerd liq bar salts nic salts 10ml,https://vapeonlinestore.co.uk/products/nerd-liq-bar-salts-nic-salts-10ml,flavour,strawberry blue raspberry,not listed on VOS,,2.99,https://www.ninja-vapes.co.uk/product/nerd-liq-bar-nic-salts,medium
ninja-vapes.co.uk,nexel aero 7000 puffs prefilled pod kit,nexel aero 7000 puff prefilled pod vape kit,https://vapeonlinestore.co.uk/products/nexel-aero-7000,flavour,rainbow,not listed on VOS,,7.99,https://www.ninja-vapes.co.uk/product/nexel-aero-7000-puffs,high
ninja-vapes.co.uk,nexel aero 7000 puffs prefilled pod kit,nexel aero 7000 puff prefilled pod vape kit,https://vapeonlinestore.co.uk/products/nexel-aero-7000,flavour,strawberry burst,not listed on VOS,,7.99,https://www.ninja-vapes.co.uk/product/nexel-aero-7000-puffs,high
ninja-vapes.co.uk,nexel aero 7000 prefilled refill pods,nexel aero 7000 replacement pods,https://vapeonlinestore.co.uk/products/nexel-aero-7000-pods,flavour,rainbow,not listed on VOS,,4.99,https://www.ninja-vapes.co.uk/product/nexel-aero-7000-refill-pod-pack,high
ninja-vapes.co.uk,Pod Salts Nexus Nic Salt 10Ml,nexus pod salts 5mg 10ml nic salts,https://vapeonlinestore.co.uk/products/nexus-pod-salts-5mg-10ml,flavour,blueberry blackberry lemonade,not listed on VOS,,2.99,https://www.ninja-vapes.co.uk/product/pod-salts-nexus-nic-salts-10ml,high
ninja-vapes.co.uk,Pod Salts Nexus Nic Salt 10Ml,nexus pod salts 5mg 10ml nic salts,https://vapeonlinestore.co.uk/products/nexus-pod-salts-5mg-10ml,flavour,pear apple raspberry,not listed on VOS,,2.99,https://www.ninja-vapes.co.uk/product/pod-salts-nexus-nic-salts-10ml,high
ninja-vapes.co.uk,Pod Salts Nexus Nic Salt 10Ml,nexus pod salts 5mg 10ml nic salts,https://vapeonlinestore.co.uk/products/nexus-pod-salts-5mg-10ml,flavour,watermelon gummy,not listed on VOS,,2.99,https://www.ninja-vapes.co.uk/product/pod-salts-nexus-nic-salts-10ml,high
ninja-vapes.co.uk,Pouches By Nordic Spirit,nordic spirit nicotine pouches,https://vapeonlinestore.co.uk/products/nordic-spirit-nicotine-pouches,flavour,elderflower,not listed on VOS,,7.99,https://www.ninja-vapes.co.uk/product/elderflower-nordic-spirit,high
ninja-vapes.co.uk,Pouches By Nordic Spirit,nordic spirit nicotine pouches,https://vapeonlinestore.co.uk/products/nordic-spirit-nicotine-pouches,flavour,forest berry,not listed on VOS,,4.99,https://www.ninja-vapes.co.uk/product/nordic-spirit-nicotine-pouches,high
ninja-vapes.co.uk,Pouches By Nordic Spirit,nordic spirit nicotine pouches,https://vapeonlinestore.co.uk/products/nordic-spirit-nicotine-pouches,flavour,frosty berry,not listed on VOS,,7.99,https://www.ninja-vapes.co.uk/product/frosty-berry-nordic-spirit,high
ninja-vapes.co.uk,Pouches By Nordic Spirit,nordic spirit nicotine pouches,https://vapeonlinestore.co.uk/products/nordic-spirit-nicotine-pouches,flavour,frosty mint,not listed on VOS,,7.99,https://www.ninja-vapes.co.uk/product/frosty-mint-nordic-spirit,high
ninja-vapes.co.uk,Pouches By Nordic Spirit,nordic spirit nicotine pouches,https://vapeonlinestore.co.uk/products/nordic-spirit-nicotine-pouches,flavour,melon fresh,not listed on VOS,,4.99,https://www.ninja-vapes.co.uk/product/nordic-spirit-nicotine-pouches,high
ninja-vapes.co.uk,Pouches By Nordic Spirit,nordic spirit nicotine pouches,https://vapeonlinestore.co.uk/products/nordic-spirit-nicotine-pouches,flavour,mint,not listed on VOS,,4.99,https://www.ninja-vapes.co.uk/product/nordic-spirit-nicotine-pouches,high
ninja-vapes.co.uk,Pouches By Nordic Spirit,nordic spirit nicotine pouches,https://vapeonlinestore.co.uk/products/nordic-spirit-nicotine-pouches,flavour,mocha,not listed on VOS,,7.99,https://www.ninja-vapes.co.uk/product/mocha-nordic-spirit,high
ninja-vapes.co.uk,Pouches By Nordic Spirit,nordic spirit nicotine pouches,https://vapeonlinestore.co.uk/products/nordic-spirit-nicotine-pouches,flavour,raspberry,not listed on VOS,,7.99,https://www.ninja-vapes.co.uk/product/raspberry-nordic-spirit,high
ninja-vapes.co.uk,Pouches By Nordic Spirit,nordic spirit nicotine pouches,https://vapeonlinestore.co.uk/products/nordic-spirit-nicotine-pouches,flavour,spearmint,not listed on VOS,,4.99,https://www.ninja-vapes.co.uk/product/nordic-spirit-nicotine-pouches,high
ninja-vapes.co.uk,Pouches By Nordic Spirit,nordic spirit nicotine pouches,https://vapeonlinestore.co.uk/products/nordic-spirit-nicotine-pouches,flavour,sweet mint,not listed on VOS,,7.99,https://www.ninja-vapes.co.uk/product/sweet-mint-nordic-spirit,high
ninja-vapes.co.uk,Pouches By Nordic Spirit,nordic spirit nicotine pouches,https://vapeonlinestore.co.uk/products/nordic-spirit-nicotine-pouches,flavour,tropical mix,not listed on VOS,,4.99,https://www.ninja-vapes.co.uk/product/nordic-spirit-nicotine-pouches,high
ninja-vapes.co.uk,Pouches By Nordic Spirit,nordic spirit nicotine pouches,https://vapeonlinestore.co.uk/products/nordic-spirit-nicotine-pouches,flavour,watermelon,not listed on VOS,,7.99,https://www.ninja-vapes.co.uk/product/watermelon-nordic-spirit,high
ninja-vapes.co.uk,Pod Vape Kit 2300Mah,obs alter 70w pod vape kit,https://vapeonlinestore.co.uk/products/obs-alter-vape-kit,flavour,obs alter,not listed on VOS,,12.99,https://www.ninja-vapes.co.uk/product/obs-alter-pod-kit,reviewed
ninja-vapes.co.uk,oxva nexlim go 2 pod kit,oxva nexlim 2 vape kit,https://vapeonlinestore.co.uk/products/oxva-nexlim-2-vape-kit,colour,rose pink,not listed on VOS,,14.99,https://www.ninja-vapes.co.uk/product/oxva-xlim-go-2-pod-vape-kit,medium
ninja-vapes.co.uk,oxva nexlim go 2 pod kit,oxva nexlim 2 vape kit,https://vapeonlinestore.co.uk/products/oxva-nexlim-2-vape-kit,colour,sahara brown,not listed on VOS,,14.99,https://www.ninja-vapes.co.uk/product/oxva-xlim-go-2-pod-vape-kit,medium
ninja-vapes.co.uk,oxva nexlim go 2 pod kit,oxva nexlim 2 vape kit,https://vapeonlinestore.co.uk/products/oxva-nexlim-2-vape-kit,colour,silky black,not listed on VOS,,14.99,https://www.ninja-vapes.co.uk/product/oxva-xlim-go-2-pod-vape-kit,medium
ninja-vapes.co.uk,oxva nexlim go 2 pod kit,oxva nexlim 2 vape kit,https://vapeonlinestore.co.uk/products/oxva-nexlim-2-vape-kit,colour,silky coffee,not listed on VOS,,14.99,https://www.ninja-vapes.co.uk/product/oxva-xlim-go-2-pod-vape-kit,medium
ninja-vapes.co.uk,oxva nexlim go 2 pod kit,oxva nexlim 2 vape kit,https://vapeonlinestore.co.uk/products/oxva-nexlim-2-vape-kit,colour,silky purple,not listed on VOS,,14.99,https://www.ninja-vapes.co.uk/product/oxva-xlim-go-2-pod-vape-kit,medium
ninja-vapes.co.uk,oxva nexlim go 2 pod kit,oxva nexlim 2 vape kit,https://vapeonlinestore.co.uk/products/oxva-nexlim-2-vape-kit,colour,space gray,not listed on VOS,,14.99,https://www.ninja-vapes.co.uk/product/oxva-xlim-go-2-pod-vape-kit,medium
ninja-vapes.co.uk,oxva nexlim go 2 pod kit,oxva nexlim 2 vape kit,https://vapeonlinestore.co.uk/products/oxva-nexlim-2-vape-kit,colour,starry blue,not listed on VOS,,14.99,https://www.ninja-vapes.co.uk/product/oxva-xlim-go-2-pod-vape-kit,medium
ninja-vapes.co.uk,oxva nexlim pod vape kit,oxva nexlim pod vape kit,https://vapeonlinestore.co.uk/products/oxva-nexlim-pod-vape-kit,colour,dark grey,not listed on VOS,,20.99,https://www.ninja-vapes.co.uk/product/oxva-nexlim-pod-kit,high
ninja-vapes.co.uk,oxva oneo pod kit 1600mah,oxva oneo pod kit,https://vapeonlinestore.co.uk/products/oxva-oneo-pod-kit,colour,haze blue,not listed on VOS,,18.99,https://www.ninja-vapes.co.uk/product/oxva-oneo-pod-vape-kit,medium
ninja-vapes.co.uk,oxva oneo pod kit 1600mah,oxva oneo pod kit,https://vapeonlinestore.co.uk/products/oxva-oneo-pod-kit,colour,racing green,not listed on VOS,,18.99,https://www.ninja-vapes.co.uk/product/oxva-oneo-pod-vape-kit,medium
ninja-vapes.co.uk,oxva oneo pod kit 1600mah,oxva oneo pod kit,https://vapeonlinestore.co.uk/products/oxva-oneo-pod-kit,colour,ruby red,not listed on VOS,,18.99,https://www.ninja-vapes.co.uk/product/oxva-oneo-pod-vape-kit,medium
ninja-vapes.co.uk,oxva oneo pod kit 1600mah,oxva oneo pod kit,https://vapeonlinestore.co.uk/products/oxva-oneo-pod-kit,colour,silky brown,not listed on VOS,,18.99,https://www.ninja-vapes.co.uk/product/oxva-oneo-pod-vape-kit,medium
ninja-vapes.co.uk,oxva slimstick prefilled kit,oxva slimstick prefilled pod kit,https://vapeonlinestore.co.uk/products/oxva-slimstick-prefilled-pod-kit,flavour,blueberry blue colour,not listed on VOS,,7.99,https://www.ninja-vapes.co.uk/product/oxva-slim-stick-prefilled-pod-kit,high
ninja-vapes.co.uk,oxva slimstick prefilled kit,oxva slimstick prefilled pod kit,https://vapeonlinestore.co.uk/products/oxva-slimstick-prefilled-pod-kit,flavour,kiwi passion fruit black colour,not listed on VOS,,7.99,https://www.ninja-vapes.co.uk/product/oxva-slim-stick-prefilled-pod-kit,high
ninja-vapes.co.uk,oxva slimstick prefilled kit,oxva slimstick prefilled pod kit,https://vapeonlinestore.co.uk/products/oxva-slimstick-prefilled-pod-kit,flavour,lemon lime purple colour,not listed on VOS,,7.99,https://www.ninja-vapes.co.uk/product/oxva-slim-stick-prefilled-pod-kit,high
ninja-vapes.co.uk,oxva slimstick prefilled kit,oxva slimstick prefilled pod kit,https://vapeonlinestore.co.uk/products/oxva-slimstick-prefilled-pod-kit,flavour,lychee gold colour,not listed on VOS,,7.99,https://www.ninja-vapes.co.uk/product/oxva-slim-stick-prefilled-pod-kit,high
ninja-vapes.co.uk,oxva slimstick prefilled kit,oxva slimstick prefilled pod kit,https://vapeonlinestore.co.uk/products/oxva-slimstick-prefilled-pod-kit,flavour,mint grey colour,not listed on VOS,,7.99,https://www.ninja-vapes.co.uk/product/oxva-slim-stick-prefilled-pod-kit,high
ninja-vapes.co.uk,oxva slimstick prefilled kit,oxva slimstick prefilled pod kit,https://vapeonlinestore.co.uk/products/oxva-slimstick-prefilled-pod-kit,flavour,watermelon pink colour,not listed on VOS,,7.99,https://www.ninja-vapes.co.uk/product/oxva-slim-stick-prefilled-pod-kit,high
ninja-vapes.co.uk,Oxva Unicoils Coils,oxva unicoil coils i pack of 5,https://vapeonlinestore.co.uk/products/oxva-unicoil-coils-pack-of-5,resistance,1.5ohm,not listed on VOS,,10.49,https://www.ninja-vapes.co.uk/product/oxva-unicoil-replacement-coils,reviewed
ninja-vapes.co.uk,oxva vprime replacement pods,oxva vprime replacement pods pack of 2,https://vapeonlinestore.co.uk/products/oxva-vprime-replacement-pods,resistance,0.2ohm,not listed on VOS,,6.45,https://www.ninja-vapes.co.uk/product/oxva-vprime-replacement-pods,high
ninja-vapes.co.uk,oxva vprime replacement pods,oxva vprime replacement pods pack of 2,https://vapeonlinestore.co.uk/products/oxva-vprime-replacement-pods,resistance,0.4ohm,not listed on VOS,,6.45,https://www.ninja-vapes.co.uk/product/oxva-vprime-replacement-pods,high
ninja-vapes.co.uk,oxva vprime replacement pods,oxva vprime replacement pods pack of 2,https://vapeonlinestore.co.uk/products/oxva-vprime-replacement-pods,resistance,0.6ohm,not listed on VOS,,6.45,https://www.ninja-vapes.co.uk/product/oxva-vprime-replacement-pods,high
ninja-vapes.co.uk,oxva xlim c pod kit,oxva xlim c vape kit,https://vapeonlinestore.co.uk/products/oxva-xlim-c-vape-kit,colour,blue purple,not listed on VOS,,15.99,https://www.ninja-vapes.co.uk/product/oxva-xlim-c-pod-vape-Kit,high
ninja-vapes.co.uk,oxva xlim c pod kit,oxva xlim c vape kit,https://vapeonlinestore.co.uk/products/oxva-xlim-c-vape-kit,colour,gunmetal,not listed on VOS,,15.99,https://www.ninja-vapes.co.uk/product/oxva-xlim-c-pod-vape-Kit,high
ninja-vapes.co.uk,oxva xlim c pod kit,oxva xlim c vape kit,https://vapeonlinestore.co.uk/products/oxva-xlim-c-vape-kit,colour,red,not listed on VOS,,15.99,https://www.ninja-vapes.co.uk/product/oxva-xlim-c-pod-vape-Kit,high
ninja-vapes.co.uk,oxva xlim classic edition pod kit,oxva xlim classic edition pod vape kit,https://vapeonlinestore.co.uk/products/oxva-xlim-classic-edition-pod-vape-kit,colour,purple pink,not listed on VOS,,14.99,https://www.ninja-vapes.co.uk/product/oxva-xlim-classic-edition-pod-kit,high
ninja-vapes.co.uk,oxva xlim go pod vape kit,oxva xlim go pod starter kit,https://vapeonlinestore.co.uk/products/oxva-xlim-go-pod-kit,colour,dark brown,not listed on VOS,,10.99,https://www.ninja-vapes.co.uk/product/oxva-xlim-go-pod-vape-kit,high
ninja-vapes.co.uk,oxva xlim go pod vape kit,oxva xlim go pod starter kit,https://vapeonlinestore.co.uk/products/oxva-xlim-go-pod-kit,colour,dark grey,not listed on VOS,,10.99,https://www.ninja-vapes.co.uk/product/oxva-xlim-go-pod-vape-kit,high
ninja-vapes.co.uk,oxva xlim go pod vape kit,oxva xlim go pod starter kit,https://vapeonlinestore.co.uk/products/oxva-xlim-go-pod-kit,colour,graffiti black,not listed on VOS,,10.99,https://www.ninja-vapes.co.uk/product/oxva-xlim-go-pod-vape-kit,high
ninja-vapes.co.uk,oxva xlim go pod vape kit,oxva xlim go pod starter kit,https://vapeonlinestore.co.uk/products/oxva-xlim-go-pod-kit,colour,graffiti blue,not listed on VOS,,10.99,https://www.ninja-vapes.co.uk/product/oxva-xlim-go-pod-vape-kit,high
ninja-vapes.co.uk,oxva xlim go pod vape kit,oxva xlim go pod starter kit,https://vapeonlinestore.co.uk/products/oxva-xlim-go-pod-kit,colour,graffiti pink,not listed on VOS,,10.99,https://www.ninja-vapes.co.uk/product/oxva-xlim-go-pod-vape-kit,high
ninja-vapes.co.uk,oxva xlim go pod vape kit,oxva xlim go pod starter kit,https://vapeonlinestore.co.uk/products/oxva-xlim-go-pod-kit,colour,luxe black,not listed on VOS,,10.99,https://www.ninja-vapes.co.uk/product/oxva-xlim-go-pod-vape-kit,high
ninja-vapes.co.uk,oxva xlim go pod vape kit,oxva xlim go pod starter kit,https://vapeonlinestore.co.uk/products/oxva-xlim-go-pod-kit,colour,luxe brown,not listed on VOS,,10.99,https://www.ninja-vapes.co.uk/product/oxva-xlim-go-pod-vape-kit,high
ninja-vapes.co.uk,oxva xlim go pod vape kit,oxva xlim go pod starter kit,https://vapeonlinestore.co.uk/products/oxva-xlim-go-pod-kit,colour,striped blue,not listed on VOS,,10.99,https://www.ninja-vapes.co.uk/product/oxva-xlim-go-pod-vape-kit,high
ninja-vapes.co.uk,oxva xlim go pod vape kit,oxva xlim go pod starter kit,https://vapeonlinestore.co.uk/products/oxva-xlim-go-pod-kit,colour,striped grey,not listed on VOS,,10.99,https://www.ninja-vapes.co.uk/product/oxva-xlim-go-pod-vape-kit,high
ninja-vapes.co.uk,oxva xlim go pod vape kit,oxva xlim go pod starter kit,https://vapeonlinestore.co.uk/products/oxva-xlim-go-pod-kit,colour,striped orange,not listed on VOS,,10.99,https://www.ninja-vapes.co.uk/product/oxva-xlim-go-pod-vape-kit,high
ninja-vapes.co.uk,oxva xlim pro 2 dna vape kit,oxva xlim pro 2 dna pod vape kit,https://vapeonlinestore.co.uk/products/oxva-xlim-pro-2-dna,colour,luminous forged carbon fiber,not listed on VOS,,33.99,https://www.ninja-vapes.co.uk/product/oxva-xlim-pro-2-dna-vape-kit,high
ninja-vapes.co.uk,oxva xlim pro 2 pod kit,oxva xlim pro 2 pod vape kit,https://vapeonlinestore.co.uk/products/oxva-xlim-pro-2-pod-vape-kit,colour,titanium blue,not listed on VOS,,22.99,https://www.ninja-vapes.co.uk/product/oxva-xlim-pro-2-pod-vape-kit,high
ninja-vapes.co.uk,oxva xlim pro 2 pod kit,oxva xlim pro 2 pod vape kit,https://vapeonlinestore.co.uk/products/oxva-xlim-pro-2-pod-vape-kit,colour,titanium grey,not listed on VOS,,22.99,https://www.ninja-vapes.co.uk/product/oxva-xlim-pro-2-pod-vape-kit,high
ninja-vapes.co.uk,oxva xlim pro pod vape kit,oxva xlim pro vape kit,https://vapeonlinestore.co.uk/products/oxva-xlim-pro-pod-kit,flavour,coral orange,not listed on VOS,,15.99,https://www.ninja-vapes.co.uk/product/oxva-xlim-pro-vape-kit,high
ninja-vapes.co.uk,oxva xlim pro pod vape kit,oxva xlim pro vape kit,https://vapeonlinestore.co.uk/products/oxva-xlim-pro-pod-kit,flavour,denim blue,not listed on VOS,,15.99,https://www.ninja-vapes.co.uk/product/oxva-xlim-pro-vape-kit,high
ninja-vapes.co.uk,oxva xlim pro pod vape kit,oxva xlim pro vape kit,https://vapeonlinestore.co.uk/products/oxva-xlim-pro-pod-kit,flavour,denim brown,not listed on VOS,,15.99,https://www.ninja-vapes.co.uk/product/oxva-xlim-pro-vape-kit,high
ninja-vapes.co.uk,oxva xlim pro pod vape kit,oxva xlim pro vape kit,https://vapeonlinestore.co.uk/products/oxva-xlim-pro-pod-kit,flavour,denim green,not listed on VOS,,15.99,https://www.ninja-vapes.co.uk/product/oxva-xlim-pro-vape-kit,high
ninja-vapes.co.uk,oxva xlim pro pod vape kit,oxva xlim pro vape kit,https://vapeonlinestore.co.uk/products/oxva-xlim-pro-pod-kit,flavour,gleamy blue,not listed on VOS,,15.99,https://www.ninja-vapes.co.uk/product/oxva-xlim-pro-vape-kit,high
ninja-vapes.co.uk,oxva xlim pro pod vape kit,oxva xlim pro vape kit,https://vapeonlinestore.co.uk/products/oxva-xlim-pro-pod-kit,flavour,gleamy cyan,not listed on VOS,,15.99,https://www.ninja-vapes.co.uk/product/oxva-xlim-pro-vape-kit,high
ninja-vapes.co.uk,oxva xlim pro pod vape kit,oxva xlim pro vape kit,https://vapeonlinestore.co.uk/products/oxva-xlim-pro-pod-kit,flavour,gleamy gray,not listed on VOS,,15.99,https://www.ninja-vapes.co.uk/product/oxva-xlim-pro-vape-kit,high
ninja-vapes.co.uk,oxva xlim pro pod vape kit,oxva xlim pro vape kit,https://vapeonlinestore.co.uk/products/oxva-xlim-pro-pod-kit,flavour,gleamy green,not listed on VOS,,15.99,https://www.ninja-vapes.co.uk/product/oxva-xlim-pro-vape-kit,high
ninja-vapes.co.uk,oxva xlim pro pod vape kit,oxva xlim pro vape kit,https://vapeonlinestore.co.uk/products/oxva-xlim-pro-pod-kit,flavour,gleamy red,not listed on VOS,,15.99,https://www.ninja-vapes.co.uk/product/oxva-xlim-pro-vape-kit,high
ninja-vapes.co.uk,oxva xlim pro pod vape kit,oxva xlim pro vape kit,https://vapeonlinestore.co.uk/products/oxva-xlim-pro-pod-kit,flavour,grey leather,not listed on VOS,,15.99,https://www.ninja-vapes.co.uk/product/oxva-xlim-pro-vape-kit,high
ninja-vapes.co.uk,oxva xlim pro pod vape kit,oxva xlim pro vape kit,https://vapeonlinestore.co.uk/products/oxva-xlim-pro-pod-kit,flavour,kingkong pink,not listed on VOS,,15.99,https://www.ninja-vapes.co.uk/product/oxva-xlim-pro-vape-kit,high
ninja-vapes.co.uk,oxva xlim pro pod vape kit,oxva xlim pro vape kit,https://vapeonlinestore.co.uk/products/oxva-xlim-pro-pod-kit,flavour,pine green,not listed on VOS,,15.99,https://www.ninja-vapes.co.uk/product/oxva-xlim-pro-vape-kit,high
ninja-vapes.co.uk,oxva xlim 25w 2ml pod vape kit,oxva xlim sq 25w 2ml vape kit,https://vapeonlinestore.co.uk/products/oxva-sq-vape-kit,colour,black red,not listed on VOS,,19.59,https://www.ninja-vapes.co.uk/product/oxva-xlim-pod-kit,medium
ninja-vapes.co.uk,oxva xlim 25w 2ml pod vape kit,oxva xlim sq 25w 2ml vape kit,https://vapeonlinestore.co.uk/products/oxva-sq-vape-kit,colour,black white,not listed on VOS,,19.59,https://www.ninja-vapes.co.uk/product/oxva-xlim-pod-kit,medium
ninja-vapes.co.uk,oxva xlim 25w 2ml pod vape kit,oxva xlim sq 25w 2ml vape kit,https://vapeonlinestore.co.uk/products/oxva-sq-vape-kit,colour,blue,not listed on VOS,,19.59,https://www.ninja-vapes.co.uk/product/oxva-xlim-pod-kit,medium
ninja-vapes.co.uk,oxva xlim 25w 2ml pod vape kit,oxva xlim sq 25w 2ml vape kit,https://vapeonlinestore.co.uk/products/oxva-sq-vape-kit,colour,blue green,not listed on VOS,,19.59,https://www.ninja-vapes.co.uk/product/oxva-xlim-pod-kit,medium
ninja-vapes.co.uk,oxva xlim 25w 2ml pod vape kit,oxva xlim sq 25w 2ml vape kit,https://vapeonlinestore.co.uk/products/oxva-sq-vape-kit,colour,dark blue,not listed on VOS,,19.59,https://www.ninja-vapes.co.uk/product/oxva-xlim-pod-kit,medium
ninja-vapes.co.uk,oxva xlim 25w 2ml pod vape kit,oxva xlim sq 25w 2ml vape kit,https://vapeonlinestore.co.uk/products/oxva-sq-vape-kit,colour,gleamy pink,not listed on VOS,,19.59,https://www.ninja-vapes.co.uk/product/oxva-xlim-pod-kit,medium
ninja-vapes.co.uk,oxva xlim 25w 2ml pod vape kit,oxva xlim sq 25w 2ml vape kit,https://vapeonlinestore.co.uk/products/oxva-sq-vape-kit,colour,green lemon,not listed on VOS,,19.59,https://www.ninja-vapes.co.uk/product/oxva-xlim-pod-kit,medium
ninja-vapes.co.uk,oxva xlim 25w 2ml pod vape kit,oxva xlim sq 25w 2ml vape kit,https://vapeonlinestore.co.uk/products/oxva-sq-vape-kit,colour,silver,not listed on VOS,,19.59,https://www.ninja-vapes.co.uk/product/oxva-xlim-pod-kit,medium
ninja-vapes.co.uk,oxva xlim sq pro vape kit,oxva xlim sq pro pod kit,https://vapeonlinestore.co.uk/products/oxva-xlim-sq-pro-pod-kit,colour,bronze wood,not listed on VOS,,19.99,https://www.ninja-vapes.co.uk/product/oxva-xlim-sq-pro-refilled-pod-vape-kit,high
ninja-vapes.co.uk,oxva xlim v2 pod kit,oxva xlim v2 25w pod kit,https://vapeonlinestore.co.uk/products/oxva-xlim-v2-pod-kit,colour,black red,not listed on VOS,,17.99,https://www.ninja-vapes.co.uk/product/oxva-xlim-v2-pod-kit,medium
ninja-vapes.co.uk,oxva xlim v2 pod kit,oxva xlim v2 25w pod kit,https://vapeonlinestore.co.uk/products/oxva-xlim-v2-pod-kit,colour,black white,not listed on VOS,,17.99,https://www.ninja-vapes.co.uk/product/oxva-xlim-v2-pod-kit,medium
ninja-vapes.co.uk,oxva xlim v2 pod kit,oxva xlim v2 25w pod kit,https://vapeonlinestore.co.uk/products/oxva-xlim-v2-pod-kit,colour,green lemon,not listed on VOS,,17.99,https://www.ninja-vapes.co.uk/product/oxva-xlim-v2-pod-kit,medium
ninja-vapes.co.uk,oxva xlim v2 pod kit,oxva xlim v2 25w pod kit,https://vapeonlinestore.co.uk/products/oxva-xlim-v2-pod-kit,colour,shiny black,not listed on VOS,,17.99,https://www.ninja-vapes.co.uk/product/oxva-xlim-v2-pod-kit,medium
ninja-vapes.co.uk,oxva xlim v2 pod kit,oxva xlim v2 25w pod kit,https://vapeonlinestore.co.uk/products/oxva-xlim-v2-pod-kit,colour,shiny black red,not listed on VOS,,17.99,https://www.ninja-vapes.co.uk/product/oxva-xlim-v2-pod-kit,medium
ninja-vapes.co.uk,oxva xlim v2 pod kit,oxva xlim v2 25w pod kit,https://vapeonlinestore.co.uk/products/oxva-xlim-v2-pod-kit,colour,shiny gold pink,not listed on VOS,,17.99,https://www.ninja-vapes.co.uk/product/oxva-xlim-v2-pod-kit,medium
ninja-vapes.co.uk,oxva xlim v2 pod kit,oxva xlim v2 25w pod kit,https://vapeonlinestore.co.uk/products/oxva-xlim-v2-pod-kit,colour,shiny gunmetal,not listed on VOS,,17.99,https://www.ninja-vapes.co.uk/product/oxva-xlim-v2-pod-kit,medium
ninja-vapes.co.uk,oxva xlim v2 pod kit,oxva xlim v2 25w pod kit,https://vapeonlinestore.co.uk/products/oxva-xlim-v2-pod-kit,colour,shiny silver green,not listed on VOS,,17.99,https://www.ninja-vapes.co.uk/product/oxva-xlim-v2-pod-kit,medium
ninja-vapes.co.uk,oxva xlim v2 pod kit,oxva xlim v2 25w pod kit,https://vapeonlinestore.co.uk/products/oxva-xlim-v2-pod-kit,colour,silver,not listed on VOS,,17.99,https://www.ninja-vapes.co.uk/product/oxva-xlim-v2-pod-kit,medium
ninja-vapes.co.uk,Pouches By Pablo,pablo 50mg nicotine pouches,https://vapeonlinestore.co.uk/products/pablo-50mg-nicotine-pouches,flavour,frosted ice,not listed on VOS,,4.99,https://www.ninja-vapes.co.uk/product/frosted-ice-pablo,high
ninja-vapes.co.uk,Pouches By Pablo,pablo 50mg nicotine pouches,https://vapeonlinestore.co.uk/products/pablo-50mg-nicotine-pouches,flavour,mocca,not listed on VOS,,4.99,https://www.ninja-vapes.co.uk/product/mocca-pablo,high
ninja-vapes.co.uk,Pouches By Pablo,pablo 50mg nicotine pouches,https://vapeonlinestore.co.uk/products/pablo-50mg-nicotine-pouches,flavour,passion fruit,not listed on VOS,,4.99,https://www.ninja-vapes.co.uk/product/passion-fruit-pablo,high
ninja-vapes.co.uk,pacha mama all range e-liquid shortfills,pacha mama 100ml e-liquid shortfills,https://vapeonlinestore.co.uk/products/pacha-mama-100ml,flavour,blood orange banana gooseberry,not listed on VOS,,7.99,https://www.ninja-vapes.co.uk/product/pacha-mama-all-range-e-liquid-shortfills,reviewed
ninja-vapes.co.uk,pacha mama all range e-liquid shortfills,pacha mama 100ml e-liquid shortfills,https://vapeonlinestore.co.uk/products/pacha-mama-100ml,flavour,mango pitaya pineapple,not listed on VOS,,7.99,https://www.ninja-vapes.co.uk/product/pacha-mama-all-range-e-liquid-shortfills,reviewed
ninja-vapes.co.uk,pacha mama all range e-liquid shortfills,pacha mama 100ml e-liquid shortfills,https://vapeonlinestore.co.uk/products/pacha-mama-100ml,flavour,pear acai,not listed on VOS,,7.99,https://www.ninja-vapes.co.uk/product/pacha-mama-all-range-e-liquid-shortfills,reviewed
ninja-vapes.co.uk,pacha mama all range e-liquid shortfills,pacha mama 100ml e-liquid shortfills,https://vapeonlinestore.co.uk/products/pacha-mama-100ml,flavour,starfruit grape,not listed on VOS,,7.99,https://www.ninja-vapes.co.uk/product/pacha-mama-all-range-e-liquid-shortfills,reviewed
ninja-vapes.co.uk,pacha mama all range e-liquid shortfills,pacha mama 100ml e-liquid shortfills,https://vapeonlinestore.co.uk/products/pacha-mama-100ml,flavour,strawberry kiwi ice,not listed on VOS,,7.99,https://www.ninja-vapes.co.uk/product/pacha-mama-all-range-e-liquid-shortfills,reviewed
ninja-vapes.co.uk,Pacha Mama Nic Salt 10Ml,pacha mama 10ml nic salt e-liquid,https://vapeonlinestore.co.uk/products/pacha-mama-10ml,flavour,blueberry bubblegum,not listed on VOS,,3.99,https://www.ninja-vapes.co.uk/product/pacha-mama-nic-salts-10ml,high
ninja-vapes.co.uk,signature nic salts 10ml 60+ flavours,pack of 10 signature 10ml e-liquid,https://vapeonlinestore.co.uk/products/signature-10ml-e-liquid10x,flavour,apple,not listed on VOS,,2.99,https://www.ninja-vapes.co.uk/product/signature-nic-salts-10ml,reviewed
ninja-vapes.co.uk,signature nic salts 10ml 60+ flavours,pack of 10 signature 10ml e-liquid,https://vapeonlinestore.co.uk/products/signature-10ml-e-liquid10x,flavour,apple grape,not listed on VOS,,2.99,https://www.ninja-vapes.co.uk/product/signature-nic-salts-10ml,reviewed
ninja-vapes.co.uk,signature nic salts 10ml 60+ flavours,pack of 10 signature 10ml e-liquid,https://vapeonlinestore.co.uk/products/signature-10ml-e-liquid10x,flavour,banana,not listed on VOS,,2.99,https://www.ninja-vapes.co.uk/product/signature-nic-salts-10ml,reviewed
ninja-vapes.co.uk,signature nic salts 10ml 60+ flavours,pack of 10 signature 10ml e-liquid,https://vapeonlinestore.co.uk/products/signature-10ml-e-liquid10x,flavour,berry bomb,not listed on VOS,,2.99,https://www.ninja-vapes.co.uk/product/signature-nic-salts-10ml,reviewed
ninja-vapes.co.uk,signature nic salts 10ml 60+ flavours,pack of 10 signature 10ml e-liquid,https://vapeonlinestore.co.uk/products/signature-10ml-e-liquid10x,flavour,blackberry,not listed on VOS,,2.99,https://www.ninja-vapes.co.uk/product/signature-nic-salts-10ml,reviewed
ninja-vapes.co.uk,signature mental nic salts 10ml,pack of 10 signature 10ml e-liquid,https://vapeonlinestore.co.uk/products/signature-10ml-e-liquid10x,flavour,blue raspberry berry,not listed on VOS,,2.49,https://www.ninja-vapes.co.uk/product/signature-mental-nic-salts-10ml,reviewed
ninja-vapes.co.uk,signature mental nic salts 10ml,pack of 10 signature 10ml e-liquid,https://vapeonlinestore.co.uk/products/signature-10ml-e-liquid10x,flavour,blue raspberry blackcurrant,not listed on VOS,,2.49,https://www.ninja-vapes.co.uk/product/signature-mental-nic-salts-10ml,reviewed
ninja-vapes.co.uk,signature mental nic salts 10ml,pack of 10 signature 10ml e-liquid,https://vapeonlinestore.co.uk/products/signature-10ml-e-liquid10x,flavour,blue raspberry cherry,not listed on VOS,,2.49,https://www.ninja-vapes.co.uk/product/signature-mental-nic-salts-10ml,reviewed
ninja-vapes.co.uk,signature mental nic salts 10ml,pack of 10 signature 10ml e-liquid,https://vapeonlinestore.co.uk/products/signature-10ml-e-liquid10x,flavour,blue raspberry grape,not listed on VOS,,2.49,https://www.ninja-vapes.co.uk/product/signature-mental-nic-salts-10ml,reviewed
ninja-vapes.co.uk,signature mental nic salts 10ml,pack of 10 signature 10ml e-liquid,https://vapeonlinestore.co.uk/products/signature-10ml-e-liquid10x,flavour,blue raspberry lemonade,not listed on VOS,,2.49,https://www.ninja-vapes.co.uk/product/signature-mental-nic-salts-10ml,reviewed
ninja-vapes.co.uk,signature mental nic salts 10ml,pack of 10 signature 10ml e-liquid,https://vapeonlinestore.co.uk/products/signature-10ml-e-liquid10x,flavour,blue raspberry mango,not listed on VOS,,2.49,https://www.ninja-vapes.co.uk/product/signature-mental-nic-salts-10ml,reviewed
ninja-vapes.co.uk,signature mental nic salts 10ml,pack of 10 signature 10ml e-liquid,https://vapeonlinestore.co.uk/products/signature-10ml-e-liquid10x,flavour,blue raspberry pomegranate,not listed on VOS,,2.49,https://www.ninja-vapes.co.uk/product/signature-mental-nic-salts-10ml,reviewed
ninja-vapes.co.uk,signature mental nic salts 10ml,pack of 10 signature 10ml e-liquid,https://vapeonlinestore.co.uk/products/signature-10ml-e-liquid10x,flavour,blue raspbery,not listed on VOS,,2.49,https://www.ninja-vapes.co.uk/product/signature-mental-nic-salts-10ml,reviewed
ninja-vapes.co.uk,signature nic salts 10ml 60+ flavours,pack of 10 signature 10ml e-liquid,https://vapeonlinestore.co.uk/products/signature-10ml-e-liquid10x,flavour,blue slush,not listed on VOS,,2.99,https://www.ninja-vapes.co.uk/product/signature-nic-salts-10ml,reviewed
ninja-vapes.co.uk,signature mental nic salts 10ml,pack of 10 signature 10ml e-liquid,https://vapeonlinestore.co.uk/products/signature-10ml-e-liquid10x,flavour,blue slush,not listed on VOS,,2.49,https://www.ninja-vapes.co.uk/product/signature-mental-nic-salts-10ml,reviewed
ninja-vapes.co.uk,signature nic salts 10ml 60+ flavours,pack of 10 signature 10ml e-liquid,https://vapeonlinestore.co.uk/products/signature-10ml-e-liquid10x,flavour,butter scotch,not listed on VOS,,2.99,https://www.ninja-vapes.co.uk/product/signature-nic-salts-10ml,reviewed
ninja-vapes.co.uk,signature nic salts 10ml 60+ flavours,pack of 10 signature 10ml e-liquid,https://vapeonlinestore.co.uk/products/signature-10ml-e-liquid10x,flavour,cappuccino,not listed on VOS,,2.99,https://www.ninja-vapes.co.uk/product/signature-nic-salts-10ml,reviewed
ninja-vapes.co.uk,signature nic salts 10ml 60+ flavours,pack of 10 signature 10ml e-liquid,https://vapeonlinestore.co.uk/products/signature-10ml-e-liquid10x,flavour,classic tobacco,not listed on VOS,,2.99,https://www.ninja-vapes.co.uk/product/signature-nic-salts-10ml,reviewed
ninja-vapes.co.uk,signature nic salts 10ml 60+ flavours,pack of 10 signature 10ml e-liquid,https://vapeonlinestore.co.uk/products/signature-10ml-e-liquid10x,flavour,coconut ice,not listed on VOS,,2.99,https://www.ninja-vapes.co.uk/product/signature-nic-salts-10ml,reviewed
ninja-vapes.co.uk,signature nic salts 10ml 60+ flavours,pack of 10 signature 10ml e-liquid,https://vapeonlinestore.co.uk/products/signature-10ml-e-liquid10x,flavour,cola,not listed on VOS,,2.99,https://www.ninja-vapes.co.uk/product/signature-nic-salts-10ml,reviewed
ninja-vapes.co.uk,signature nic salts 10ml 60+ flavours,pack of 10 signature 10ml e-liquid,https://vapeonlinestore.co.uk/products/signature-10ml-e-liquid10x,flavour,cool mint gum,not listed on VOS,,2.99,https://www.ninja-vapes.co.uk/product/signature-nic-salts-10ml,reviewed
ninja-vapes.co.uk,signature nic salts 10ml 60+ flavours,pack of 10 signature 10ml e-liquid,https://vapeonlinestore.co.uk/products/signature-10ml-e-liquid10x,flavour,cotton candy,not listed on VOS,,2.99,https://www.ninja-vapes.co.uk/product/signature-nic-salts-10ml,reviewed
ninja-vapes.co.uk,signature nic salts 10ml 60+ flavours,pack of 10 signature 10ml e-liquid,https://vapeonlinestore.co.uk/products/signature-10ml-e-liquid10x,flavour,double mint,not listed on VOS,,2.99,https://www.ninja-vapes.co.uk/product/signature-nic-salts-10ml,reviewed
ninja-vapes.co.uk,signature nic salts 10ml 60+ flavours,pack of 10 signature 10ml e-liquid,https://vapeonlinestore.co.uk/products/signature-10ml-e-liquid10x,flavour,fresh squeeze,not listed on VOS,,2.99,https://www.ninja-vapes.co.uk/product/signature-nic-salts-10ml,reviewed
ninja-vapes.co.uk,signature nic salts 10ml 60+ flavours,pack of 10 signature 10ml e-liquid,https://vapeonlinestore.co.uk/products/signature-10ml-e-liquid10x,flavour,grape,not listed on VOS,,2.99,https://www.ninja-vapes.co.uk/product/signature-nic-salts-10ml,reviewed
ninja-vapes.co.uk,signature mental nic salts 10ml,pack of 10 signature 10ml e-liquid,https://vapeonlinestore.co.uk/products/signature-10ml-e-liquid10x,flavour,grape ice,not listed on VOS,,2.49,https://www.ninja-vapes.co.uk/product/signature-mental-nic-salts-10ml,reviewed
ninja-vapes.co.uk,signature nic salts 10ml 60+ flavours,pack of 10 signature 10ml e-liquid,https://vapeonlinestore.co.uk/products/signature-10ml-e-liquid10x,flavour,heisenberg,not listed on VOS,,2.99,https://www.ninja-vapes.co.uk/product/signature-nic-salts-10ml,reviewed
ninja-vapes.co.uk,signature nic salts 10ml 60+ flavours,pack of 10 signature 10ml e-liquid,https://vapeonlinestore.co.uk/products/signature-10ml-e-liquid10x,flavour,ice mint,not listed on VOS,,2.99,https://www.ninja-vapes.co.uk/product/signature-nic-salts-10ml,reviewed
ninja-vapes.co.uk,signature mental nic salts 10ml,pack of 10 signature 10ml e-liquid,https://vapeonlinestore.co.uk/products/signature-10ml-e-liquid10x,flavour,kiwi passion guava,not listed on VOS,,2.49,https://www.ninja-vapes.co.uk/product/signature-mental-nic-salts-10ml,reviewed
ninja-vapes.co.uk,signature nic salts 10ml 60+ flavours,pack of 10 signature 10ml e-liquid,https://vapeonlinestore.co.uk/products/signature-10ml-e-liquid10x,flavour,lemon,not listed on VOS,,2.99,https://www.ninja-vapes.co.uk/product/signature-nic-salts-10ml,reviewed
ninja-vapes.co.uk,signature nic salts 10ml 60+ flavours,pack of 10 signature 10ml e-liquid,https://vapeonlinestore.co.uk/products/signature-10ml-e-liquid10x,flavour,lemonade,not listed on VOS,,2.99,https://www.ninja-vapes.co.uk/product/signature-nic-salts-10ml,reviewed
ninja-vapes.co.uk,signature mental nic salts 10ml,pack of 10 signature 10ml e-liquid,https://vapeonlinestore.co.uk/products/signature-10ml-e-liquid10x,flavour,mango ice,not listed on VOS,,2.49,https://www.ninja-vapes.co.uk/product/signature-mental-nic-salts-10ml,reviewed
ninja-vapes.co.uk,signature mental nic salts 10ml,pack of 10 signature 10ml e-liquid,https://vapeonlinestore.co.uk/products/signature-10ml-e-liquid10x,flavour,mango peach watermelon,not listed on VOS,,2.49,https://www.ninja-vapes.co.uk/product/signature-mental-nic-salts-10ml,reviewed
ninja-vapes.co.uk,signature nic salts 10ml 60+ flavours,pack of 10 signature 10ml e-liquid,https://vapeonlinestore.co.uk/products/signature-10ml-e-liquid10x,flavour,parma violets,not listed on VOS,,2.99,https://www.ninja-vapes.co.uk/product/signature-nic-salts-10ml,reviewed
ninja-vapes.co.uk,signature nic salts 10ml 60+ flavours,pack of 10 signature 10ml e-liquid,https://vapeonlinestore.co.uk/products/signature-10ml-e-liquid10x,flavour,passion fruit,not listed on VOS,,2.99,https://www.ninja-vapes.co.uk/product/signature-nic-salts-10ml,reviewed
ninja-vapes.co.uk,signature nic salts 10ml 60+ flavours,pack of 10 signature 10ml e-liquid,https://vapeonlinestore.co.uk/products/signature-10ml-e-liquid10x,flavour,peach,not listed on VOS,,2.99,https://www.ninja-vapes.co.uk/product/signature-nic-salts-10ml,reviewed
ninja-vapes.co.uk,signature nic salts 10ml 60+ flavours,pack of 10 signature 10ml e-liquid,https://vapeonlinestore.co.uk/products/signature-10ml-e-liquid10x,flavour,pink lemonade,not listed on VOS,,2.99,https://www.ninja-vapes.co.uk/product/signature-nic-salts-10ml,reviewed
ninja-vapes.co.uk,signature mental nic salts 10ml,pack of 10 signature 10ml e-liquid,https://vapeonlinestore.co.uk/products/signature-10ml-e-liquid10x,flavour,pink lemonade,not listed on VOS,,2.49,https://www.ninja-vapes.co.uk/product/signature-mental-nic-salts-10ml,reviewed
ninja-vapes.co.uk,signature nic salts 10ml 60+ flavours,pack of 10 signature 10ml e-liquid,https://vapeonlinestore.co.uk/products/signature-10ml-e-liquid10x,flavour,raspberry,not listed on VOS,,2.99,https://www.ninja-vapes.co.uk/product/signature-nic-salts-10ml,reviewed
ninja-vapes.co.uk,signature nic salts 10ml 60+ flavours,pack of 10 signature 10ml e-liquid,https://vapeonlinestore.co.uk/products/signature-10ml-e-liquid10x,flavour,raspberry peach,not listed on VOS,,2.99,https://www.ninja-vapes.co.uk/product/signature-nic-salts-10ml,reviewed
ninja-vapes.co.uk,signature nic salts 10ml 60+ flavours,pack of 10 signature 10ml e-liquid,https://vapeonlinestore.co.uk/products/signature-10ml-e-liquid10x,flavour,strawberry banana,not listed on VOS,,2.99,https://www.ninja-vapes.co.uk/product/signature-nic-salts-10ml,reviewed
ninja-vapes.co.uk,signature mental nic salts 10ml,pack of 10 signature 10ml e-liquid,https://vapeonlinestore.co.uk/products/signature-10ml-e-liquid10x,flavour,vimmy ice,not listed on VOS,,2.49,https://www.ninja-vapes.co.uk/product/signature-mental-nic-salts-10ml,reviewed
ninja-vapes.co.uk,signature nic salts 10ml 60+ flavours,pack of 10 signature 10ml e-liquid,https://vapeonlinestore.co.uk/products/signature-10ml-e-liquid10x,flavour,watermelon ice,not listed on VOS,,2.99,https://www.ninja-vapes.co.uk/product/signature-nic-salts-10ml,reviewed
ninja-vapes.co.uk,signature mental nic salts 10ml,pack of 10 signature 10ml e-liquid,https://vapeonlinestore.co.uk/products/signature-10ml-e-liquid10x,flavour,watermelon ice,not listed on VOS,,2.49,https://www.ninja-vapes.co.uk/product/signature-mental-nic-salts-10ml,reviewed
ninja-vapes.co.uk,signature mental nic salts 10ml,pack of 10 signature 10ml e-liquid,https://vapeonlinestore.co.uk/products/signature-10ml-e-liquid10x,strength,10mg,not listed on VOS,,2.49,https://www.ninja-vapes.co.uk/product/signature-mental-nic-salts-10ml,reviewed
ninja-vapes.co.uk,signature nic salts 10ml 60+ flavours,pack of 10 signature 10ml e-liquid,https://vapeonlinestore.co.uk/products/signature-10ml-e-liquid10x,strength,12mg,not listed on VOS,,2.99,https://www.ninja-vapes.co.uk/product/signature-nic-salts-10ml,reviewed
ninja-vapes.co.uk,signature mental nic salts 10ml,pack of 10 signature 10ml e-liquid,https://vapeonlinestore.co.uk/products/signature-10ml-e-liquid10x,strength,20mg,not listed on VOS,,2.49,https://www.ninja-vapes.co.uk/product/signature-mental-nic-salts-10ml,reviewed
ninja-vapes.co.uk,signature nic salts 10ml 60+ flavours,pack of 10 signature 10ml e-liquid,https://vapeonlinestore.co.uk/products/signature-10ml-e-liquid10x,strength,3mg,not listed on VOS,,2.99,https://www.ninja-vapes.co.uk/product/signature-nic-salts-10ml,reviewed
ninja-vapes.co.uk,Zillion Salts 10Ml Nic Salt,pack of 10 zillion salts 10ml e-liquid,https://vapeonlinestore.co.uk/products/pack-of-10-zillion-salts-10ml,flavour,i bruu,not listed on VOS,,2.99,https://www.ninja-vapes.co.uk/product/zillion-salts-10ml-nic-salts,high
ninja-vapes.co.uk,Zillion Salts 10Ml Nic Salt,pack of 10 zillion salts 10ml e-liquid,https://vapeonlinestore.co.uk/products/pack-of-10-zillion-salts-10ml,flavour,scottish soda,not listed on VOS,,2.99,https://www.ninja-vapes.co.uk/product/zillion-salts-10ml-nic-salts,high
ninja-vapes.co.uk,Zillion Salts 10Ml Nic Salt,pack of 10 zillion salts 10ml e-liquid,https://vapeonlinestore.co.uk/products/pack-of-10-zillion-salts-10ml,flavour,vmt,not listed on VOS,,2.99,https://www.ninja-vapes.co.uk/product/zillion-salts-10ml-nic-salts,high
ninja-vapes.co.uk,scripture 10ml nic salt 10+ flavours,pack of 3 scripture nic salt 10ml e liquid,https://vapeonlinestore.co.uk/products/pack-of-3-scripture-nic-salt-10ml-e-liquid,flavour,blue crystal,not listed on VOS,,2.99,https://www.ninja-vapes.co.uk/product/scripture-10ml-nicsalts,reviewed
ninja-vapes.co.uk,scripture 10ml nic salt 10+ flavours,pack of 3 scripture nic salt 10ml e liquid,https://vapeonlinestore.co.uk/products/pack-of-3-scripture-nic-salt-10ml-e-liquid,flavour,tobacco 1960,not listed on VOS,,2.99,https://www.ninja-vapes.co.uk/product/scripture-10ml-nicsalts,reviewed
ninja-vapes.co.uk,pava horiz ultra pod kit bluetooth smart display ai chip games,pava allo horiz ultra vape kit,https://vapeonlinestore.co.uk/products/pava-allo-horiz-ultra,colour,elegant silver,not listed on VOS,,38.99,https://www.ninja-vapes.co.uk/product/pava-horiz-ultra-pod-kit,reviewed
ninja-vapes.co.uk,pava horiz ultra pod kit bluetooth smart display ai chip games,pava allo horiz ultra vape kit,https://vapeonlinestore.co.uk/products/pava-allo-horiz-ultra,colour,space gray,not listed on VOS,,38.99,https://www.ninja-vapes.co.uk/product/pava-horiz-ultra-pod-kit,reviewed
ninja-vapes.co.uk,peeky blender 500ml e-liquid juice,peeky blender 500ml e-liquid,https://vapeonlinestore.co.uk/products/peeky-blender-500ml-e-liquid,flavour,pastels,not listed on VOS,,19.99,https://www.ninja-vapes.co.uk/product/peeky-blenders-500ml-e-liquid,reviewed
ninja-vapes.co.uk,Pixl Nic Salt 10Ml E-Liquid,pixl 10ml nic salts,https://vapeonlinestore.co.uk/products/pixl-10ml-nic-salts,flavour,blueberry sour raspberry,not listed on VOS,,19.99,https://www.ninja-vapes.co.uk/product/box-of-10-pixl-nic-salts-10ml,high
ninja-vapes.co.uk,Pixl 8000 Puffs Prefilled Pods Kit,pixl 8000 prefilled pod vape kit,https://vapeonlinestore.co.uk/products/pixl-8000,flavour,cherry lemonade,not listed on VOS,,45.99,https://www.ninja-vapes.co.uk/product/box-of-5-pixl-8000-puffs-prefilled-pod-kit,high
ninja-vapes.co.uk,Pixl 8000 Puffs Prefilled Pods Kit,pixl 8000 prefilled pod vape kit,https://vapeonlinestore.co.uk/products/pixl-8000,flavour,cherry sour raspberry,not listed on VOS,,45.99,https://www.ninja-vapes.co.uk/product/box-of-5-pixl-8000-puffs-prefilled-pod-kit,high
ninja-vapes.co.uk,Pixl 8000 Puffs Prefilled Pods Kit,pixl 8000 prefilled pod vape kit,https://vapeonlinestore.co.uk/products/pixl-8000,flavour,cola lime,not listed on VOS,,45.99,https://www.ninja-vapes.co.uk/product/box-of-5-pixl-8000-puffs-prefilled-pod-kit,high
ninja-vapes.co.uk,Pixl 8000 Puffs Prefilled Pods Kit,pixl 8000 prefilled pod vape kit,https://vapeonlinestore.co.uk/products/pixl-8000,flavour,double apple,not listed on VOS,,45.99,https://www.ninja-vapes.co.uk/product/box-of-5-pixl-8000-puffs-prefilled-pod-kit,high
ninja-vapes.co.uk,Pixl 8000 Puffs Prefilled Pods Kit,pixl 8000 prefilled pod vape kit,https://vapeonlinestore.co.uk/products/pixl-8000,flavour,fresh mint,not listed on VOS,,45.99,https://www.ninja-vapes.co.uk/product/box-of-5-pixl-8000-puffs-prefilled-pod-kit,high
ninja-vapes.co.uk,Pixl 8000 Puffs Prefilled Pods Kit,pixl 8000 prefilled pod vape kit,https://vapeonlinestore.co.uk/products/pixl-8000,flavour,hawaiian oasis,not listed on VOS,,45.99,https://www.ninja-vapes.co.uk/product/box-of-5-pixl-8000-puffs-prefilled-pod-kit,high
ninja-vapes.co.uk,Pixl 8000 Puffs Prefilled Pods Kit,pixl 8000 prefilled pod vape kit,https://vapeonlinestore.co.uk/products/pixl-8000,flavour,juicy peach,not listed on VOS,,45.99,https://www.ninja-vapes.co.uk/product/box-of-5-pixl-8000-puffs-prefilled-pod-kit,high
ninja-vapes.co.uk,Pixl 8000 Puffs Prefilled Pods Kit,pixl 8000 prefilled pod vape kit,https://vapeonlinestore.co.uk/products/pixl-8000,flavour,paradise punch,not listed on VOS,,45.99,https://www.ninja-vapes.co.uk/product/box-of-5-pixl-8000-puffs-prefilled-pod-kit,high
ninja-vapes.co.uk,Pixl 8000 Puffs Prefilled Pods Kit,pixl 8000 prefilled pod vape kit,https://vapeonlinestore.co.uk/products/pixl-8000,flavour,pink lemonade,not listed on VOS,,45.99,https://www.ninja-vapes.co.uk/product/box-of-5-pixl-8000-puffs-prefilled-pod-kit,high
ninja-vapes.co.uk,Pixl 8000 Puffs Prefilled Pods Kit,pixl 8000 prefilled pod vape kit,https://vapeonlinestore.co.uk/products/pixl-8000,flavour,raspberry watermelon,not listed on VOS,,45.99,https://www.ninja-vapes.co.uk/product/box-of-5-pixl-8000-puffs-prefilled-pod-kit,high
ninja-vapes.co.uk,Pixl 8000 Puffs Prefilled Pods Kit,pixl 8000 prefilled pod vape kit,https://vapeonlinestore.co.uk/products/pixl-8000,flavour,sakura raspberry,not listed on VOS,,45.99,https://www.ninja-vapes.co.uk/product/box-of-5-pixl-8000-puffs-prefilled-pod-kit,high
ninja-vapes.co.uk,Pixl 8000 Puffs Prefilled Pods Kit,pixl 8000 prefilled pod vape kit,https://vapeonlinestore.co.uk/products/pixl-8000,flavour,sour cherry apple,not listed on VOS,,45.99,https://www.ninja-vapes.co.uk/product/box-of-5-pixl-8000-puffs-prefilled-pod-kit,high
ninja-vapes.co.uk,Pixl 8000 Puffs Prefilled Pods Kit,pixl 8000 prefilled pod vape kit,https://vapeonlinestore.co.uk/products/pixl-8000,flavour,sour pineapple mango,not listed on VOS,,45.99,https://www.ninja-vapes.co.uk/product/box-of-5-pixl-8000-puffs-prefilled-pod-kit,high
ninja-vapes.co.uk,Pixl 8000 Puffs Prefilled Pods Kit,pixl 8000 prefilled pod vape kit,https://vapeonlinestore.co.uk/products/pixl-8000,flavour,spearmint,not listed on VOS,,45.99,https://www.ninja-vapes.co.uk/product/box-of-5-pixl-8000-puffs-prefilled-pod-kit,high
ninja-vapes.co.uk,Pixl 8000 Puffs Prefilled Pods Kit,pixl 8000 prefilled pod vape kit,https://vapeonlinestore.co.uk/products/pixl-8000,flavour,strawberry burst,not listed on VOS,,45.99,https://www.ninja-vapes.co.uk/product/box-of-5-pixl-8000-puffs-prefilled-pod-kit,high
ninja-vapes.co.uk,Pixl 8000 Puffs Prefilled Pods Kit,pixl 8000 prefilled pod vape kit,https://vapeonlinestore.co.uk/products/pixl-8000,flavour,strawberry kiwi bubba,not listed on VOS,,45.99,https://www.ninja-vapes.co.uk/product/box-of-5-pixl-8000-puffs-prefilled-pod-kit,high
ninja-vapes.co.uk,Pixl 8000 Puffs Prefilled Pods Kit,pixl 8000 prefilled pod vape kit,https://vapeonlinestore.co.uk/products/pixl-8000,flavour,strawberry watermelon,not listed on VOS,,45.99,https://www.ninja-vapes.co.uk/product/box-of-5-pixl-8000-puffs-prefilled-pod-kit,high
ninja-vapes.co.uk,Pixl 8000 Puffs Prefilled Pods Kit,pixl 8000 prefilled pod vape kit,https://vapeonlinestore.co.uk/products/pixl-8000,flavour,watermelon ice,not listed on VOS,,45.99,https://www.ninja-vapes.co.uk/product/box-of-5-pixl-8000-puffs-prefilled-pod-kit,high
ninja-vapes.co.uk,pixl 8000 refill pods,pixl 8000 prefilled pods pack of 1,https://vapeonlinestore.co.uk/products/pixl-8000-prefilled-pods,flavour,paradise punch,not listed on VOS,,6.99,https://www.ninja-vapes.co.uk/product/pixl-8000-puffs-prefilled-refill-pods,high
ninja-vapes.co.uk,pixl 8000 refill pods,pixl 8000 prefilled pods pack of 1,https://vapeonlinestore.co.uk/products/pixl-8000-prefilled-pods,flavour,raspberry watermelon,not listed on VOS,,6.99,https://www.ninja-vapes.co.uk/product/pixl-8000-puffs-prefilled-refill-pods,high
ninja-vapes.co.uk,pixl 8000 refill pods,pixl 8000 prefilled pods pack of 1,https://vapeonlinestore.co.uk/products/pixl-8000-prefilled-pods,flavour,sour pineapple mango,not listed on VOS,,6.99,https://www.ninja-vapes.co.uk/product/pixl-8000-puffs-prefilled-refill-pods,high
ninja-vapes.co.uk,pixl 8000 refill pods,pixl 8000 prefilled pods pack of 1,https://vapeonlinestore.co.uk/products/pixl-8000-prefilled-pods,flavour,strawberry kiwi bubba,not listed on VOS,,6.99,https://www.ninja-vapes.co.uk/product/pixl-8000-puffs-prefilled-refill-pods,high
ninja-vapes.co.uk,Pixl Duo 12 6000 Puffs Vape Kit,pixl duo 12 6000 puffs pod kit,https://vapeonlinestore.co.uk/products/pixl-duo-12-disposable-vape-kit-20mg,flavour,tropical,not listed on VOS,,44.99,https://www.ninja-vapes.co.uk/product/box-of-10-pixl-duo-12-6k-vape-kit,high
ninja-vapes.co.uk,Pixl Duo 12 6000 Refill Pod,pixl duo 12 replacement pods,https://vapeonlinestore.co.uk/products/pixl-duo-12-replacement-pods,flavour,red,not listed on VOS,,29.99,https://www.ninja-vapes.co.uk/product/box-of-10-pixl-duo-12-6000-refill-pods,medium
ninja-vapes.co.uk,Nic Salt By Pod Salt Nexus,pod salt nexus 10ml nic salts,https://vapeonlinestore.co.uk/products/pod-salt-nexus-10ml-nic-salt,flavour,sweet strawberry lemonade,not listed on VOS,,3.95,https://www.ninja-vapes.co.uk/product/sweet-strawberry-lemonade-nic-salt-e-liquid-pod-salt-nexus,reviewed
ninja-vapes.co.uk,Nic Salt By Pod Salt Nexus,pod salt nexus 10ml nic salts,https://vapeonlinestore.co.uk/products/pod-salt-nexus-10ml-nic-salt,flavour,triple raspberry ice,not listed on VOS,,3.95,https://www.ninja-vapes.co.uk/product/triple-raspberry-ice-nic-salt-pod-salt-nexus,reviewed
ninja-vapes.co.uk,Nic Salt By Pod Salt Nexus,pod salt nexus 10ml nic salts,https://vapeonlinestore.co.uk/products/pod-salt-nexus-10ml-nic-salt,flavour,white grape cucumber apple,not listed on VOS,,3.95,https://www.ninja-vapes.co.uk/product/white-grape-cucumber-apple-nic-salt-pod-salt-nexus,reviewed
ninja-vapes.co.uk,Pukka Juice 5000 Plus Nic Salt,pukka juice 5000+ 10ml nic salts,https://vapeonlinestore.co.uk/products/pukka-juice-5000,flavour,blackcurrant menthol,not listed on VOS,,19.99,https://www.ninja-vapes.co.uk/product/box-of-10-pukka-juice-5000-nic-salts,high
ninja-vapes.co.uk,Pukka Juice 5000 Plus Nic Salt,pukka juice 5000+ 10ml nic salts,https://vapeonlinestore.co.uk/products/pukka-juice-5000,flavour,cherry burst,not listed on VOS,,19.99,https://www.ninja-vapes.co.uk/product/box-of-10-pukka-juice-5000-nic-salts,high
ninja-vapes.co.uk,Nic Salt E-Liquid By Pukka Juice 5000,pukka juice 5000+ 10ml nic salts,https://vapeonlinestore.co.uk/products/pukka-juice-5000,flavour,cherry burst,not listed on VOS,,2.95,https://www.ninja-vapes.co.uk/product/cherry-burst-nic-salt-pukka-juice-5000,medium
ninja-vapes.co.uk,Pukka Juice 5000 Plus Nic Salt,pukka juice 5000+ 10ml nic salts,https://vapeonlinestore.co.uk/products/pukka-juice-5000,flavour,fizzy pop,not listed on VOS,,19.99,https://www.ninja-vapes.co.uk/product/box-of-10-pukka-juice-5000-nic-salts,high
ninja-vapes.co.uk,Nic Salt E-Liquid By Pukka Juice 5000,pukka juice 5000+ 10ml nic salts,https://vapeonlinestore.co.uk/products/pukka-juice-5000,flavour,fizzy pop,not listed on VOS,,2.95,https://www.ninja-vapes.co.uk/product/fizzy-pop-nic-salt-pukka-juice-5000,medium
ninja-vapes.co.uk,Pukka Juice 5000 Plus Nic Salt,pukka juice 5000+ 10ml nic salts,https://vapeonlinestore.co.uk/products/pukka-juice-5000,flavour,frosty forest berry,not listed on VOS,,19.99,https://www.ninja-vapes.co.uk/product/box-of-10-pukka-juice-5000-nic-salts,high
ninja-vapes.co.uk,Nic Salt E-Liquid By Pukka Juice 5000,pukka juice 5000+ 10ml nic salts,https://vapeonlinestore.co.uk/products/pukka-juice-5000,flavour,frosty forest berry,not listed on VOS,,2.95,https://www.ninja-vapes.co.uk/product/frosty-forest-berries-nic-salt-pukka-juice-5000,medium
ninja-vapes.co.uk,Pukka Juice 5000 Plus Nic Salt,pukka juice 5000+ 10ml nic salts,https://vapeonlinestore.co.uk/products/pukka-juice-5000,flavour,raspberry pomegranate,not listed on VOS,,19.99,https://www.ninja-vapes.co.uk/product/box-of-10-pukka-juice-5000-nic-salts,high
ninja-vapes.co.uk,Pukka Juice 5000 Plus Nic Salt,pukka juice 5000+ 10ml nic salts,https://vapeonlinestore.co.uk/products/pukka-juice-5000,flavour,tropical,not listed on VOS,,19.99,https://www.ninja-vapes.co.uk/product/box-of-10-pukka-juice-5000-nic-salts,high
ninja-vapes.co.uk,Nic Salt E-Liquid By Pukka Juice 5000,pukka juice 5000+ 10ml nic salts,https://vapeonlinestore.co.uk/products/pukka-juice-5000,flavour,tropical,not listed on VOS,,2.95,https://www.ninja-vapes.co.uk/product/tropical-nic-salt-pukka-juice-5000,medium
ninja-vapes.co.uk,Pukka Juice E-Liquid 50Ml,pukka juice e-liquid 100ml shortfill,https://vapeonlinestore.co.uk/products/pukka-juice-e-liquid-100ml-shortfill,flavour,berry blaze,not listed on VOS,,7.95,https://www.ninja-vapes.co.uk/product/pukka-juice-e-liquidberry-blaze50ml,reviewed
ninja-vapes.co.uk,Pukka Juice E-Liquid 50Ml,pukka juice e-liquid 100ml shortfill,https://vapeonlinestore.co.uk/products/pukka-juice-e-liquid-100ml-shortfill,flavour,blackcurrant,not listed on VOS,,7.95,https://www.ninja-vapes.co.uk/product/pukka-juice-e-liquid-blackcurrant-50ml,reviewed
ninja-vapes.co.uk,Pukka Juice E-Liquid 50Ml,pukka juice e-liquid 100ml shortfill,https://vapeonlinestore.co.uk/products/pukka-juice-e-liquid-100ml-shortfill,flavour,dew,not listed on VOS,,7.95,https://www.ninja-vapes.co.uk/product/pukka-juice-e-liquid-dew-50ml,reviewed
ninja-vapes.co.uk,Pukka Juice E-Liquid 50Ml,pukka juice e-liquid 100ml shortfill,https://vapeonlinestore.co.uk/products/pukka-juice-e-liquid-100ml-shortfill,flavour,mango,not listed on VOS,,7.95,https://www.ninja-vapes.co.uk/product/pukka-juice-e-liquid-mango-50ml,reviewed
ninja-vapes.co.uk,Pukka Juice E-Liquid 50Ml,pukka juice e-liquid 100ml shortfill,https://vapeonlinestore.co.uk/products/pukka-juice-e-liquid-100ml-shortfill,flavour,pink donut,not listed on VOS,,7.95,https://www.ninja-vapes.co.uk/product/pukka-juice-e-liquid-pink-donut-50ml,reviewed
ninja-vapes.co.uk,quadro prefilled refill pods (2pack),quadro 600 puffs prefilled pods 20mg pack of 2,https://vapeonlinestore.co.uk/products/quadro-2400-pods,flavour,hub bub,not listed on VOS,,3.99,https://www.ninja-vapes.co.uk/product/refill-pods-for-quadro-600,reviewed
ninja-vapes.co.uk,quadro prefilled refill pods (2pack),quadro 600 puffs prefilled pods 20mg pack of 2,https://vapeonlinestore.co.uk/products/quadro-2400-pods,flavour,rainbow,not listed on VOS,,3.99,https://www.ninja-vapes.co.uk/product/refill-pods-for-quadro-600,reviewed
ninja-vapes.co.uk,Randm Fumot T7000 Puffs Prefilled Pods Vape Kit,randm fumot t7000 puffs prefilled pod kit,https://vapeonlinestore.co.uk/products/randm-fumot-t7000,flavour,blueberry cherry cranberry,not listed on VOS,,69.99,https://www.ninja-vapes.co.uk/product/box-of-10-randm-fumot-t7000-prefilled-pod-kit,high
ninja-vapes.co.uk,Randm Fumot T7000 Puffs Prefilled Pods Vape Kit,randm fumot t7000 puffs prefilled pod kit,https://vapeonlinestore.co.uk/products/randm-fumot-t7000,flavour,kiwi passion fruit guava,not listed on VOS,,69.99,https://www.ninja-vapes.co.uk/product/box-of-10-randm-fumot-t7000-prefilled-pod-kit,high
ninja-vapes.co.uk,Randm Fumot T7000 Puffs Prefilled Pods Vape Kit,randm fumot t7000 puffs prefilled pod kit,https://vapeonlinestore.co.uk/products/randm-fumot-t7000,flavour,lemon lime,not listed on VOS,,69.99,https://www.ninja-vapes.co.uk/product/box-of-10-randm-fumot-t7000-prefilled-pod-kit,high
ninja-vapes.co.uk,Randm Fumot T7000 Puffs Prefilled Pods Vape Kit,randm fumot t7000 puffs prefilled pod kit,https://vapeonlinestore.co.uk/products/randm-fumot-t7000,flavour,peach berry,not listed on VOS,,69.99,https://www.ninja-vapes.co.uk/product/box-of-10-randm-fumot-t7000-prefilled-pod-kit,high
ninja-vapes.co.uk,Randm Fumot T7000 Puffs Prefilled Pods Vape Kit,randm fumot t7000 puffs prefilled pod kit,https://vapeonlinestore.co.uk/products/randm-fumot-t7000,flavour,peachy mango pineapple,not listed on VOS,,69.99,https://www.ninja-vapes.co.uk/product/box-of-10-randm-fumot-t7000-prefilled-pod-kit,high
ninja-vapes.co.uk,Randm Fumot T7000 Puffs Prefilled Pods Vape Kit,randm fumot t7000 puffs prefilled pod kit,https://vapeonlinestore.co.uk/products/randm-fumot-t7000,flavour,rainbow,not listed on VOS,,69.99,https://www.ninja-vapes.co.uk/product/box-of-10-randm-fumot-t7000-prefilled-pod-kit,high
ninja-vapes.co.uk,Randm Fumot T7000 Puffs Prefilled Pods Vape Kit,randm fumot t7000 puffs prefilled pod kit,https://vapeonlinestore.co.uk/products/randm-fumot-t7000,flavour,raspberry watermelon,not listed on VOS,,69.99,https://www.ninja-vapes.co.uk/product/box-of-10-randm-fumot-t7000-prefilled-pod-kit,high
ninja-vapes.co.uk,Randm Fumot T7000 Puffs Prefilled Pods Vape Kit,randm fumot t7000 puffs prefilled pod kit,https://vapeonlinestore.co.uk/products/randm-fumot-t7000,flavour,strawberry banana,not listed on VOS,,69.99,https://www.ninja-vapes.co.uk/product/box-of-10-randm-fumot-t7000-prefilled-pod-kit,high
ninja-vapes.co.uk,Randm Fumot T7000 Puffs Prefilled Pods Vape Kit,randm fumot t7000 puffs prefilled pod kit,https://vapeonlinestore.co.uk/products/randm-fumot-t7000,flavour,strawberry watermelon bubblegum,not listed on VOS,,69.99,https://www.ninja-vapes.co.uk/product/box-of-10-randm-fumot-t7000-prefilled-pod-kit,high
ninja-vapes.co.uk,Randm Fumot T7000 Puffs Prefilled Pods Vape Kit,randm fumot t7000 puffs prefilled pod kit,https://vapeonlinestore.co.uk/products/randm-fumot-t7000,flavour,vim2,not listed on VOS,,69.99,https://www.ninja-vapes.co.uk/product/box-of-10-randm-fumot-t7000-prefilled-pod-kit,high
ninja-vapes.co.uk,randm fumot t7000 refill pods,randm fumot t7000 refill pods,https://vapeonlinestore.co.uk/products/randm-fumot-t7000-refill-pods,flavour,rainbow,not listed on VOS,,5.99,https://www.ninja-vapes.co.uk/product/randm-fumot-t7000-refill-pods,high
ninja-vapes.co.uk,randm fumot t7000 refill pods,randm fumot t7000 refill pods,https://vapeonlinestore.co.uk/products/randm-fumot-t7000-refill-pods,flavour,vim2,not listed on VOS,,5.99,https://www.ninja-vapes.co.uk/product/randm-fumot-t7000-refill-pods,high
ninja-vapes.co.uk,relx maxgo 12k prefilled pod kit,relx maxgo 12k puff vape,https://vapeonlinestore.co.uk/products/relx-maxgo-12000,flavour,fizzy pineapple,not listed on VOS,,5.99,https://www.ninja-vapes.co.uk/product/relx-maxgo-12k-12000-puffs-prefilled-pod-vape-kit,high
ninja-vapes.co.uk,relx maxgo 12k prefilled pod kit,relx maxgo 12k puff vape,https://vapeonlinestore.co.uk/products/relx-maxgo-12000,flavour,fresh strawberry,not listed on VOS,,5.99,https://www.ninja-vapes.co.uk/product/relx-maxgo-12k-12000-puffs-prefilled-pod-vape-kit,high
ninja-vapes.co.uk,relx maxgo 12k prefilled pod kit,relx maxgo 12k puff vape,https://vapeonlinestore.co.uk/products/relx-maxgo-12000,flavour,pineapple ice,not listed on VOS,,5.99,https://www.ninja-vapes.co.uk/product/relx-maxgo-12k-12000-puffs-prefilled-pod-vape-kit,high
ninja-vapes.co.uk,relx maxgo 12k prefilled pod kit,relx maxgo 12k puff vape,https://vapeonlinestore.co.uk/products/relx-maxgo-12000,flavour,watermelon,not listed on VOS,,5.99,https://www.ninja-vapes.co.uk/product/relx-maxgo-12k-12000-puffs-prefilled-pod-vape-kit,high
ninja-vapes.co.uk,relx maxgo 12k prefilled pod kit,relx maxgo 12k puff vape,https://vapeonlinestore.co.uk/products/relx-maxgo-12000,flavour,watermelon breeze,not listed on VOS,,5.99,https://www.ninja-vapes.co.uk/product/relx-maxgo-12k-12000-puffs-prefilled-pod-vape-kit,high
ninja-vapes.co.uk,relx maxgo refill pods,relx maxgo replacement pods,https://vapeonlinestore.co.uk/products/relx-maxgo-pods,flavour,huhubaba,listed on VOS but out of stock,huhubaba,5.99,https://www.ninja-vapes.co.uk/product/relx-maxgo-refill-pods,high
ninja-vapes.co.uk,relx maxgo refill pods,relx maxgo replacement pods,https://vapeonlinestore.co.uk/products/relx-maxgo-pods,flavour,pineapple ice,listed on VOS but out of stock,pineapple ice,5.99,https://www.ninja-vapes.co.uk/product/relx-maxgo-refill-pods,high
ninja-vapes.co.uk,relx maxgo refill pods,relx maxgo replacement pods,https://vapeonlinestore.co.uk/products/relx-maxgo-pods,flavour,strawberry raspberry cherry,listed on VOS but out of stock,strawberry raspberry cherry,5.99,https://www.ninja-vapes.co.uk/product/relx-maxgo-refill-pods,high
ninja-vapes.co.uk,relx maxgo refill pods,relx maxgo replacement pods,https://vapeonlinestore.co.uk/products/relx-maxgo-pods,flavour,sunrise lemon lime,listed on VOS but out of stock,sunrise lemon lime,5.99,https://www.ninja-vapes.co.uk/product/relx-maxgo-refill-pods,high
ninja-vapes.co.uk,relx 12k ultra pod kit,relx ultra prefilled pod kit,https://vapeonlinestore.co.uk/products/relx-ultra-prefilled-pod-kit,flavour,huhubaba,not listed on VOS,,7.99,https://www.ninja-vapes.co.uk/product/relx-12k-ultra,low
ninja-vapes.co.uk,relx 12k ultra refill pods,relx ultra refill pods,https://vapeonlinestore.co.uk/products/relx-ultra-pods,flavour,huhubaba,not listed on VOS,,5.99,https://www.ninja-vapes.co.uk/product/refill-pods-for-relx-12k-ultra,low
ninja-vapes.co.uk,Geekvape Aegis Mini Cerberus 5Ml Replacement Bulb,replacement glass for cerberus tank by geekvape,https://vapeonlinestore.co.uk/products/replacement-glass-for-cerberus-tank-by-geekvape,colour,glass,not listed on VOS,,2.99,https://www.ninja-vapes.co.uk/product/geek-vape-aegis-mini-cerberus-5ml-replacement-bulb-glass,reviewed
ninja-vapes.co.uk,Riot Connex 1200 Puffs Pod Kit,riot connex 1200 puffs pod kit,https://vapeonlinestore.co.uk/products/riot-connex-1200-puffs-pod-kit,flavour,mix 3,not listed on VOS,,12.99,https://www.ninja-vapes.co.uk/product/riot-connex-1200-kit,low
ninja-vapes.co.uk,riot connex prefilled pods (capsules),riot connex prefilled vape pods,https://vapeonlinestore.co.uk/products/riot-connex-1200-puffs-prefilled-vape-pods,flavour,mix 3,not listed on VOS,,6.00,https://www.ninja-vapes.co.uk/product/riot-connex-capsule-pods,reviewed
ninja-vapes.co.uk,riot connex prefilled pods (capsules),riot connex prefilled vape pods,https://vapeonlinestore.co.uk/products/riot-connex-1200-puffs-prefilled-vape-pods,flavour,mix 5,not listed on VOS,,6.00,https://www.ninja-vapes.co.uk/product/riot-connex-capsule-pods,reviewed
ninja-vapes.co.uk,riot punx 10ml nic salts,riot punx 10ml e-liquid,https://vapeonlinestore.co.uk/products/riot-punx-10ml,flavour,apple cucumber mint aniseed,not listed on VOS,,2.99,https://www.ninja-vapes.co.uk/product/riot-punx-10ml-nic-salt,reviewed
ninja-vapes.co.uk,riot punx 10ml nic salts,riot punx 10ml e-liquid,https://vapeonlinestore.co.uk/products/riot-punx-10ml,flavour,blackcurrant watermelon,not listed on VOS,,2.99,https://www.ninja-vapes.co.uk/product/riot-punx-10ml-nic-salt,reviewed
ninja-vapes.co.uk,By Riot Squad Nic Salt Strawberry Raspberry And Blueberry 10Ml,riot squad punx 10ml nic salt e-liquid,https://vapeonlinestore.co.uk/products/riot-squad-punx-10ml-nic-salts,flavour,punx,not listed on VOS,,2.99,https://www.ninja-vapes.co.uk/product/punx-by-riot-squad-nic-salt-strawberry-raspberry-and-blueberry-10ml,reviewed
ninja-vapes.co.uk,By Riot Squad Nic Salt Raspberry Grenade 10Ml,riot squad punx 10ml nic salt e-liquid,https://vapeonlinestore.co.uk/products/riot-squad-punx-10ml-nic-salts,flavour,punx,not listed on VOS,,2.99,https://www.ninja-vapes.co.uk/product/punx-by-riot-squad-nic-salt-raspberry-grenade-10ml,reviewed
ninja-vapes.co.uk,By Riot Squad Nic Salt Mango Peach And Pineapple 10Ml,riot squad punx 10ml nic salt e-liquid,https://vapeonlinestore.co.uk/products/riot-squad-punx-10ml-nic-salts,flavour,punx,not listed on VOS,,2.99,https://www.ninja-vapes.co.uk/product/punx-by-riot-squad-nic-saltmango-peach-and-pineapple-10ml,reviewed
ninja-vapes.co.uk,By Riot Squad Nic Salt Guava Passion Fruit And Pineapple 10Ml,riot squad punx 10ml nic salt e-liquid,https://vapeonlinestore.co.uk/products/riot-squad-punx-10ml-nic-salts,flavour,punx,not listed on VOS,,2.99,https://www.ninja-vapes.co.uk/product/punx-by-riot-squad-nic-saltguava-passionfruit-and-pineapple-10ml,reviewed
ninja-vapes.co.uk,By Riot Squad Nic Salt Apple Cucumber Mint And Aniseed 10Ml,riot squad punx 10ml nic salt e-liquid,https://vapeonlinestore.co.uk/products/riot-squad-punx-10ml-nic-salts,flavour,punx,not listed on VOS,,2.99,https://www.ninja-vapes.co.uk/product/punx-by-riot-squad-nic-salt-apple-cucumber-mint-and-aniseed-10ml,reviewed
ninja-vapes.co.uk,100Ml Shortfill E-Liquid By Sadboy,sad boy shortfill 100ml,https://vapeonlinestore.co.uk/products/sad-boy-shortfill-100ml-e-liquid,flavour,lemon jam,not listed on VOS,,12.99,https://www.ninja-vapes.co.uk/product/lemon-jam-shortfill-sadboy,reviewed
ninja-vapes.co.uk,100Ml Shortfill E-Liquid By Sadboy,sad boy shortfill 100ml,https://vapeonlinestore.co.uk/products/sad-boy-shortfill-100ml-e-liquid,flavour,punch berry ice,not listed on VOS,,12.99,https://www.ninja-vapes.co.uk/product/punch-berry-ice-shortfill-sadboy,reviewed
ninja-vapes.co.uk,100Ml Shortfill E-Liquid By Sadboy,sad boy shortfill 100ml,https://vapeonlinestore.co.uk/products/sad-boy-shortfill-100ml-e-liquid,flavour,strawberry blood ice,not listed on VOS,,12.99,https://www.ninja-vapes.co.uk/product/strawberry-blood-ice-shortfill-sadboy,reviewed
ninja-vapes.co.uk,Doozy Salts 10Ml,seriously bar salts 10ml juice,https://vapeonlinestore.co.uk/products/seriously-bar-salts-10ml-juice,flavour,apple mango,not listed on VOS,,3.45,https://www.ninja-vapes.co.uk/product/doozy-salts-apple-mango-10ml,low
ninja-vapes.co.uk,Doozy Salts 10Ml,seriously bar salts 10ml juice,https://vapeonlinestore.co.uk/products/seriously-bar-salts-10ml-juice,flavour,caramel tobacco ice,not listed on VOS,,3.45,https://www.ninja-vapes.co.uk/product/doozy-salts-caramel-tobacco-ice-10ml,low
ninja-vapes.co.uk,Doozy Salts 10Ml,seriously bar salts 10ml juice,https://vapeonlinestore.co.uk/products/seriously-bar-salts-10ml-juice,flavour,fizzy lemon,not listed on VOS,,3.45,https://www.ninja-vapes.co.uk/product/doozy-salts-nic-salt-fizzy-lemon-10ml,low
ninja-vapes.co.uk,Doozy Salts 10Ml,seriously bar salts 10ml juice,https://vapeonlinestore.co.uk/products/seriously-bar-salts-10ml-juice,flavour,frozen berry,not listed on VOS,,3.45,https://www.ninja-vapes.co.uk/product/doozy-salts-nic-salt-frozen-berries-10ml,low
ninja-vapes.co.uk,Doozy Salts 10Ml,seriously bar salts 10ml juice,https://vapeonlinestore.co.uk/products/seriously-bar-salts-10ml-juice,flavour,fruit crush,not listed on VOS,,3.45,https://www.ninja-vapes.co.uk/product/doozy-salts-vimto-crush-10ml,low
ninja-vapes.co.uk,seriously bar salts nic salts 10ml,seriously bar salts 10ml juice,https://vapeonlinestore.co.uk/products/seriously-bar-salts-10ml-juice,flavour,kiwi passion guava,not listed on VOS,,2.99,https://www.ninja-vapes.co.uk/product/doozy-seriously-bar-salts-nic-salts-10ml,high
ninja-vapes.co.uk,Doozy Salts 10Ml,seriously bar salts 10ml juice,https://vapeonlinestore.co.uk/products/seriously-bar-salts-10ml-juice,flavour,lemon berry pie,not listed on VOS,,3.45,https://www.ninja-vapes.co.uk/product/doozy-salts-lemon-berry-pie-10ml,low
ninja-vapes.co.uk,Doozy Salts 10Ml,seriously bar salts 10ml juice,https://vapeonlinestore.co.uk/products/seriously-bar-salts-10ml-juice,flavour,tropical slush,not listed on VOS,,2.99,https://www.ninja-vapes.co.uk/product/doozy-salts-tropical-slush-10ml,low
ninja-vapes.co.uk,Doozy Salts 10Ml,seriously bar salts 10ml juice,https://vapeonlinestore.co.uk/products/seriously-bar-salts-10ml-juice,flavour,vanilla custard,not listed on VOS,,2.99,https://www.ninja-vapes.co.uk/product/doozy-salts-vanilla-custard-10ml,low
ninja-vapes.co.uk,doozy’s seriously fruity 100ml e liquid shortfill,seriously fruity shortfill 100ml e-liquid,https://vapeonlinestore.co.uk/products/seriously-fruity-shortfill-100ml-e-liquid,flavour,apple raspberry,not listed on VOS,,8.99,https://www.ninja-vapes.co.uk/product/seriously-e-liquid-100ml-shortfill,reviewed
ninja-vapes.co.uk,doozy’s seriously fruity 100ml e liquid shortfill,seriously fruity shortfill 100ml e-liquid,https://vapeonlinestore.co.uk/products/seriously-fruity-shortfill-100ml-e-liquid,flavour,blackcurrant honeydew,not listed on VOS,,8.99,https://www.ninja-vapes.co.uk/product/seriously-e-liquid-100ml-shortfill,reviewed
ninja-vapes.co.uk,doozy’s seriously nice 100ml e liquid shortfill,seriously nice 100ml,https://vapeonlinestore.co.uk/products/seriously-nice-shortfill-100ml-e-liquid,flavour,blue raspberry ice,not listed on VOS,,8.99,https://www.ninja-vapes.co.uk/product/seriously-nice-100ml-shortfill,reviewed
ninja-vapes.co.uk,doozy’s seriously nice 100ml e liquid shortfill,seriously nice 100ml,https://vapeonlinestore.co.uk/products/seriously-nice-shortfill-100ml-e-liquid,flavour,cool blackcurrant lemonade,not listed on VOS,,8.99,https://www.ninja-vapes.co.uk/product/seriously-nice-100ml-shortfill,reviewed
ninja-vapes.co.uk,doozy’s seriously nice 100ml e liquid shortfill,seriously nice 100ml,https://vapeonlinestore.co.uk/products/seriously-nice-shortfill-100ml-e-liquid,flavour,frozen apple berry,not listed on VOS,,8.99,https://www.ninja-vapes.co.uk/product/seriously-nice-100ml-shortfill,reviewed
ninja-vapes.co.uk,doozy’s seriously pod fill 100ml e liquid,seriously pod fill 3 100ml 50/50 e-liquid vos,https://vapeonlinestore.co.uk/products/seriously-pod-fill-3-shortfills-100ml,flavour,banana mandarin,not listed on VOS,,8.99,https://www.ninja-vapes.co.uk/product/doozy-seriously-pod-fill-e-liquid,reviewed
ninja-vapes.co.uk,doozy’s seriously pod fill 100ml e liquid,seriously pod fill 3 100ml 50/50 e-liquid vos,https://vapeonlinestore.co.uk/products/seriously-pod-fill-3-shortfills-100ml,flavour,blackcurrant passion,not listed on VOS,,8.99,https://www.ninja-vapes.co.uk/product/doozy-seriously-pod-fill-e-liquid,reviewed
ninja-vapes.co.uk,doozy’s seriously pod fill 100ml e liquid,seriously pod fill 3 100ml 50/50 e-liquid vos,https://vapeonlinestore.co.uk/products/seriously-pod-fill-3-shortfills-100ml,flavour,blood orange pineapple,not listed on VOS,,8.99,https://www.ninja-vapes.co.uk/product/doozy-seriously-pod-fill-e-liquid,reviewed
ninja-vapes.co.uk,doozy’s seriously pod fill 100ml e liquid,seriously pod fill 3 100ml 50/50 e-liquid vos,https://vapeonlinestore.co.uk/products/seriously-pod-fill-3-shortfills-100ml,flavour,blue pear,not listed on VOS,,8.99,https://www.ninja-vapes.co.uk/product/doozy-seriously-pod-fill-e-liquid,reviewed
ninja-vapes.co.uk,doozy’s seriously pod fill 100ml e liquid,seriously pod fill 3 100ml 50/50 e-liquid vos,https://vapeonlinestore.co.uk/products/seriously-pod-fill-3-shortfills-100ml,flavour,cherry twist,not listed on VOS,,8.99,https://www.ninja-vapes.co.uk/product/doozy-seriously-pod-fill-e-liquid,reviewed
ninja-vapes.co.uk,doozy’s seriously pod fill 100ml e liquid,seriously pod fill 3 100ml 50/50 e-liquid vos,https://vapeonlinestore.co.uk/products/seriously-pod-fill-3-shortfills-100ml,flavour,fresh pineapple,not listed on VOS,,8.99,https://www.ninja-vapes.co.uk/product/doozy-seriously-pod-fill-e-liquid,reviewed
ninja-vapes.co.uk,doozy’s seriously pod fill 100ml e liquid,seriously pod fill 3 100ml 50/50 e-liquid vos,https://vapeonlinestore.co.uk/products/seriously-pod-fill-3-shortfills-100ml,flavour,lemon mint,not listed on VOS,,8.99,https://www.ninja-vapes.co.uk/product/doozy-seriously-pod-fill-e-liquid,reviewed
ninja-vapes.co.uk,doozy’s seriously pod fill 100ml e liquid,seriously pod fill 3 100ml 50/50 e-liquid vos,https://vapeonlinestore.co.uk/products/seriously-pod-fill-3-shortfills-100ml,flavour,spearmint,not listed on VOS,,8.99,https://www.ninja-vapes.co.uk/product/doozy-seriously-pod-fill-e-liquid,reviewed
ninja-vapes.co.uk,doozy’s seriously pod fill 100ml e liquid,seriously pod fill 3 100ml 50/50 e-liquid vos,https://vapeonlinestore.co.uk/products/seriously-pod-fill-3-shortfills-100ml,flavour,strawberry raspberry,not listed on VOS,,8.99,https://www.ninja-vapes.co.uk/product/doozy-seriously-pod-fill-e-liquid,reviewed
ninja-vapes.co.uk,doozy’s seriously pod fill 100ml e liquid,seriously pod fill 3 100ml 50/50 e-liquid vos,https://vapeonlinestore.co.uk/products/seriously-pod-fill-3-shortfills-100ml,flavour,watermelon lemonade,not listed on VOS,,8.99,https://www.ninja-vapes.co.uk/product/doozy-seriously-pod-fill-e-liquid,reviewed
ninja-vapes.co.uk,doozy’s seriously soda 100ml e liquid shortfill,seriously soda 100ml shortfill e-liquid by doozy vape,https://vapeonlinestore.co.uk/products/seriously-soda-100ml-shortfill-e-liquid,flavour,iron tru,not listed on VOS,,8.99,https://www.ninja-vapes.co.uk/product/doozy-seriously-soda-100ml,reviewed
ninja-vapes.co.uk,doozy’s seriously soda 100ml e liquid shortfill,seriously soda 100ml shortfill e-liquid by doozy vape,https://vapeonlinestore.co.uk/products/seriously-soda-100ml-shortfill-e-liquid,flavour,red wing,not listed on VOS,,8.99,https://www.ninja-vapes.co.uk/product/doozy-seriously-soda-100ml,reviewed
ninja-vapes.co.uk,signature 50ml e-liquid juice,signature shortfill 50ml e-liquid,https://vapeonlinestore.co.uk/products/signature-shortfill-50ml-e-liquid,flavour,cherango,not listed on VOS,,5.49,https://www.ninja-vapes.co.uk/product/signature-50ml-e-liquid,high
ninja-vapes.co.uk,signature 50ml e-liquid juice,signature shortfill 50ml e-liquid,https://vapeonlinestore.co.uk/products/signature-shortfill-50ml-e-liquid,flavour,h berg,not listed on VOS,,5.49,https://www.ninja-vapes.co.uk/product/signature-50ml-e-liquid,high
ninja-vapes.co.uk,signature 50ml e-liquid juice,signature shortfill 50ml e-liquid,https://vapeonlinestore.co.uk/products/signature-shortfill-50ml-e-liquid,flavour,mango pineapple,not listed on VOS,,5.49,https://www.ninja-vapes.co.uk/product/signature-50ml-e-liquid,high
ninja-vapes.co.uk,signature 50ml e-liquid juice,signature shortfill 50ml e-liquid,https://vapeonlinestore.co.uk/products/signature-shortfill-50ml-e-liquid,flavour,parma violets,not listed on VOS,,5.49,https://www.ninja-vapes.co.uk/product/signature-50ml-e-liquid,high
ninja-vapes.co.uk,signature 50ml e-liquid juice,signature shortfill 50ml e-liquid,https://vapeonlinestore.co.uk/products/signature-shortfill-50ml-e-liquid,flavour,red a,not listed on VOS,,5.49,https://www.ninja-vapes.co.uk/product/signature-50ml-e-liquid,high
ninja-vapes.co.uk,signature 50ml e-liquid juice,signature shortfill 50ml e-liquid,https://vapeonlinestore.co.uk/products/signature-shortfill-50ml-e-liquid,flavour,rhubarb custard,not listed on VOS,,5.49,https://www.ninja-vapes.co.uk/product/signature-50ml-e-liquid,high
ninja-vapes.co.uk,signature 50ml e-liquid juice,signature shortfill 50ml e-liquid,https://vapeonlinestore.co.uk/products/signature-shortfill-50ml-e-liquid,flavour,tobacco 1960,not listed on VOS,,5.49,https://www.ninja-vapes.co.uk/product/signature-50ml-e-liquid,high
ninja-vapes.co.uk,ske bar 600 prefilled refill pods,ske 600 pro prefilled replacement pods,https://vapeonlinestore.co.uk/products/ske-600-pro-pre-filled-pods,flavour,blueberry peach ice,not listed on VOS,,3.99,https://www.ninja-vapes.co.uk/product/ske-bar-600-prefilled-pod-kit,medium
ninja-vapes.co.uk,ske bar 600 prefilled refill pods,ske 600 pro prefilled replacement pods,https://vapeonlinestore.co.uk/products/ske-600-pro-pre-filled-pods,flavour,bull ice,not listed on VOS,,3.99,https://www.ninja-vapes.co.uk/product/ske-bar-600-prefilled-pod-kit,medium
ninja-vapes.co.uk,cp pro cp600 refill pods (2pack),ske 600 pro prefilled replacement pods,https://vapeonlinestore.co.uk/products/ske-600-pro-pre-filled-pods,flavour,cherry berry,not listed on VOS,,2.99,https://www.ninja-vapes.co.uk/product/refill-pods-for-cp-pro-cp600,low
ninja-vapes.co.uk,cp pro cp600 refill pods (2pack),ske 600 pro prefilled replacement pods,https://vapeonlinestore.co.uk/products/ske-600-pro-pre-filled-pods,flavour,fresh mint,not listed on VOS,,2.99,https://www.ninja-vapes.co.uk/product/refill-pods-for-cp-pro-cp600,low
ninja-vapes.co.uk,ske bar 600 prefilled refill pods,ske 600 pro prefilled replacement pods,https://vapeonlinestore.co.uk/products/ske-600-pro-pre-filled-pods,flavour,fruit melody,not listed on VOS,,3.99,https://www.ninja-vapes.co.uk/product/ske-bar-600-prefilled-pod-kit,medium
ninja-vapes.co.uk,cp pro cp600 refill pods (2pack),ske 600 pro prefilled replacement pods,https://vapeonlinestore.co.uk/products/ske-600-pro-pre-filled-pods,flavour,g bear,not listed on VOS,,2.99,https://www.ninja-vapes.co.uk/product/refill-pods-for-cp-pro-cp600,low
ninja-vapes.co.uk,ske bar 600 prefilled refill pods,ske 600 pro prefilled replacement pods,https://vapeonlinestore.co.uk/products/ske-600-pro-pre-filled-pods,flavour,gami rare,not listed on VOS,,3.99,https://www.ninja-vapes.co.uk/product/ske-bar-600-prefilled-pod-kit,medium
ninja-vapes.co.uk,cp pro cp600 refill pods (2pack),ske 600 pro prefilled replacement pods,https://vapeonlinestore.co.uk/products/ske-600-pro-pre-filled-pods,flavour,hbubba,not listed on VOS,,2.99,https://www.ninja-vapes.co.uk/product/refill-pods-for-cp-pro-cp600,low
ninja-vapes.co.uk,cp pro cp600 refill pods (2pack),ske 600 pro prefilled replacement pods,https://vapeonlinestore.co.uk/products/ske-600-pro-pre-filled-pods,flavour,juicy peach,not listed on VOS,,2.99,https://www.ninja-vapes.co.uk/product/refill-pods-for-cp-pro-cp600,low
ninja-vapes.co.uk,ske bar 600 prefilled refill pods,ske 600 pro prefilled replacement pods,https://vapeonlinestore.co.uk/products/ske-600-pro-pre-filled-pods,flavour,mango ice,not listed on VOS,,3.99,https://www.ninja-vapes.co.uk/product/ske-bar-600-prefilled-pod-kit,medium
ninja-vapes.co.uk,cp pro cp600 refill pods (2pack),ske 600 pro prefilled replacement pods,https://vapeonlinestore.co.uk/products/ske-600-pro-pre-filled-pods,flavour,mr blue,not listed on VOS,,2.99,https://www.ninja-vapes.co.uk/product/refill-pods-for-cp-pro-cp600,low
ninja-vapes.co.uk,ske bar 600 prefilled refill pods,ske 600 pro prefilled replacement pods,https://vapeonlinestore.co.uk/products/ske-600-pro-pre-filled-pods,flavour,peach ice,not listed on VOS,,3.99,https://www.ninja-vapes.co.uk/product/ske-bar-600-prefilled-pod-kit,medium
ninja-vapes.co.uk,ske bar 600 prefilled refill pods,ske 600 pro prefilled replacement pods,https://vapeonlinestore.co.uk/products/ske-600-pro-pre-filled-pods,flavour,sour pineapple ice,not listed on VOS,,3.99,https://www.ninja-vapes.co.uk/product/ske-bar-600-prefilled-pod-kit,medium
ninja-vapes.co.uk,cp pro cp600 refill pods (2pack),ske 600 pro prefilled replacement pods,https://vapeonlinestore.co.uk/products/ske-600-pro-pre-filled-pods,flavour,strawberry cherry,not listed on VOS,,2.99,https://www.ninja-vapes.co.uk/product/refill-pods-for-cp-pro-cp600,low
ninja-vapes.co.uk,ske bar 600 prefilled refill pods,ske 600 pro prefilled replacement pods,https://vapeonlinestore.co.uk/products/ske-600-pro-pre-filled-pods,flavour,strawberry raspberry,not listed on VOS,,3.99,https://www.ninja-vapes.co.uk/product/ske-bar-600-prefilled-pod-kit,medium
ninja-vapes.co.uk,cp pro cp600 refill pods (2pack),ske 600 pro prefilled replacement pods,https://vapeonlinestore.co.uk/products/ske-600-pro-pre-filled-pods,flavour,strawberry raspberry ice,not listed on VOS,,2.99,https://www.ninja-vapes.co.uk/product/refill-pods-for-cp-pro-cp600,low
ninja-vapes.co.uk,cp pro cp600 refill pods (2pack),ske 600 pro prefilled replacement pods,https://vapeonlinestore.co.uk/products/ske-600-pro-pre-filled-pods,flavour,summer dream,not listed on VOS,,2.99,https://www.ninja-vapes.co.uk/product/refill-pods-for-cp-pro-cp600,low
ninja-vapes.co.uk,ske bar 600 prefilled refill pods,ske 600 pro prefilled replacement pods,https://vapeonlinestore.co.uk/products/ske-600-pro-pre-filled-pods,flavour,tobacco,not listed on VOS,,3.99,https://www.ninja-vapes.co.uk/product/ske-bar-600-prefilled-pod-kit,medium
ninja-vapes.co.uk,Ske Cl6000 Prefilled Pods Vape Kit,ske crystal cl6000 prefilled pod vape kit,https://vapeonlinestore.co.uk/products/ske-crystal-cl6000-prefilled-pod-vape-kit,flavour,blue fusion,not listed on VOS,,29.99,https://www.ninja-vapes.co.uk/product/box-of-10-ske-crystal-cl6000-prefilled-kit,high
ninja-vapes.co.uk,Ske Cl6000 Prefilled Pods Vape Kit,ske crystal cl6000 prefilled pod vape kit,https://vapeonlinestore.co.uk/products/ske-crystal-cl6000-prefilled-pod-vape-kit,flavour,blue raspberry fruit gum,not listed on VOS,,29.99,https://www.ninja-vapes.co.uk/product/box-of-10-ske-crystal-cl6000-prefilled-kit,high
ninja-vapes.co.uk,Ske Cl6000 Prefilled Pods Vape Kit,ske crystal cl6000 prefilled pod vape kit,https://vapeonlinestore.co.uk/products/ske-crystal-cl6000-prefilled-pod-vape-kit,flavour,blueberry cherry cranberry,not listed on VOS,,29.99,https://www.ninja-vapes.co.uk/product/box-of-10-ske-crystal-cl6000-prefilled-kit,high
ninja-vapes.co.uk,Ske Cl6000 Prefilled Pods Vape Kit,ske crystal cl6000 prefilled pod vape kit,https://vapeonlinestore.co.uk/products/ske-crystal-cl6000-prefilled-pod-vape-kit,flavour,cola ice,not listed on VOS,,29.99,https://www.ninja-vapes.co.uk/product/box-of-10-ske-crystal-cl6000-prefilled-kit,high
ninja-vapes.co.uk,Ske Cl6000 Prefilled Pods Vape Kit,ske crystal cl6000 prefilled pod vape kit,https://vapeonlinestore.co.uk/products/ske-crystal-cl6000-prefilled-pod-vape-kit,flavour,fruit medley,not listed on VOS,,29.99,https://www.ninja-vapes.co.uk/product/box-of-10-ske-crystal-cl6000-prefilled-kit,high
ninja-vapes.co.uk,Ske Cl6000 Prefilled Pods Vape Kit,ske crystal cl6000 prefilled pod vape kit,https://vapeonlinestore.co.uk/products/ske-crystal-cl6000-prefilled-pod-vape-kit,flavour,kiwi passion fruit guava,not listed on VOS,,29.99,https://www.ninja-vapes.co.uk/product/box-of-10-ske-crystal-cl6000-prefilled-kit,high
ninja-vapes.co.uk,Ske Cl6000 Prefilled Pods,ske crystal cl6000 replacement pods pack of 1,https://vapeonlinestore.co.uk/products/ske-crystal-cl6000-pods,flavour,blue raspberry fruit gum,not listed on VOS,,29.99,https://www.ninja-vapes.co.uk/product/box-of-10-ske-crystal-cl6000-prefilled-pods,high
ninja-vapes.co.uk,Ske Cl6000 Prefilled Pods,ske crystal cl6000 replacement pods pack of 1,https://vapeonlinestore.co.uk/products/ske-crystal-cl6000-pods,flavour,fruit medley,not listed on VOS,,29.99,https://www.ninja-vapes.co.uk/product/box-of-10-ske-crystal-cl6000-prefilled-pods,high
ninja-vapes.co.uk,cp pro cp600 puffs prefilled pod kit,ske crystal pro 600 puffs 20mg reusable vape pod kit,https://vapeonlinestore.co.uk/products/ske-crystal-pro-600,flavour,cherry berry,not listed on VOS,,3.99,https://www.ninja-vapes.co.uk/product/cp-pro-cp600-puffs-prefilled-pod-kit,low
ninja-vapes.co.uk,cp pro cp600 puffs prefilled pod kit,ske crystal pro 600 puffs 20mg reusable vape pod kit,https://vapeonlinestore.co.uk/products/ske-crystal-pro-600,flavour,fresh mint,not listed on VOS,,3.99,https://www.ninja-vapes.co.uk/product/cp-pro-cp600-puffs-prefilled-pod-kit,low
ninja-vapes.co.uk,cp pro cp600 puffs prefilled pod kit,ske crystal pro 600 puffs 20mg reusable vape pod kit,https://vapeonlinestore.co.uk/products/ske-crystal-pro-600,flavour,g bear,not listed on VOS,,3.99,https://www.ninja-vapes.co.uk/product/cp-pro-cp600-puffs-prefilled-pod-kit,low
ninja-vapes.co.uk,cp pro cp600 puffs prefilled pod kit,ske crystal pro 600 puffs 20mg reusable vape pod kit,https://vapeonlinestore.co.uk/products/ske-crystal-pro-600,flavour,hbubba,not listed on VOS,,3.99,https://www.ninja-vapes.co.uk/product/cp-pro-cp600-puffs-prefilled-pod-kit,low
ninja-vapes.co.uk,cp pro cp600 puffs prefilled pod kit,ske crystal pro 600 puffs 20mg reusable vape pod kit,https://vapeonlinestore.co.uk/products/ske-crystal-pro-600,flavour,juicy peach,not listed on VOS,,3.99,https://www.ninja-vapes.co.uk/product/cp-pro-cp600-puffs-prefilled-pod-kit,low
ninja-vapes.co.uk,cp pro cp600 puffs prefilled pod kit,ske crystal pro 600 puffs 20mg reusable vape pod kit,https://vapeonlinestore.co.uk/products/ske-crystal-pro-600,flavour,mr blue,not listed on VOS,,3.99,https://www.ninja-vapes.co.uk/product/cp-pro-cp600-puffs-prefilled-pod-kit,low
ninja-vapes.co.uk,cp pro cp600 puffs prefilled pod kit,ske crystal pro 600 puffs 20mg reusable vape pod kit,https://vapeonlinestore.co.uk/products/ske-crystal-pro-600,flavour,strawberry cherry,not listed on VOS,,3.99,https://www.ninja-vapes.co.uk/product/cp-pro-cp600-puffs-prefilled-pod-kit,low
ninja-vapes.co.uk,cp pro cp600 puffs prefilled pod kit,ske crystal pro 600 puffs 20mg reusable vape pod kit,https://vapeonlinestore.co.uk/products/ske-crystal-pro-600,flavour,strawberry raspberry ice,not listed on VOS,,3.99,https://www.ninja-vapes.co.uk/product/cp-pro-cp600-puffs-prefilled-pod-kit,low
ninja-vapes.co.uk,cp pro cp600 puffs prefilled pod kit,ske crystal pro 600 puffs 20mg reusable vape pod kit,https://vapeonlinestore.co.uk/products/ske-crystal-pro-600,flavour,summer dream,not listed on VOS,,3.99,https://www.ninja-vapes.co.uk/product/cp-pro-cp600-puffs-prefilled-pod-kit,low
ninja-vapes.co.uk,Smok Nic Salt 10Ml,smok 10ml nic salts e-liquid,https://vapeonlinestore.co.uk/products/smok-10ml-nic-salts-e-liquid,flavour,strawberry lemon lime ice,not listed on VOS,,2.95,https://www.ninja-vapes.co.uk/product/strawberry-lemon-lime-ice-nic-salt-smok,high
ninja-vapes.co.uk,Smok Nic Salt 10Ml,smok 10ml nic salts e-liquid,https://vapeonlinestore.co.uk/products/smok-10ml-nic-salts-e-liquid,flavour,watermelon ice,not listed on VOS,,2.95,https://www.ninja-vapes.co.uk/product/watermelon-ice-nic-salt-smok,high
ninja-vapes.co.uk,smok acro pod kit,smok acro pod vape kit,https://vapeonlinestore.co.uk/products/smok-acro-pod-vape-kit,colour,coffee,not listed on VOS,,19.99,https://www.ninja-vapes.co.uk/product/smok-acro-pod-kit,high
ninja-vapes.co.uk,smok alike pod mod kit,smok alike pod vape kit,https://vapeonlinestore.co.uk/products/smok-alike-pod-vape-kit,colour,matte blue,not listed on VOS,,17.99,https://www.ninja-vapes.co.uk/product/smok-alike-pod-mod-kit,high
ninja-vapes.co.uk,smok alike pod mod kit,smok alike pod vape kit,https://vapeonlinestore.co.uk/products/smok-alike-pod-vape-kit,colour,matte gold,not listed on VOS,,17.99,https://www.ninja-vapes.co.uk/product/smok-alike-pod-mod-kit,high
ninja-vapes.co.uk,smok alike pod mod kit,smok alike pod vape kit,https://vapeonlinestore.co.uk/products/smok-alike-pod-vape-kit,colour,matte green,not listed on VOS,,17.99,https://www.ninja-vapes.co.uk/product/smok-alike-pod-mod-kit,high
ninja-vapes.co.uk,smok alike pod mod kit,smok alike pod vape kit,https://vapeonlinestore.co.uk/products/smok-alike-pod-vape-kit,colour,matte gunmetal,not listed on VOS,,17.99,https://www.ninja-vapes.co.uk/product/smok-alike-pod-mod-kit,high
ninja-vapes.co.uk,smok alike pod mod kit,smok alike pod vape kit,https://vapeonlinestore.co.uk/products/smok-alike-pod-vape-kit,colour,matte red,not listed on VOS,,17.99,https://www.ninja-vapes.co.uk/product/smok-alike-pod-mod-kit,high
ninja-vapes.co.uk,smok ipx 80 pod kit,smok ipx 80 pod kit,https://vapeonlinestore.co.uk/products/smok-ipx-80-pod-kit,colour,black carbon fiber,not listed on VOS,,19.99,https://www.ninja-vapes.co.uk/product/smok-ipx-80-pod-kit,high
ninja-vapes.co.uk,smok ipx 80 pod kit,smok ipx 80 pod kit,https://vapeonlinestore.co.uk/products/smok-ipx-80-pod-kit,colour,blue,not listed on VOS,,19.99,https://www.ninja-vapes.co.uk/product/smok-ipx-80-pod-kit,high
ninja-vapes.co.uk,smok ipx 80 pod kit,smok ipx 80 pod kit,https://vapeonlinestore.co.uk/products/smok-ipx-80-pod-kit,colour,fluid 7 colour,not listed on VOS,,19.99,https://www.ninja-vapes.co.uk/product/smok-ipx-80-pod-kit,high
ninja-vapes.co.uk,smok ipx 80 pod kit,smok ipx 80 pod kit,https://vapeonlinestore.co.uk/products/smok-ipx-80-pod-kit,colour,fluid black grey,not listed on VOS,,19.99,https://www.ninja-vapes.co.uk/product/smok-ipx-80-pod-kit,high
ninja-vapes.co.uk,smok ipx 80 pod kit,smok ipx 80 pod kit,https://vapeonlinestore.co.uk/products/smok-ipx-80-pod-kit,colour,red,not listed on VOS,,19.99,https://www.ninja-vapes.co.uk/product/smok-ipx-80-pod-kit,high
ninja-vapes.co.uk,Smok Lp1 Series Coils,smok lp1 replacement coils pack of 5,https://vapeonlinestore.co.uk/products/lp1-replacement-coils-by-smok,resistance,0.8ohm meshed 5,not listed on VOS,,10.99,https://www.ninja-vapes.co.uk/product/smok-lp1-coils,medium
ninja-vapes.co.uk,Smok Lp1 Series Coils,smok lp1 replacement coils pack of 5,https://vapeonlinestore.co.uk/products/lp1-replacement-coils-by-smok,resistance,0.9ohm meshed mtl 5,not listed on VOS,,10.99,https://www.ninja-vapes.co.uk/product/smok-lp1-coils,medium
ninja-vapes.co.uk,Smok Lp1 Series Coils,smok lp1 replacement coils pack of 5,https://vapeonlinestore.co.uk/products/lp1-replacement-coils-by-smok,resistance,1.2ohm meshed 5,not listed on VOS,,10.99,https://www.ninja-vapes.co.uk/product/smok-lp1-coils,medium
ninja-vapes.co.uk,Smok Lp2 Series Coils,smok lp2 replacement coils cheap pack of 5,https://vapeonlinestore.co.uk/products/smok-lp2-coils-pack-of-5,resistance,0.23ohm dc 5,not listed on VOS,,10.99,https://www.ninja-vapes.co.uk/product/smok-lp2-coils,medium
ninja-vapes.co.uk,Smok Lp2 Series Coils,smok lp2 replacement coils cheap pack of 5,https://vapeonlinestore.co.uk/products/smok-lp2-coils-pack-of-5,resistance,0.4ohm meshed 5,not listed on VOS,,10.99,https://www.ninja-vapes.co.uk/product/smok-lp2-coils,medium
ninja-vapes.co.uk,Smok Lp2 Series Coils,smok lp2 replacement coils cheap pack of 5,https://vapeonlinestore.co.uk/products/smok-lp2-coils-pack-of-5,resistance,0.6ohm dc 5,not listed on VOS,,10.99,https://www.ninja-vapes.co.uk/product/smok-lp2-coils,medium
ninja-vapes.co.uk,smok mag solo kit,smok mag solo vape kit,https://vapeonlinestore.co.uk/products/smok-mag-solo-kit,colour,black gun meta,not listed on VOS,,39.99,https://www.ninja-vapes.co.uk/product/smok-mag-solo-kit,high
ninja-vapes.co.uk,smok mag solo mod 100w,smok mag solo vape kit,https://vapeonlinestore.co.uk/products/smok-mag-solo-kit,colour,black gun metal,not listed on VOS,,34.99,https://www.ninja-vapes.co.uk/product/smok-mag-solo-mod-100w,medium
ninja-vapes.co.uk,smok mag solo kit,smok mag solo vape kit,https://vapeonlinestore.co.uk/products/smok-mag-solo-kit,colour,black red,not listed on VOS,,39.99,https://www.ninja-vapes.co.uk/product/smok-mag-solo-kit,high
ninja-vapes.co.uk,smok mag solo mod 100w,smok mag solo vape kit,https://vapeonlinestore.co.uk/products/smok-mag-solo-kit,colour,black red,not listed on VOS,,34.99,https://www.ninja-vapes.co.uk/product/smok-mag-solo-mod-100w,medium
ninja-vapes.co.uk,smok mag solo kit,smok mag solo vape kit,https://vapeonlinestore.co.uk/products/smok-mag-solo-kit,colour,blue green,not listed on VOS,,39.99,https://www.ninja-vapes.co.uk/product/smok-mag-solo-kit,high
ninja-vapes.co.uk,smok mag solo mod 100w,smok mag solo vape kit,https://vapeonlinestore.co.uk/products/smok-mag-solo-kit,colour,blue green,not listed on VOS,,34.99,https://www.ninja-vapes.co.uk/product/smok-mag-solo-mod-100w,medium
ninja-vapes.co.uk,smok mag solo kit,smok mag solo vape kit,https://vapeonlinestore.co.uk/products/smok-mag-solo-kit,colour,blue haze,not listed on VOS,,39.99,https://www.ninja-vapes.co.uk/product/smok-mag-solo-kit,high
ninja-vapes.co.uk,smok mag solo mod 100w,smok mag solo vape kit,https://vapeonlinestore.co.uk/products/smok-mag-solo-kit,colour,blue haze,not listed on VOS,,34.99,https://www.ninja-vapes.co.uk/product/smok-mag-solo-mod-100w,medium
ninja-vapes.co.uk,smok mag solo kit,smok mag solo vape kit,https://vapeonlinestore.co.uk/products/smok-mag-solo-kit,colour,carbon fiber splicing,not listed on VOS,,39.99,https://www.ninja-vapes.co.uk/product/smok-mag-solo-kit,high
ninja-vapes.co.uk,smok mag solo kit,smok mag solo vape kit,https://vapeonlinestore.co.uk/products/smok-mag-solo-kit,colour,cyan,not listed on VOS,,39.99,https://www.ninja-vapes.co.uk/product/smok-mag-solo-kit,high
ninja-vapes.co.uk,smok mag solo mod 100w,smok mag solo vape kit,https://vapeonlinestore.co.uk/products/smok-mag-solo-kit,colour,cyan,not listed on VOS,,34.99,https://www.ninja-vapes.co.uk/product/smok-mag-solo-mod-100w,medium
ninja-vapes.co.uk,smok mag solo kit,smok mag solo vape kit,https://vapeonlinestore.co.uk/products/smok-mag-solo-kit,colour,grey splicing,not listed on VOS,,39.99,https://www.ninja-vapes.co.uk/product/smok-mag-solo-kit,high
ninja-vapes.co.uk,smok mag solo kit,smok mag solo vape kit,https://vapeonlinestore.co.uk/products/smok-mag-solo-kit,colour,gun metal,not listed on VOS,,39.99,https://www.ninja-vapes.co.uk/product/smok-mag-solo-kit,high
ninja-vapes.co.uk,smok mag solo mod 100w,smok mag solo vape kit,https://vapeonlinestore.co.uk/products/smok-mag-solo-kit,colour,gun metal,not listed on VOS,,34.99,https://www.ninja-vapes.co.uk/product/smok-mag-solo-mod-100w,medium
ninja-vapes.co.uk,smok mag solo kit,smok mag solo vape kit,https://vapeonlinestore.co.uk/products/smok-mag-solo-kit,colour,matte black,not listed on VOS,,39.99,https://www.ninja-vapes.co.uk/product/smok-mag-solo-kit,high
ninja-vapes.co.uk,smok mag solo mod 100w,smok mag solo vape kit,https://vapeonlinestore.co.uk/products/smok-mag-solo-kit,colour,matte black,not listed on VOS,,34.99,https://www.ninja-vapes.co.uk/product/smok-mag-solo-mod-100w,medium
ninja-vapes.co.uk,smok mag solo kit,smok mag solo vape kit,https://vapeonlinestore.co.uk/products/smok-mag-solo-kit,colour,matte white,not listed on VOS,,39.99,https://www.ninja-vapes.co.uk/product/smok-mag-solo-kit,high
ninja-vapes.co.uk,smok mag solo mod 100w,smok mag solo vape kit,https://vapeonlinestore.co.uk/products/smok-mag-solo-kit,colour,matte white,not listed on VOS,,34.99,https://www.ninja-vapes.co.uk/product/smok-mag-solo-mod-100w,medium
ninja-vapes.co.uk,smok mag solo kit,smok mag solo vape kit,https://vapeonlinestore.co.uk/products/smok-mag-solo-kit,colour,nano chrome,not listed on VOS,,39.99,https://www.ninja-vapes.co.uk/product/smok-mag-solo-kit,high
ninja-vapes.co.uk,smok mag solo mod 100w,smok mag solo vape kit,https://vapeonlinestore.co.uk/products/smok-mag-solo-kit,colour,nano chrome,not listed on VOS,,34.99,https://www.ninja-vapes.co.uk/product/smok-mag-solo-mod-100w,medium
ninja-vapes.co.uk,smok mag solo kit,smok mag solo vape kit,https://vapeonlinestore.co.uk/products/smok-mag-solo-kit,colour,pale green,not listed on VOS,,39.99,https://www.ninja-vapes.co.uk/product/smok-mag-solo-kit,high
ninja-vapes.co.uk,smok mag solo mod 100w,smok mag solo vape kit,https://vapeonlinestore.co.uk/products/smok-mag-solo-kit,colour,pale green,not listed on VOS,,34.99,https://www.ninja-vapes.co.uk/product/smok-mag-solo-mod-100w,medium
ninja-vapes.co.uk,smok mag solo kit,smok mag solo vape kit,https://vapeonlinestore.co.uk/products/smok-mag-solo-kit,colour,pink gold,not listed on VOS,,39.99,https://www.ninja-vapes.co.uk/product/smok-mag-solo-kit,high
ninja-vapes.co.uk,smok mag solo mod 100w,smok mag solo vape kit,https://vapeonlinestore.co.uk/products/smok-mag-solo-kit,colour,pink gold,not listed on VOS,,34.99,https://www.ninja-vapes.co.uk/product/smok-mag-solo-mod-100w,medium
ninja-vapes.co.uk,smok mag solo kit,smok mag solo vape kit,https://vapeonlinestore.co.uk/products/smok-mag-solo-kit,colour,prism rainbow,not listed on VOS,,39.99,https://www.ninja-vapes.co.uk/product/smok-mag-solo-kit,high
ninja-vapes.co.uk,smok mag solo mod 100w,smok mag solo vape kit,https://vapeonlinestore.co.uk/products/smok-mag-solo-kit,colour,prism rainbow,not listed on VOS,,34.99,https://www.ninja-vapes.co.uk/product/smok-mag-solo-mod-100w,medium
ninja-vapes.co.uk,smok mag solo kit,smok mag solo vape kit,https://vapeonlinestore.co.uk/products/smok-mag-solo-kit,colour,purple haze,not listed on VOS,,39.99,https://www.ninja-vapes.co.uk/product/smok-mag-solo-kit,high
ninja-vapes.co.uk,smok mag solo mod 100w,smok mag solo vape kit,https://vapeonlinestore.co.uk/products/smok-mag-solo-kit,colour,purple haze,not listed on VOS,,34.99,https://www.ninja-vapes.co.uk/product/smok-mag-solo-mod-100w,medium
ninja-vapes.co.uk,smok mag solo kit,smok mag solo vape kit,https://vapeonlinestore.co.uk/products/smok-mag-solo-kit,colour,purple pink,not listed on VOS,,39.99,https://www.ninja-vapes.co.uk/product/smok-mag-solo-kit,high
ninja-vapes.co.uk,smok mag solo mod 100w,smok mag solo vape kit,https://vapeonlinestore.co.uk/products/smok-mag-solo-kit,colour,purple pink,not listed on VOS,,34.99,https://www.ninja-vapes.co.uk/product/smok-mag-solo-mod-100w,medium
ninja-vapes.co.uk,smok mag solo kit,smok mag solo vape kit,https://vapeonlinestore.co.uk/products/smok-mag-solo-kit,colour,white blue,not listed on VOS,,39.99,https://www.ninja-vapes.co.uk/product/smok-mag-solo-kit,high
ninja-vapes.co.uk,smok mag solo mod 100w,smok mag solo vape kit,https://vapeonlinestore.co.uk/products/smok-mag-solo-kit,colour,white blue,not listed on VOS,,34.99,https://www.ninja-vapes.co.uk/product/smok-mag-solo-mod-100w,medium
ninja-vapes.co.uk,Smok Mag V8 Vape Kit,smok mag v8 mod vape kit,https://vapeonlinestore.co.uk/products/smok-mag-v8-vape-kit,flavour,rainbow,not listed on VOS,,24.99,https://www.ninja-vapes.co.uk/product/smok-mag-v8,high
ninja-vapes.co.uk,smok morph 219 vape kit,smok morph 219 vape kit,https://vapeonlinestore.co.uk/products/smok-morph-219-vape-kit,colour,black 7 color,not listed on VOS,,32.99,https://www.ninja-vapes.co.uk/product/smok-morph-219-vape-kit,high
ninja-vapes.co.uk,smok morph 219 vape kit,smok morph 219 vape kit,https://vapeonlinestore.co.uk/products/smok-morph-219-vape-kit,colour,black prism blue,not listed on VOS,,32.99,https://www.ninja-vapes.co.uk/product/smok-morph-219-vape-kit,high
ninja-vapes.co.uk,smok morph 219 vape kit,smok morph 219 vape kit,https://vapeonlinestore.co.uk/products/smok-morph-219-vape-kit,colour,black prism gold,not listed on VOS,,32.99,https://www.ninja-vapes.co.uk/product/smok-morph-219-vape-kit,high
ninja-vapes.co.uk,smok morph 3 vape kit,smok morph 3 vape kit,https://vapeonlinestore.co.uk/products/smok-morph-3-vape-kit,colour,black,not listed on VOS,,47.99,https://www.ninja-vapes.co.uk/product/smok-morph-3-vape-kit,high
ninja-vapes.co.uk,smok morph 3 vape kit,smok morph 3 vape kit,https://vapeonlinestore.co.uk/products/smok-morph-3-vape-kit,colour,black gunmetal,not listed on VOS,,47.99,https://www.ninja-vapes.co.uk/product/smok-morph-3-vape-kit,high
ninja-vapes.co.uk,smok morph 3 vape kit,smok morph 3 vape kit,https://vapeonlinestore.co.uk/products/smok-morph-3-vape-kit,colour,blue,not listed on VOS,,47.99,https://www.ninja-vapes.co.uk/product/smok-morph-3-vape-kit,high
ninja-vapes.co.uk,smok morph 3 mod,smok morph 3 vape kit,https://vapeonlinestore.co.uk/products/smok-morph-3-vape-kit,colour,blue,not listed on VOS,,39.99,https://www.ninja-vapes.co.uk/product/smok-morph-3-mod,high
ninja-vapes.co.uk,smok morph 3 vape kit,smok morph 3 vape kit,https://vapeonlinestore.co.uk/products/smok-morph-3-vape-kit,colour,blue haze,not listed on VOS,,47.99,https://www.ninja-vapes.co.uk/product/smok-morph-3-vape-kit,high
ninja-vapes.co.uk,smok morph 3 mod,smok morph 3 vape kit,https://vapeonlinestore.co.uk/products/smok-morph-3-vape-kit,colour,blue haze,not listed on VOS,,39.99,https://www.ninja-vapes.co.uk/product/smok-morph-3-mod,high
ninja-vapes.co.uk,smok morph 3 vape kit,smok morph 3 vape kit,https://vapeonlinestore.co.uk/products/smok-morph-3-vape-kit,colour,carbon fiber,not listed on VOS,,47.99,https://www.ninja-vapes.co.uk/product/smok-morph-3-vape-kit,high
ninja-vapes.co.uk,smok morph 3 vape kit,smok morph 3 vape kit,https://vapeonlinestore.co.uk/products/smok-morph-3-vape-kit,colour,cyan,not listed on VOS,,47.99,https://www.ninja-vapes.co.uk/product/smok-morph-3-vape-kit,high
ninja-vapes.co.uk,smok morph 3 mod,smok morph 3 vape kit,https://vapeonlinestore.co.uk/products/smok-morph-3-vape-kit,colour,cyan,not listed on VOS,,39.99,https://www.ninja-vapes.co.uk/product/smok-morph-3-mod,high
ninja-vapes.co.uk,smok morph 3 vape kit,smok morph 3 vape kit,https://vapeonlinestore.co.uk/products/smok-morph-3-vape-kit,colour,orange,not listed on VOS,,47.99,https://www.ninja-vapes.co.uk/product/smok-morph-3-vape-kit,high
ninja-vapes.co.uk,smok morph 3 mod,smok morph 3 vape kit,https://vapeonlinestore.co.uk/products/smok-morph-3-vape-kit,colour,pink gold,not listed on VOS,,39.99,https://www.ninja-vapes.co.uk/product/smok-morph-3-mod,high
ninja-vapes.co.uk,smok morph 3 vape kit,smok morph 3 vape kit,https://vapeonlinestore.co.uk/products/smok-morph-3-vape-kit,colour,prism rainbow,not listed on VOS,,47.99,https://www.ninja-vapes.co.uk/product/smok-morph-3-vape-kit,high
ninja-vapes.co.uk,smok morph 3 mod,smok morph 3 vape kit,https://vapeonlinestore.co.uk/products/smok-morph-3-vape-kit,colour,prism rainbow,not listed on VOS,,39.99,https://www.ninja-vapes.co.uk/product/smok-morph-3-mod,high
ninja-vapes.co.uk,smok morph 3 vape kit,smok morph 3 vape kit,https://vapeonlinestore.co.uk/products/smok-morph-3-vape-kit,colour,purple haze,not listed on VOS,,47.99,https://www.ninja-vapes.co.uk/product/smok-morph-3-vape-kit,high
ninja-vapes.co.uk,smok morph 3 mod,smok morph 3 vape kit,https://vapeonlinestore.co.uk/products/smok-morph-3-vape-kit,colour,purple haze,not listed on VOS,,39.99,https://www.ninja-vapes.co.uk/product/smok-morph-3-mod,high
ninja-vapes.co.uk,smok morph 3 vape kit,smok morph 3 vape kit,https://vapeonlinestore.co.uk/products/smok-morph-3-vape-kit,colour,red,not listed on VOS,,47.99,https://www.ninja-vapes.co.uk/product/smok-morph-3-vape-kit,high
ninja-vapes.co.uk,smok morph 3 mod,smok morph 3 vape kit,https://vapeonlinestore.co.uk/products/smok-morph-3-vape-kit,colour,red,not listed on VOS,,39.99,https://www.ninja-vapes.co.uk/product/smok-morph-3-mod,high
ninja-vapes.co.uk,smok morph 3 vape kit,smok morph 3 vape kit,https://vapeonlinestore.co.uk/products/smok-morph-3-vape-kit,colour,white,not listed on VOS,,47.99,https://www.ninja-vapes.co.uk/product/smok-morph-3-vape-kit,high
ninja-vapes.co.uk,smok morph 3 mod,smok morph 3 vape kit,https://vapeonlinestore.co.uk/products/smok-morph-3-vape-kit,colour,white,not listed on VOS,,39.99,https://www.ninja-vapes.co.uk/product/smok-morph-3-mod,high
ninja-vapes.co.uk,smok nfix pro vape kit,smok nfix pro pod kit,https://vapeonlinestore.co.uk/products/smok-nfix-pro-pod-kit,colour,blue gold,not listed on VOS,,17.99,https://www.ninja-vapes.co.uk/product/smok-nfix-pro-vape-kit,high
ninja-vapes.co.uk,smok nfix pro vape kit,smok nfix pro pod kit,https://vapeonlinestore.co.uk/products/smok-nfix-pro-pod-kit,colour,blue purple,not listed on VOS,,17.99,https://www.ninja-vapes.co.uk/product/smok-nfix-pro-vape-kit,high
ninja-vapes.co.uk,smok nfix pro vape kit,smok nfix pro pod kit,https://vapeonlinestore.co.uk/products/smok-nfix-pro-pod-kit,colour,cyan pink,not listed on VOS,,17.99,https://www.ninja-vapes.co.uk/product/smok-nfix-pro-vape-kit,high
ninja-vapes.co.uk,smok nfix pro vape kit,smok nfix pro pod kit,https://vapeonlinestore.co.uk/products/smok-nfix-pro-pod-kit,colour,gold red,not listed on VOS,,17.99,https://www.ninja-vapes.co.uk/product/smok-nfix-pro-vape-kit,high
ninja-vapes.co.uk,smok nfix pro vape kit,smok nfix pro pod kit,https://vapeonlinestore.co.uk/products/smok-nfix-pro-pod-kit,colour,green gold,not listed on VOS,,17.99,https://www.ninja-vapes.co.uk/product/smok-nfix-pro-vape-kit,high
ninja-vapes.co.uk,smok nord 4 pod vape kit,smok nord 4 pod kit,https://vapeonlinestore.co.uk/products/smok-nord-4-pod-kit,colour,rasta armor,not listed on VOS,,20.99,https://www.ninja-vapes.co.uk/product/smok-nord-4-vape-kit,high
ninja-vapes.co.uk,smok nord 5 pod kit,smok nord 5 vape kit,https://vapeonlinestore.co.uk/products/smok-nord-5-vape-kit,colour,beige white,not listed on VOS,,24.99,https://www.ninja-vapes.co.uk/product/smok-nord-5-pod-kit,high
ninja-vapes.co.uk,smok nord 50w pod kit 1800mah,smok nord 50w pod kit,https://vapeonlinestore.co.uk/products/smok-nord-50w-pod-kit,colour,black red marbling,not listed on VOS,,19.99,https://www.ninja-vapes.co.uk/product/smok-nord-50w-pod-kit,medium
ninja-vapes.co.uk,smok nord pro pod kit,smok nord pro pod kit,https://vapeonlinestore.co.uk/products/smok-nord-pro-pod-kit,colour,red stab wood,not listed on VOS,,16.99,https://www.ninja-vapes.co.uk/product/smok-nord-pro-pod-kit,high
ninja-vapes.co.uk,smok nord regular coils,smok nord replacement coils pack of 5,https://vapeonlinestore.co.uk/products/smok-nord-coils,resistance,0.6ohm standard,not listed on VOS,,11.95,https://www.ninja-vapes.co.uk/product/smok-nord-regular-coils,medium
ninja-vapes.co.uk,smok nord regular coils,smok nord replacement coils pack of 5,https://vapeonlinestore.co.uk/products/smok-nord-coils,resistance,0.8ohm,not listed on VOS,,11.95,https://www.ninja-vapes.co.uk/product/smok-nord-regular-coils,medium
ninja-vapes.co.uk,smok nord regular coils,smok nord replacement coils pack of 5,https://vapeonlinestore.co.uk/products/smok-nord-coils,resistance,0.8ohm standard,not listed on VOS,,11.95,https://www.ninja-vapes.co.uk/product/smok-nord-regular-coils,medium
ninja-vapes.co.uk,smok nord regular coils,smok nord replacement coils pack of 5,https://vapeonlinestore.co.uk/products/smok-nord-coils,resistance,1.4ohm ceramic,not listed on VOS,,11.95,https://www.ninja-vapes.co.uk/product/smok-nord-regular-coils,medium
ninja-vapes.co.uk,smok nord regular coils,smok nord replacement coils pack of 5,https://vapeonlinestore.co.uk/products/smok-nord-coils,resistance,1.4ohm cotton,not listed on VOS,,11.95,https://www.ninja-vapes.co.uk/product/smok-nord-regular-coils,medium
ninja-vapes.co.uk,smok nord replacement coils,smok nord replacement coils pack of 5,https://vapeonlinestore.co.uk/products/smok-nord-coils,resistance,ceramic 1.4ohm,not listed on VOS,,12.99,https://www.ninja-vapes.co.uk/product/smok-nord-replacement-coils-regular-ceramic-mesh-meshmtl-pack-of-5,high
ninja-vapes.co.uk,smok nord replacement coils,smok nord replacement coils pack of 5,https://vapeonlinestore.co.uk/products/smok-nord-coils,resistance,dc mtl 0.8ohm,not listed on VOS,,12.99,https://www.ninja-vapes.co.uk/product/smok-nord-replacement-coils-regular-ceramic-mesh-meshmtl-pack-of-5,high
ninja-vapes.co.uk,smok nord replacement coils,smok nord replacement coils pack of 5,https://vapeonlinestore.co.uk/products/smok-nord-coils,resistance,pro 0.6ohm,not listed on VOS,,12.99,https://www.ninja-vapes.co.uk/product/smok-nord-replacement-coils-regular-ceramic-mesh-meshmtl-pack-of-5,high
ninja-vapes.co.uk,smok nord replacement coils,smok nord replacement coils pack of 5,https://vapeonlinestore.co.uk/products/smok-nord-coils,resistance,pro 0.9ohm,not listed on VOS,,12.99,https://www.ninja-vapes.co.uk/product/smok-nord-replacement-coils-regular-ceramic-mesh-meshmtl-pack-of-5,high
ninja-vapes.co.uk,smok nord replacement coils,smok nord replacement coils pack of 5,https://vapeonlinestore.co.uk/products/smok-nord-coils,resistance,regular 1.4ohm,not listed on VOS,,12.99,https://www.ninja-vapes.co.uk/product/smok-nord-replacement-coils-regular-ceramic-mesh-meshmtl-pack-of-5,high
ninja-vapes.co.uk,smok nord replacement coils,smok nord replacement coils pack of 5,https://vapeonlinestore.co.uk/products/smok-nord-coils,resistance,regular dc 0.6ohm,not listed on VOS,,12.99,https://www.ninja-vapes.co.uk/product/smok-nord-replacement-coils-regular-ceramic-mesh-meshmtl-pack-of-5,high
ninja-vapes.co.uk,smok novo 2c vape kit,smok novo 2c vape kit,https://vapeonlinestore.co.uk/products/smok-novo-2c-vape-kit,colour,gold,not listed on VOS,,9.99,https://www.ninja-vapes.co.uk/product/smok-novo-2c-vape-kit,high
ninja-vapes.co.uk,smok novo 2c vape kit,smok novo 2c vape kit,https://vapeonlinestore.co.uk/products/smok-novo-2c-vape-kit,colour,rose,not listed on VOS,,9.99,https://www.ninja-vapes.co.uk/product/smok-novo-2c-vape-kit,high
ninja-vapes.co.uk,smok novo 2c vape kit,smok novo 2c vape kit,https://vapeonlinestore.co.uk/products/smok-novo-2c-vape-kit,colour,silver,not listed on VOS,,9.99,https://www.ninja-vapes.co.uk/product/smok-novo-2c-vape-kit,high
ninja-vapes.co.uk,smok novo 2s pod kit 20w pod kit,smok novo 2s pod kit,https://vapeonlinestore.co.uk/products/novo-2s-pod-kit-by-smok,colour,7 color armor,not listed on VOS,,12.99,https://www.ninja-vapes.co.uk/product/smok-novo-2s-pod-kit-20w-pod-kit,medium
ninja-vapes.co.uk,Pods For Smok Novo 4,smok novo 4 empty replacement pods pack of 3,https://vapeonlinestore.co.uk/products/smok-novo-4-replacement-pods,colour,transparent black,not listed on VOS,,4.95,https://www.ninja-vapes.co.uk/product/refillable-pods-for-smok-novo-4,high
ninja-vapes.co.uk,Pods For Smok Novo 4,smok novo 4 empty replacement pods pack of 3,https://vapeonlinestore.co.uk/products/smok-novo-4-replacement-pods,colour,transparent clear,not listed on VOS,,4.95,https://www.ninja-vapes.co.uk/product/refillable-pods-for-smok-novo-4,high
ninja-vapes.co.uk,Pods For Smok Novo 4,smok novo 4 empty replacement pods pack of 3,https://vapeonlinestore.co.uk/products/smok-novo-4-replacement-pods,flavour,refillable,not listed on VOS,,4.95,https://www.ninja-vapes.co.uk/product/refillable-pods-for-smok-novo-4,high
ninja-vapes.co.uk,smok novo 4 vape kit,smok novo 4 pod vape kit,https://vapeonlinestore.co.uk/products/smok-novo-4-pod-vape-kit,colour,black stab wood,not listed on VOS,,19.99,https://www.ninja-vapes.co.uk/product/smok-novo-4-pod-kit,high
ninja-vapes.co.uk,smok novo 4 vape kit,smok novo 4 pod vape kit,https://vapeonlinestore.co.uk/products/smok-novo-4-pod-vape-kit,colour,fluid 7 color,not listed on VOS,,19.99,https://www.ninja-vapes.co.uk/product/smok-novo-4-pod-kit,high
ninja-vapes.co.uk,smok novo 4 vape kit,smok novo 4 pod vape kit,https://vapeonlinestore.co.uk/products/smok-novo-4-pod-vape-kit,colour,red stab wood,not listed on VOS,,19.99,https://www.ninja-vapes.co.uk/product/smok-novo-4-pod-kit,high
ninja-vapes.co.uk,smok novo 4 vape kit,smok novo 4 pod vape kit,https://vapeonlinestore.co.uk/products/smok-novo-4-pod-vape-kit,colour,silver carbon fiber,not listed on VOS,,19.99,https://www.ninja-vapes.co.uk/product/smok-novo-4-pod-kit,high
ninja-vapes.co.uk,smok novo 5 kit 900mah 30w,smok novo 5 vape pod kit,https://vapeonlinestore.co.uk/products/smok-novo-5-vape-pod-kit,colour,brown cobra,not listed on VOS,,17.99,https://www.ninja-vapes.co.uk/product/smok-novo-5-kit,medium
ninja-vapes.co.uk,Smok Novo X Kit,smok novo x kit,https://vapeonlinestore.co.uk/products/smok-novo-x-pod-kit,colour,7 color cobra,not listed on VOS,,14.99,https://www.ninja-vapes.co.uk/product/smok-novo-x-kit,high
ninja-vapes.co.uk,Smok Novo X Kit,smok novo x kit,https://vapeonlinestore.co.uk/products/smok-novo-x-pod-kit,colour,black stabilizing wood,not listed on VOS,,14.99,https://www.ninja-vapes.co.uk/product/smok-novo-x-kit,high
ninja-vapes.co.uk,smok novo eco pod kit,smok novo x kit,https://vapeonlinestore.co.uk/products/smok-novo-x-pod-kit,colour,orange,not listed on VOS,,9.99,https://www.ninja-vapes.co.uk/product/smok-novo-eco-kit,medium
ninja-vapes.co.uk,smok novo eco pod kit,smok novo x kit,https://vapeonlinestore.co.uk/products/smok-novo-x-pod-kit,colour,pale blue,not listed on VOS,,9.99,https://www.ninja-vapes.co.uk/product/smok-novo-eco-kit,medium
ninja-vapes.co.uk,smok novo eco pod kit,smok novo x kit,https://vapeonlinestore.co.uk/products/smok-novo-x-pod-kit,colour,pale gold,not listed on VOS,,9.99,https://www.ninja-vapes.co.uk/product/smok-novo-eco-kit,medium
ninja-vapes.co.uk,smok novo eco pod kit,smok novo x kit,https://vapeonlinestore.co.uk/products/smok-novo-x-pod-kit,colour,pink,not listed on VOS,,9.99,https://www.ninja-vapes.co.uk/product/smok-novo-eco-kit,medium
ninja-vapes.co.uk,smok novo eco pod kit,smok novo x kit,https://vapeonlinestore.co.uk/products/smok-novo-x-pod-kit,colour,purple,not listed on VOS,,9.99,https://www.ninja-vapes.co.uk/product/smok-novo-eco-kit,medium
ninja-vapes.co.uk,Smok Novo X Kit,smok novo x kit,https://vapeonlinestore.co.uk/products/smok-novo-x-pod-kit,colour,red stabilizing wood,not listed on VOS,,14.99,https://www.ninja-vapes.co.uk/product/smok-novo-x-kit,high
ninja-vapes.co.uk,smok novo eco pod kit,smok novo x kit,https://vapeonlinestore.co.uk/products/smok-novo-x-pod-kit,colour,silver,not listed on VOS,,9.99,https://www.ninja-vapes.co.uk/product/smok-novo-eco-kit,medium
ninja-vapes.co.uk,Smok Novo X Kit,smok novo x kit,https://vapeonlinestore.co.uk/products/smok-novo-x-pod-kit,colour,white cobra,not listed on VOS,,14.99,https://www.ninja-vapes.co.uk/product/smok-novo-x-kit,high
ninja-vapes.co.uk,Smok Novo X Refill Pods,smok novo x replacement pods pack of 3,https://vapeonlinestore.co.uk/products/smok-novo-x-replacement-pods,resistance,0.6ohm side fill,not listed on VOS,,8.95,https://www.ninja-vapes.co.uk/product/smok-novo-replacement-pods,high
ninja-vapes.co.uk,Smok Novo X Refill Pods,smok novo x replacement pods pack of 3,https://vapeonlinestore.co.uk/products/smok-novo-x-replacement-pods,resistance,0.6ohm top fill,not listed on VOS,,8.95,https://www.ninja-vapes.co.uk/product/smok-novo-replacement-pods,high
ninja-vapes.co.uk,Smok Novo X Refill Pods,smok novo x replacement pods pack of 3,https://vapeonlinestore.co.uk/products/smok-novo-x-replacement-pods,resistance,0.8ohm dc mtl,not listed on VOS,,8.95,https://www.ninja-vapes.co.uk/product/smok-novo-x-replacement-pods,high
ninja-vapes.co.uk,Smok Novo X Refill Pods,smok novo x replacement pods pack of 3,https://vapeonlinestore.co.uk/products/smok-novo-x-replacement-pods,resistance,0.8ohm side fill,not listed on VOS,,8.95,https://www.ninja-vapes.co.uk/product/smok-novo-replacement-pods,high
ninja-vapes.co.uk,Smok Novo X Refill Pods,smok novo x replacement pods pack of 3,https://vapeonlinestore.co.uk/products/smok-novo-x-replacement-pods,resistance,0.8ohm top fill,not listed on VOS,,8.95,https://www.ninja-vapes.co.uk/product/smok-novo-replacement-pods,high
ninja-vapes.co.uk,Smok Novo X Refill Pods,smok novo x replacement pods pack of 3,https://vapeonlinestore.co.uk/products/smok-novo-x-replacement-pods,resistance,1.0ohm side fill,not listed on VOS,,8.95,https://www.ninja-vapes.co.uk/product/smok-novo-replacement-pods,high
ninja-vapes.co.uk,Smok Novo X Refill Pods,smok novo x replacement pods pack of 3,https://vapeonlinestore.co.uk/products/smok-novo-x-replacement-pods,resistance,1.0ohm top fill,not listed on VOS,,8.95,https://www.ninja-vapes.co.uk/product/smok-novo-replacement-pods,high
ninja-vapes.co.uk,smok priv n19 vape kit,smok priv n19 vape kit price,https://vapeonlinestore.co.uk/products/smok-priv-n19-vape-kit,colour,rainbow,not listed on VOS,,19.99,https://www.ninja-vapes.co.uk/product/smok-priv-n19-vape-kit,high
ninja-vapes.co.uk,smok r-kiss 200w kit,smok r-kiss vape kit,https://vapeonlinestore.co.uk/products/smok-r-kiss-kit,colour,silver,not listed on VOS,,29.99,https://www.ninja-vapes.co.uk/product/smok-rkiss-200w-kit,medium
ninja-vapes.co.uk,smok rpm 100 vape kit,smok rpm 100 vape kit,https://vapeonlinestore.co.uk/products/smok-rpm-100-vape-kit,colour,matte 7 color,not listed on VOS,,25.99,https://www.ninja-vapes.co.uk/product/smok-rpm-100-vape-kit,high
ninja-vapes.co.uk,smok rpm 2 pod kit,smok rpm 2 pod kit,https://vapeonlinestore.co.uk/products/smok-rpm-2-pod-kit,colour,black,not listed on VOS,,23.99,https://www.ninja-vapes.co.uk/product/smok-rpm-2-pod-kit,high
ninja-vapes.co.uk,smok rpm 2 pod kit,smok rpm 2 pod kit,https://vapeonlinestore.co.uk/products/smok-rpm-2-pod-kit,colour,blue,not listed on VOS,,23.99,https://www.ninja-vapes.co.uk/product/smok-rpm-2-pod-kit,high
ninja-vapes.co.uk,smok rpm 2 pod kit,smok rpm 2 pod kit,https://vapeonlinestore.co.uk/products/smok-rpm-2-pod-kit,colour,rainbow,not listed on VOS,,23.99,https://www.ninja-vapes.co.uk/product/smok-rpm-2-pod-kit,high
ninja-vapes.co.uk,Smok Rpm 3 Series Coils,smok rpm 3 coils pack of 5,https://vapeonlinestore.co.uk/products/smok-rpm-3-coils-pack-of-5,resistance,meshed 0.15ohm 5,not listed on VOS,,11.99,https://www.ninja-vapes.co.uk/product/smok-rpm-3-coils,medium
ninja-vapes.co.uk,Smok Rpm 3 Series Coils,smok rpm 3 coils pack of 5,https://vapeonlinestore.co.uk/products/smok-rpm-3-coils-pack-of-5,resistance,meshed 0.23ohm 5,not listed on VOS,,11.99,https://www.ninja-vapes.co.uk/product/smok-rpm-3-coils,medium
ninja-vapes.co.uk,smok rpm 85 vape kit,smok rpm 85 pod vape kit,https://vapeonlinestore.co.uk/products/smok-rpm-85-kit,colour,matte gold,not listed on VOS,,27.99,https://www.ninja-vapes.co.uk/product/smok-rpm-85-vape-kit,high
ninja-vapes.co.uk,smok scar 18 vape kit,smok scar 18 kit,https://vapeonlinestore.co.uk/products/smok-scar-18-vape-kit,colour,fluid 7 color,not listed on VOS,,42.99,https://www.ninja-vapes.co.uk/product/smok-scar-18-kit,high
ninja-vapes.co.uk,smok scar 18 vape kit,smok scar 18 kit,https://vapeonlinestore.co.uk/products/smok-scar-18-vape-kit,colour,fluid red,not listed on VOS,,42.99,https://www.ninja-vapes.co.uk/product/smok-scar-18-kit,high
ninja-vapes.co.uk,smok scar 18 vape kit,smok scar 18 kit,https://vapeonlinestore.co.uk/products/smok-scar-18-vape-kit,colour,red stabilizing wood,not listed on VOS,,42.99,https://www.ninja-vapes.co.uk/product/smok-scar-18-kit,high
ninja-vapes.co.uk,smok stick g15 pod kit,smok stick g15 vape kit stylish & easy to use,https://vapeonlinestore.co.uk/products/smok-stick-g15-vape-kit,colour,7 color,not listed on VOS,,16.99,https://www.ninja-vapes.co.uk/product/smok-stick-g15-pod-kit,low
ninja-vapes.co.uk,smok stick g15 pod kit,smok stick g15 vape kit stylish & easy to use,https://vapeonlinestore.co.uk/products/smok-stick-g15-vape-kit,colour,blue purple,not listed on VOS,,16.99,https://www.ninja-vapes.co.uk/product/smok-stick-g15-pod-kit,low
ninja-vapes.co.uk,smok stick g15 pod kit,smok stick g15 vape kit stylish & easy to use,https://vapeonlinestore.co.uk/products/smok-stick-g15-vape-kit,colour,silver blue,not listed on VOS,,16.99,https://www.ninja-vapes.co.uk/product/smok-stick-g15-pod-kit,low
ninja-vapes.co.uk,smok stick g15 pod kit,smok stick g15 vape kit stylish & easy to use,https://vapeonlinestore.co.uk/products/smok-stick-g15-vape-kit,colour,silver red,not listed on VOS,,16.99,https://www.ninja-vapes.co.uk/product/smok-stick-g15-pod-kit,low
ninja-vapes.co.uk,smok baby v2 (mini v2) replacement coils,smok tfv-mini v2 replacement coils [pack of 3],https://vapeonlinestore.co.uk/products/smok-mini-v2-coils-pack-of-3,resistance,5ml v2 buln glass,not listed on VOS,,2.49,https://www.ninja-vapes.co.uk/product/smok-tfv8-baby-v2-coils-a1-a2-smok-species-kit,reviewed
ninja-vapes.co.uk,smok baby v2 (mini v2) replacement coils,smok tfv-mini v2 replacement coils [pack of 3],https://vapeonlinestore.co.uk/products/smok-mini-v2-coils-pack-of-3,resistance,a1 0.17ohm,not listed on VOS,,2.49,https://www.ninja-vapes.co.uk/product/smok-tfv8-baby-v2-coils-a1-a2-smok-species-kit,reviewed
ninja-vapes.co.uk,smok baby v2 (mini v2) replacement coils,smok tfv-mini v2 replacement coils [pack of 3],https://vapeonlinestore.co.uk/products/smok-mini-v2-coils-pack-of-3,resistance,a2 0.2ohm,not listed on VOS,,2.49,https://www.ninja-vapes.co.uk/product/smok-tfv8-baby-v2-coils-a1-a2-smok-species-kit,reviewed
ninja-vapes.co.uk,smok tfv mini v2 coils pack of 3,smok tfv-mini v2 replacement coils [pack of 3],https://vapeonlinestore.co.uk/products/smok-mini-v2-coils-pack-of-3,resistance,a2 0.2ohm,not listed on VOS,,9.95,https://www.ninja-vapes.co.uk/product/smok-tfv-mini-v2-coils-pack-of-3,high
ninja-vapes.co.uk,smok baby v2 (mini v2) replacement coils,smok tfv-mini v2 replacement coils [pack of 3],https://vapeonlinestore.co.uk/products/smok-mini-v2-coils-pack-of-3,resistance,a3 0.15ohm,not listed on VOS,,2.49,https://www.ninja-vapes.co.uk/product/smok-tfv8-baby-v2-coils-a1-a2-smok-species-kit,reviewed
ninja-vapes.co.uk,smok tfv mini v2 coils pack of 3,smok tfv-mini v2 replacement coils [pack of 3],https://vapeonlinestore.co.uk/products/smok-mini-v2-coils-pack-of-3,resistance,a3 0.15ohm,not listed on VOS,,9.95,https://www.ninja-vapes.co.uk/product/smok-tfv-mini-v2-coils-pack-of-3,high
ninja-vapes.co.uk,smok baby v2 (mini v2) replacement coils,smok tfv-mini v2 replacement coils [pack of 3],https://vapeonlinestore.co.uk/products/smok-mini-v2-coils-pack-of-3,resistance,k1 0.2ohm quadruple,not listed on VOS,,2.49,https://www.ninja-vapes.co.uk/product/smok-tfv8-baby-v2-coils-a1-a2-smok-species-kit,reviewed
ninja-vapes.co.uk,smok baby v2 (mini v2) replacement coils,smok tfv-mini v2 replacement coils [pack of 3],https://vapeonlinestore.co.uk/products/smok-mini-v2-coils-pack-of-3,resistance,k4 0.15ohm octuple,not listed on VOS,,2.49,https://www.ninja-vapes.co.uk/product/smok-tfv8-baby-v2-coils-a1-a2-smok-species-kit,reviewed
ninja-vapes.co.uk,smok baby v2 (mini v2) replacement coils,smok tfv-mini v2 replacement coils [pack of 3],https://vapeonlinestore.co.uk/products/smok-mini-v2-coils-pack-of-3,resistance,s1 0.15ohm single,not listed on VOS,,2.49,https://www.ninja-vapes.co.uk/product/smok-tfv8-baby-v2-coils-a1-a2-smok-species-kit,reviewed
ninja-vapes.co.uk,smok baby v2 (mini v2) replacement coils,smok tfv-mini v2 replacement coils [pack of 3],https://vapeonlinestore.co.uk/products/smok-mini-v2-coils-pack-of-3,resistance,s2 0.15ohm quadruple,not listed on VOS,,2.49,https://www.ninja-vapes.co.uk/product/smok-tfv8-baby-v2-coils-a1-a2-smok-species-kit,reviewed
ninja-vapes.co.uk,smok tfv mini v2 sub ohm tank,smok tfv-mini v2 vape tank,https://vapeonlinestore.co.uk/products/smok-tfv-mini-v2-vape-tank,colour,gold,not listed on VOS,,19.99,https://www.ninja-vapes.co.uk/product/smok-tfv-mini-v2-sub-ohm-tank,medium
ninja-vapes.co.uk,smok tfv mini v2 sub ohm tank,smok tfv-mini v2 vape tank,https://vapeonlinestore.co.uk/products/smok-tfv-mini-v2-vape-tank,colour,green,not listed on VOS,,19.99,https://www.ninja-vapes.co.uk/product/smok-tfv-mini-v2-sub-ohm-tank,medium
ninja-vapes.co.uk,smok tfv mini v2 sub ohm tank,smok tfv-mini v2 vape tank,https://vapeonlinestore.co.uk/products/smok-tfv-mini-v2-vape-tank,colour,prism blue,not listed on VOS,,19.99,https://www.ninja-vapes.co.uk/product/smok-tfv-mini-v2-sub-ohm-tank,medium
ninja-vapes.co.uk,smok tfv mini v2 sub ohm tank,smok tfv-mini v2 vape tank,https://vapeonlinestore.co.uk/products/smok-tfv-mini-v2-vape-tank,colour,red,not listed on VOS,,19.99,https://www.ninja-vapes.co.uk/product/smok-tfv-mini-v2-sub-ohm-tank,medium
ninja-vapes.co.uk,smok tfv16 lite replacement coils,smok tfv16 lite replacement coils pack of 3,https://vapeonlinestore.co.uk/products/tfv16-lite-replacement-coils-3-pack-by-smok,resistance,0.15ohm dual 3,not listed on VOS,,8.99,https://www.ninja-vapes.co.uk/product/smok-tfv16-lite-coils,high
ninja-vapes.co.uk,smok tfv16 lite replacement coils,smok tfv16 lite replacement coils pack of 3,https://vapeonlinestore.co.uk/products/tfv16-lite-replacement-coils-3-pack-by-smok,resistance,0.2ohm conical 3,not listed on VOS,,8.99,https://www.ninja-vapes.co.uk/product/smok-tfv16-lite-coils,high
ninja-vapes.co.uk,smok tfv18 tank,smok tfv18 mini sub-ohm tank,https://vapeonlinestore.co.uk/products/tfv18-mini-sub-ohm-tank-by-smok,colour,plating matte black,not listed on VOS,,22.99,https://www.ninja-vapes.co.uk/product/smok-tfv18-tank,low
ninja-vapes.co.uk,smok tfv18 tank,smok tfv18 mini sub-ohm tank,https://vapeonlinestore.co.uk/products/tfv18-mini-sub-ohm-tank-by-smok,colour,stainless steel,not listed on VOS,,22.99,https://www.ninja-vapes.co.uk/product/smok-tfv18-tank,low
ninja-vapes.co.uk,smok v8 x-baby replacement coils,smok v8 x-baby replacement coils pack of 3,https://vapeonlinestore.co.uk/products/smok-v8-x-baby-coils,resistance,0.4ohm x2,not listed on VOS,,9.99,https://www.ninja-vapes.co.uk/product/smok-v8-x-baby-coils,high
ninja-vapes.co.uk,smok vape pen v2 starter kit,smok vape pen v2 kit,https://vapeonlinestore.co.uk/products/smok-vape-pen-v2,colour,7 color,not listed on VOS,,16.99,https://www.ninja-vapes.co.uk/product/smok-vape-pen-v2-60w-starter-kit,high
ninja-vapes.co.uk,smok vape pen v2 starter kit,smok vape pen v2 kit,https://vapeonlinestore.co.uk/products/smok-vape-pen-v2,colour,gun metal,not listed on VOS,,16.99,https://www.ninja-vapes.co.uk/product/smok-vape-pen-v2-60w-starter-kit,high
ninja-vapes.co.uk,smok vape pen v2 starter kit,smok vape pen v2 kit,https://vapeonlinestore.co.uk/products/smok-vape-pen-v2,colour,stainless steel,not listed on VOS,,16.99,https://www.ninja-vapes.co.uk/product/smok-vape-pen-v2-60w-starter-kit,high
ninja-vapes.co.uk,soltz premium 10ml nic salt 20+ flavours,soltz premium 10ml nic salts,https://vapeonlinestore.co.uk/products/soltz-premium-10ml-nic-salts,flavour,black ice,not listed on VOS,,2.99,https://www.ninja-vapes.co.uk/product/soltz-premium-10ml-nic-salts,reviewed
ninja-vapes.co.uk,soltz premium 10ml nic salt 20+ flavours,soltz premium 10ml nic salts,https://vapeonlinestore.co.uk/products/soltz-premium-10ml-nic-salts,flavour,hznberg,not listed on VOS,,2.99,https://www.ninja-vapes.co.uk/product/soltz-premium-10ml-nic-salts,reviewed
ninja-vapes.co.uk,Super Juice Mindnight 100Ml Shortfill,super juice 100ml shortfill e-liquid,https://vapeonlinestore.co.uk/products/super-juice-100ml-shortfill-e-liquid,flavour,berry breeze,not listed on VOS,,9.99,https://www.ninja-vapes.co.uk/product/super-juice-midnight-berry-breeze-eliquid,reviewed
ninja-vapes.co.uk,Super Juice Mapple 100Ml Shortfill E-Liquid,super juice 100ml shortfill e-liquid,https://vapeonlinestore.co.uk/products/super-juice-100ml-shortfill-e-liquid,flavour,mix up,not listed on VOS,,9.99,https://www.ninja-vapes.co.uk/product/super-juice-mapple-mix-up-storm-eliquid,reviewed
ninja-vapes.co.uk,Syco Xtreme Desserts 100Ml,syco xtreme dessert range shortfill 100ml e-liquid,https://vapeonlinestore.co.uk/products/syco-xtreme-dessert-range-shortfill-100ml-e-liquid,flavour,caramel custard doughnut,not listed on VOS,,5.99,https://www.ninja-vapes.co.uk/product/syco-xtreme-desserts-caramel-custard-doughnut-100ml-25440,reviewed
ninja-vapes.co.uk,Syco Xtreme Desserts 100Ml,syco xtreme dessert range shortfill 100ml e-liquid,https://vapeonlinestore.co.uk/products/syco-xtreme-dessert-range-shortfill-100ml-e-liquid,flavour,lemon cookie,not listed on VOS,,5.99,https://www.ninja-vapes.co.uk/product/syco-xtreme-desserts-lemon-cookie-100ml-25442,reviewed
ninja-vapes.co.uk,Syco Xtreme Desserts 100Ml,syco xtreme dessert range shortfill 100ml e-liquid,https://vapeonlinestore.co.uk/products/syco-xtreme-dessert-range-shortfill-100ml-e-liquid,flavour,sticky toffee pudding,not listed on VOS,,5.99,https://www.ninja-vapes.co.uk/product/syco-xtreme-desserts-sticky-toffee-pudding-100ml-25443,reviewed
ninja-vapes.co.uk,Syco Xtreme 100Ml,syco xtreme gumball 100ml e-liquid,https://vapeonlinestore.co.uk/products/syco-xtreme-gumball-100ml,flavour,berry berry lemonade,not listed on VOS,,5.99,https://www.ninja-vapes.co.uk/product/syco-xtreme-berries-berry-lemonade-100ml,medium
ninja-vapes.co.uk,Syco Xtreme 100Ml,syco xtreme gumball 100ml e-liquid,https://vapeonlinestore.co.uk/products/syco-xtreme-gumball-100ml,flavour,berry blueberry kiwi,not listed on VOS,,5.99,https://www.ninja-vapes.co.uk/product/Syco-Xtreme-berries-blueberry-kiwi-100ml,medium
ninja-vapes.co.uk,Syco Xtreme 100Ml,syco xtreme gumball 100ml e-liquid,https://vapeonlinestore.co.uk/products/syco-xtreme-gumball-100ml,flavour,berry bluvim,not listed on VOS,,5.99,https://www.ninja-vapes.co.uk/product/syco-xtreme-berries-bluvim-100ml,medium
ninja-vapes.co.uk,Syco Xtreme 100Ml,syco xtreme gumball 100ml e-liquid,https://vapeonlinestore.co.uk/products/syco-xtreme-gumball-100ml,flavour,berry sweet berry,not listed on VOS,,5.99,https://www.ninja-vapes.co.uk/product/syco-xtreme-berries-sweet-berries-100ml,medium
ninja-vapes.co.uk,Syco Xtreme 100Ml,syco xtreme gumball 100ml e-liquid,https://vapeonlinestore.co.uk/products/syco-xtreme-gumball-100ml,flavour,chill black tune,not listed on VOS,,5.99,https://www.ninja-vapes.co.uk/product/syco-xtreme-chill-black-tune-100ml-25436,medium
ninja-vapes.co.uk,Syco Xtreme 100Ml,syco xtreme gumball 100ml e-liquid,https://vapeonlinestore.co.uk/products/syco-xtreme-gumball-100ml,flavour,chill blackcurrant breeze,not listed on VOS,,5.99,https://www.ninja-vapes.co.uk/product/syco-xtreme-chill-blackcurrant-breeze-100ml,medium
ninja-vapes.co.uk,Syco Xtreme 100Ml,syco xtreme gumball 100ml e-liquid,https://vapeonlinestore.co.uk/products/syco-xtreme-gumball-100ml,flavour,fruity blueberry,not listed on VOS,,5.99,https://www.ninja-vapes.co.uk/product/syco-xtreme-fruity-blueberry-100ml-25444,medium
ninja-vapes.co.uk,Syco Xtreme 100Ml,syco xtreme gumball 100ml e-liquid,https://vapeonlinestore.co.uk/products/syco-xtreme-gumball-100ml,flavour,fruity raspberry,not listed on VOS,,5.99,https://www.ninja-vapes.co.uk/product/syco-xtreme-fruity-raspberry-100ml-25445,medium
ninja-vapes.co.uk,Syco Xtreme 100Ml,syco xtreme gumball 100ml e-liquid,https://vapeonlinestore.co.uk/products/syco-xtreme-gumball-100ml,flavour,fruity strawberry,not listed on VOS,,5.99,https://www.ninja-vapes.co.uk/product/syco-xtreme-fruity-strawberry-100ml-25446,medium
ninja-vapes.co.uk,the crystal pro max nic salts 10ml all flavours,the crystal pro max 10ml nic salt e-liquid,https://vapeonlinestore.co.uk/products/the-crystal-pro-max-salt-e-liquid,flavour,blue raspberry gummy,not listed on VOS,,2.89,https://www.ninja-vapes.co.uk/product/the-crystal-pro-max-nic-salts-10ml,reviewed
ninja-vapes.co.uk,the crystal pro max nic salts 10ml all flavours,the crystal pro max 10ml nic salt e-liquid,https://vapeonlinestore.co.uk/products/the-crystal-pro-max-salt-e-liquid,flavour,blueberry sour raspberry,not listed on VOS,,2.89,https://www.ninja-vapes.co.uk/product/the-crystal-pro-max-nic-salts-10ml,reviewed
ninja-vapes.co.uk,the crystal pro max nic salts 10ml all flavours,the crystal pro max 10ml nic salt e-liquid,https://vapeonlinestore.co.uk/products/the-crystal-pro-max-salt-e-liquid,flavour,rainbow,not listed on VOS,,2.89,https://www.ninja-vapes.co.uk/product/the-crystal-pro-max-nic-salts-10ml,reviewed
ninja-vapes.co.uk,the crystal pro max nic salts 10ml all flavours,the crystal pro max 10ml nic salt e-liquid,https://vapeonlinestore.co.uk/products/the-crystal-pro-max-salt-e-liquid,flavour,strawberry kiwi,not listed on VOS,,2.89,https://www.ninja-vapes.co.uk/product/the-crystal-pro-max-nic-salts-10ml,reviewed
ninja-vapes.co.uk,the lancashire creamery 100ml shortfill e-liquids,the lancashire creamery 100ml shortfill,https://vapeonlinestore.co.uk/products/the-lancashire-creamery-100ml-shortfill-e-liquid,flavour,pistachio hazel nut custard,not listed on VOS,,12.99,https://www.ninja-vapes.co.uk/product/the-lancashire-creamery-100ml-shortfills,high
ninja-vapes.co.uk,the lancashire creamery 100ml shortfill e-liquids,the lancashire creamery 100ml shortfill,https://vapeonlinestore.co.uk/products/the-lancashire-creamery-100ml-shortfill-e-liquid,flavour,strawberry milkshake deluxe,not listed on VOS,,12.99,https://www.ninja-vapes.co.uk/product/the-lancashire-creamery-100ml-shortfills,high
ninja-vapes.co.uk,the lancashire creamery 100ml shortfill e-liquids,the lancashire creamery 100ml shortfill,https://vapeonlinestore.co.uk/products/the-lancashire-creamery-100ml-shortfill-e-liquid,flavour,vanilla milkshake wafers,not listed on VOS,,12.99,https://www.ninja-vapes.co.uk/product/the-lancashire-creamery-100ml-shortfills,high
ninja-vapes.co.uk,100Ml By The Old Sweet Shop Shortfill E-Liquid,the old sweet shop 100ml shortfill e-liquid,https://vapeonlinestore.co.uk/products/the-old-sweet-shop-100ml-shortfill,flavour,blueberry bonbons,not listed on VOS,,8.99,https://www.ninja-vapes.co.uk/product/blueberry-bonbons-shortfill-the-old-sweet-shop,high
ninja-vapes.co.uk,100Ml By The Old Sweet Shop Shortfill E-Liquid,the old sweet shop 100ml shortfill e-liquid,https://vapeonlinestore.co.uk/products/the-old-sweet-shop-100ml-shortfill,flavour,cool mint,not listed on VOS,,8.99,https://www.ninja-vapes.co.uk/product/cool-mint-shortfill-the-old-sweet-shop,high
ninja-vapes.co.uk,100Ml By The Old Sweet Shop Shortfill E-Liquid,the old sweet shop 100ml shortfill e-liquid,https://vapeonlinestore.co.uk/products/the-old-sweet-shop-100ml-shortfill,flavour,mango chews,not listed on VOS,,8.99,https://www.ninja-vapes.co.uk/product/mango-chews-shortfill-the-old-sweet-shop,high
ninja-vapes.co.uk,100Ml By The Old Sweet Shop Shortfill E-Liquid,the old sweet shop 100ml shortfill e-liquid,https://vapeonlinestore.co.uk/products/the-old-sweet-shop-100ml-shortfill,flavour,red booster,not listed on VOS,,8.99,https://www.ninja-vapes.co.uk/product/red-boosters-shortfill-the-old-sweet-shop,high
ninja-vapes.co.uk,100Ml By The Old Sweet Shop Shortfill E-Liquid,the old sweet shop 100ml shortfill e-liquid,https://vapeonlinestore.co.uk/products/the-old-sweet-shop-100ml-shortfill,flavour,rhubarb custard,not listed on VOS,,8.99,https://www.ninja-vapes.co.uk/product/rhubarb-custard-shortfill-the-old-sweet-shop,high
ninja-vapes.co.uk,Sweet 100Ml Shortfill E-Liquid By The Old Sweet Shop,the old sweet shop 100ml shortfill e-liquid,https://vapeonlinestore.co.uk/products/the-old-sweet-shop-100ml-shortfill,flavour,toffee original,not listed on VOS,,8.99,https://www.ninja-vapes.co.uk/product/sweet-toffee-original-shortfill-the-old-sweet-shop,high
ninja-vapes.co.uk,tick tock magic 8000 prefilled refill pods,tick tock magic 8000 pods,https://vapeonlinestore.co.uk/products/tick-tock-magic-8k-pods,flavour,blueberry lemonade,not listed on VOS,,6.49,https://www.ninja-vapes.co.uk/product/tick-tock-magic-8000-prefilled-refill-pods,high
ninja-vapes.co.uk,tick tock magic 8000 prefilled refill pods,tick tock magic 8000 pods,https://vapeonlinestore.co.uk/products/tick-tock-magic-8k-pods,flavour,cherry ice,not listed on VOS,,6.49,https://www.ninja-vapes.co.uk/product/tick-tock-magic-8000-prefilled-refill-pods,high
ninja-vapes.co.uk,tick tock magic 8000 prefilled refill pods,tick tock magic 8000 pods,https://vapeonlinestore.co.uk/products/tick-tock-magic-8k-pods,flavour,fizzy grape,not listed on VOS,,6.49,https://www.ninja-vapes.co.uk/product/tick-tock-magic-8000-prefilled-refill-pods,high
ninja-vapes.co.uk,tick tock magic 8000 prefilled refill pods,tick tock magic 8000 pods,https://vapeonlinestore.co.uk/products/tick-tock-magic-8k-pods,flavour,fruit bomb,not listed on VOS,,6.49,https://www.ninja-vapes.co.uk/product/tick-tock-magic-8000-prefilled-refill-pods,high
ninja-vapes.co.uk,tick tock magic 8000 prefilled refill pods,tick tock magic 8000 pods,https://vapeonlinestore.co.uk/products/tick-tock-magic-8k-pods,flavour,fruit cocktail,not listed on VOS,,6.49,https://www.ninja-vapes.co.uk/product/tick-tock-magic-8000-prefilled-refill-pods,high
ninja-vapes.co.uk,tick tock magic 8000 prefilled refill pods,tick tock magic 8000 pods,https://vapeonlinestore.co.uk/products/tick-tock-magic-8k-pods,flavour,fusion pop,not listed on VOS,,6.49,https://www.ninja-vapes.co.uk/product/tick-tock-magic-8000-prefilled-refill-pods,high
ninja-vapes.co.uk,tick tock magic 8000 prefilled refill pods,tick tock magic 8000 pods,https://vapeonlinestore.co.uk/products/tick-tock-magic-8k-pods,flavour,gum blast,not listed on VOS,,6.49,https://www.ninja-vapes.co.uk/product/tick-tock-magic-8000-prefilled-refill-pods,high
ninja-vapes.co.uk,tick tock magic 8000 prefilled refill pods,tick tock magic 8000 pods,https://vapeonlinestore.co.uk/products/tick-tock-magic-8k-pods,flavour,icy blue,not listed on VOS,,6.49,https://www.ninja-vapes.co.uk/product/tick-tock-magic-8000-prefilled-refill-pods,high
ninja-vapes.co.uk,tick tock magic 8000 prefilled refill pods,tick tock magic 8000 pods,https://vapeonlinestore.co.uk/products/tick-tock-magic-8k-pods,flavour,lemon lime,not listed on VOS,,6.49,https://www.ninja-vapes.co.uk/product/tick-tock-magic-8000-prefilled-refill-pods,high
ninja-vapes.co.uk,tick tock magic 8000 prefilled refill pods,tick tock magic 8000 pods,https://vapeonlinestore.co.uk/products/tick-tock-magic-8k-pods,flavour,mad blue,not listed on VOS,,6.49,https://www.ninja-vapes.co.uk/product/tick-tock-magic-8000-prefilled-refill-pods,high
ninja-vapes.co.uk,Tick Tock Magic 8000 Puffs Vape Kit,tick tock magic 8000 prefilled pod kit,https://vapeonlinestore.co.uk/products/tick-tock-magic-8000,flavour,blueberry lemonade,not listed on VOS,,6.99,https://www.ninja-vapes.co.uk/product/tick-tock-magic-8000,high
ninja-vapes.co.uk,Tick Tock Magic 8000 Puffs Vape Kit,tick tock magic 8000 prefilled pod kit,https://vapeonlinestore.co.uk/products/tick-tock-magic-8000,flavour,cherry ice,not listed on VOS,,69.99,https://www.ninja-vapes.co.uk/product/box-of-10-crystal-prime-7000,high
ninja-vapes.co.uk,Tick Tock Magic 8000 Puffs Vape Kit,tick tock magic 8000 prefilled pod kit,https://vapeonlinestore.co.uk/products/tick-tock-magic-8000,flavour,fizzy grape,not listed on VOS,,69.99,https://www.ninja-vapes.co.uk/product/box-of-10-crystal-prime-7000,high
ninja-vapes.co.uk,Tick Tock Magic 8000 Puffs Vape Kit,tick tock magic 8000 prefilled pod kit,https://vapeonlinestore.co.uk/products/tick-tock-magic-8000,flavour,fresh mint,not listed on VOS,,69.99,https://www.ninja-vapes.co.uk/product/box-of-10-crystal-prime-7000,high
ninja-vapes.co.uk,Tick Tock Magic 8000 Puffs Vape Kit,tick tock magic 8000 prefilled pod kit,https://vapeonlinestore.co.uk/products/tick-tock-magic-8000,flavour,fruit bomb,not listed on VOS,,69.99,https://www.ninja-vapes.co.uk/product/box-of-10-crystal-prime-7000,high
ninja-vapes.co.uk,Tick Tock Magic 8000 Puffs Vape Kit,tick tock magic 8000 prefilled pod kit,https://vapeonlinestore.co.uk/products/tick-tock-magic-8000,flavour,fruit cocktail,not listed on VOS,,69.99,https://www.ninja-vapes.co.uk/product/box-of-10-crystal-prime-7000,high
ninja-vapes.co.uk,Tick Tock Magic 8000 Puffs Vape Kit,tick tock magic 8000 prefilled pod kit,https://vapeonlinestore.co.uk/products/tick-tock-magic-8000,flavour,fusion pop,not listed on VOS,,69.99,https://www.ninja-vapes.co.uk/product/box-of-10-crystal-prime-7000,high
ninja-vapes.co.uk,Tick Tock Magic 8000 Puffs Vape Kit,tick tock magic 8000 prefilled pod kit,https://vapeonlinestore.co.uk/products/tick-tock-magic-8000,flavour,gum blast,not listed on VOS,,69.99,https://www.ninja-vapes.co.uk/product/box-of-10-crystal-prime-7000,high
ninja-vapes.co.uk,Tick Tock Magic 8000 Puffs Vape Kit,tick tock magic 8000 prefilled pod kit,https://vapeonlinestore.co.uk/products/tick-tock-magic-8000,flavour,lemon lime,not listed on VOS,,69.99,https://www.ninja-vapes.co.uk/product/box-of-10-crystal-prime-7000,high
ninja-vapes.co.uk,Tick Tock Magic 8000 Puffs Vape Kit,tick tock magic 8000 prefilled pod kit,https://vapeonlinestore.co.uk/products/tick-tock-magic-8000,flavour,mad blue,not listed on VOS,,69.99,https://www.ninja-vapes.co.uk/product/box-of-10-crystal-prime-7000,high
ninja-vapes.co.uk,Tick Tock Magic 8000 Puffs Vape Kit,tick tock magic 8000 prefilled pod kit,https://vapeonlinestore.co.uk/products/tick-tock-magic-8000,flavour,pineapple kiwi,not listed on VOS,,69.99,https://www.ninja-vapes.co.uk/product/box-of-10-crystal-prime-7000,high
ninja-vapes.co.uk,Tick Tock Magic 8000 Puffs Vape Kit,tick tock magic 8000 prefilled pod kit,https://vapeonlinestore.co.uk/products/tick-tock-magic-8000,flavour,rocky candy orange,not listed on VOS,,69.99,https://www.ninja-vapes.co.uk/product/box-of-10-crystal-prime-7000,high
ninja-vapes.co.uk,Tick Tock Magic 8000 Puffs Vape Kit,tick tock magic 8000 prefilled pod kit,https://vapeonlinestore.co.uk/products/tick-tock-magic-8000,flavour,strawberry blue raspberry,not listed on VOS,,69.99,https://www.ninja-vapes.co.uk/product/box-of-10-crystal-prime-7000,high
ninja-vapes.co.uk,Tick Tock Magic 8000 Puffs Vape Kit,tick tock magic 8000 prefilled pod kit,https://vapeonlinestore.co.uk/products/tick-tock-magic-8000,flavour,strawberry kiwi,not listed on VOS,,69.99,https://www.ninja-vapes.co.uk/product/box-of-10-crystal-prime-7000,high
ninja-vapes.co.uk,Tick Tock Magic 8000 Puffs Vape Kit,tick tock magic 8000 prefilled pod kit,https://vapeonlinestore.co.uk/products/tick-tock-magic-8000,flavour,strawberry watermelon,not listed on VOS,,69.99,https://www.ninja-vapes.co.uk/product/box-of-10-crystal-prime-7000,high
ninja-vapes.co.uk,Tick Tock Magic 8000 Puffs Vape Kit,tick tock magic 8000 prefilled pod kit,https://vapeonlinestore.co.uk/products/tick-tock-magic-8000,flavour,watermelon,not listed on VOS,,69.99,https://www.ninja-vapes.co.uk/product/box-of-10-crystal-prime-7000,high
ninja-vapes.co.uk,Tick Tock Magic 8000 Puffs Vape Kit,tick tock magic 8000 prefilled pod kit,https://vapeonlinestore.co.uk/products/tick-tock-magic-8000,flavour,watermelon kiw,not listed on VOS,,6.99,https://www.ninja-vapes.co.uk/product/tick-tock-magic-8000,high
ninja-vapes.co.uk,Tick Tock Magic 8000 Puffs Vape Kit,tick tock magic 8000 prefilled pod kit,https://vapeonlinestore.co.uk/products/tick-tock-magic-8000,flavour,watermelon kiwi,not listed on VOS,,69.99,https://www.ninja-vapes.co.uk/product/box-of-10-crystal-prime-7000,high
ninja-vapes.co.uk,tick tock mini 2000 prefilled refill pods,tick tock mini 2000 puffs replacement pods pack of 2,https://vapeonlinestore.co.uk/products/tick-tock-mini-2000-puffs-pods,flavour,icy blue,not listed on VOS,,4.49,https://www.ninja-vapes.co.uk/product/tick-tock-mini-2000-prefilled-pod-kit,high
ninja-vapes.co.uk,Tick Tock Mini 2000 Puffs Vape Kit,tick tock mini 2000 puffs vape,https://vapeonlinestore.co.uk/products/tick-tock-mini-2000,flavour,sugar,not listed on VOS,,39.99,https://www.ninja-vapes.co.uk/product/box-of-10-tick-tock-mini-2000,high
ninja-vapes.co.uk,voopoo tpp repalcment coils,tpp replacement coils by voopoo,https://vapeonlinestore.co.uk/products/tpp-replacement-coils-by-voopoo,flavour,tpp dm1 0.15ohm,not listed on VOS,,7.99,https://www.ninja-vapes.co.uk/product/voopoo-tpp-repalcment-coils,medium
ninja-vapes.co.uk,voopoo tpp repalcment coils,tpp replacement coils by voopoo,https://vapeonlinestore.co.uk/products/tpp-replacement-coils-by-voopoo,flavour,tpp dm2 0.2ohm,not listed on VOS,,7.99,https://www.ninja-vapes.co.uk/product/voopoo-tpp-repalcment-coils,medium
ninja-vapes.co.uk,voopoo tpp repalcment coils,tpp replacement coils by voopoo,https://vapeonlinestore.co.uk/products/tpp-replacement-coils-by-voopoo,flavour,tpp dm3 0.15ohm,not listed on VOS,,7.99,https://www.ninja-vapes.co.uk/product/voopoo-tpp-repalcment-coils,medium
ninja-vapes.co.uk,voopoo tpp repalcment coils,tpp replacement coils by voopoo,https://vapeonlinestore.co.uk/products/tpp-replacement-coils-by-voopoo,flavour,tpp dm4 0.3ohm,not listed on VOS,,7.99,https://www.ninja-vapes.co.uk/product/voopoo-tpp-repalcment-coils,medium
ninja-vapes.co.uk,voopoo tpp replacement coils,tpp replacement coils by voopoo,https://vapeonlinestore.co.uk/products/tpp-replacement-coils-by-voopoo,resistance,0.15ohm,not listed on VOS,,9.95,https://www.ninja-vapes.co.uk/product/voopoo-tpp-replacement-coils,high
ninja-vapes.co.uk,voopoo tpp replacement coils,tpp replacement coils by voopoo,https://vapeonlinestore.co.uk/products/tpp-replacement-coils-by-voopoo,resistance,0.2ohm,not listed on VOS,,9.95,https://www.ninja-vapes.co.uk/product/voopoo-tpp-replacement-coils,high
ninja-vapes.co.uk,ultimate bar series 50ml e-liquid shortfill,ultimate bar series 50ml shortfill e-liquid,https://vapeonlinestore.co.uk/products/ultimate-bar-series-50ml-e-liquid,flavour,grape,not listed on VOS,,5.99,https://www.ninja-vapes.co.uk/product/ultimate-bar-series-50ml-shortfill-e-liquids,high
ninja-vapes.co.uk,ultimate bar series 50ml e-liquid shortfill,ultimate bar series 50ml shortfill e-liquid,https://vapeonlinestore.co.uk/products/ultimate-bar-series-50ml-e-liquid,flavour,menthol breeze,listed on VOS but out of stock,menthol breeze,5.99,https://www.ninja-vapes.co.uk/product/ultimate-bar-series-50ml-shortfill-e-liquids,high
ninja-vapes.co.uk,ultimate bar series 50ml e-liquid shortfill,ultimate bar series 50ml shortfill e-liquid,https://vapeonlinestore.co.uk/products/ultimate-bar-series-50ml-e-liquid,flavour,monster,not listed on VOS,,5.99,https://www.ninja-vapes.co.uk/product/ultimate-bar-series-50ml-shortfill-e-liquids,high
ninja-vapes.co.uk,ultimate bar series 50ml e-liquid shortfill,ultimate bar series 50ml shortfill e-liquid,https://vapeonlinestore.co.uk/products/ultimate-bar-series-50ml-e-liquid,flavour,pink lemonade,listed on VOS but out of stock,pink lemonade,5.99,https://www.ninja-vapes.co.uk/product/ultimate-bar-series-50ml-shortfill-e-liquids,high
ninja-vapes.co.uk,Ultimate Puff Villains Dread 100Ml,ultimate e-liquid villains 100ml shortfill,https://vapeonlinestore.co.uk/products/ultimate-e-liquid-villains-100ml,flavour,doctor,not listed on VOS,,10.99,https://www.ninja-vapes.co.uk/product/ultimate-puff-villains-doctor-dread-100ml,medium
ninja-vapes.co.uk,Ultimate Puff 50 50 10Ml,ultimate puff 50/50 range chilled,https://vapeonlinestore.co.uk/products/ultimate-puff-chilled-range-50-50-e-liquid,flavour,candy drops grape strawberry,not listed on VOS,,3.29,https://www.ninja-vapes.co.uk/product/ultimate-puff-candy-drops-50-50-grape-and-strawberry-10ml,reviewed
ninja-vapes.co.uk,Ultimate Puff 50 50 10Ml,ultimate puff 50/50 range chilled,https://vapeonlinestore.co.uk/products/ultimate-puff-chilled-range-50-50-e-liquid,flavour,candy drops lemonade cherry,not listed on VOS,,3.29,https://www.ninja-vapes.co.uk/product/ultimate-puff-candy-drops-50-50-lemonade-and-cherry-10ml,reviewed
ninja-vapes.co.uk,Ultimate Puff 50 50 10Ml,ultimate puff 50/50 range chilled,https://vapeonlinestore.co.uk/products/ultimate-puff-chilled-range-50-50-e-liquid,flavour,candy drops rainbow,not listed on VOS,,3.29,https://www.ninja-vapes.co.uk/product/ultimate-puff-candy-drops-50-50-rainbow-10ml,reviewed
ninja-vapes.co.uk,Ultimate Puff 50 50 10Ml,ultimate puff 50/50 range chilled,https://vapeonlinestore.co.uk/products/ultimate-puff-chilled-range-50-50-e-liquid,flavour,candy drops strawberry melon,not listed on VOS,,3.29,https://www.ninja-vapes.co.uk/product/ultimate-puff-candy-drops-50-50-strawberry-melon-10ml,reviewed
ninja-vapes.co.uk,Ultimate Puff 50 50 10Ml,ultimate puff 50/50 range chilled,https://vapeonlinestore.co.uk/products/ultimate-puff-chilled-range-50-50-e-liquid,flavour,candy drops watermelon cherry,not listed on VOS,,3.29,https://www.ninja-vapes.co.uk/product/ultimate-puff-candy-drops-50-50-watermelon-and-cherry-10ml,reviewed
ninja-vapes.co.uk,Ultimate Puff 50 50 10Ml,ultimate puff 50/50 range chilled,https://vapeonlinestore.co.uk/products/ultimate-puff-chilled-range-50-50-e-liquid,flavour,chilled blue raspberry,not listed on VOS,,3.29,https://www.ninja-vapes.co.uk/product/ultimate-puff-chilled-50-50-blue-raspberry-10ml,reviewed
ninja-vapes.co.uk,Ultimate Puff 50 50 10Ml,ultimate puff 50/50 range chilled,https://vapeonlinestore.co.uk/products/ultimate-puff-chilled-range-50-50-e-liquid,flavour,chilled grape,not listed on VOS,,3.29,https://www.ninja-vapes.co.uk/product/ultimate-puff-chilled-50-50-grape-10ml,reviewed
ninja-vapes.co.uk,Ultimate Puff 50 50 10Ml,ultimate puff 50/50 range chilled,https://vapeonlinestore.co.uk/products/ultimate-puff-chilled-range-50-50-e-liquid,flavour,chilled mango,not listed on VOS,,3.29,https://www.ninja-vapes.co.uk/product/ultimate-puff-chilled-50-50-mango-10ml,reviewed
ninja-vapes.co.uk,Ultimate Puff 50 50 10Ml,ultimate puff 50/50 range chilled,https://vapeonlinestore.co.uk/products/ultimate-puff-chilled-range-50-50-e-liquid,flavour,chilled pink raspberry,not listed on VOS,,2.39,https://www.ninja-vapes.co.uk/product/ultimate-puff-chilled-50-50-pink-raspberry-10ml,reviewed
ninja-vapes.co.uk,Ultimate Puff 50 50 10Ml,ultimate puff 50/50 range chilled,https://vapeonlinestore.co.uk/products/ultimate-puff-chilled-range-50-50-e-liquid,flavour,chilled watermelon apple,not listed on VOS,,3.29,https://www.ninja-vapes.co.uk/product/ultimate-puff-chilled-watermelon-apple-10ml-50-50,reviewed
ninja-vapes.co.uk,Ultimate Puff 50 50 10Ml,ultimate puff 50/50 range chilled,https://vapeonlinestore.co.uk/products/ultimate-puff-chilled-range-50-50-e-liquid,flavour,sherbet apple mango,not listed on VOS,,3.29,https://www.ninja-vapes.co.uk/product/ultimate-puff-sherbet-50-50-apple-and-mango-10ml,reviewed
ninja-vapes.co.uk,Ultimate Puff 50 50 10Ml,ultimate puff 50/50 range chilled,https://vapeonlinestore.co.uk/products/ultimate-puff-chilled-range-50-50-e-liquid,flavour,sherbet cherry,not listed on VOS,,3.29,https://www.ninja-vapes.co.uk/product/ultimate-puff-sherbet-50-50-cherry-10ml-25362,reviewed
ninja-vapes.co.uk,Ultimate Puff 50 50 10Ml,ultimate puff 50/50 range chilled,https://vapeonlinestore.co.uk/products/ultimate-puff-chilled-range-50-50-e-liquid,flavour,sherbet lemon,not listed on VOS,,3.29,https://www.ninja-vapes.co.uk/product/ultimate-puff-sherbet-50-50-lemon-10ml,reviewed
ninja-vapes.co.uk,Ultimate Puff 50 50 10Ml,ultimate puff 50/50 range chilled,https://vapeonlinestore.co.uk/products/ultimate-puff-chilled-range-50-50-e-liquid,flavour,sherbet rainbow,not listed on VOS,,3.29,https://www.ninja-vapes.co.uk/product/ultimate-puff-sherbet-50-50-rainbow-10ml,reviewed
ninja-vapes.co.uk,Ultimate Puff 50 50 10Ml,ultimate puff 50/50 range chilled,https://vapeonlinestore.co.uk/products/ultimate-puff-chilled-range-50-50-e-liquid,flavour,sherbet raspberry,not listed on VOS,,3.29,https://www.ninja-vapes.co.uk/product/ultimate-puff-sherbet-50-50-raspberry-10ml,reviewed
ninja-vapes.co.uk,Ultimate Puff 50 50 10Ml,ultimate puff 50/50 range chilled,https://vapeonlinestore.co.uk/products/ultimate-puff-chilled-range-50-50-e-liquid,flavour,sherbet strawberry laces,not listed on VOS,,3.29,https://www.ninja-vapes.co.uk/product/ultimate-puff-sherbet-50-50-strawberry-laces-10ml,reviewed
ninja-vapes.co.uk,Ultimate Puff 50 50 10Ml,ultimate puff 50/50 range chilled,https://vapeonlinestore.co.uk/products/ultimate-puff-chilled-range-50-50-e-liquid,flavour,soda cherry cola,not listed on VOS,,3.29,https://www.ninja-vapes.co.uk/product/ultimate-puff-soda-50-50-cherry-cola-10ml,reviewed
ninja-vapes.co.uk,Ultimate Puff 50 50 10Ml,ultimate puff 50/50 range chilled,https://vapeonlinestore.co.uk/products/ultimate-puff-chilled-range-50-50-e-liquid,flavour,soda lemon lime cola,not listed on VOS,,3.29,https://www.ninja-vapes.co.uk/product/ultimate-puff-soda-50-50-lemon-and-lime-cola-10ml,reviewed
ninja-vapes.co.uk,Ultimate Puff 50 50 10Ml,ultimate puff 50/50 range chilled,https://vapeonlinestore.co.uk/products/ultimate-puff-chilled-range-50-50-e-liquid,flavour,soda original cola,not listed on VOS,,3.29,https://www.ninja-vapes.co.uk/product/ultimate-puff-soda-50-50-original-cola-10ml,reviewed
ninja-vapes.co.uk,Ultimate Puff 50 50 10Ml,ultimate puff 50/50 range chilled,https://vapeonlinestore.co.uk/products/ultimate-puff-chilled-range-50-50-e-liquid,flavour,soda pineapple crush,not listed on VOS,,3.29,https://www.ninja-vapes.co.uk/product/ultimate-puff-soda-50-50-pineapple-crush-10ml,reviewed
ninja-vapes.co.uk,Ultimate Salts 10Ml,ultimate salts custard 10ml nic salt,https://vapeonlinestore.co.uk/products/ultimate-salts-custard-10ml,flavour,candy drops lemonade cherry,not listed on VOS,,3.69,https://www.ninja-vapes.co.uk/product/ultimate-salts-candy-drops-lemonade-cherry-10ml,medium
ninja-vapes.co.uk,Ultimate Salts 10Ml,ultimate salts custard 10ml nic salt,https://vapeonlinestore.co.uk/products/ultimate-salts-custard-10ml,flavour,candy drops strawberry melon,not listed on VOS,,3.69,https://www.ninja-vapes.co.uk/product/ultimate-salts-candy-drops-strawberry-melon-10ml,medium
ninja-vapes.co.uk,Ultimate Salts 10Ml,ultimate salts custard 10ml nic salt,https://vapeonlinestore.co.uk/products/ultimate-salts-custard-10ml,flavour,chilled blue raspberry,not listed on VOS,,3.69,https://www.ninja-vapes.co.uk/product/ultimate-salts-chilled-blue-raspberry-10ml,medium
ninja-vapes.co.uk,Ultimate Salts 10Ml,ultimate salts custard 10ml nic salt,https://vapeonlinestore.co.uk/products/ultimate-salts-custard-10ml,flavour,chilled grape,not listed on VOS,,3.69,https://www.ninja-vapes.co.uk/product/ultimate-salts-chilled-grape-10ml,medium
ninja-vapes.co.uk,Ultimate Salts 10Ml,ultimate salts custard 10ml nic salt,https://vapeonlinestore.co.uk/products/ultimate-salts-custard-10ml,flavour,chilled mango,not listed on VOS,,3.69,https://www.ninja-vapes.co.uk/product/ultimate-salts-chilled-mango-10ml,medium
ninja-vapes.co.uk,Ultimate Salts 10Ml,ultimate salts custard 10ml nic salt,https://vapeonlinestore.co.uk/products/ultimate-salts-custard-10ml,flavour,chilled pink raspberry,not listed on VOS,,3.69,https://www.ninja-vapes.co.uk/product/ultimate-salts-chilled-pink-raspberry-10ml,medium
ninja-vapes.co.uk,Ultimate Salts 10Ml,ultimate salts custard 10ml nic salt,https://vapeonlinestore.co.uk/products/ultimate-salts-custard-10ml,flavour,chilled strawberry pom,not listed on VOS,,3.69,https://www.ninja-vapes.co.uk/product/ultimate-salts-chilled-strawberry-pom-10ml,medium
ninja-vapes.co.uk,Ultimate Salts 10Ml,ultimate salts custard 10ml nic salt,https://vapeonlinestore.co.uk/products/ultimate-salts-custard-10ml,flavour,chilled watermelon apple,not listed on VOS,,3.69,https://www.ninja-vapes.co.uk/product/ultimate-salts-chilled-watermelon-apple-10ml,medium
ninja-vapes.co.uk,Ultimate Salts 10Ml,ultimate salts custard 10ml nic salt,https://vapeonlinestore.co.uk/products/ultimate-salts-custard-10ml,flavour,cookies red velvet,not listed on VOS,,3.69,https://www.ninja-vapes.co.uk/product/ultimate-salts-cookies-red-velvet-10ml,medium
ninja-vapes.co.uk,Ultimate Salts 10Ml,ultimate salts custard 10ml nic salt,https://vapeonlinestore.co.uk/products/ultimate-salts-custard-10ml,flavour,custard maple syrup,not listed on VOS,,3.69,https://www.ninja-vapes.co.uk/product/ultimate-salts-custard-maple-syrup-10ml,medium
ninja-vapes.co.uk,Ultimate Salts 10Ml,ultimate salts custard 10ml nic salt,https://vapeonlinestore.co.uk/products/ultimate-salts-custard-10ml,flavour,custard purple,not listed on VOS,,3.69,https://www.ninja-vapes.co.uk/product/ultimate-salts-custard-purple-10ml,medium
ninja-vapes.co.uk,Ultimate Salts 10Ml,ultimate salts custard 10ml nic salt,https://vapeonlinestore.co.uk/products/ultimate-salts-custard-10ml,flavour,custard raspberry jam,not listed on VOS,,3.69,https://www.ninja-vapes.co.uk/product/ultimate-salts-custard-raspberry-jam-10ml,medium
ninja-vapes.co.uk,Ultimate Salts 10Ml,ultimate salts custard 10ml nic salt,https://vapeonlinestore.co.uk/products/ultimate-salts-custard-10ml,flavour,custard whipped vanilla,not listed on VOS,,3.69,https://www.ninja-vapes.co.uk/product/ultimate-salts-custard-whipped-vanilla-10ml,medium
ninja-vapes.co.uk,Ultimate Salts 10Ml,ultimate salts custard 10ml nic salt,https://vapeonlinestore.co.uk/products/ultimate-salts-custard-10ml,flavour,menthol blackcurrant,not listed on VOS,,3.69,https://www.ninja-vapes.co.uk/product/ultimate-salts-menthol-blackcurrant-10ml,medium
ninja-vapes.co.uk,Ultimate Salts 10Ml,ultimate salts custard 10ml nic salt,https://vapeonlinestore.co.uk/products/ultimate-salts-custard-10ml,flavour,menthol cherry,not listed on VOS,,3.69,https://www.ninja-vapes.co.uk/product/ultimate-salts-menthol-cherry-10ml,medium
ninja-vapes.co.uk,Ultimate Salts 10Ml,ultimate salts custard 10ml nic salt,https://vapeonlinestore.co.uk/products/ultimate-salts-custard-10ml,flavour,menthol mango,not listed on VOS,,3.69,https://www.ninja-vapes.co.uk/product/ultimate-salts-menthol-mango-10ml,medium
ninja-vapes.co.uk,Ultimate Salts 10Ml,ultimate salts custard 10ml nic salt,https://vapeonlinestore.co.uk/products/ultimate-salts-custard-10ml,flavour,menthol original,not listed on VOS,,3.69,https://www.ninja-vapes.co.uk/product/ultimate-salts-menthol-original-10ml,medium
ninja-vapes.co.uk,Ultimate Salts 10Ml,ultimate salts custard 10ml nic salt,https://vapeonlinestore.co.uk/products/ultimate-salts-custard-10ml,flavour,menthol raspberry,not listed on VOS,,3.69,https://www.ninja-vapes.co.uk/product/ultimate-salts-menthol-raspberry-10ml,medium
ninja-vapes.co.uk,Ultimate Salts 10Ml,ultimate salts custard 10ml nic salt,https://vapeonlinestore.co.uk/products/ultimate-salts-custard-10ml,flavour,menthol watermelon,not listed on VOS,,3.69,https://www.ninja-vapes.co.uk/product/ultimate-salts-menthol-watermelon-10ml,medium
ninja-vapes.co.uk,Ultimate Salts 10Ml,ultimate salts custard 10ml nic salt,https://vapeonlinestore.co.uk/products/ultimate-salts-custard-10ml,flavour,on ice apple mango,not listed on VOS,,3.69,https://www.ninja-vapes.co.uk/product/ultimate-salts-on-ice-apple-and-mango-10ml,medium
ninja-vapes.co.uk,Ultimate Salts 10Ml,ultimate salts custard 10ml nic salt,https://vapeonlinestore.co.uk/products/ultimate-salts-custard-10ml,flavour,on ice blackcurrant,not listed on VOS,,3.69,https://www.ninja-vapes.co.uk/product/ultimate-salts-on-ice-blackcurrant-10ml,medium
ninja-vapes.co.uk,Ultimate Salts 10Ml,ultimate salts custard 10ml nic salt,https://vapeonlinestore.co.uk/products/ultimate-salts-custard-10ml,flavour,on ice blue slush,not listed on VOS,,3.69,https://www.ninja-vapes.co.uk/product/ultimate-salts-on-ice-blue-slush-10ml,medium
ninja-vapes.co.uk,Ultimate Salts 10Ml,ultimate salts custard 10ml nic salt,https://vapeonlinestore.co.uk/products/ultimate-salts-custard-10ml,flavour,on ice grape strawberry,not listed on VOS,,3.69,https://www.ninja-vapes.co.uk/product/ultimate-salts-on-ice-grape-and-strawberry-10ml,medium
ninja-vapes.co.uk,Ultimate Salts 10Ml,ultimate salts custard 10ml nic salt,https://vapeonlinestore.co.uk/products/ultimate-salts-custard-10ml,flavour,on ice rainbow,not listed on VOS,,3.69,https://www.ninja-vapes.co.uk/product/ultimate-salts-on-ice-rainbow-10ml,medium
ninja-vapes.co.uk,Ultimate Salts 10Ml,ultimate salts custard 10ml nic salt,https://vapeonlinestore.co.uk/products/ultimate-salts-custard-10ml,flavour,sherbet apple mango,not listed on VOS,,3.69,https://www.ninja-vapes.co.uk/product/ultimate-salts-sherbet-apple-and-mango-10ml,medium
ninja-vapes.co.uk,Ultimate Salts 10Ml,ultimate salts custard 10ml nic salt,https://vapeonlinestore.co.uk/products/ultimate-salts-custard-10ml,flavour,sherbet cherry,not listed on VOS,,3.69,https://www.ninja-vapes.co.uk/product/ultimate-salts-sherbet-cherry-10ml,medium
ninja-vapes.co.uk,Ultimate Salts 10Ml,ultimate salts custard 10ml nic salt,https://vapeonlinestore.co.uk/products/ultimate-salts-custard-10ml,flavour,sherbet lemon,not listed on VOS,,3.69,https://www.ninja-vapes.co.uk/product/ultimate-salts-sherbet-lemon-10ml,medium
ninja-vapes.co.uk,Ultimate Salts 10Ml,ultimate salts custard 10ml nic salt,https://vapeonlinestore.co.uk/products/ultimate-salts-custard-10ml,flavour,sherbet rainbow,not listed on VOS,,3.69,https://www.ninja-vapes.co.uk/product/ultimate-salts-sherbet-rainbow-10ml,medium
ninja-vapes.co.uk,Ultimate Salts 10Ml,ultimate salts custard 10ml nic salt,https://vapeonlinestore.co.uk/products/ultimate-salts-custard-10ml,flavour,sherbet raspberry,not listed on VOS,,3.69,https://www.ninja-vapes.co.uk/product/ultimate-salts-sherbet-raspberry-10ml,medium
ninja-vapes.co.uk,Ultimate Salts 10Ml,ultimate salts custard 10ml nic salt,https://vapeonlinestore.co.uk/products/ultimate-salts-custard-10ml,flavour,sherbet strawberry laces,not listed on VOS,,3.69,https://www.ninja-vapes.co.uk/product/ultimate-salts-sherbet-strawberry-laces-10ml,medium
ninja-vapes.co.uk,Ultimate Salts 10Ml,ultimate salts custard 10ml nic salt,https://vapeonlinestore.co.uk/products/ultimate-salts-custard-10ml,flavour,slushy green,not listed on VOS,,3.69,https://www.ninja-vapes.co.uk/product/ultimate-salts-slushy-green-10ml,medium
ninja-vapes.co.uk,Ultimate Salts 10Ml,ultimate salts custard 10ml nic salt,https://vapeonlinestore.co.uk/products/ultimate-salts-custard-10ml,flavour,slushy pink,not listed on VOS,,3.69,https://www.ninja-vapes.co.uk/product/ultimate-salts-slushy-pink-10ml,medium
ninja-vapes.co.uk,Ultimate Salts 10Ml,ultimate salts custard 10ml nic salt,https://vapeonlinestore.co.uk/products/ultimate-salts-custard-10ml,flavour,slushy purple,not listed on VOS,,3.69,https://www.ninja-vapes.co.uk/product/ultimate-salts-slushy-purple-10ml,medium
ninja-vapes.co.uk,Ultimate Salts 10Ml,ultimate salts custard 10ml nic salt,https://vapeonlinestore.co.uk/products/ultimate-salts-custard-10ml,flavour,slushy red,not listed on VOS,,3.69,https://www.ninja-vapes.co.uk/product/ultimate-salts-slushy-red-10ml,medium
ninja-vapes.co.uk,Ultimate Salts 10Ml,ultimate salts custard 10ml nic salt,https://vapeonlinestore.co.uk/products/ultimate-salts-custard-10ml,flavour,slushy yellow,not listed on VOS,,3.69,https://www.ninja-vapes.co.uk/product/ultimate-salts-slushy-yellow-10ml,medium
ninja-vapes.co.uk,Ultimate Salts 10Ml,ultimate salts custard 10ml nic salt,https://vapeonlinestore.co.uk/products/ultimate-salts-custard-10ml,flavour,soda blackcurrant crush,not listed on VOS,,3.69,https://www.ninja-vapes.co.uk/product/ultimate-salts-soda-blackcurrant-crush-10ml,medium
ninja-vapes.co.uk,Ultimate Salts 10Ml,ultimate salts custard 10ml nic salt,https://vapeonlinestore.co.uk/products/ultimate-salts-custard-10ml,flavour,soda cherry cola,not listed on VOS,,3.69,https://www.ninja-vapes.co.uk/product/ultimate-salts-soda-cherry-cola-10ml,medium
ninja-vapes.co.uk,Ultimate Salts 10Ml,ultimate salts custard 10ml nic salt,https://vapeonlinestore.co.uk/products/ultimate-salts-custard-10ml,flavour,soda mango cola,not listed on VOS,,3.69,https://www.ninja-vapes.co.uk/product/ultimate-salts-soda-mango-cola-10ml,medium
ninja-vapes.co.uk,Ultimate Salts 10Ml,ultimate salts custard 10ml nic salt,https://vapeonlinestore.co.uk/products/ultimate-salts-custard-10ml,flavour,soda original cola,not listed on VOS,,3.69,https://www.ninja-vapes.co.uk/product/ultimate-salts-soda-original-cola-10ml,medium
ninja-vapes.co.uk,Ultimate Salts 10Ml,ultimate salts custard 10ml nic salt,https://vapeonlinestore.co.uk/products/ultimate-salts-custard-10ml,flavour,soda pineapple crush,not listed on VOS,,3.69,https://www.ninja-vapes.co.uk/product/ultimate-salts-soda-pineapple-crush-10ml,medium
ninja-vapes.co.uk,Ultimate Salt 10Ml,ultimate slushy salt 10ml nic salt,https://vapeonlinestore.co.uk/products/ultimate-slushy-salt-10ml,flavour,blossom acai apple,not listed on VOS,,3.69,https://www.ninja-vapes.co.uk/product/ultimate-salt-blossom-acai-and-apple-10ml,medium
ninja-vapes.co.uk,Ultimate Salt 10Ml,ultimate slushy salt 10ml nic salt,https://vapeonlinestore.co.uk/products/ultimate-slushy-salt-10ml,flavour,blossom aloe lychee pom,not listed on VOS,,3.69,https://www.ninja-vapes.co.uk/product/ultimate-salt-blossom-aloe-lychee-and-pom-10ml,medium
ninja-vapes.co.uk,Ultimate Salt 10Ml,ultimate slushy salt 10ml nic salt,https://vapeonlinestore.co.uk/products/ultimate-slushy-salt-10ml,flavour,blossom elderflower apple mango,not listed on VOS,,3.69,https://www.ninja-vapes.co.uk/product/ultimate-salt-blossom-elderflower-apple-and-mango-10ml,medium
ninja-vapes.co.uk,Ultimate Salt 10Ml,ultimate slushy salt 10ml nic salt,https://vapeonlinestore.co.uk/products/ultimate-slushy-salt-10ml,flavour,blossom juniper pink lemon,not listed on VOS,,3.69,https://www.ninja-vapes.co.uk/product/ultimate-salt-blossom-juniper-and-pink-lemon-10ml,medium
ninja-vapes.co.uk,Ultimate Salt 10Ml,ultimate slushy salt 10ml nic salt,https://vapeonlinestore.co.uk/products/ultimate-slushy-salt-10ml,flavour,cider apple blackcurrant,not listed on VOS,,3.69,https://www.ninja-vapes.co.uk/product/ultimate-salt-cider-apple-blackcurrant-10ml,medium
ninja-vapes.co.uk,Ultimate Salt 10Ml,ultimate slushy salt 10ml nic salt,https://vapeonlinestore.co.uk/products/ultimate-slushy-salt-10ml,flavour,cider dark fruit,not listed on VOS,,3.69,https://www.ninja-vapes.co.uk/product/ultimate-salt-cider-dark-fruit-10ml,medium
ninja-vapes.co.uk,Ultimate Salt 10Ml,ultimate slushy salt 10ml nic salt,https://vapeonlinestore.co.uk/products/ultimate-slushy-salt-10ml,flavour,cider fruity pear,not listed on VOS,,3.69,https://www.ninja-vapes.co.uk/product/ultimate-salt-cider-fruity-pear-10ml,medium
ninja-vapes.co.uk,Ultimate Salt 10Ml,ultimate slushy salt 10ml nic salt,https://vapeonlinestore.co.uk/products/ultimate-slushy-salt-10ml,flavour,cider passion fruit,not listed on VOS,,3.69,https://www.ninja-vapes.co.uk/product/ultimate-salt-cider-passion-fruit-10ml,medium
ninja-vapes.co.uk,Ultimate Salt 10Ml,ultimate slushy salt 10ml nic salt,https://vapeonlinestore.co.uk/products/ultimate-slushy-salt-10ml,flavour,cider strawberry lime,not listed on VOS,,3.69,https://www.ninja-vapes.co.uk/product/ultimate-salt-cider-strawberry-lime-10ml,medium
ninja-vapes.co.uk,Ultimate Salt 10Ml,ultimate slushy salt 10ml nic salt,https://vapeonlinestore.co.uk/products/ultimate-slushy-salt-10ml,flavour,cookies chocolate orange,not listed on VOS,,3.69,https://www.ninja-vapes.co.uk/product/ultimate-salt-cookies-chocolate-orange-10ml,medium
ninja-vapes.co.uk,uwell caliburn a2 pod kit,uwell caliburn a2 pod starter vape kit,https://vapeonlinestore.co.uk/products/uwell-caliburn-a2-pod-vape-kit,colour,aqua blue,not listed on VOS,,10.99,https://www.ninja-vapes.co.uk/product/uwell-caliburn-a2-15w-pod-kit-pod-kit,high
ninja-vapes.co.uk,uwell caliburn a2 pod kit,uwell caliburn a2 pod starter vape kit,https://vapeonlinestore.co.uk/products/uwell-caliburn-a2-pod-vape-kit,colour,arctic silver,not listed on VOS,,10.99,https://www.ninja-vapes.co.uk/product/uwell-caliburn-a2-15w-pod-kit-pod-kit,high
ninja-vapes.co.uk,uwell caliburn a2 pod kit,uwell caliburn a2 pod starter vape kit,https://vapeonlinestore.co.uk/products/uwell-caliburn-a2-pod-vape-kit,colour,black,not listed on VOS,,10.99,https://www.ninja-vapes.co.uk/product/uwell-caliburn-a2-15w-pod-kit-pod-kit,high
ninja-vapes.co.uk,uwell caliburn gz2 pod kit,uwell caliburn a2 pod starter vape kit,https://vapeonlinestore.co.uk/products/uwell-caliburn-a2-pod-vape-kit,colour,black,not listed on VOS,,9.99,https://www.ninja-vapes.co.uk/product/uwell-caliburn-gz2-pod-kit,medium
ninja-vapes.co.uk,uwell caliburn a2 pod kit,uwell caliburn a2 pod starter vape kit,https://vapeonlinestore.co.uk/products/uwell-caliburn-a2-pod-vape-kit,colour,blue,not listed on VOS,,10.99,https://www.ninja-vapes.co.uk/product/uwell-caliburn-a2-15w-pod-kit-pod-kit,high
ninja-vapes.co.uk,uwell caliburn gz2 pod kit,uwell caliburn a2 pod starter vape kit,https://vapeonlinestore.co.uk/products/uwell-caliburn-a2-pod-vape-kit,colour,blue black,not listed on VOS,,9.99,https://www.ninja-vapes.co.uk/product/uwell-caliburn-gz2-pod-kit,medium
ninja-vapes.co.uk,uwell caliburn a2 pod kit,uwell caliburn a2 pod starter vape kit,https://vapeonlinestore.co.uk/products/uwell-caliburn-a2-pod-vape-kit,colour,green,not listed on VOS,,10.99,https://www.ninja-vapes.co.uk/product/uwell-caliburn-a2-15w-pod-kit-pod-kit,high
ninja-vapes.co.uk,uwell caliburn a2 pod kit,uwell caliburn a2 pod starter vape kit,https://vapeonlinestore.co.uk/products/uwell-caliburn-a2-pod-vape-kit,colour,grey,not listed on VOS,,10.99,https://www.ninja-vapes.co.uk/product/uwell-caliburn-a2-15w-pod-kit-pod-kit,high
ninja-vapes.co.uk,uwell caliburn a2 pod kit,uwell caliburn a2 pod starter vape kit,https://vapeonlinestore.co.uk/products/uwell-caliburn-a2-pod-vape-kit,colour,iris purple,not listed on VOS,,10.99,https://www.ninja-vapes.co.uk/product/uwell-caliburn-a2-15w-pod-kit-pod-kit,high
ninja-vapes.co.uk,uwell caliburn a2 pod kit,uwell caliburn a2 pod starter vape kit,https://vapeonlinestore.co.uk/products/uwell-caliburn-a2-pod-vape-kit,colour,orange,not listed on VOS,,10.99,https://www.ninja-vapes.co.uk/product/uwell-caliburn-a2-15w-pod-kit-pod-kit,high
ninja-vapes.co.uk,uwell caliburn gz2 pod kit,uwell caliburn a2 pod starter vape kit,https://vapeonlinestore.co.uk/products/uwell-caliburn-a2-pod-vape-kit,colour,orange black,not listed on VOS,,9.99,https://www.ninja-vapes.co.uk/product/uwell-caliburn-gz2-pod-kit,medium
ninja-vapes.co.uk,uwell caliburn gz2 pod kit,uwell caliburn a2 pod starter vape kit,https://vapeonlinestore.co.uk/products/uwell-caliburn-a2-pod-vape-kit,colour,purple,not listed on VOS,,9.99,https://www.ninja-vapes.co.uk/product/uwell-caliburn-gz2-pod-kit,medium
ninja-vapes.co.uk,uwell caliburn gz2 pod kit,uwell caliburn a2 pod starter vape kit,https://vapeonlinestore.co.uk/products/uwell-caliburn-a2-pod-vape-kit,colour,red,not listed on VOS,,9.99,https://www.ninja-vapes.co.uk/product/uwell-caliburn-gz2-pod-kit,medium
ninja-vapes.co.uk,uwell caliburn gz2 pod kit,uwell caliburn a2 pod starter vape kit,https://vapeonlinestore.co.uk/products/uwell-caliburn-a2-pod-vape-kit,colour,silver,not listed on VOS,,9.99,https://www.ninja-vapes.co.uk/product/uwell-caliburn-gz2-pod-kit,medium
ninja-vapes.co.uk,uwell caliburn a2s pod vape kit,uwell caliburn a2s pod kit,https://vapeonlinestore.co.uk/products/uwell-caliburn-a2s-vape-kit,colour,gray,not listed on VOS,,9.99,https://www.ninja-vapes.co.uk/product/uwell-caliburn-a2s-pod-kit,high
ninja-vapes.co.uk,uwell caliburn gk3 pod kit,uwell caliburn a3 pod kit,https://vapeonlinestore.co.uk/products/uwell-caliburn-a3-pod-kit,colour,crimson,not listed on VOS,,11.99,https://www.ninja-vapes.co.uk/product/uwell-caliburn-gk3-pod-kit,medium
ninja-vapes.co.uk,uwell caliburn gk3 pod kit,uwell caliburn a3 pod kit,https://vapeonlinestore.co.uk/products/uwell-caliburn-a3-pod-kit,colour,graphite,not listed on VOS,,11.99,https://www.ninja-vapes.co.uk/product/uwell-caliburn-gk3-pod-kit,medium
ninja-vapes.co.uk,uwell caliburn a3 pod kit,uwell caliburn a3 pod kit,https://vapeonlinestore.co.uk/products/uwell-caliburn-a3-pod-kit,colour,gray,not listed on VOS,,13.99,https://www.ninja-vapes.co.uk/product/uwell-caliburn-a3-vape-kit,high
ninja-vapes.co.uk,uwell caliburn gk3 pod kit,uwell caliburn a3 pod kit,https://vapeonlinestore.co.uk/products/uwell-caliburn-a3-pod-kit,colour,gunmetal grey,not listed on VOS,,11.99,https://www.ninja-vapes.co.uk/product/uwell-caliburn-gk3-pod-kit,medium
ninja-vapes.co.uk,uwell caliburn gk3 pod kit,uwell caliburn a3 pod kit,https://vapeonlinestore.co.uk/products/uwell-caliburn-a3-pod-kit,colour,pitch black,not listed on VOS,,11.99,https://www.ninja-vapes.co.uk/product/uwell-caliburn-gk3-pod-kit,medium
ninja-vapes.co.uk,uwell caliburn ak3 pod kit,uwell caliburn ak3 pod kit price,https://vapeonlinestore.co.uk/products/uwell-caliburn-ak3-pod-kit,colour,gray,not listed on VOS,,11.99,https://www.ninja-vapes.co.uk/product/uwell-caliburn-ak3-pod-kit,high
ninja-vapes.co.uk,uwell caliburn ak3 pod kit,uwell caliburn ak3 pod kit price,https://vapeonlinestore.co.uk/products/uwell-caliburn-ak3-pod-kit,colour,pink,not listed on VOS,,11.99,https://www.ninja-vapes.co.uk/product/uwell-caliburn-ak3-pod-kit,high
ninja-vapes.co.uk,uwell caliburn g2 18w pod kit,uwell caliburn g2 pod kit,https://vapeonlinestore.co.uk/products/caliburn-g2-pod-kit-uwell,colour,carbon black,not listed on VOS,,17.99,https://www.ninja-vapes.co.uk/product/uwell-caliburn-g2-pod-vape-kit,medium
ninja-vapes.co.uk,uwell caliburn g2 18w pod kit,uwell caliburn g2 pod kit,https://vapeonlinestore.co.uk/products/caliburn-g2-pod-kit-uwell,colour,cobalt green,not listed on VOS,,17.99,https://www.ninja-vapes.co.uk/product/uwell-caliburn-g2-pod-vape-kit,medium
ninja-vapes.co.uk,uwell caliburn g2 18w pod kit,uwell caliburn g2 pod kit,https://vapeonlinestore.co.uk/products/caliburn-g2-pod-kit-uwell,colour,gradient,not listed on VOS,,17.99,https://www.ninja-vapes.co.uk/product/uwell-caliburn-g2-pod-vape-kit,medium
ninja-vapes.co.uk,uwell caliburn g2 18w pod kit,uwell caliburn g2 pod kit,https://vapeonlinestore.co.uk/products/caliburn-g2-pod-kit-uwell,colour,pyrrole scarlet,not listed on VOS,,17.99,https://www.ninja-vapes.co.uk/product/uwell-caliburn-g2-pod-vape-kit,medium
ninja-vapes.co.uk,uwell caliburn g2 18w pod kit,uwell caliburn g2 pod kit,https://vapeonlinestore.co.uk/products/caliburn-g2-pod-kit-uwell,colour,shading grey,not listed on VOS,,17.99,https://www.ninja-vapes.co.uk/product/uwell-caliburn-g2-pod-vape-kit,medium
ninja-vapes.co.uk,uwell caliburn g2 18w pod kit,uwell caliburn g2 pod kit,https://vapeonlinestore.co.uk/products/caliburn-g2-pod-kit-uwell,colour,ultramarine blue,not listed on VOS,,17.99,https://www.ninja-vapes.co.uk/product/uwell-caliburn-g2-pod-vape-kit,medium
ninja-vapes.co.uk,uwell caliburn g4 pro pod kit,uwell caliburn g4 pro koko pod vape kit,https://vapeonlinestore.co.uk/products/uwell-caliburn-g4-pro-koko,colour,frost white,not listed on VOS,,23.99,https://www.ninja-vapes.co.uk/product/uwell-caliburn-g4-pro-pod-kit,high
ninja-vapes.co.uk,uwell caliburn g4 pro pod kit,uwell caliburn g4 pro koko pod vape kit,https://vapeonlinestore.co.uk/products/uwell-caliburn-g4-pro-koko,colour,ink blue,not listed on VOS,,23.99,https://www.ninja-vapes.co.uk/product/uwell-caliburn-g4-pro-pod-kit,high
ninja-vapes.co.uk,uwell caliburn g4 pro pod kit,uwell caliburn g4 pro koko pod vape kit,https://vapeonlinestore.co.uk/products/uwell-caliburn-g4-pro-koko,colour,iron gray,not listed on VOS,,23.99,https://www.ninja-vapes.co.uk/product/uwell-caliburn-g4-pro-pod-kit,high
ninja-vapes.co.uk,uwell caliburn g4 pro pod kit,uwell caliburn g4 pro koko pod vape kit,https://vapeonlinestore.co.uk/products/uwell-caliburn-g4-pro-koko,colour,pearl silver,not listed on VOS,,23.99,https://www.ninja-vapes.co.uk/product/uwell-caliburn-g4-pro-pod-kit,high
ninja-vapes.co.uk,uwell caliburn g4 pro pod kit,uwell caliburn g4 pro koko pod vape kit,https://vapeonlinestore.co.uk/products/uwell-caliburn-g4-pro-koko,colour,stripe black,not listed on VOS,,23.99,https://www.ninja-vapes.co.uk/product/uwell-caliburn-g4-pro-pod-kit,high
ninja-vapes.co.uk,uwell caliburn g4 pro pod kit,uwell caliburn g4 pro koko pod vape kit,https://vapeonlinestore.co.uk/products/uwell-caliburn-g4-pro-koko,flavour,fantasy pink,not listed on VOS,,23.99,https://www.ninja-vapes.co.uk/product/uwell-caliburn-g4-pro-pod-kit,high
ninja-vapes.co.uk,uwell caliburn g5 lite se pod kit,uwell caliburn g5 lite se vape kit,https://vapeonlinestore.co.uk/products/uwell-caliburn-g5-lite-se-vape-kit,flavour,purple leather,not listed on VOS,,10.99,https://www.ninja-vapes.co.uk/product/uwell-caliburn-g5-lite-se-vape-kit,high
ninja-vapes.co.uk,uwell caliburn g5 lite se pod kit,uwell caliburn g5 lite se vape kit,https://vapeonlinestore.co.uk/products/uwell-caliburn-g5-lite-se-vape-kit,flavour,white leather,not listed on VOS,,10.99,https://www.ninja-vapes.co.uk/product/uwell-caliburn-g5-lite-se-vape-kit,high
ninja-vapes.co.uk,uwell caliburn g5 pod kit,uwell caliburn g5 pod vape kit,https://vapeonlinestore.co.uk/products/uwell-caliburn-g5-pod-kit,flavour,silver marble,not listed on VOS,,22.99,https://www.ninja-vapes.co.uk/product/uwell-caliburn-g5,high
ninja-vapes.co.uk,uwell caliburn gk2 pod kit,uwell caliburn gk2 pod kit,https://vapeonlinestore.co.uk/products/uwell-caliburn-gk2-pod-kit,colour,orange,not listed on VOS,,8.99,https://www.ninja-vapes.co.uk/product/uwell-caliburn-gk2-pod-kit,high
ninja-vapes.co.uk,uwell caliburn koko prime pod kit,uwell caliburn koko prime pod kit,https://vapeonlinestore.co.uk/products/uwell-caliburn-koko-prime-pod-kit,colour,sliver,not listed on VOS,,19.99,https://www.ninja-vapes.co.uk/product/uwell-caliburn-koko-prime-pod-kit,high
ninja-vapes.co.uk,Pod System Kit Uwell Caliburn Koko Prime Pod Kit,uwell caliburn koko prime pod kit,https://vapeonlinestore.co.uk/products/uwell-caliburn-koko-prime-pod-kit,flavour,15w,not listed on VOS,,24.99,https://www.ninja-vapes.co.uk/product/15w-pod-system-kit-uwell-caliburn-koko-prime-pod-kit,high
ninja-vapes.co.uk,uwell caliburn pod pack,uwell caliburn pod pack – for four pods,https://vapeonlinestore.co.uk/products/uwell-caliburn-pod-pack,resistance,1.2ohm,not listed on VOS,,9.95,https://www.ninja-vapes.co.uk/product/uwell-caliburn-pod-pack,reviewed
ninja-vapes.co.uk,uwell caliburn tenet koko vape kit,uwell caliburn tenet vape kit,https://vapeonlinestore.co.uk/products/uwell-caliburn-tenet-pod-kit,colour,black,not listed on VOS,,16.99,https://www.ninja-vapes.co.uk/product/uwell-caliburn-tenet-koko-vape-kit,medium
ninja-vapes.co.uk,uwell caliburn tenet pod kit,uwell caliburn tenet vape kit,https://vapeonlinestore.co.uk/products/uwell-caliburn-tenet-pod-kit,colour,carbon black,not listed on VOS,,13.99,https://www.ninja-vapes.co.uk/product/uwell-caliburn-tenet-pod-kit,high
ninja-vapes.co.uk,uwell caliburn tenet koko vape kit,uwell caliburn tenet vape kit,https://vapeonlinestore.co.uk/products/uwell-caliburn-tenet-pod-kit,colour,copper,not listed on VOS,,16.99,https://www.ninja-vapes.co.uk/product/uwell-caliburn-tenet-koko-vape-kit,medium
ninja-vapes.co.uk,uwell caliburn tenet pod kit,uwell caliburn tenet vape kit,https://vapeonlinestore.co.uk/products/uwell-caliburn-tenet-pod-kit,colour,copper red,not listed on VOS,,13.99,https://www.ninja-vapes.co.uk/product/uwell-caliburn-tenet-pod-kit,high
ninja-vapes.co.uk,uwell caliburn tenet koko vape kit,uwell caliburn tenet vape kit,https://vapeonlinestore.co.uk/products/uwell-caliburn-tenet-pod-kit,colour,grey,not listed on VOS,,16.99,https://www.ninja-vapes.co.uk/product/uwell-caliburn-tenet-koko-vape-kit,medium
ninja-vapes.co.uk,uwell caliburn tenet pod kit,uwell caliburn tenet vape kit,https://vapeonlinestore.co.uk/products/uwell-caliburn-tenet-pod-kit,colour,iron gray,not listed on VOS,,13.99,https://www.ninja-vapes.co.uk/product/uwell-caliburn-tenet-pod-kit,high
ninja-vapes.co.uk,uwell caliburn tenet pod kit,uwell caliburn tenet vape kit,https://vapeonlinestore.co.uk/products/uwell-caliburn-tenet-pod-kit,colour,olive green,not listed on VOS,,13.99,https://www.ninja-vapes.co.uk/product/uwell-caliburn-tenet-pod-kit,high
ninja-vapes.co.uk,uwell caliburn tenet koko vape kit,uwell caliburn tenet vape kit,https://vapeonlinestore.co.uk/products/uwell-caliburn-tenet-pod-kit,colour,red,not listed on VOS,,16.99,https://www.ninja-vapes.co.uk/product/uwell-caliburn-tenet-koko-vape-kit,medium
ninja-vapes.co.uk,uwell crown iv tank,uwell crown iv sub ohm tank,https://vapeonlinestore.co.uk/products/uwell-crown-iv-sub-ohm-tank,colour,black,not listed on VOS,,23.99,https://www.ninja-vapes.co.uk/product/uwell-crown-iv-tank,medium
ninja-vapes.co.uk,uwell crown iv tank,uwell crown iv sub ohm tank,https://vapeonlinestore.co.uk/products/uwell-crown-iv-sub-ohm-tank,colour,iridescent,not listed on VOS,,23.99,https://www.ninja-vapes.co.uk/product/uwell-crown-iv-tank,medium
ninja-vapes.co.uk,uwell crown iv tank,uwell crown iv sub ohm tank,https://vapeonlinestore.co.uk/products/uwell-crown-iv-sub-ohm-tank,colour,metallic green,not listed on VOS,,23.99,https://www.ninja-vapes.co.uk/product/uwell-crown-iv-tank,medium
ninja-vapes.co.uk,uwell crown iv tank,uwell crown iv sub ohm tank,https://vapeonlinestore.co.uk/products/uwell-crown-iv-sub-ohm-tank,colour,purple,not listed on VOS,,23.99,https://www.ninja-vapes.co.uk/product/uwell-crown-iv-tank,medium
ninja-vapes.co.uk,uwell crown iv tank,uwell crown iv sub ohm tank,https://vapeonlinestore.co.uk/products/uwell-crown-iv-sub-ohm-tank,colour,sapphire blue,not listed on VOS,,23.99,https://www.ninja-vapes.co.uk/product/uwell-crown-iv-tank,medium
ninja-vapes.co.uk,uwell crown iv tank,uwell crown iv sub ohm tank,https://vapeonlinestore.co.uk/products/uwell-crown-iv-sub-ohm-tank,colour,stainless steel,not listed on VOS,,23.99,https://www.ninja-vapes.co.uk/product/uwell-crown-iv-tank,medium
ninja-vapes.co.uk,uwell crown 5 coils,uwell crown v replacement coils [pack of 4],https://vapeonlinestore.co.uk/products/uwell-crown-v-coils-pack-of-4,resistance,5ml bubble glass,not listed on VOS,,2.49,https://www.ninja-vapes.co.uk/product/uwell-crown-5-coils,high
ninja-vapes.co.uk,uwell crown 5 coils,uwell crown v replacement coils [pack of 4],https://vapeonlinestore.co.uk/products/uwell-crown-v-coils-pack-of-4,resistance,uwell crown 5,not listed on VOS,,2.49,https://www.ninja-vapes.co.uk/product/uwell-crown-5-coils,high
ninja-vapes.co.uk,uwell viscore 8000 refill pods,uwell viscore 8000 puffs prefilled vape pods 20mg,https://vapeonlinestore.co.uk/products/uwell-viscore-8000-prefilled-pods,flavour,cherry cola 40000,not listed on VOS,,5.99,https://www.ninja-vapes.co.uk/product/uwell-viscore-8000-refill-pods,high
ninja-vapes.co.uk,uwell viscore 8000 refill pods,uwell viscore 8000 puffs prefilled vape pods 20mg,https://vapeonlinestore.co.uk/products/uwell-viscore-8000-prefilled-pods,flavour,cherry ice 40000,not listed on VOS,,5.99,https://www.ninja-vapes.co.uk/product/uwell-viscore-8000-refill-pods,high
ninja-vapes.co.uk,uwell viscore 8000 refill pods,uwell viscore 8000 puffs prefilled vape pods 20mg,https://vapeonlinestore.co.uk/products/uwell-viscore-8000-prefilled-pods,flavour,fresh mint 40000,not listed on VOS,,5.99,https://www.ninja-vapes.co.uk/product/uwell-viscore-8000-refill-pods,high
ninja-vapes.co.uk,uwell viscore 8000 refill pods,uwell viscore 8000 puffs prefilled vape pods 20mg,https://vapeonlinestore.co.uk/products/uwell-viscore-8000-prefilled-pods,flavour,juicy peach 40000,not listed on VOS,,5.99,https://www.ninja-vapes.co.uk/product/uwell-viscore-8000-refill-pods,high
ninja-vapes.co.uk,uwell viscore 8000 refill pods,uwell viscore 8000 puffs prefilled vape pods 20mg,https://vapeonlinestore.co.uk/products/uwell-viscore-8000-prefilled-pods,flavour,lemon lime 40000,not listed on VOS,,5.99,https://www.ninja-vapes.co.uk/product/uwell-viscore-8000-refill-pods,high
ninja-vapes.co.uk,uwell viscore 8000 refill pods,uwell viscore 8000 puffs prefilled vape pods 20mg,https://vapeonlinestore.co.uk/products/uwell-viscore-8000-prefilled-pods,flavour,lemon mint 40000,not listed on VOS,,5.99,https://www.ninja-vapes.co.uk/product/uwell-viscore-8000-refill-pods,high
ninja-vapes.co.uk,uwell viscore 8000 refill pods,uwell viscore 8000 puffs prefilled vape pods 20mg,https://vapeonlinestore.co.uk/products/uwell-viscore-8000-prefilled-pods,flavour,milky strawberry 40000,not listed on VOS,,5.99,https://www.ninja-vapes.co.uk/product/uwell-viscore-8000-refill-pods,high
ninja-vapes.co.uk,uwell viscore 8000 refill pods,uwell viscore 8000 puffs prefilled vape pods 20mg,https://vapeonlinestore.co.uk/products/uwell-viscore-8000-prefilled-pods,flavour,mr blue 40000,not listed on VOS,,5.99,https://www.ninja-vapes.co.uk/product/uwell-viscore-8000-refill-pods,high
ninja-vapes.co.uk,uwell viscore 8000 refill pods,uwell viscore 8000 puffs prefilled vape pods 20mg,https://vapeonlinestore.co.uk/products/uwell-viscore-8000-prefilled-pods,flavour,pineapple ice,not listed on VOS,,5.99,https://www.ninja-vapes.co.uk/product/uwell-viscore-8000-refill-pods,high
ninja-vapes.co.uk,uwell viscore 8000 refill pods,uwell viscore 8000 puffs prefilled vape pods 20mg,https://vapeonlinestore.co.uk/products/uwell-viscore-8000-prefilled-pods,flavour,pineapple ice 40000,not listed on VOS,,5.99,https://www.ninja-vapes.co.uk/product/uwell-viscore-8000-refill-pods,high
ninja-vapes.co.uk,uwell viscore 8000 refill pods,uwell viscore 8000 puffs prefilled vape pods 20mg,https://vapeonlinestore.co.uk/products/uwell-viscore-8000-prefilled-pods,flavour,pink lemonade 40000,not listed on VOS,,5.99,https://www.ninja-vapes.co.uk/product/uwell-viscore-8000-refill-pods,high
ninja-vapes.co.uk,uwell viscore 8000 refill pods,uwell viscore 8000 puffs prefilled vape pods 20mg,https://vapeonlinestore.co.uk/products/uwell-viscore-8000-prefilled-pods,flavour,red apple ice 40000,not listed on VOS,,5.99,https://www.ninja-vapes.co.uk/product/uwell-viscore-8000-refill-pods,high
ninja-vapes.co.uk,uwell viscore 8000 refill pods,uwell viscore 8000 puffs prefilled vape pods 20mg,https://vapeonlinestore.co.uk/products/uwell-viscore-8000-prefilled-pods,flavour,strawberry raspberry cherry 40000,not listed on VOS,,5.99,https://www.ninja-vapes.co.uk/product/uwell-viscore-8000-refill-pods,high
ninja-vapes.co.uk,uwell viscore 8000 refill pods,uwell viscore 8000 puffs prefilled vape pods 20mg,https://vapeonlinestore.co.uk/products/uwell-viscore-8000-prefilled-pods,flavour,triple mango 40000,not listed on VOS,,5.99,https://www.ninja-vapes.co.uk/product/uwell-viscore-8000-refill-pods,high
ninja-vapes.co.uk,uwell viscore 8000 refill pods,uwell viscore 8000 puffs prefilled vape pods 20mg,https://vapeonlinestore.co.uk/products/uwell-viscore-8000-prefilled-pods,flavour,watermelon ice 40000,not listed on VOS,,5.99,https://www.ninja-vapes.co.uk/product/uwell-viscore-8000-refill-pods,high
ninja-vapes.co.uk,uwell viscore 8000 refill pods,uwell viscore 8000 puffs prefilled vape pods 20mg,https://vapeonlinestore.co.uk/products/uwell-viscore-8000-prefilled-pods,flavour,watermelon strawberry 40000,not listed on VOS,,5.99,https://www.ninja-vapes.co.uk/product/uwell-viscore-8000-refill-pods,high
ninja-vapes.co.uk,vampire vape bar salts 10ml,vampire vape bar salts 10ml e-liquid juice,https://vapeonlinestore.co.uk/products/vampire-vape-bar-salts-10ml,flavour,banana ice,not listed on VOS,,2.99,https://www.ninja-vapes.co.uk/product/vampire-vape-bar-salts-10ml,high
ninja-vapes.co.uk,vampire vape bar salts 10ml,vampire vape bar salts 10ml e-liquid juice,https://vapeonlinestore.co.uk/products/vampire-vape-bar-salts-10ml,flavour,blueberry raspberry strawberry,not listed on VOS,,2.99,https://www.ninja-vapes.co.uk/product/vampire-vape-bar-salts-10ml,high
ninja-vapes.co.uk,vampire vape bar salts 10ml,vampire vape bar salts 10ml e-liquid juice,https://vapeonlinestore.co.uk/products/vampire-vape-bar-salts-10ml,flavour,cherry cola,not listed on VOS,,2.99,https://www.ninja-vapes.co.uk/product/vampire-vape-bar-salts-10ml,high
ninja-vapes.co.uk,vampire vape bar salts 10ml,vampire vape bar salts 10ml e-liquid juice,https://vapeonlinestore.co.uk/products/vampire-vape-bar-salts-10ml,flavour,cherry ice,not listed on VOS,,2.99,https://www.ninja-vapes.co.uk/product/vampire-vape-bar-salts-10ml,high
ninja-vapes.co.uk,vampire vape bar salts 10ml,vampire vape bar salts 10ml e-liquid juice,https://vapeonlinestore.co.uk/products/vampire-vape-bar-salts-10ml,flavour,cherry raspberry apple,not listed on VOS,,2.99,https://www.ninja-vapes.co.uk/product/vampire-vape-bar-salts-10ml,high
ninja-vapes.co.uk,vampire vape bar salts 10ml,vampire vape bar salts 10ml e-liquid juice,https://vapeonlinestore.co.uk/products/vampire-vape-bar-salts-10ml,flavour,dragonfruit raspberry,not listed on VOS,,2.99,https://www.ninja-vapes.co.uk/product/vampire-vape-bar-salts-10ml,high
ninja-vapes.co.uk,vampire vape bar salts 10ml,vampire vape bar salts 10ml e-liquid juice,https://vapeonlinestore.co.uk/products/vampire-vape-bar-salts-10ml,flavour,fizzy orange,not listed on VOS,,2.99,https://www.ninja-vapes.co.uk/product/vampire-vape-bar-salts-10ml,high
ninja-vapes.co.uk,vampire vape bar salts 10ml,vampire vape bar salts 10ml e-liquid juice,https://vapeonlinestore.co.uk/products/vampire-vape-bar-salts-10ml,flavour,lemon lime,not listed on VOS,,2.99,https://www.ninja-vapes.co.uk/product/vampire-vape-bar-salts-10ml,high
ninja-vapes.co.uk,vampire vape bar salts 10ml,vampire vape bar salts 10ml e-liquid juice,https://vapeonlinestore.co.uk/products/vampire-vape-bar-salts-10ml,flavour,menthol,not listed on VOS,,2.99,https://www.ninja-vapes.co.uk/product/vampire-vape-bar-salts-10ml,high
ninja-vapes.co.uk,vampire vape bar salts 10ml,vampire vape bar salts 10ml e-liquid juice,https://vapeonlinestore.co.uk/products/vampire-vape-bar-salts-10ml,flavour,passion fruit peach lemon,not listed on VOS,,2.99,https://www.ninja-vapes.co.uk/product/vampire-vape-bar-salts-10ml,high
ninja-vapes.co.uk,vampire vape bar salts 10ml,vampire vape bar salts 10ml e-liquid juice,https://vapeonlinestore.co.uk/products/vampire-vape-bar-salts-10ml,flavour,peach pineapple watermelon,not listed on VOS,,2.99,https://www.ninja-vapes.co.uk/product/vampire-vape-bar-salts-10ml,high
ninja-vapes.co.uk,vampire vape bar salts 10ml,vampire vape bar salts 10ml e-liquid juice,https://vapeonlinestore.co.uk/products/vampire-vape-bar-salts-10ml,flavour,pineapple ice,not listed on VOS,,2.99,https://www.ninja-vapes.co.uk/product/vampire-vape-bar-salts-10ml,high
ninja-vapes.co.uk,vape bar diamond 3000 refill pods,vape bars diamond 3000 refill replacement pods,https://vapeonlinestore.co.uk/products/vape-bars-diamond-pods,flavour,pineapple ice,not listed on VOS,,5.99,https://www.ninja-vapes.co.uk/product/vapes-bar-diamond-3000-refill-pods,low
ninja-vapes.co.uk,vape bar diamond 3000 refill pods,vape bars diamond 3000 refill replacement pods,https://vapeonlinestore.co.uk/products/vape-bars-diamond-pods,flavour,pink lemonade,not listed on VOS,,5.99,https://www.ninja-vapes.co.uk/product/vapes-bar-diamond-3000-refill-pods,low
ninja-vapes.co.uk,vape bar diamond 3000 refill pods,vape bars diamond 3000 refill replacement pods,https://vapeonlinestore.co.uk/products/vape-bars-diamond-pods,flavour,strawberry ice,not listed on VOS,,5.99,https://www.ninja-vapes.co.uk/product/vapes-bar-diamond-3000-refill-pods,low
ninja-vapes.co.uk,vape bar diamond 3000 refill pods,vape bars diamond 3000 refill replacement pods,https://vapeonlinestore.co.uk/products/vape-bars-diamond-pods,flavour,watermelon ice,not listed on VOS,,5.99,https://www.ninja-vapes.co.uk/product/vapes-bar-diamond-3000-refill-pods,low
ninja-vapes.co.uk,Vapengin Martian Prefilled Refill Pods,vapengin martian x prefilled refill pods,https://vapeonlinestore.co.uk/products/vapengin-martian-x-pods,flavour,blueberry sour raspberry,not listed on VOS,,24.99,https://www.ninja-vapes.co.uk/product/box-of-10-vapengin-martian-x-prefilled-refill-pods,high
ninja-vapes.co.uk,Vapengin Martian Prefilled Refill Pods,vapengin martian x prefilled refill pods,https://vapeonlinestore.co.uk/products/vapengin-martian-x-pods,flavour,fizzy mango,listed on VOS but out of stock,fizzy mango,24.99,https://www.ninja-vapes.co.uk/product/box-of-10-vapengin-martian-x-prefilled-refill-pods,high
ninja-vapes.co.uk,ghost 4 in 1 2400 puffs vape kit,vapes bars ghost 2400 puffs 4-in-1 pre-filled pod kit,https://vapeonlinestore.co.uk/products/vapes-bars-ghost-2400-puffs-4-in-1,flavour,tobacco,not listed on VOS,,8.99,https://www.ninja-vapes.co.uk/product/ghost-4-in-1-disposable-vape,high
ninja-vapes.co.uk,vaporesso armour s vape kit with itank t,vaporesso armour s kit,https://vapeonlinestore.co.uk/products/vaporesso-armour-s-kit,flavour,silver,not listed on VOS,,45.99,https://www.ninja-vapes.co.uk/product/vaporesso-armour-s-kit,reviewed
ninja-vapes.co.uk,vaporesso deliciu 10ml nic salt,vaporesso deliciu 10ml nic salt,https://vapeonlinestore.co.uk/products/vaporesso-deliciu-10ml-nic-salt,flavour,apple peach,not listed on VOS,,2.49,https://www.ninja-vapes.co.uk/product/vaporesso-deliciu-nic-salt10ml,high
ninja-vapes.co.uk,vaporesso deliciu 10ml nic salt,vaporesso deliciu 10ml nic salt,https://vapeonlinestore.co.uk/products/vaporesso-deliciu-10ml-nic-salt,flavour,apple pear,not listed on VOS,,2.49,https://www.ninja-vapes.co.uk/product/vaporesso-deliciu-nic-salt10ml,high
ninja-vapes.co.uk,vaporesso deliciu 10ml nic salt,vaporesso deliciu 10ml nic salt,https://vapeonlinestore.co.uk/products/vaporesso-deliciu-10ml-nic-salt,flavour,blackberry lime,not listed on VOS,,2.49,https://www.ninja-vapes.co.uk/product/vaporesso-deliciu-nic-salt10ml,high
ninja-vapes.co.uk,vaporesso deliciu 10ml nic salt,vaporesso deliciu 10ml nic salt,https://vapeonlinestore.co.uk/products/vaporesso-deliciu-10ml-nic-salt,flavour,lemon lime,not listed on VOS,,2.49,https://www.ninja-vapes.co.uk/product/vaporesso-deliciu-nic-salt10ml,high
ninja-vapes.co.uk,vaporesso deliciu 10ml nic salt,vaporesso deliciu 10ml nic salt,https://vapeonlinestore.co.uk/products/vaporesso-deliciu-10ml-nic-salt,flavour,pineapple peach mango,not listed on VOS,,2.49,https://www.ninja-vapes.co.uk/product/vaporesso-deliciu-nic-salt10ml,high
ninja-vapes.co.uk,vaporesso deliciu 10ml nic salt,vaporesso deliciu 10ml nic salt,https://vapeonlinestore.co.uk/products/vaporesso-deliciu-10ml-nic-salt,flavour,strawberry raspberry cherry ice,not listed on VOS,,2.49,https://www.ninja-vapes.co.uk/product/vaporesso-deliciu-nic-salt10ml,high
ninja-vapes.co.uk,vaporesso dojo blast pro 30k puffs prefilled pod kit,vaporesso dojo blast 30k pro pod kit,https://vapeonlinestore.co.uk/products/vaporesso-dojo-blast-30k-pro-pod-kit,flavour,fizzy cherry straw raspberry cherry ice,not listed on VOS,,10.99,https://www.ninja-vapes.co.uk/product/vaporesso-dojo-blast-30k-pro,high
ninja-vapes.co.uk,vaporesso dojo blast pro 30k puffs prefilled pod kit,vaporesso dojo blast 30k pro pod kit,https://vapeonlinestore.co.uk/products/vaporesso-dojo-blast-30k-pro-pod-kit,flavour,lemon lime lemon sherbet,not listed on VOS,,10.99,https://www.ninja-vapes.co.uk/product/vaporesso-dojo-blast-30k-pro,high
ninja-vapes.co.uk,vaporesso dojo blast pro 30k puffs prefilled pod kit,vaporesso dojo blast 30k pro pod kit,https://vapeonlinestore.co.uk/products/vaporesso-dojo-blast-30k-pro-pod-kit,flavour,pineapple ice pineapple peach mango,not listed on VOS,,10.99,https://www.ninja-vapes.co.uk/product/vaporesso-dojo-blast-30k-pro,high
ninja-vapes.co.uk,vaporesso dojo blast pro 30k puffs prefilled pod kit,vaporesso dojo blast 30k pro pod kit,https://vapeonlinestore.co.uk/products/vaporesso-dojo-blast-30k-pro-pod-kit,flavour,strawberry ice straw raspberry cherry ice,not listed on VOS,,10.99,https://www.ninja-vapes.co.uk/product/vaporesso-dojo-blast-30k-pro,high
ninja-vapes.co.uk,box of 5 / box of 10 vaporesso dojo blast refill pods,vaporesso dojo blast 6000 prefilled pods,https://vapeonlinestore.co.uk/products/vaporesso-dojo-blast-6000-prefilled-pods,flavour,apple peach,not listed on VOS,,19.99,https://www.ninja-vapes.co.uk/product/box-of-10-vaporesso-dojo-blast-2k-refills,medium
ninja-vapes.co.uk,vaporesso dojo blast 6000 puffs refill pods,vaporesso dojo blast 6000 prefilled pods,https://vapeonlinestore.co.uk/products/vaporesso-dojo-blast-6000-prefilled-pods,flavour,mix 2,not listed on VOS,,10.00,https://www.ninja-vapes.co.uk/product/vaporesso-dojo-blast-6k-refills,high
ninja-vapes.co.uk,box of 5 / box of 10 vaporesso dojo blast refill pods,vaporesso dojo blast 6000 prefilled pods,https://vapeonlinestore.co.uk/products/vaporesso-dojo-blast-6000-prefilled-pods,flavour,pineapple sunrise,not listed on VOS,,19.99,https://www.ninja-vapes.co.uk/product/box-of-10-vaporesso-dojo-blast-2k-refills,medium
ninja-vapes.co.uk,box of 5 / box of 10 vaporesso dojo blast refill pods,vaporesso dojo blast 6000 prefilled pods,https://vapeonlinestore.co.uk/products/vaporesso-dojo-blast-6000-prefilled-pods,flavour,pink lemonade,not listed on VOS,,19.99,https://www.ninja-vapes.co.uk/product/box-of-10-vaporesso-dojo-blast-2k-refills,medium
ninja-vapes.co.uk,box of 5 / box of 10 vaporesso dojo blast refill pods,vaporesso dojo blast 6000 prefilled pods,https://vapeonlinestore.co.uk/products/vaporesso-dojo-blast-6000-prefilled-pods,flavour,raspberry lime,not listed on VOS,,19.99,https://www.ninja-vapes.co.uk/product/box-of-10-vaporesso-dojo-blast-2k-refills,medium
ninja-vapes.co.uk,box of 5 / box of 10 vaporesso dojo blast refill pods,vaporesso dojo blast 6000 prefilled pods,https://vapeonlinestore.co.uk/products/vaporesso-dojo-blast-6000-prefilled-pods,flavour,straw rasp cherry ice,not listed on VOS,,19.99,https://www.ninja-vapes.co.uk/product/box-of-10-vaporesso-dojo-blast-2k-refills,medium
ninja-vapes.co.uk,box of 5 / box of 10 vaporesso dojo blast refill pods,vaporesso dojo blast 6000 prefilled pods,https://vapeonlinestore.co.uk/products/vaporesso-dojo-blast-6000-prefilled-pods,flavour,strawberry kiwi,not listed on VOS,,19.99,https://www.ninja-vapes.co.uk/product/box-of-10-vaporesso-dojo-blast-2k-refills,medium
ninja-vapes.co.uk,box of 5 / box of 10 vaporesso dojo blast refill pods,vaporesso dojo blast 6000 prefilled pods,https://vapeonlinestore.co.uk/products/vaporesso-dojo-blast-6000-prefilled-pods,flavour,triple mango,not listed on VOS,,19.99,https://www.ninja-vapes.co.uk/product/box-of-10-vaporesso-dojo-blast-2k-refills,medium
ninja-vapes.co.uk,vaporesso dojo blast 6000 puffs prefilled pod vape kit,vaporesso dojo blast 6000 puffs vape kit,https://vapeonlinestore.co.uk/products/vaporesso-dojo-blast-6000-vape-kit,flavour,mix 2,not listed on VOS,,12.00,https://www.ninja-vapes.co.uk/product/dojo-blast-6000,high
ninja-vapes.co.uk,vaporesso eco nano pro kit,vaporesso eco nano pod vape kit,https://vapeonlinestore.co.uk/products/vaporesso-eco-nano-vape-kit,colour,black,not listed on VOS,,15.99,https://www.ninja-vapes.co.uk/product/vaporesso-eco-nano-pro-pod-kit,medium
ninja-vapes.co.uk,vaporesso eco nano pro kit,vaporesso eco nano pod vape kit,https://vapeonlinestore.co.uk/products/vaporesso-eco-nano-vape-kit,colour,coffee brown,not listed on VOS,,15.99,https://www.ninja-vapes.co.uk/product/vaporesso-eco-nano-pro-pod-kit,medium
ninja-vapes.co.uk,vaporesso eco nano pro kit,vaporesso eco nano pod vape kit,https://vapeonlinestore.co.uk/products/vaporesso-eco-nano-vape-kit,colour,coral red,not listed on VOS,,15.99,https://www.ninja-vapes.co.uk/product/vaporesso-eco-nano-pro-pod-kit,medium
ninja-vapes.co.uk,vaporesso eco nano pro kit,vaporesso eco nano pod vape kit,https://vapeonlinestore.co.uk/products/vaporesso-eco-nano-vape-kit,colour,emerald green,not listed on VOS,,15.99,https://www.ninja-vapes.co.uk/product/vaporesso-eco-nano-pro-pod-kit,medium
ninja-vapes.co.uk,vaporesso eco nano pro kit,vaporesso eco nano pod vape kit,https://vapeonlinestore.co.uk/products/vaporesso-eco-nano-vape-kit,colour,gunmetal,not listed on VOS,,15.99,https://www.ninja-vapes.co.uk/product/vaporesso-eco-nano-pro-pod-kit,medium
ninja-vapes.co.uk,vaporesso eco nano pro kit,vaporesso eco nano pod vape kit,https://vapeonlinestore.co.uk/products/vaporesso-eco-nano-vape-kit,colour,ocean blue,not listed on VOS,,15.99,https://www.ninja-vapes.co.uk/product/vaporesso-eco-nano-pro-pod-kit,medium
ninja-vapes.co.uk,vaporesso eco nano pro kit,vaporesso eco nano pod vape kit,https://vapeonlinestore.co.uk/products/vaporesso-eco-nano-vape-kit,colour,silver,not listed on VOS,,15.99,https://www.ninja-vapes.co.uk/product/vaporesso-eco-nano-pro-pod-kit,medium
ninja-vapes.co.uk,vaporesso eco nano pod vape kit,vaporesso eco nano pod vape kit,https://vapeonlinestore.co.uk/products/vaporesso-eco-nano-vape-kit,colour,sparking purple,not listed on VOS,,6.99,https://www.ninja-vapes.co.uk/product/vaporesso-eco-nano-pod-vape-kit,high
ninja-vapes.co.uk,vaporesso gen air 40 pod kit,vaporesso gen air 40 vape kit,https://vapeonlinestore.co.uk/products/vaporesso-gen-air-40-vape-kit,colour,dark black,not listed on VOS,,23.99,https://www.ninja-vapes.co.uk/product/vaporesso-gen-air-40-pod-kit,high
ninja-vapes.co.uk,vaporesso gen air 40 pod kit,vaporesso gen air 40 vape kit,https://vapeonlinestore.co.uk/products/vaporesso-gen-air-40-vape-kit,colour,light silver,not listed on VOS,,23.99,https://www.ninja-vapes.co.uk/product/vaporesso-gen-air-40-pod-kit,high
ninja-vapes.co.uk,vaporesso gen air 40 pod kit,vaporesso gen air 40 vape kit,https://vapeonlinestore.co.uk/products/vaporesso-gen-air-40-vape-kit,colour,sakura pink,not listed on VOS,,23.99,https://www.ninja-vapes.co.uk/product/vaporesso-gen-air-40-pod-kit,high
ninja-vapes.co.uk,gt vape coils by vaporesso - 3 pack,vaporesso gt core coils [pack of 3],https://vapeonlinestore.co.uk/products/vaporesso-gt-coils-pack-of-3,resistance,0.15ohm gt4,not listed on VOS,,7.99,https://www.ninja-vapes.co.uk/product/gt-vape-coils-by-vaporesso-3-pack,medium
ninja-vapes.co.uk,gt vape coils by vaporesso - 3 pack,vaporesso gt core coils [pack of 3],https://vapeonlinestore.co.uk/products/vaporesso-gt-coils-pack-of-3,resistance,0.15ohm gt4 quad,not listed on VOS,,7.99,https://www.ninja-vapes.co.uk/product/gt-vape-coils-by-vaporesso-3-pack,medium
ninja-vapes.co.uk,gt vape coils by vaporesso - 3 pack,vaporesso gt core coils [pack of 3],https://vapeonlinestore.co.uk/products/vaporesso-gt-coils-pack-of-3,resistance,0.15ohm gt8,not listed on VOS,,7.99,https://www.ninja-vapes.co.uk/product/gt-vape-coils-by-vaporesso-3-pack,medium
ninja-vapes.co.uk,gt vape coils by vaporesso - 3 pack,vaporesso gt core coils [pack of 3],https://vapeonlinestore.co.uk/products/vaporesso-gt-coils-pack-of-3,resistance,0.18ohm gt,not listed on VOS,,7.99,https://www.ninja-vapes.co.uk/product/gt-vape-coils-by-vaporesso-3-pack,medium
ninja-vapes.co.uk,gt vape coils by vaporesso - 3 pack,vaporesso gt core coils [pack of 3],https://vapeonlinestore.co.uk/products/vaporesso-gt-coils-pack-of-3,resistance,0.2ohm gt6,not listed on VOS,,7.99,https://www.ninja-vapes.co.uk/product/gt-vape-coils-by-vaporesso-3-pack,medium
ninja-vapes.co.uk,gt vape coils by vaporesso - 3 pack,vaporesso gt core coils [pack of 3],https://vapeonlinestore.co.uk/products/vaporesso-gt-coils-pack-of-3,resistance,0.3ohm gt ccell 2,not listed on VOS,,7.99,https://www.ninja-vapes.co.uk/product/gt-vape-coils-by-vaporesso-3-pack,medium
ninja-vapes.co.uk,gt vape coils by vaporesso - 3 pack,vaporesso gt core coils [pack of 3],https://vapeonlinestore.co.uk/products/vaporesso-gt-coils-pack-of-3,resistance,0.4ohm gt2,not listed on VOS,,7.99,https://www.ninja-vapes.co.uk/product/gt-vape-coils-by-vaporesso-3-pack,medium
ninja-vapes.co.uk,gt vape coils by vaporesso - 3 pack,vaporesso gt core coils [pack of 3],https://vapeonlinestore.co.uk/products/vaporesso-gt-coils-pack-of-3,resistance,0.5ohm gt ccell,not listed on VOS,,7.99,https://www.ninja-vapes.co.uk/product/gt-vape-coils-by-vaporesso-3-pack,medium
ninja-vapes.co.uk,vaporesso nrg gt core coils,vaporesso gt core coils [pack of 3],https://vapeonlinestore.co.uk/products/vaporesso-gt-coils-pack-of-3,resistance,gt ccell 0.5ohm,not listed on VOS,,7.99,https://www.ninja-vapes.co.uk/product/vaporesso-nrg-gt-core-coils,medium
ninja-vapes.co.uk,vaporesso nrg gt core coils,vaporesso gt core coils [pack of 3],https://vapeonlinestore.co.uk/products/vaporesso-gt-coils-pack-of-3,resistance,gt ccell2 0.3ohm,not listed on VOS,,7.99,https://www.ninja-vapes.co.uk/product/vaporesso-nrg-gt-core-coils,medium
ninja-vapes.co.uk,vaporesso nrg gt core coils,vaporesso gt core coils [pack of 3],https://vapeonlinestore.co.uk/products/vaporesso-gt-coils-pack-of-3,resistance,gt meshed 0.18ohm,not listed on VOS,,7.99,https://www.ninja-vapes.co.uk/product/vaporesso-nrg-gt-core-coils,medium
ninja-vapes.co.uk,vaporesso nrg gt core coils,vaporesso gt core coils [pack of 3],https://vapeonlinestore.co.uk/products/vaporesso-gt-coils-pack-of-3,resistance,gt2 0.4ohm,not listed on VOS,,7.99,https://www.ninja-vapes.co.uk/product/vaporesso-nrg-gt-core-coils,medium
ninja-vapes.co.uk,vaporesso nrg gt core coils,vaporesso gt core coils [pack of 3],https://vapeonlinestore.co.uk/products/vaporesso-gt-coils-pack-of-3,resistance,gt4 0.15ohm,not listed on VOS,,7.99,https://www.ninja-vapes.co.uk/product/vaporesso-nrg-gt-core-coils,medium
ninja-vapes.co.uk,vaporesso nrg gt core coils,vaporesso gt core coils [pack of 3],https://vapeonlinestore.co.uk/products/vaporesso-gt-coils-pack-of-3,resistance,gt4 meshed 0.15ohm,not listed on VOS,,7.99,https://www.ninja-vapes.co.uk/product/vaporesso-nrg-gt-core-coils,medium
ninja-vapes.co.uk,vaporesso nrg gt core coils,vaporesso gt core coils [pack of 3],https://vapeonlinestore.co.uk/products/vaporesso-gt-coils-pack-of-3,resistance,gt8 0.15ohm,not listed on VOS,,7.99,https://www.ninja-vapes.co.uk/product/vaporesso-nrg-gt-core-coils,medium
ninja-vapes.co.uk,vaporesso cascade gtm coils,vaporesso gtm cascade coils 3 pack,https://vapeonlinestore.co.uk/products/gtm-cascade-coils-3-pack-by-vaporesso,resistance,gtm2 0.4ohm,not listed on VOS,,10.49,https://www.ninja-vapes.co.uk/product/vaporesso-cascade-gtm-coils,high
ninja-vapes.co.uk,vaporesso cascade gtm coils,vaporesso gtm cascade coils 3 pack,https://vapeonlinestore.co.uk/products/gtm-cascade-coils-3-pack-by-vaporesso,resistance,gtm8 0.15ohm,not listed on VOS,,10.49,https://www.ninja-vapes.co.uk/product/vaporesso-cascade-gtm-coils,high
ninja-vapes.co.uk,Vaporesso Gtx Coils,vaporesso gtx coils pack of 5,https://vapeonlinestore.co.uk/products/vaporesso-gtx-coils-pack-of-5,resistance,0.2ohm,not listed on VOS,,9.95,https://www.ninja-vapes.co.uk/product/vaporesso-gtx-replacement-coils,high
ninja-vapes.co.uk,Vaporesso Gtx Coils,vaporesso gtx coils pack of 5,https://vapeonlinestore.co.uk/products/vaporesso-gtx-coils-pack-of-5,resistance,0.3ohm,not listed on VOS,,9.95,https://www.ninja-vapes.co.uk/product/vaporesso-gtx-replacement-coils,high
ninja-vapes.co.uk,Vaporesso Gtx Coils,vaporesso gtx coils pack of 5,https://vapeonlinestore.co.uk/products/vaporesso-gtx-coils-pack-of-5,resistance,0.4ohm,not listed on VOS,,9.95,https://www.ninja-vapes.co.uk/product/vaporesso-gtx-replacement-coils,high
ninja-vapes.co.uk,Vaporesso Gtx Coils,vaporesso gtx coils pack of 5,https://vapeonlinestore.co.uk/products/vaporesso-gtx-coils-pack-of-5,resistance,0.6ohm 0,not listed on VOS,,9.99,https://www.ninja-vapes.co.uk/product/vaporesso-gtx-coils,high
ninja-vapes.co.uk,Vaporesso Gtx Coils,vaporesso gtx coils pack of 5,https://vapeonlinestore.co.uk/products/vaporesso-gtx-coils-pack-of-5,resistance,0.6ohm v2 for gtx go 40 80,not listed on VOS,,9.95,https://www.ninja-vapes.co.uk/product/vaporesso-gtx-replacement-coils,high
ninja-vapes.co.uk,Vaporesso Gtx Coils,vaporesso gtx coils pack of 5,https://vapeonlinestore.co.uk/products/vaporesso-gtx-coils-pack-of-5,resistance,0.8ohm,not listed on VOS,,9.95,https://www.ninja-vapes.co.uk/product/vaporesso-gtx-replacement-coils,high
ninja-vapes.co.uk,Vaporesso Gtx Coils,vaporesso gtx coils pack of 5,https://vapeonlinestore.co.uk/products/vaporesso-gtx-coils-pack-of-5,resistance,1.2ohm,not listed on VOS,,9.95,https://www.ninja-vapes.co.uk/product/vaporesso-gtx-replacement-coils,high
ninja-vapes.co.uk,Vaporesso Gtx Coils,vaporesso gtx coils pack of 5,https://vapeonlinestore.co.uk/products/vaporesso-gtx-coils-pack-of-5,resistance,1.2ohm regular,not listed on VOS,,9.95,https://www.ninja-vapes.co.uk/product/vaporesso-gtx-replacement-coils,high
ninja-vapes.co.uk,vaporesso luxe q2 vape kit,vaporesso luxe q2 pod kit,https://vapeonlinestore.co.uk/products/vaporesso-luxe-q2-pod-kit,flavour,black,not listed on VOS,,19.99,https://www.ninja-vapes.co.uk/product/vaporesso-luxe-q2-vape-kit,high
ninja-vapes.co.uk,vaporesso luxe q2 vape kit,vaporesso luxe q2 pod kit,https://vapeonlinestore.co.uk/products/vaporesso-luxe-q2-pod-kit,flavour,blue,not listed on VOS,,19.99,https://www.ninja-vapes.co.uk/product/vaporesso-luxe-q2-vape-kit,high
ninja-vapes.co.uk,vaporesso luxe q2 vape kit,vaporesso luxe q2 pod kit,https://vapeonlinestore.co.uk/products/vaporesso-luxe-q2-pod-kit,flavour,green,not listed on VOS,,19.99,https://www.ninja-vapes.co.uk/product/vaporesso-luxe-q2-vape-kit,high
ninja-vapes.co.uk,vaporesso luxe q2 vape kit,vaporesso luxe q2 pod kit,https://vapeonlinestore.co.uk/products/vaporesso-luxe-q2-pod-kit,flavour,grey,not listed on VOS,,19.99,https://www.ninja-vapes.co.uk/product/vaporesso-luxe-q2-vape-kit,high
ninja-vapes.co.uk,vaporesso luxe q2 vape kit,vaporesso luxe q2 pod kit,https://vapeonlinestore.co.uk/products/vaporesso-luxe-q2-pod-kit,flavour,orange,not listed on VOS,,19.99,https://www.ninja-vapes.co.uk/product/vaporesso-luxe-q2-vape-kit,high
ninja-vapes.co.uk,vaporesso luxe q2 se pod vape kit,vaporesso luxe q2 se mtl pod kit,https://vapeonlinestore.co.uk/products/vaporesso-luxe-q2-se-kit,flavour,pearl white,not listed on VOS,,14.99,https://www.ninja-vapes.co.uk/product/vaporesso-luxe-q2-se-pod-vape-kit,high
ninja-vapes.co.uk,vaporesso luxe q2 se pod vape kit,vaporesso luxe q2 se mtl pod kit,https://vapeonlinestore.co.uk/products/vaporesso-luxe-q2-se-kit,flavour,space grey,not listed on VOS,,14.99,https://www.ninja-vapes.co.uk/product/vaporesso-luxe-q2-se-pod-vape-kit,high
ninja-vapes.co.uk,vaporesso luxe x corex 2.0 replacement pod (2pack),vaporesso luxe x corex 2.0 replacement pods,https://vapeonlinestore.co.uk/products/vaporesso-luxe-x-corex-2-0-pods,resistance,0.3ohm,not listed on VOS,,5.99,https://www.ninja-vapes.co.uk/product/vaporesso-luxe-x-corex-2-0-pod-pack,high
ninja-vapes.co.uk,vaporesso luxe x corex 2.0 replacement pod (2pack),vaporesso luxe x corex 2.0 replacement pods,https://vapeonlinestore.co.uk/products/vaporesso-luxe-x-corex-2-0-pods,resistance,0.4ohm,not listed on VOS,,5.99,https://www.ninja-vapes.co.uk/product/vaporesso-luxe-x-corex-2-0-pod-pack,high
ninja-vapes.co.uk,vaporesso luxe x corex 2.0 replacement pod (2pack),vaporesso luxe x corex 2.0 replacement pods,https://vapeonlinestore.co.uk/products/vaporesso-luxe-x-corex-2-0-pods,resistance,0.6ohm,not listed on VOS,,5.99,https://www.ninja-vapes.co.uk/product/vaporesso-luxe-x-corex-2-0-pod-pack,high
ninja-vapes.co.uk,vaporesso luxe x corex 2.0 replacement pod (2pack),vaporesso luxe x corex 2.0 replacement pods,https://vapeonlinestore.co.uk/products/vaporesso-luxe-x-corex-2-0-pods,resistance,0.8ohm,not listed on VOS,,5.99,https://www.ninja-vapes.co.uk/product/vaporesso-luxe-x-corex-2-0-pod-pack,high
ninja-vapes.co.uk,vaporesso nexus nx coils,vaporesso nexus nx ccell coils pack of 5,https://vapeonlinestore.co.uk/products/nexus-nx-ccell-coils-5-pack-by-vaporesso,resistance,1.0ohm cotton,not listed on VOS,,7.99,https://www.ninja-vapes.co.uk/product/vaporesso-nexus-nx-coils,medium
ninja-vapes.co.uk,vaporesso sky solo starter kit,vaporesso sky solo starter kit,https://vapeonlinestore.co.uk/products/vaporesso-sky-solo-starter-kit,colour,grey,not listed on VOS,,13.99,https://www.ninja-vapes.co.uk/product/vaporesso-sky-solo-starter-kit,high
ninja-vapes.co.uk,vaporesso xros 2 vape kit 1000mah battery,vaporesso xros 2 pod kit,https://vapeonlinestore.co.uk/products/vaporesso-xros-2-pod-kit,flavour,lime green,not listed on VOS,,15.99,https://www.ninja-vapes.co.uk/product/vaporesso-xros-2-vape-kit,medium
ninja-vapes.co.uk,vaporesso xros 2 vape kit 1000mah battery,vaporesso xros 2 pod kit,https://vapeonlinestore.co.uk/products/vaporesso-xros-2-pod-kit,flavour,midnight blue,not listed on VOS,,15.99,https://www.ninja-vapes.co.uk/product/vaporesso-xros-2-vape-kit,medium
ninja-vapes.co.uk,vaporesso xros 2 vape kit 1000mah battery,vaporesso xros 2 pod kit,https://vapeonlinestore.co.uk/products/vaporesso-xros-2-pod-kit,flavour,neon,not listed on VOS,,15.99,https://www.ninja-vapes.co.uk/product/vaporesso-xros-2-vape-kit,medium
ninja-vapes.co.uk,vaporesso xros 2 vape kit 1000mah battery,vaporesso xros 2 pod kit,https://vapeonlinestore.co.uk/products/vaporesso-xros-2-pod-kit,flavour,orange red,not listed on VOS,,15.99,https://www.ninja-vapes.co.uk/product/vaporesso-xros-2-vape-kit,medium
ninja-vapes.co.uk,vaporesso xros 2 vape kit 1000mah battery,vaporesso xros 2 pod kit,https://vapeonlinestore.co.uk/products/vaporesso-xros-2-pod-kit,flavour,sakura pink,not listed on VOS,,15.99,https://www.ninja-vapes.co.uk/product/vaporesso-xros-2-vape-kit,medium
ninja-vapes.co.uk,vaporesso xros 2 vape kit 1000mah battery,vaporesso xros 2 pod kit,https://vapeonlinestore.co.uk/products/vaporesso-xros-2-pod-kit,flavour,sierra blue,not listed on VOS,,15.99,https://www.ninja-vapes.co.uk/product/vaporesso-xros-2-vape-kit,medium
ninja-vapes.co.uk,vaporesso xros 2 vape kit 1000mah battery,vaporesso xros 2 pod kit,https://vapeonlinestore.co.uk/products/vaporesso-xros-2-pod-kit,flavour,silver,not listed on VOS,,15.99,https://www.ninja-vapes.co.uk/product/vaporesso-xros-2-vape-kit,medium
ninja-vapes.co.uk,vaporesso xros 2 vape kit 1000mah battery,vaporesso xros 2 pod kit,https://vapeonlinestore.co.uk/products/vaporesso-xros-2-pod-kit,flavour,space grey,not listed on VOS,,15.99,https://www.ninja-vapes.co.uk/product/vaporesso-xros-2-vape-kit,medium
ninja-vapes.co.uk,vaporesso xros 2 vape kit 1000mah battery,vaporesso xros 2 pod kit,https://vapeonlinestore.co.uk/products/vaporesso-xros-2-pod-kit,flavour,violet,not listed on VOS,,15.99,https://www.ninja-vapes.co.uk/product/vaporesso-xros-2-vape-kit,medium
ninja-vapes.co.uk,vaporesso xros 2 vape kit 1000mah battery,vaporesso xros 2 pod kit,https://vapeonlinestore.co.uk/products/vaporesso-xros-2-pod-kit,flavour,vitality,not listed on VOS,,15.99,https://www.ninja-vapes.co.uk/product/vaporesso-xros-2-vape-kit,medium
ninja-vapes.co.uk,vaporesso xros 3 nano pod vape kit,vaporesso xros 3 nano vape kit,https://vapeonlinestore.co.uk/products/vaporesso-xros-3-nano-vape-kit,flavour,black,not listed on VOS,,19.99,https://www.ninja-vapes.co.uk/product/vaporesso-xros-3-nano-vape-kit,high
ninja-vapes.co.uk,vaporesso xros 3 nano pod vape kit,vaporesso xros 3 nano vape kit,https://vapeonlinestore.co.uk/products/vaporesso-xros-3-nano-vape-kit,flavour,lemon yellow,not listed on VOS,,19.99,https://www.ninja-vapes.co.uk/product/vaporesso-xros-3-nano-vape-kit,high
ninja-vapes.co.uk,vaporesso xros 3 nano pod vape kit,vaporesso xros 3 nano vape kit,https://vapeonlinestore.co.uk/products/vaporesso-xros-3-nano-vape-kit,flavour,navy blue,not listed on VOS,,19.99,https://www.ninja-vapes.co.uk/product/vaporesso-xros-3-nano-vape-kit,high
ninja-vapes.co.uk,vaporesso xros 3 nano pod vape kit,vaporesso xros 3 nano vape kit,https://vapeonlinestore.co.uk/products/vaporesso-xros-3-nano-vape-kit,flavour,olive green,not listed on VOS,,19.99,https://www.ninja-vapes.co.uk/product/vaporesso-xros-3-nano-vape-kit,high
ninja-vapes.co.uk,vaporesso xros 3 pod vape kit,vaporesso xros 3 vape kit,https://vapeonlinestore.co.uk/products/vaporesso-xros-3-vape-kit,colour,navy blue,not listed on VOS,,14.99,https://www.ninja-vapes.co.uk/product/Vaporesso-xros-3-pod-kit,high
ninja-vapes.co.uk,vaporesso xros 6 pod vape kit,vaporesso xros 6 pod vape kit,https://vapeonlinestore.co.uk/products/vaporesso-xros-6-pod-kit,colour,dreamy green,not listed on VOS,,19.99,https://www.ninja-vapes.co.uk/product/vaporesso-xros-6,high
ninja-vapes.co.uk,vaporesso xros corex 2.0 pods for all xros 3 series & 4 series kits,vaporesso xros corex 2.0 replacement pods,https://vapeonlinestore.co.uk/products/vaporesso-xros-pods-pack-of-2,resistance,0.4ohm xros pro xros 4 xros 4 mini only,not listed on VOS,,7.99,https://www.ninja-vapes.co.uk/product/vaporesso-xros-corex-2-0-pod-pack,reviewed
ninja-vapes.co.uk,vaporesso xros corex 2.0 pods for all xros 3 series & 4 series kits,vaporesso xros corex 2.0 replacement pods,https://vapeonlinestore.co.uk/products/vaporesso-xros-pods-pack-of-2,resistance,0.6ohm,not listed on VOS,,7.99,https://www.ninja-vapes.co.uk/product/vaporesso-xros-corex-2-0-pod-pack,reviewed
ninja-vapes.co.uk,vaporesso xros corex 2.0 pods for all xros 3 series & 4 series kits,vaporesso xros corex 2.0 replacement pods,https://vapeonlinestore.co.uk/products/vaporesso-xros-pods-pack-of-2,resistance,0.8ohm,not listed on VOS,,7.99,https://www.ninja-vapes.co.uk/product/vaporesso-xros-corex-2-0-pod-pack,reviewed
ninja-vapes.co.uk,vaporesso xros corex 2.0 pods for all xros 3 series & 4 series kits,vaporesso xros corex 2.0 replacement pods,https://vapeonlinestore.co.uk/products/vaporesso-xros-pods-pack-of-2,resistance,1.0ohm,not listed on VOS,,7.99,https://www.ninja-vapes.co.uk/product/vaporesso-xros-corex-2-0-pod-pack,reviewed
ninja-vapes.co.uk,vaporesso xros corex 2.0 pods for all xros 3 series & 4 series kits,vaporesso xros corex 2.0 replacement pods,https://vapeonlinestore.co.uk/products/vaporesso-xros-pods-pack-of-2,resistance,1.2ohm,not listed on VOS,,7.99,https://www.ninja-vapes.co.uk/product/vaporesso-xros-corex-2-0-pod-pack,reviewed
ninja-vapes.co.uk,vaporesso xros mini 16w pod kit,vaporesso xros mini pod kit,https://vapeonlinestore.co.uk/products/vaporesso-vape-mini-pod-kit-xros,colour,forest green,not listed on VOS,,11.99,https://www.ninja-vapes.co.uk/product/vaporesso-xros-mini-16w-pod-kit,medium
ninja-vapes.co.uk,vaporesso xros mini vape kit,vaporesso xros mini pod kit,https://vapeonlinestore.co.uk/products/vaporesso-vape-mini-pod-kit-xros,flavour,gold,not listed on VOS,,11.99,https://www.ninja-vapes.co.uk/product/vaporesso-xros-mini-vape-kit,high
ninja-vapes.co.uk,vaporesso xros mini vape kit,vaporesso xros mini pod kit,https://vapeonlinestore.co.uk/products/vaporesso-vape-mini-pod-kit-xros,flavour,grape purple,not listed on VOS,,11.99,https://www.ninja-vapes.co.uk/product/vaporesso-xros-mini-vape-kit,high
ninja-vapes.co.uk,vaporesso xros mini vape kit,vaporesso xros mini pod kit,https://vapeonlinestore.co.uk/products/vaporesso-vape-mini-pod-kit-xros,flavour,lime green,not listed on VOS,,11.99,https://www.ninja-vapes.co.uk/product/vaporesso-xros-mini-vape-kit,high
ninja-vapes.co.uk,vaporesso xros mini vape kit,vaporesso xros mini pod kit,https://vapeonlinestore.co.uk/products/vaporesso-vape-mini-pod-kit-xros,flavour,midnight blue,not listed on VOS,,11.99,https://www.ninja-vapes.co.uk/product/vaporesso-xros-mini-vape-kit,high
ninja-vapes.co.uk,vaporesso xros mini vape kit,vaporesso xros mini pod kit,https://vapeonlinestore.co.uk/products/vaporesso-vape-mini-pod-kit-xros,flavour,neon,not listed on VOS,,11.99,https://www.ninja-vapes.co.uk/product/vaporesso-xros-mini-vape-kit,high
ninja-vapes.co.uk,vaporesso xros mini vape kit,vaporesso xros mini pod kit,https://vapeonlinestore.co.uk/products/vaporesso-vape-mini-pod-kit-xros,flavour,orange red,not listed on VOS,,11.99,https://www.ninja-vapes.co.uk/product/vaporesso-xros-mini-vape-kit,high
ninja-vapes.co.uk,vaporesso xros mini vape kit,vaporesso xros mini pod kit,https://vapeonlinestore.co.uk/products/vaporesso-vape-mini-pod-kit-xros,flavour,sakura pink,not listed on VOS,,11.99,https://www.ninja-vapes.co.uk/product/vaporesso-xros-mini-vape-kit,high
ninja-vapes.co.uk,vaporesso xros mini vape kit,vaporesso xros mini pod kit,https://vapeonlinestore.co.uk/products/vaporesso-vape-mini-pod-kit-xros,flavour,sierra blue,not listed on VOS,,11.99,https://www.ninja-vapes.co.uk/product/vaporesso-xros-mini-vape-kit,high
ninja-vapes.co.uk,vaporesso xros mini vape kit,vaporesso xros mini pod kit,https://vapeonlinestore.co.uk/products/vaporesso-vape-mini-pod-kit-xros,flavour,silver,not listed on VOS,,11.99,https://www.ninja-vapes.co.uk/product/vaporesso-xros-mini-vape-kit,high
ninja-vapes.co.uk,vaporesso xros mini vape kit,vaporesso xros mini pod kit,https://vapeonlinestore.co.uk/products/vaporesso-vape-mini-pod-kit-xros,flavour,space grey,not listed on VOS,,11.99,https://www.ninja-vapes.co.uk/product/vaporesso-xros-mini-vape-kit,high
ninja-vapes.co.uk,vaporesso xros mini vape kit,vaporesso xros mini pod kit,https://vapeonlinestore.co.uk/products/vaporesso-vape-mini-pod-kit-xros,flavour,violet,not listed on VOS,,11.99,https://www.ninja-vapes.co.uk/product/vaporesso-xros-mini-vape-kit,high
ninja-vapes.co.uk,vaporesso xros mini vape kit,vaporesso xros mini pod kit,https://vapeonlinestore.co.uk/products/vaporesso-vape-mini-pod-kit-xros,flavour,vitality,not listed on VOS,,11.99,https://www.ninja-vapes.co.uk/product/vaporesso-xros-mini-vape-kit,high
ninja-vapes.co.uk,Pouches By Velo,velo nicotine pouches,https://vapeonlinestore.co.uk/products/velo-nicotine-pouches,flavour,creamy latte,not listed on VOS,,6.99,https://www.ninja-vapes.co.uk/product/creamy-latte-velo,high
ninja-vapes.co.uk,Pouches By Velo,velo nicotine pouches,https://vapeonlinestore.co.uk/products/velo-nicotine-pouches,flavour,triple mango,not listed on VOS,,5.99,https://www.ninja-vapes.co.uk/product/velo-nicotine-pouches,high
ninja-vapes.co.uk,vito nicotine pouches,vito nicotine pouches,https://vapeonlinestore.co.uk/products/vito-nicotine-pouches,flavour,berry forest,not listed on VOS,,4.99,https://www.ninja-vapes.co.uk/product/vito-nicotine-pouches,high
ninja-vapes.co.uk,vito nicotine pouches,vito nicotine pouches,https://vapeonlinestore.co.uk/products/vito-nicotine-pouches,flavour,cool mint,not listed on VOS,,4.99,https://www.ninja-vapes.co.uk/product/vito-nicotine-pouches,high
ninja-vapes.co.uk,vito nicotine pouches,vito nicotine pouches,https://vapeonlinestore.co.uk/products/vito-nicotine-pouches,flavour,watermelon,not listed on VOS,,4.99,https://www.ninja-vapes.co.uk/product/vito-nicotine-pouches,high
ninja-vapes.co.uk,vito nicotine pouches,vito nicotine pouches,https://vapeonlinestore.co.uk/products/vito-nicotine-pouches,flavour,wintergreen,not listed on VOS,,4.99,https://www.ninja-vapes.co.uk/product/vito-nicotine-pouches,high
ninja-vapes.co.uk,voopoo argus g3 mini vape kit,voopoo argus g3 mini pod kit,https://vapeonlinestore.co.uk/products/voopoo-argus-g3-mini,colour,pink,not listed on VOS,,14.99,https://www.ninja-vapes.co.uk/product/voopoo-argus-g3-mini-vape-kit,high
ninja-vapes.co.uk,voopoo argus g3 pod kit,voopoo argus g3 pod vape kit,https://vapeonlinestore.co.uk/products/voopoo-argus-g3,colour,blue silver,not listed on VOS,,19.99,https://www.ninja-vapes.co.uk/product/voopoo-argus-g3-vape-kit,high
ninja-vapes.co.uk,voopoo argus g3 pod kit,voopoo argus g3 pod vape kit,https://vapeonlinestore.co.uk/products/voopoo-argus-g3,colour,green gradient,not listed on VOS,,19.99,https://www.ninja-vapes.co.uk/product/voopoo-argus-g3-vape-kit,high
ninja-vapes.co.uk,voopoo argus g3 pod kit,voopoo argus g3 pod vape kit,https://vapeonlinestore.co.uk/products/voopoo-argus-g3,colour,white kit,not listed on VOS,,19.99,https://www.ninja-vapes.co.uk/product/voopoo-argus-g3-vape-kit,high
ninja-vapes.co.uk,voopoo argus p1 pod kit,voopoo argus p1 pod vape kit,https://vapeonlinestore.co.uk/products/voopoo-argus-p1-pod-kit,colour,pink,not listed on VOS,,19.99,https://www.ninja-vapes.co.uk/product/voopoo-argus-p1-pod-kit,high
ninja-vapes.co.uk,voopoo argus p1s pod kit,voopoo argus p1s pod kit,https://vapeonlinestore.co.uk/products/voopoo-argus-p1s-pod-kit,colour,creed rose,not listed on VOS,,14.99,https://www.ninja-vapes.co.uk/product/voopoo-argus-p1s-pod-kit,high
ninja-vapes.co.uk,Voopoo Argus P2 Vape Kit,voopoo argus p2 vape pod kit,https://vapeonlinestore.co.uk/products/voopoo-argus-p2-vape-pod-kit,colour,ruby white,not listed on VOS,,23.99,https://www.ninja-vapes.co.uk/product/voopoo-argus-p2-pod-kit,high
ninja-vapes.co.uk,voopoo argus top fill cartridge/pods (pack of 3),voopoo argus replacement pods,https://vapeonlinestore.co.uk/products/argus-replacement-pods-by-voopoo,resistance,0.4ohm,not listed on VOS,,7.99,https://www.ninja-vapes.co.uk/product/voopoo-argus-topfill,low
ninja-vapes.co.uk,voopoo argus top fill cartridge/pods (pack of 3),voopoo argus replacement pods,https://vapeonlinestore.co.uk/products/argus-replacement-pods-by-voopoo,resistance,0.7ohm,not listed on VOS,,7.99,https://www.ninja-vapes.co.uk/product/voopoo-argus-topfill,low
ninja-vapes.co.uk,voopoo argus replacement pods,voopoo argus replacement pods,https://vapeonlinestore.co.uk/products/argus-replacement-pods-by-voopoo,resistance,0.7ohm,not listed on VOS,,7.99,https://www.ninja-vapes.co.uk/product/voopoo-argus-replacement-pods,high
ninja-vapes.co.uk,voopoo argus replacement pods,voopoo argus replacement pods,https://vapeonlinestore.co.uk/products/argus-replacement-pods-by-voopoo,resistance,1.2ohm,not listed on VOS,,7.99,https://www.ninja-vapes.co.uk/product/voopoo-argus-replacement-pods,high
ninja-vapes.co.uk,voopoo argus v2 top fill replacement pods,voopoo argus top-fill v2 pod cartridges,https://vapeonlinestore.co.uk/products/voopoo-argus-top-fill-v2-pod-cartridges,resistance,1ohm,not listed on VOS,,8.99,https://www.ninja-vapes.co.uk/product/voopoo-argus-top-fill-v2-replacement-pods,high
ninja-vapes.co.uk,voopoo drag 4 mod,voopoo drag 4 vape kit,https://vapeonlinestore.co.uk/products/voopoo-drag-4-vape-kit,colour,gunmetal rosewood,not listed on VOS,,44.99,https://www.ninja-vapes.co.uk/product/voopoo-drag-4-mod,high
ninja-vapes.co.uk,voopoo drag nano 2 pod kit,voopoo drag nano 2 pod kit,https://vapeonlinestore.co.uk/products/drag-nano-2-pod-kit-by-voopoo,colour,classic black,not listed on VOS,,20.99,https://www.ninja-vapes.co.uk/product/voopoo-drag-nano-2-pod-kit-pod-kit,high
ninja-vapes.co.uk,voopoo drag nano 2 pod kit,voopoo drag nano 2 pod kit,https://vapeonlinestore.co.uk/products/drag-nano-2-pod-kit-by-voopoo,colour,classic red,not listed on VOS,,20.99,https://www.ninja-vapes.co.uk/product/voopoo-drag-nano-2-pod-kit-pod-kit,high
ninja-vapes.co.uk,voopoo drag nano 2 pod kit,voopoo drag nano 2 pod kit,https://vapeonlinestore.co.uk/products/drag-nano-2-pod-kit-by-voopoo,colour,gull grey,not listed on VOS,,20.99,https://www.ninja-vapes.co.uk/product/voopoo-drag-nano-2-pod-kit-pod-kit,high
ninja-vapes.co.uk,voopoo drag nano 2 pod kit,voopoo drag nano 2 pod kit,https://vapeonlinestore.co.uk/products/drag-nano-2-pod-kit-by-voopoo,colour,orange,not listed on VOS,,20.99,https://www.ninja-vapes.co.uk/product/voopoo-drag-nano-2-pod-kit-pod-kit,high
ninja-vapes.co.uk,voopoo drag nano 2 pod kit,voopoo drag nano 2 pod kit,https://vapeonlinestore.co.uk/products/drag-nano-2-pod-kit-by-voopoo,colour,power blue,not listed on VOS,,20.99,https://www.ninja-vapes.co.uk/product/voopoo-drag-nano-2-pod-kit-pod-kit,high
ninja-vapes.co.uk,voopoo drag nano 2 pod kit,voopoo drag nano 2 pod kit,https://vapeonlinestore.co.uk/products/drag-nano-2-pod-kit-by-voopoo,colour,sparkle champange,not listed on VOS,,20.99,https://www.ninja-vapes.co.uk/product/voopoo-drag-nano-2-pod-kit-pod-kit,high
ninja-vapes.co.uk,voopoo drag nano 2 pod kit,voopoo drag nano 2 pod kit,https://vapeonlinestore.co.uk/products/drag-nano-2-pod-kit-by-voopoo,flavour,tea green,not listed on VOS,,20.99,https://www.ninja-vapes.co.uk/product/voopoo-drag-nano-2-pod-kit-pod-kit,high
ninja-vapes.co.uk,voopoo drag s pnp-x pod kit,voopoo drag s mod pod kit,https://vapeonlinestore.co.uk/products/voopoo-drag-s-pod-kit,colour,sapphire blue,not listed on VOS,,39.99,https://www.ninja-vapes.co.uk/product/voopoo-drag-s-pnp-x-60w-pod-kit,medium
ninja-vapes.co.uk,voopoo drag s pnp-x pod kit,voopoo drag s mod pod kit,https://vapeonlinestore.co.uk/products/voopoo-drag-s-pod-kit,colour,victory rainbow,not listed on VOS,,39.99,https://www.ninja-vapes.co.uk/product/voopoo-drag-s-pnp-x-60w-pod-kit,medium
ninja-vapes.co.uk,voopoo drag s2 pod kit,voopoo drag s2 pod vape kit,https://vapeonlinestore.co.uk/products/voopoo-drag-s2-pod-kit,colour,grow pink,not listed on VOS,,27.99,https://www.ninja-vapes.co.uk/product/voopoo-drag-s2-pod-vape-kit,high
ninja-vapes.co.uk,Voopoo Ito Coils,voopoo ito replacement coils [pack of 5],https://vapeonlinestore.co.uk/products/voopoo-ito-coils-pack-of-5,resistance,0.5ohm m0,not listed on VOS,,11.95,https://www.ninja-vapes.co.uk/product/voopoo-ito-replacement-coils,high
ninja-vapes.co.uk,Voopoo Ito Coils,voopoo ito replacement coils [pack of 5],https://vapeonlinestore.co.uk/products/voopoo-ito-coils-pack-of-5,resistance,0.7ohm m1,not listed on VOS,,11.95,https://www.ninja-vapes.co.uk/product/voopoo-ito-replacement-coils,high
ninja-vapes.co.uk,Voopoo Ito Coils,voopoo ito replacement coils [pack of 5],https://vapeonlinestore.co.uk/products/voopoo-ito-coils-pack-of-5,resistance,1.0ohm m2,not listed on VOS,,11.95,https://www.ninja-vapes.co.uk/product/voopoo-ito-replacement-coils,high
ninja-vapes.co.uk,Voopoo Ito Coils,voopoo ito replacement coils [pack of 5],https://vapeonlinestore.co.uk/products/voopoo-ito-coils-pack-of-5,resistance,1.2ohm m3,not listed on VOS,,11.95,https://www.ninja-vapes.co.uk/product/voopoo-ito-replacement-coils,high
ninja-vapes.co.uk,Voopoo Pnp X Mtl Pod Tank,voopoo pnp mtl replacement pods pack of 2,https://vapeonlinestore.co.uk/products/voopoo-pnp-mtl-replacement-pods,colour,black,not listed on VOS,,7.99,https://www.ninja-vapes.co.uk/product/voopoo-pnp-x-mtl,reviewed
ninja-vapes.co.uk,Voopoo Pnp X Mtl Pod Tank,voopoo pnp mtl replacement pods pack of 2,https://vapeonlinestore.co.uk/products/voopoo-pnp-mtl-replacement-pods,colour,grey,not listed on VOS,,7.99,https://www.ninja-vapes.co.uk/product/voopoo-pnp-x-mtl,reviewed
ninja-vapes.co.uk,Voopoo Pnp X Mtl Pod Tank,voopoo pnp mtl replacement pods pack of 2,https://vapeonlinestore.co.uk/products/voopoo-pnp-mtl-replacement-pods,colour,silver,not listed on VOS,,7.99,https://www.ninja-vapes.co.uk/product/voopoo-pnp-x-mtl,reviewed
ninja-vapes.co.uk,voopoo vinci royal edition 15w pod kit,voopoo vinci royal edition pod starter kit,https://vapeonlinestore.co.uk/products/vinci-royal-edition-pod-starter-kit,colour,black ripple,not listed on VOS,,17.99,https://www.ninja-vapes.co.uk/product/voopoo-vinci-royal-edition-15w-pod-kit-pod-kit,medium
ninja-vapes.co.uk,voopoo vinci royal edition 15w pod kit,voopoo vinci royal edition pod starter kit,https://vapeonlinestore.co.uk/products/vinci-royal-edition-pod-starter-kit,colour,gold leaf,not listed on VOS,,17.99,https://www.ninja-vapes.co.uk/product/voopoo-vinci-royal-edition-15w-pod-kit-pod-kit,medium
ninja-vapes.co.uk,voopoo v-thru pro pod kit,voopoo vthru pro 25w pod kit,https://vapeonlinestore.co.uk/products/voopoo-vthru-pro-pod-kit,colour,rosey,not listed on VOS,,19.99,https://www.ninja-vapes.co.uk/product/voopoo-v-thru-pro-25w-pod-kit-pod-kit,reviewed
ninja-vapes.co.uk,vozol ace max pod vape kit,vozol ace max pod kit,https://vapeonlinestore.co.uk/products/vozol-ace-max-pod-kit,colour,pearly white,not listed on VOS,,23.99,https://www.ninja-vapes.co.uk/product/vozol-ace-max-pod-vape-kit,high
ninja-vapes.co.uk,Vozol Mate 18000 Refill Pods,vozol mate 18k refill pods,https://vapeonlinestore.co.uk/products/vozol-mate-18k-pods,flavour,apple cyder,not listed on VOS,,29.99,https://www.ninja-vapes.co.uk/product/box-of-10-vozol-mate-54k-refill-pods,high
ninja-vapes.co.uk,Vozol Mate 18000 Refill Pods,vozol mate 18k refill pods,https://vapeonlinestore.co.uk/products/vozol-mate-18k-pods,flavour,blueberry raspberry,not listed on VOS,,29.99,https://www.ninja-vapes.co.uk/product/box-of-10-vozol-mate-54k-refill-pods,high
ninja-vapes.co.uk,Vozol Mate 18000 Refill Pods,vozol mate 18k refill pods,https://vapeonlinestore.co.uk/products/vozol-mate-18k-pods,flavour,blueberry sour raspberry,listed on VOS but out of stock,blueberry sour raspberry,29.99,https://www.ninja-vapes.co.uk/product/box-of-10-vozol-mate-54k-refill-pods,high
ninja-vapes.co.uk,Vozol Mate 18000 Refill Pods,vozol mate 18k refill pods,https://vapeonlinestore.co.uk/products/vozol-mate-18k-pods,flavour,cherry cola,not listed on VOS,,29.99,https://www.ninja-vapes.co.uk/product/box-of-10-vozol-mate-54k-refill-pods,high
ninja-vapes.co.uk,Vozol Mate 18000 Refill Pods,vozol mate 18k refill pods,https://vapeonlinestore.co.uk/products/vozol-mate-18k-pods,flavour,dubai chocolate,not listed on VOS,,29.99,https://www.ninja-vapes.co.uk/product/box-of-10-vozol-mate-54k-refill-pods,high
ninja-vapes.co.uk,Vozol Mate 18000 Refill Pods,vozol mate 18k refill pods,https://vapeonlinestore.co.uk/products/vozol-mate-18k-pods,flavour,fizzy cherry,not listed on VOS,,29.99,https://www.ninja-vapes.co.uk/product/box-of-10-vozol-mate-54k-refill-pods,high
ninja-vapes.co.uk,Vozol Mate 18000 Refill Pods,vozol mate 18k refill pods,https://vapeonlinestore.co.uk/products/vozol-mate-18k-pods,flavour,fresh mint,not listed on VOS,,29.99,https://www.ninja-vapes.co.uk/product/box-of-10-vozol-mate-54k-refill-pods,high
ninja-vapes.co.uk,Vozol Mate 18000 Refill Pods,vozol mate 18k refill pods,https://vapeonlinestore.co.uk/products/vozol-mate-18k-pods,flavour,juicy peach,not listed on VOS,,29.99,https://www.ninja-vapes.co.uk/product/box-of-10-vozol-mate-54k-refill-pods,high
ninja-vapes.co.uk,Vozol Mate 18000 Refill Pods,vozol mate 18k refill pods,https://vapeonlinestore.co.uk/products/vozol-mate-18k-pods,flavour,lemon lime,not listed on VOS,,29.99,https://www.ninja-vapes.co.uk/product/box-of-10-vozol-mate-54k-refill-pods,high
ninja-vapes.co.uk,Vozol Mate 18000 Refill Pods,vozol mate 18k refill pods,https://vapeonlinestore.co.uk/products/vozol-mate-18k-pods,flavour,long island ice tea,not listed on VOS,,29.99,https://www.ninja-vapes.co.uk/product/box-of-10-vozol-mate-54k-refill-pods,high
ninja-vapes.co.uk,Vozol Mate 18000 Refill Pods,vozol mate 18k refill pods,https://vapeonlinestore.co.uk/products/vozol-mate-18k-pods,flavour,mango loco,not listed on VOS,,29.99,https://www.ninja-vapes.co.uk/product/box-of-10-vozol-mate-54k-refill-pods,high
ninja-vapes.co.uk,Vozol Mate 18000 Refill Pods,vozol mate 18k refill pods,https://vapeonlinestore.co.uk/products/vozol-mate-18k-pods,flavour,pineapple ice,not listed on VOS,,29.99,https://www.ninja-vapes.co.uk/product/box-of-10-vozol-mate-54k-refill-pods,high
ninja-vapes.co.uk,Vozol Mate 18000 Refill Pods,vozol mate 18k refill pods,https://vapeonlinestore.co.uk/products/vozol-mate-18k-pods,flavour,pink lemonade,not listed on VOS,,29.99,https://www.ninja-vapes.co.uk/product/box-of-10-vozol-mate-54k-refill-pods,high
ninja-vapes.co.uk,Vozol Mate 18000 Refill Pods,vozol mate 18k refill pods,https://vapeonlinestore.co.uk/products/vozol-mate-18k-pods,flavour,raspberry cider,not listed on VOS,,29.99,https://www.ninja-vapes.co.uk/product/box-of-10-vozol-mate-54k-refill-pods,high
ninja-vapes.co.uk,Vozol Mate 18000 Refill Pods,vozol mate 18k refill pods,https://vapeonlinestore.co.uk/products/vozol-mate-18k-pods,flavour,strawberry watermelon,not listed on VOS,,29.99,https://www.ninja-vapes.co.uk/product/box-of-10-vozol-mate-54k-refill-pods,high
ninja-vapes.co.uk,Vozol Mate 18000 Refill Pods,vozol mate 18k refill pods,https://vapeonlinestore.co.uk/products/vozol-mate-18k-pods,flavour,vz jaffa,not listed on VOS,,29.99,https://www.ninja-vapes.co.uk/product/box-of-10-vozol-mate-54k-refill-pods,high
ninja-vapes.co.uk,Vozol Mate 54000 Puffs Prefilled Pods Kit,vozol mate 54k prefilled pod kit,https://vapeonlinestore.co.uk/products/vozol-mate-54k,flavour,blueberry,not listed on VOS,,10.99,https://www.ninja-vapes.co.uk/product/vozol-mate-54k,high
ninja-vapes.co.uk,Vozol Mate 54000 Puffs Prefilled Pods Kit,vozol mate 54k prefilled pod kit,https://vapeonlinestore.co.uk/products/vozol-mate-54k,flavour,cherry,not listed on VOS,,10.99,https://www.ninja-vapes.co.uk/product/vozol-mate-54k,high
ninja-vapes.co.uk,Vozol Mate 54000 Puffs Prefilled Pods Kit,vozol mate 54k prefilled pod kit,https://vapeonlinestore.co.uk/products/vozol-mate-54k,flavour,cider,not listed on VOS,,10.99,https://www.ninja-vapes.co.uk/product/vozol-mate-54k,high
ninja-vapes.co.uk,Vozol Mate 54000 Puffs Prefilled Pods Kit,vozol mate 54k prefilled pod kit,https://vapeonlinestore.co.uk/products/vozol-mate-54k,flavour,fresh,not listed on VOS,,10.99,https://www.ninja-vapes.co.uk/product/vozol-mate-54k,high
ninja-vapes.co.uk,Vozol Mate 54000 Puffs Prefilled Pods Kit,vozol mate 54k prefilled pod kit,https://vapeonlinestore.co.uk/products/vozol-mate-54k,flavour,lemon,not listed on VOS,,10.99,https://www.ninja-vapes.co.uk/product/vozol-mate-54k,high
ninja-vapes.co.uk,Vozol Mate 54000 Puffs Prefilled Pods Kit,vozol mate 54k prefilled pod kit,https://vapeonlinestore.co.uk/products/vozol-mate-54k,flavour,watermelon,not listed on VOS,,10.99,https://www.ninja-vapes.co.uk/product/vozol-mate-54k,high
ninja-vapes.co.uk,vuse go reload pen 1000 puffs prefilled vape kit,vuse go reload 1000 pen starter vape kit,https://vapeonlinestore.co.uk/products/vuse-go-reload-1000,flavour,blueberry ice,not listed on VOS,,6.99,https://www.ninja-vapes.co.uk/product/vuse-go-reload-1000-pen-vape-kit,high
ninja-vapes.co.uk,vuse go reload pen 1000 puffs prefilled vape kit,vuse go reload 1000 pen starter vape kit,https://vapeonlinestore.co.uk/products/vuse-go-reload-1000,flavour,blueberry raspberry,not listed on VOS,,6.99,https://www.ninja-vapes.co.uk/product/vuse-go-reload-1000-pen-vape-kit,high
ninja-vapes.co.uk,vuse go reload pen 1000 puffs prefilled vape kit,vuse go reload 1000 pen starter vape kit,https://vapeonlinestore.co.uk/products/vuse-go-reload-1000,flavour,creamy tobacco,not listed on VOS,,6.99,https://www.ninja-vapes.co.uk/product/vuse-go-reload-1000-pen-vape-kit,high
ninja-vapes.co.uk,vuse go reload pen 1000 puffs prefilled vape kit,vuse go reload 1000 pen starter vape kit,https://vapeonlinestore.co.uk/products/vuse-go-reload-1000,flavour,mint ice,not listed on VOS,,6.99,https://www.ninja-vapes.co.uk/product/vuse-go-reload-1000-pen-vape-kit,high
ninja-vapes.co.uk,vuse go reload pen 1000 puffs prefilled vape kit,vuse go reload 1000 pen starter vape kit,https://vapeonlinestore.co.uk/products/vuse-go-reload-1000,flavour,strawberry ice,not listed on VOS,,6.99,https://www.ninja-vapes.co.uk/product/vuse-go-reload-1000-pen-vape-kit,high
ninja-vapes.co.uk,vuse go reload pen 1000 puffs prefilled vape kit,vuse go reload 1000 pen starter vape kit,https://vapeonlinestore.co.uk/products/vuse-go-reload-1000,flavour,watermelon ice,not listed on VOS,,6.99,https://www.ninja-vapes.co.uk/product/vuse-go-reload-1000-pen-vape-kit,high
ninja-vapes.co.uk,vuse go reload box 1000 puffs prefilled pod kit,vuse go reload 1000 puffs pod kit,https://vapeonlinestore.co.uk/products/vuse-go-reload-1000-pod-kit,flavour,blueberry ice,not listed on VOS,,6.99,https://www.ninja-vapes.co.uk/product/vuse-go-reload-1000-box-vape-kit,high
ninja-vapes.co.uk,vuse go reload box 1000 puffs prefilled pod kit,vuse go reload 1000 puffs pod kit,https://vapeonlinestore.co.uk/products/vuse-go-reload-1000-pod-kit,flavour,blueberry raspberry,not listed on VOS,,6.99,https://www.ninja-vapes.co.uk/product/vuse-go-reload-1000-box-vape-kit,high
ninja-vapes.co.uk,vuse go reload box 1000 puffs prefilled pod kit,vuse go reload 1000 puffs pod kit,https://vapeonlinestore.co.uk/products/vuse-go-reload-1000-pod-kit,flavour,mint ice,not listed on VOS,,6.99,https://www.ninja-vapes.co.uk/product/vuse-go-reload-1000-box-vape-kit,high
ninja-vapes.co.uk,vuse go reload box 1000 puffs prefilled pod kit,vuse go reload 1000 puffs pod kit,https://vapeonlinestore.co.uk/products/vuse-go-reload-1000-pod-kit,flavour,strawberry ice,not listed on VOS,,6.99,https://www.ninja-vapes.co.uk/product/vuse-go-reload-1000-box-vape-kit,high
ninja-vapes.co.uk,vuse go reload box 1000 puffs prefilled pod kit,vuse go reload 1000 puffs pod kit,https://vapeonlinestore.co.uk/products/vuse-go-reload-1000-pod-kit,flavour,watermelon ice,not listed on VOS,,6.99,https://www.ninja-vapes.co.uk/product/vuse-go-reload-1000-box-vape-kit,high
ninja-vapes.co.uk,yeti blizzard shortfill 100ml e-liquid,yeti blizzard e-liquid 100ml shortfill,https://vapeonlinestore.co.uk/products/yeti-blizzard-e-liquid-100ml,flavour,blood oranges,not listed on VOS,,6.99,https://www.ninja-vapes.co.uk/product/yeti-blizzard-shortfill-eliquid,high
ninja-vapes.co.uk,yeti sourz e-liquid 100ml shortfill e-liquid,yeti sourz e-liquid 100ml shortfill,https://vapeonlinestore.co.uk/products/yeti-sourz-e-liquid-100ml,flavour,blueberry raspberry ice,not listed on VOS,,6.99,https://www.ninja-vapes.co.uk/product/yeti-sourz-shortfill-eliquid,high
ninja-vapes.co.uk,yeti sourz e-liquid 100ml shortfill e-liquid,yeti sourz e-liquid 100ml shortfill,https://vapeonlinestore.co.uk/products/yeti-sourz-e-liquid-100ml,flavour,tropical fruits,not listed on VOS,,6.99,https://www.ninja-vapes.co.uk/product/yeti-sourz-shortfill-eliquid,high
ninja-vapes.co.uk,Nic Salt E-Liquid By Zeus Juice,zeus juice 10ml nicotine salts e-liquid uk,https://vapeonlinestore.co.uk/products/zeus-juice-10ml-nicotine-salts-e-liquid,flavour,boreas,not listed on VOS,,3.95,https://www.ninja-vapes.co.uk/product/boreas-nic-salt-zeus-juice,high
ninja-vapes.co.uk,Nic Salt E-Liquid By Zeus Juice,zeus juice 10ml nicotine salts e-liquid uk,https://vapeonlinestore.co.uk/products/zeus-juice-10ml-nicotine-salts-e-liquid,flavour,neptune,not listed on VOS,,3.95,https://www.ninja-vapes.co.uk/product/neptune-nic-salt-zeus-juice,high
ninja-vapes.co.uk,Nic Salt E-Liquid By Zeus Juice,zeus juice 10ml nicotine salts e-liquid uk,https://vapeonlinestore.co.uk/products/zeus-juice-10ml-nicotine-salts-e-liquid,flavour,pomona,not listed on VOS,,3.95,https://www.ninja-vapes.co.uk/product/pomona-nic-salt-zeus-juice,high
ninja-vapes.co.uk,zeus juice zodiac 100ml shortfill e-liquid,zeus juice zodiac 100ml shortfill,https://vapeonlinestore.co.uk/products/zeus-juice-shortfill-100ml-e-liquid,flavour,adonis,not listed on VOS,,16.99,https://www.ninja-vapes.co.uk/product/zeus-juice-100ml-shortfill-e-liquid,high
ninja-vapes.co.uk,zeus juice zodiac 100ml shortfill e-liquid,zeus juice zodiac 100ml shortfill,https://vapeonlinestore.co.uk/products/zeus-juice-shortfill-100ml-e-liquid,flavour,atlantis,not listed on VOS,,16.99,https://www.ninja-vapes.co.uk/product/zeus-juice-100ml-shortfill-e-liquid,high
ninja-vapes.co.uk,zeus juice zodiac 100ml shortfill e-liquid,zeus juice zodiac 100ml shortfill,https://vapeonlinestore.co.uk/products/zeus-juice-shortfill-100ml-e-liquid,flavour,black reloaded,not listed on VOS,,16.99,https://www.ninja-vapes.co.uk/product/zeus-juice-100ml-shortfill-e-liquid,high
ninja-vapes.co.uk,zeus juice zodiac 100ml shortfill e-liquid,zeus juice zodiac 100ml shortfill,https://vapeonlinestore.co.uk/products/zeus-juice-shortfill-100ml-e-liquid,flavour,cora,not listed on VOS,,16.99,https://www.ninja-vapes.co.uk/product/zeus-juice-100ml-shortfill-e-liquid,high
ninja-vapes.co.uk,zeus juice zodiac 100ml shortfill e-liquid,zeus juice zodiac 100ml shortfill,https://vapeonlinestore.co.uk/products/zeus-juice-shortfill-100ml-e-liquid,flavour,selene,not listed on VOS,,16.99,https://www.ninja-vapes.co.uk/product/zeus-juice-100ml-shortfill-e-liquid,high
ninja-vapes.co.uk,zeus juice zodiac 100ml shortfill e-liquid,zeus juice zodiac 100ml shortfill,https://vapeonlinestore.co.uk/products/zeus-juice-shortfill-100ml-e-liquid,flavour,trilion,not listed on VOS,,16.99,https://www.ninja-vapes.co.uk/product/zeus-juice-100ml-shortfill-e-liquid,high
ninja-vapes.co.uk,Geekvape Zeus X Rta Zeus Sub Ohm Replacement Bulb,zeus replacement glass by geek vape,https://vapeonlinestore.co.uk/products/zeus-replacement-glass-by-geek-vape,colour,glass,not listed on VOS,,2.99,https://www.ninja-vapes.co.uk/product/geekvape-zeus-x-rta-zeus-sub-ohm-replacement-bulb-glass-1,reviewed
ninja-vapes.co.uk,Pouches By Zyn,zyn nicotine pouches,https://vapeonlinestore.co.uk/products/zyn-nicotine-pouches,flavour,chili guava,not listed on VOS,,6.99,https://www.ninja-vapes.co.uk/product/zyn-chili-guava,high
ninja-vapes.co.uk,Mini Pouches By Zyn,zyn nicotine pouches,https://vapeonlinestore.co.uk/products/zyn-nicotine-pouches,flavour,espressino,not listed on VOS,,6.99,https://www.ninja-vapes.co.uk/product/zyn-espressino-mini,reviewed
ninja-vapes.co.uk,Pouches By Zyn,zyn nicotine pouches,https://vapeonlinestore.co.uk/products/zyn-nicotine-pouches,flavour,icy blackcurrant,not listed on VOS,,6.99,https://www.ninja-vapes.co.uk/product/zyn-icy-blackcurrant,high
ninja-vapes.co.uk,Pouches By Zyn,zyn nicotine pouches,https://vapeonlinestore.co.uk/products/zyn-nicotine-pouches,flavour,icy mint,not listed on VOS,,6.99,https://www.ninja-vapes.co.uk/product/zyn-icy-mint,high
