competitor,product,brand,type,status,vos_product_url,review_note,in_stock_flavours,flavours_in_stock,other_variants_in_stock,price_from,listings,example_listing,competitor_url,more_urls,closest_vos_product,closest_vos_score
vampirevape.co.uk,Freemax Maxus 100W Vape Kit,freemax,kit,listed on VOS but out of stock,https://vapeonlinestore.co.uk/products/solo-maxus-100w-vape-kit,"Freemax Solo MaXus 100w kit is the same 100W MaXus kit, currently out of stock on VOS.",0,,"colour: resin black orange, resin blue green, resin blue yellow, resin orange green, resin red yellow",29.99,5,Freemax MaXus 100w Vape Kit - Resin Blue/Green,https://www.vampirevape.co.uk/freemax-maxus-100w-vape-kit-resin-blue-green,https://www.vampirevape.co.uk/freemax-maxus-100w-vape-kit-resin-orange-green https://www.vampirevape.co.uk/freemax-maxus-100w-vape-kit-resin-black-orange https://www.vampirevape.co.uk/freemax-maxus-100w-vape-kit-resin-blue-yellow,freemax maxus max pro kit,0.35
vampirevape.co.uk,freemax maxpod replacement pod - 1.5 ohm - 1pk,freemax,pods,listed on VOS but out of stock,https://vapeonlinestore.co.uk/products/freemax-maxpod-3-md-mesh-replacement-pods,"VOS sells Freemax MaxPod 3 MD mesh replacement pods for the same MaxPod pod system, though currently out of stock.",0,,,0.99,1,Freemax MaxPod Replacement Pod - 1.5 ohm - 1PK,https://www.vampirevape.co.uk/freemax-maxpod-replacement-pod-1-5-ohm-1pk,,,
vampirevape.co.uk,innokin eq fltr replacement pod - 1pk,innokin,pods,listed on VOS but out of stock,https://vapeonlinestore.co.uk/products/innokin-eq-refillable-pods,"VOS sells Innokin EQ refillable pods for the same EQ device (FLTR is a pod variant), currently out of stock.",0,,,2.89,1,Innokin EQ FLTR Replacement Pod - 1PK,https://www.vampirevape.co.uk/innokin-eq-fltr-replacement-pod-1pk,,,
vampirevape.co.uk,vaporesso xiron replacement pod - 2ml,vaporesso,pods,listed on VOS but out of stock,https://vapeonlinestore.co.uk/products/vaporesso-xiron-replacement-pods,VOS lists Vaporesso Xiron replacement pods but currently out of stock.,0,,,3.49,1,Vaporesso XIRON Replacement Pod - 2ml,https://www.vampirevape.co.uk/vaporesso-xiron-replacement-pod-2ml,,,
vampirevape.co.uk,horizontech falcon king tank 2ml - black,horizon tech,tank,listed on VOS but out of stock,https://vapeonlinestore.co.uk/products/horizontech-falcon-king-tank,VOS carries the HorizonTech Falcon King Tank but it is currently out of stock.,0,,,23.49,1,HorizonTech Falcon King Tank 2ml - Black,https://www.vampirevape.co.uk/horizontech-falcon-king-tank-2ml-black,,horizontech falcon 2 replacement tank,0.15
vampirevape.co.uk,14 gauge blunt needle tip,?,accessory,not on VOS (reviewed),,No blunt needle tip found among VOS's drip tip/wire accessory listings.,0,,,0.35,1,14 Gauge Blunt Needle Tip,https://www.vampirevape.co.uk/14-gauge-blunt-needle-tip,,zlide resin drip tip by innokin,0.07
vampirevape.co.uk,Mixing Syringe 10Ml,?,accessory,not on VOS (reviewed),,"No mixing syringe found among VOS lookalikes (all are e-liquid multipacks, not accessories).",0,,,0.25,3,Mixing Syringe 10ml,https://www.vampirevape.co.uk/mixing-syringe-10ml,https://www.vampirevape.co.uk/mixing-syringe-5ml https://www.vampirevape.co.uk/mixing-syringe-2ml,,
vampirevape.co.uk,eu - uk wall adapter,?,accessory,not on VOS (reviewed),,"VOS's closest item is a USB wall plug adapter (charger), not an EU-to-UK travel plug adapter.",0,,,4.99,1,EU - UK Wall Adapter,https://www.vampirevape.co.uk/eu-uk-wall-adapter,,usb wall plug adapter by aspire,0.36
vampirevape.co.uk,micro usb charger,?,accessory,not on VOS (reviewed),,"VOS's chargers are 18650 battery dock chargers or USB-C cables, not a generic Micro USB charger.",0,,,1.99,1,Micro USB Charger,https://www.vampirevape.co.uk/micro-usb-charger,,usb charging cable for hexa pod by hexa,0.2
vampirevape.co.uk,operation vape wire 30ft-ka1 26ga,?,accessory,not on VOS (reviewed),,VOS's Kanthal A1 wire reel is a different brand (UD) than this house-brand (Operation Vape) KA1 wire.,0,,,1.49,1,Operation Vape Wire 30ft-KA1  26GA,https://www.vampirevape.co.uk/operation-vape-wire-30ft-ka1-26ga,,nichrome wire reel gauge - 30ft by ud,0.15
vampirevape.co.uk,operation vape wire 30ft-ka1 28ga,?,accessory,not on VOS (reviewed),,Same as vamp-4 - different brand (UD vs Operation Vape) for KA1 wire.,0,,,1.49,1,Operation Vape Wire 30ft-KA1  28GA,https://www.vampirevape.co.uk/operation-vape-wire-30ft-ka1-28ga,,nichrome wire reel gauge - 30ft by ud,0.15
vampirevape.co.uk,operation vape wire 30ft-ni80 24ga,?,accessory,not on VOS (reviewed),,"VOS's Ni80 wire is by Geek Vape, a different brand than this house-brand Operation Vape Ni80 wire.",0,,,1.49,1,Operation Vape Wire 30ft-NI80  24GA,https://www.vampirevape.co.uk/operation-vape-wire-30ft-ni80-24ga,,ni200 wire reel gauge - 30ft by ud,0.2
vampirevape.co.uk,operation vape wire 30ft-ni80 26ga,?,accessory,not on VOS (reviewed),,Same as vamp-6 - different brand for Ni80 wire.,0,,,1.49,1,Operation Vape Wire 30ft-NI80  26GA,https://www.vampirevape.co.uk/operation-vape-wire-30ft-ni80-26ga,,ni200 wire reel gauge - 30ft by ud,0.2
vampirevape.co.uk,operation vape wire 30ft-ni80 28ga,?,accessory,not on VOS (reviewed),,Same as vamp-6 - different brand for Ni80 wire.,0,,,1.49,1,Operation Vape Wire 30ft-NI80  28GA,https://www.vampirevape.co.uk/operation-vape-wire-30ft-ni80-28ga,,ni200 wire reel gauge - 30ft by ud,0.2
vampirevape.co.uk,operation vape wire 30ft-ss316l 24ga,?,accessory,not on VOS (reviewed),,No SS316L wire product appears anywhere in VOS's listings.,0,,,1.49,1,Operation Vape Wire 30ft-SS316L  24GA,https://www.vampirevape.co.uk/operation-vape-wire-30ft-ss316l-24ga,,nichrome wire reel gauge - 30ft by ud,0.15
vampirevape.co.uk,operation vape wire 30ft-ss316l 26ga,?,accessory,not on VOS (reviewed),,No SS316L wire product appears anywhere in VOS's listings.,0,,,1.49,1,Operation Vape Wire 30ft-SS316L  26GA,https://www.vampirevape.co.uk/operation-vape-wire-30ft-ss316l-26ga,,nichrome wire reel gauge - 30ft by ud,0.15
vampirevape.co.uk,operation vape wire 30ft-ss316l 28ga,?,accessory,not on VOS (reviewed),,"Operation Vape branded wire spool not carried by VOS; lookalikes are unrelated wire brands (UD, Demon Killer, etc).",0,,,1.49,1,Operation Vape Wire 30ft-SS316L  28GA,https://www.vampirevape.co.uk/operation-vape-wire-30ft-ss316l-28ga,,nichrome wire reel gauge - 30ft by ud,0.15
vampirevape.co.uk,aspire usb-c cable,aspire,accessory,not on VOS (reviewed),,No Aspire-branded USB-C cable on VOS; the lookalike cable is a generic non-Aspire charging cable.,0,,,1.99,1,Aspire USB-C Cable,https://www.vampirevape.co.uk/aspire-usb-c-cable,,usb wall plug adapter by aspire,0.12
vampirevape.co.uk,aspire veynom adapter - black,aspire,accessory,not on VOS (reviewed),,No Aspire Veynom 510 adapter accessory on VOS; lookalike is an unrelated Veynom Air pod kit.,0,,,3.99,1,Aspire Veynom Adapter - Black,https://www.vampirevape.co.uk/aspire-veynom-adapter-black,,usb wall plug adapter by aspire,0.23
vampirevape.co.uk,eleaf mains charger,eleaf,accessory,not on VOS (reviewed),,No Eleaf mains charger accessory among VOS's Eleaf products (all coils/mods/kits).,0,,,1.99,1,Eleaf Mains Charger,https://www.vampirevape.co.uk/eleaf-mains-charger,,,
vampirevape.co.uk,freemax fireluke solo glass - 2ml,freemax,accessory,not on VOS (reviewed),,"VOS only has Fireluke 2 bubble glass, not Fireluke Solo glass; different tank generation.",0,,,0.99,1,FreeMax Fireluke Solo Glass - 2ml,https://www.vampirevape.co.uk/freemax-fireluke-solo-glass-2ml,,Freemax Fireluke 2 Bubble,0.12
vampirevape.co.uk,geek vape e100 510 adapter,geekvape,accessory,not on VOS (reviewed),,No Geek Vape E100 510 adapter accessory listed on VOS.,0,,,3.99,1,Geek Vape E100 510 Adapter,https://www.vampirevape.co.uk/geek-vape-e100-510-adapter,,,
vampirevape.co.uk,geek vape mero 510 adapter,geekvape,accessory,not on VOS (reviewed),,No Geek Vape Mero 510 adapter accessory listed on VOS.,0,,,3.99,1,Geek Vape Mero 510 Adapter,https://www.vampirevape.co.uk/geek-vape-mero-510-adapter,,,
vampirevape.co.uk,geek vape wenax filter drip tip - 10pk,geekvape,accessory,not on VOS (reviewed),,No Geekvape Wenax filter drip tip accessory listed on VOS (only Wenax kits).,0,,,2.99,1,Geek Vape Wenax Filter Drip Tip - 10PK,https://www.vampirevape.co.uk/geek-vape-wenax-filter-drip-tip-10pk,,,
vampirevape.co.uk,Horizontech Falcon Replacement,horizon tech,accessory,not on VOS (reviewed),,"VOS only sells Falcon 2 EU glass, not glass for the original (non-numbered) Falcon tank; different generation.",0,,colour: glass,3.99,1,HorizonTech Falcon Replacement Glass,https://www.vampirevape.co.uk/horizontech-falcon-replacement-glass,,Horizontech Falcon 2 Eu,0.2
vampirevape.co.uk,horizontech falcon king eu glass - 2ml,horizon tech,accessory,not on VOS (reviewed),,"VOS only sells the full Falcon King tank (out of stock), not a standalone Falcon King replacement glass.",0,,,2.99,1,HorizonTech Falcon King EU Glass - 2ml,https://www.vampirevape.co.uk/horizontech-falcon-king-eu-glass-2ml,,Horizontech Falcon 2 Eu,0.24
vampirevape.co.uk,Innokin Ares Finale Glass Tube,innokin,accessory,not on VOS (reviewed),,No Innokin Ares Finale glass tube on VOS; the Ares Finale line isn't in VOS's Innokin range.,0,,colour: transparent,1.25,1,Innokin Ares Finale Glass Tube - Transparent,https://www.vampirevape.co.uk/innokin-ares-finale-glass-tube-transparent,,innokin zlide top replacement glass vape glass replacement,0.23
vampirevape.co.uk,innokin ares finale extension tool kit,innokin,accessory,not on VOS (reviewed),,No Innokin Ares Finale extension tool kit on VOS; Ares Finale line not carried.,0,,,2.99,1,Innokin Ares Finale Extension Tool Kit,https://www.vampirevape.co.uk/innokin-ares-finale-extension-tool-kit,,,
vampirevape.co.uk,innokin ares finale glass tube - black,innokin,accessory,not on VOS (reviewed),,No Innokin Ares Finale glass tube (black) on VOS; Ares Finale line not carried.,0,,,1.25,1,Innokin Ares Finale Glass Tube - Black,https://www.vampirevape.co.uk/innokin-ares-finale-glass-tube-black,,innokin zlide top replacement glass vape glass replacement,0.22
vampirevape.co.uk,lost vape centaurus sub ohm replacement glass - 2ml,lost vape,accessory,not on VOS (reviewed),,No Lost Vape Centaurus replacement glass on VOS; only full Centaurus N100/N200 kits are sold.,0,,,1.99,1,Lost Vape Centaurus Sub Ohm Replacement Glass - 2ml,https://www.vampirevape.co.uk/lost-vape-centaurus-sub-ohm-replacement-glass-2ml,,,
vampirevape.co.uk,smok fetch mini leather case - blue,smok,accessory,not on VOS (reviewed),,No Smok Fetch Mini leather case accessory on VOS.,0,,,1.99,1,Smok Fetch Mini Leather Case - Blue,https://www.vampirevape.co.uk/smok-fetch-mini-leather-case-blue,,Smok Tfv Mini V2,0.09
vampirevape.co.uk,smok fetch mini leather case - red,smok,accessory,not on VOS (reviewed),,No Smok Fetch Mini leather case accessory on VOS (red variant).,0,,,1.99,1,Smok Fetch Mini Leather Case - Red,https://www.vampirevape.co.uk/smok-fetch-mini-leather-case-red,,Smok Tfv Mini V2,0.09
vampirevape.co.uk,smok resin drip tip,smok,accessory,not on VOS (reviewed),,No Smok resin drip tip accessory on VOS.,0,,,3.49,1,Smok Resin Drip Tip,https://www.vampirevape.co.uk/smok-resin-drip-tip,,,
vampirevape.co.uk,smok t-air glass - 2ml,smok,accessory,not on VOS (reviewed),,No Smok T-Air replacement glass on VOS.,0,,,3.99,1,Smok T-Air Glass - 2ml,https://www.vampirevape.co.uk/smok-t-air-glass-2ml,,,
vampirevape.co.uk,ud rebuildable tool kit v2,ud,accessory,not on VOS (reviewed),,No UD rebuildable tool kit on VOS; UD has no same-brand listings at all.,0,,,12.99,1,UD Rebuildable Tool Kit V2,https://www.vampirevape.co.uk/ud-rebuildable-tool-kit-v2,,,
vampirevape.co.uk,Vampire Vape Charger 30Ml E-Liquid Concentrate,vampire vape,accessory,not on VOS (reviewed),,Vampire Vape Charger is a DIY flavour concentrate; VOS sells Vampire Vape e-liquids/nic salts/shortfills but no concentrate line.,0,,"strength: 0mg, 10mg, 12mg, 18mg, 20mg, 3mg, 6mg",3.99,3,Vampire Vape Charger 30ml E-liquid Concentrate,https://www.vampirevape.co.uk/vampire-vape-charger-30ml-e-liquid-concentrate,https://www.vampirevape.co.uk/vampire-vape-charger-10ml-e-liquid https://www.vampirevape.co.uk/vampire-vape-nic-salt-charger-10ml-e-liquid,,
vampirevape.co.uk,usb car charger,vampire vape,accessory,not on VOS (reviewed),,No generic USB car charger accessory on VOS.,0,,,2.99,1,USB Car Charger,https://www.vampirevape.co.uk/usb-car-charger,,,
vampirevape.co.uk,vampire vape branded usb mega charger,vampire vape,accessory,not on VOS (reviewed),,No Vampire Vape branded USB mega charger on VOS.,0,,,4.99,1,Vampire Vape Branded USB Mega Charger,https://www.vampirevape.co.uk/vampire-vape-branded-usb-mega-charger,,,
vampirevape.co.uk,vapjoy widebore resin 810 drip tip,vapjoy,accessory,not on VOS (reviewed),,Vapjoy brand has no products on VOS at all.,0,,,9.99,1,Vapjoy Widebore Resin 810 Drip Tip ,https://www.vampirevape.co.uk/vapjoy-widebore-resin-810-drip-tip,,,
vampirevape.co.uk,Voopoo Uforce L Tank,voopoo,accessory,not on VOS (reviewed),,VOS does not carry the Voopoo Uforce-L tank/glass line (its Voopoo range is Argus/TPP/Vmate/etc).,0,,colour: glass,0.99,1,VooPoo UForce-L Tank Glass,https://www.vampirevape.co.uk/voopoo-uforce-l-tank-glass,,,
vampirevape.co.uk,Voopoo Uforce X Nano Tank Replacement,voopoo,accessory,not on VOS (reviewed),,VOS does not carry the Voopoo Uforce-X Nano tank/glass.,0,,colour: glass,1.99,1,VooPoo Uforce-x Nano Tank Replacement Glass,https://www.vampirevape.co.uk/voopoo-uforce-x-nano-tank-replacement-glass,,,
vampirevape.co.uk,Voopoo Uforce X Replacement,voopoo,accessory,not on VOS (reviewed),,VOS does not carry the Voopoo Uforce-X tank/glass.,0,,colour: glass,1.59,1,VooPoo Uforce-X Replacement Glass,https://www.vampirevape.co.uk/voopoo-uforce-x-replacement-glass,,,
vampirevape.co.uk,voopoo pnp x 510 drip tip - 2pk,voopoo,accessory,not on VOS (reviewed),,No Voopoo PnP X drip tip accessory on VOS (only PnP coils/pods/tank).,0,,,1.99,1,VooPoo PnP X 510 Drip Tip - 2PK,https://www.vampirevape.co.uk/voopoo-pnp-x-510-drip-tip-2pk,,maat 810 drip tip by voopoo,0.41
vampirevape.co.uk,voopoo uforce-l tank 810 drip tip,voopoo,accessory,not on VOS (reviewed),,No Voopoo Uforce-L tank drip tip accessory on VOS (Uforce line not carried).,0,,,1.99,1,VooPoo UForce-L Tank 810 Drip Tip,https://www.vampirevape.co.uk/voopoo-uforce-l-tank-810-drip-tip,,maat 810 drip tip by voopoo,0.36
vampirevape.co.uk,vpdam 810 heat discolour drip tip,vpdam,accessory,not on VOS (reviewed),,No VPDAM brand products on VOS; lookalikes are unrelated drip tips from other brands.,0,,,2.99,1,VPDAM 810 Heat Discolour Drip Tip,https://www.vampirevape.co.uk/vpdam-810-heat-discolour-drip-tip,,,
vampirevape.co.uk,vpdam cleito drip tips,vpdam,accessory,not on VOS (reviewed),,No VPDAM brand products on VOS; lookalikes are unrelated drip tips/coils.,0,,,3.29,1,Vpdam Cleito Drip Tips,https://www.vampirevape.co.uk/vpdam-cleito-drip-tips,,,
vampirevape.co.uk,vpdam tfv8 drip tips - orange,vpdam,accessory,not on VOS (reviewed),,"No VPDAM brand products on VOS; lookalikes are Smok/Aspire/Innokin drip tips, not the same brand.",0,,,1.3,1,Vpdam TFV8 Drip Tips - Orange,https://www.vampirevape.co.uk/vpdam-tfv8-drip-tips-orange,,,
vampirevape.co.uk,vpdam tfv8 drip tips - yellow,vpdam,accessory,not on VOS (reviewed),,"No VPDAM brand products on VOS; lookalikes are Smok/Aspire/Innokin drip tips, not the same brand.",0,,,1.3,1,Vpdam TFV8 Drip Tips - Yellow,https://www.vampirevape.co.uk/vpdam-tfv8-drip-tips-yellow,,,
vampirevape.co.uk,xtar charger - x2,xtar,accessory,not on VOS (reviewed),,No Xtar-brand chargers on VOS; lookalikes are Vapcell/Efest/Nitecore chargers.,0,,,16.99,1,XTAR Charger - X2,https://www.vampirevape.co.uk/xtar-charger-x2,,,
vampirevape.co.uk,xtar mc4s charger,xtar,accessory,not on VOS (reviewed),,No Xtar-brand chargers on VOS; lookalikes are other brands' chargers.,0,,,12.99,1,XTAR MC4S Charger,https://www.vampirevape.co.uk/xtar-mc4s-charger,,,
vampirevape.co.uk,xtar vc2 charger,xtar,accessory,not on VOS (reviewed),,No Xtar-brand chargers on VOS; lookalikes are other brands' chargers.,0,,,9.99,1,Xtar VC2 Charger,https://www.vampirevape.co.uk/xtar-vc2-charger,,,
vampirevape.co.uk,xtar vc4 charger,xtar,accessory,not on VOS (reviewed),,No Xtar-brand chargers on VOS; lookalikes are other brands' chargers.,0,,,14.99,1,Xtar VC4 Charger,https://www.vampirevape.co.uk/xtar-vc4-charger,,,
vampirevape.co.uk,Odb Batteries Wrap 20700,?,battery,not on VOS (reviewed),,No ODB-brand battery wraps on VOS; only lookalike is an unrelated AWT 20700 battery.,0,,colour: camo,1.49,1,ODB Batteries Wrap 20700 - Camo - 4PK,https://www.vampirevape.co.uk/odb-batteries-wrap-20700-camo-4pk,,awt 20700 4200ah 40a li-mn battery,0.07
vampirevape.co.uk,odb batteries wrap 20700 - kraken - 4pk,?,battery,not on VOS (reviewed),,No ODB-brand battery wraps on VOS; only lookalike is an unrelated AWT 20700 battery.,0,,,1.49,1,ODB Batteries Wrap 20700 - Kraken - 4PK,https://www.vampirevape.co.uk/odb-batteries-wrap-20700-kraken-4pk,,awt 20700 4200ah 40a li-mn battery,0.06
vampirevape.co.uk,odb batteries wrap 20700 - mermaid - 4pk,?,battery,not on VOS (reviewed),,No ODB-brand battery wraps on VOS; only lookalike is an unrelated AWT 20700 battery.,0,,,1.49,1,ODB Batteries Wrap 20700 - Mermaid - 4PK,https://www.vampirevape.co.uk/odb-batteries-wrap-20700-mermaid-4pk,,awt 20700 4200ah 40a li-mn battery,0.06
vampirevape.co.uk,odb batteries wrap 20700 - polar - 4pk,?,battery,not on VOS (reviewed),,No ODB-brand battery wraps on VOS; only lookalikes are unrelated AWT battery and an IVG vape kit.,0,,,1.49,1,ODB Batteries Wrap 20700 - Polar - 4PK,https://www.vampirevape.co.uk/odb-batteries-wrap-20700-polar-4pk,,awt 20700 4200ah 40a li-mn battery,0.06
vampirevape.co.uk,odb batteries wrap 20700 - zombie - 4pk,?,battery,not on VOS (reviewed),,No ODB-brand battery wraps on VOS; lookalikes are an unrelated AWT battery and Zombie e-liquids.,0,,,1.49,1,ODB Batteries Wrap 20700 - Zombie - 4PK,https://www.vampirevape.co.uk/odb-batteries-wrap-20700-zombie-4pk,,awt 20700 4200ah 40a li-mn battery,0.06
vampirevape.co.uk,innokin t18 2 battery,innokin,battery,not on VOS (reviewed),,VOS sells the full Innokin Endura T18ii kit but no standalone T18-II replacement battery (component vs whole device).,0,,,15.99,1,Innokin T18 2 Battery,https://www.vampirevape.co.uk/innokin-t18-2-battery,,,
vampirevape.co.uk,aspire atlantis se coils - 5pk - 0.35ohm,aspire,coil,not on VOS (reviewed),,VOS has Atlantis EVO and Atlantis BVC coils but no Atlantis SE coils; different version of the Atlantis line.,0,,,10.99,1,Aspire Atlantis SE Coils - 5PK - 0.35ohm,https://www.vampirevape.co.uk/aspire-atlantis-se-coils-5pk-0-35ohm,,aspire atlantis evo coils pack of 5,0.35
vampirevape.co.uk,eleaf gs air 2 coils - 5pk,eleaf,coil,not on VOS (reviewed),,"VOS lists plain Eleaf GS Air coils, not a GS Air 2-specific coil, and the GS Air 2 tank itself is out of stock with no matching coil.",0,,,7.99,1,Eleaf GS Air 2 Coils - 5PK,https://www.vampirevape.co.uk/eleaf-gs-air-2-coils-5pk,,eleaf ec ijust 2 coils,0.4
vampirevape.co.uk,freemax fireluke 22 coils-1.0ohm,freemax,coil,not on VOS (reviewed),,VOS carries Freemax Fireluke 2/3 coils but no Fireluke 22 (a different tank) coils.,0,,,4.99,1,FreeMax Fireluke 22 Coils-1.0ohm,https://www.vampirevape.co.uk/freemax-fireluke-22-coils-1-0ohm,,freemax fireluke solo replacement coils pack of 5,0.15
vampirevape.co.uk,geek vape frenzy replacement coils - 5pk,geekvape,coil,not on VOS (reviewed),,No GeekVape Frenzy coils or tank appear anywhere in VOS's GeekVape range.,0,,,7.99,1,Geek Vape Frenzy Replacement Coils - 5PK,https://www.vampirevape.co.uk/geek-vape-frenzy-replacement-coils-5pk,,,
vampirevape.co.uk,geekvape frenzy replacement coils - 0.7 ohm mesh,geekvape,coil,not on VOS (reviewed),,GeekVape Frenzy coils not sold on VOS.,0,,,4.49,1,GeekVape Frenzy Replacement Coils - 0.7 ohm Mesh,https://www.vampirevape.co.uk/geekvape-frenzy-replacement-coils-0-7-ohm-mesh,,,
vampirevape.co.uk,geekvape frenzy replacement coils - 1.2 ohm,geekvape,coil,not on VOS (reviewed),,GeekVape Frenzy coils not sold on VOS.,0,,,3.49,1,GeekVape Frenzy Replacement Coils - 1.2 ohm,https://www.vampirevape.co.uk/geekvape-frenzy-replacement-coils-1-2-ohm,,,
vampirevape.co.uk,innokin pzp coils - 0.6ohm - 3pk,innokin,coil,not on VOS (reviewed),,"VOS only stocks Innokin PZP MAX coils, a different/newer coil version, not the plain PZP coil.",0,,,3.49,1,Innokin PZP Coils - 0.6ohm - 3PK,https://www.vampirevape.co.uk/innokin-pzp-coils-0-6ohm-3pk,,innokin pzp max replacement coils pack of 3,0.4
vampirevape.co.uk,innokin pzp coils - 1.2ohm - 3pk,innokin,coil,not on VOS (reviewed),,"Same as the 0.6ohm PZP variant - VOS only has PZP Max, not plain PZP coils.",0,,,3.49,1,Innokin PZP Coils - 1.2ohm - 3PK,https://www.vampirevape.co.uk/innokin-pzp-coils-1-2ohm-3pk,,innokin pzp max replacement coils pack of 3,0.4
vampirevape.co.uk,innokin scion ii coil - 0.36ohm 4 core - 3 pk,innokin,coil,not on VOS (reviewed),,"VOS has original Scion coils/Scion Plexus coils and a Scion II tank, but no Scion II-specific replacement coil listing.",0,,,6.79,1,Innokin Scion II Coil - 0.36ohm 4 core - 3 PK,https://www.vampirevape.co.uk/innokin-scion-ii-coil-0-36ohm-4-core-3-pk,,innokin scion replacement vape coils [pack of 3],0.12
vampirevape.co.uk,innokin zenith coils - 5pk,innokin,coil,not on VOS (reviewed),,"VOS only carries Zenith Z and Zenith Plexus-Z coils, not the plain original Zenith coil.",0,,,6.99,1,Innokin Zenith Coils - 5PK,https://www.vampirevape.co.uk/innokin-zenith-coils-5pk,,innokin zenith z replacement coils price,0.45
vampirevape.co.uk,innokin zenith pro coils - 5pk,innokin,coil,not on VOS (reviewed),,Zenith Pro is a distinct coil line not present anywhere on VOS.,0,,,7.49,1,Innokin Zenith Pro Coils - 5PK,https://www.vampirevape.co.uk/innokin-zenith-pro-coils-5pk,,innokin zenith z replacement coils price,0.3
vampirevape.co.uk,kangertech clocc coils - 5pk,kangertech,coil,not on VOS (reviewed),,VOS's Kangertech range is limited to Slibox pods/kit; no CLOCC coils listed.,0,,,9.49,1,KangerTech CLOCC Coils - 5PK,https://www.vampirevape.co.uk/kangertech-clocc-coils-5pk,,,
vampirevape.co.uk,kangertech ssocc coils - 5pk,kangertech,coil,not on VOS (reviewed),,VOS's Kangertech range is limited to Slibox pods/kit; no SSOCC coils listed.,0,,resistance: ni200 0.15ohm,7.49,1,KangerTech SSOCC Coils - 5PK,https://www.vampirevape.co.uk/kangertech-ssocc-coils-5pk,,,
vampirevape.co.uk,lost vape ub max coils - 3pk,lost vape,coil,not on VOS (reviewed),,No 'UB Max' coil line among VOS's Lost Vape coils (only Mini/Pro/Lite/Ultra Boost variants).,0,,,7.49,1,Lost Vape UB Max Coils - 3PK,https://www.vampirevape.co.uk/lost-vape-ub-max-coils-3pk,,Lost Vape Ub Mini Coils,0.4
vampirevape.co.uk,lost vape ub ultra coils - 5pk-m6 - 0.3ohm,lost vape,coil,not on VOS (reviewed),,No 'UB Ultra' coil line found on VOS.,0,,,5.99,1,Lost Vape UB Ultra Coils - 5PK-M6 - 0.3ohm,https://www.vampirevape.co.uk/lost-vape-ub-ultra-coils-5pk-m6-0-3ohm,,Lost Vape Ub Mini Coils,0.12
vampirevape.co.uk,lost vape ub ultra coils - 5pk-m8 - 0.15ohm,lost vape,coil,not on VOS (reviewed),,No 'UB Ultra' coil line found on VOS (same as the M6 variant).,0,,,5.99,1,Lost Vape UB Ultra Coils - 5PK-M8 - 0.15ohm,https://www.vampirevape.co.uk/lost-vape-ub-ultra-coils-5pk-m8-0-15ohm,,Lost Vape Ub Mini Coils,0.12
vampirevape.co.uk,lost vape ultra boost coils - v3 - m3 0.15ohm - 5pk,lost vape,coil,not on VOS (reviewed),,Competitor explicitly sells a V3-generation coil; VOS only carries Ultra Boost V2.,0,,,4.99,1,Lost Vape Ultra Boost Coils - V3 - M3 0.15ohm - 5PK,https://www.vampirevape.co.uk/lost-vape-ultra-boost-coils-v3-m3-0-15ohm-5pk,,Lost Vape Ultra Boost V2 Coils Replacement,0.24
vampirevape.co.uk,operation vape prebuilt coils,operation vape,coil,not on VOS (reviewed),,Operation Vape brand is not sold on VOS at all (empty same-brand list).,0,,,3.49,1,Operation Vape Prebuilt Coils,https://www.vampirevape.co.uk/operation-vape-prebuilt-coils,,,
vampirevape.co.uk,smok m-coils / 5pk - 0.4ohm,smok,coil,not on VOS (reviewed),,No Smok 'M-Coils' line found anywhere in VOS's extensive Smok coil range.,0,,,7.99,1,Smok M-Coils / 5PK - 0.4ohm,https://www.vampirevape.co.uk/smok-m-coils-5pk-0-4ohm,,,
vampirevape.co.uk,uwell crown m coils - 0.6ohm - 4pk,uwell,coil,not on VOS (reviewed),,"VOS has no Crown M coils listed (only Crown 3/IV/V coils and Crown M replacement pods, a different form).",0,,,6.99,1,Uwell Crown M Coils - 0.6ohm - 4PK,https://www.vampirevape.co.uk/uwell-crown-m-coils-0-6ohm-4pk,,uwell crown 3 coil [pack of 4],0.2
vampirevape.co.uk,uwell crown m coils - twin coil 0.4ohm/0.8ohm - 4pk,uwell,coil,not on VOS (reviewed),,"Same as Crown M coils above - VOS only lists Crown M replacement pods, not Crown M coils.",0,,,6.99,1,Uwell Crown M Coils - Twin Coil 0.4ohm/0.8ohm - 4PK,https://www.vampirevape.co.uk/uwell-crown-m-coils-twin-coil-0-4ohm-0-8ohm-4pk,,uwell crown 3 coil [pack of 4],0.12
vampirevape.co.uk,voopoo finic 16/20 coils - yc c 1.6ohm,voopoo,coil,not on VOS (reviewed),,"VOS's Voopoo coil list (TPP, ITO, PNP, TM, N1) has no Finic 16/20 coils.",0,,,4.49,1,Voopoo Finic 16/20 Coils - YC C 1.6Ohm,https://www.vampirevape.co.uk/voopoo-finic-16-20-coils-yc-c-1-6ohm,,,
vampirevape.co.uk,voopoo finic 16/20 coils - yc r1 0.6ohm,voopoo,coil,not on VOS (reviewed),,Same as other Finic 16/20 coil variant - not in VOS's Voopoo coil range.,0,,,4.99,1,Voopoo Finic 16/20 Coils - YC R1 0.6Ohm,https://www.vampirevape.co.uk/voopoo-finic-16-20-coils-yc-r1-0-6ohm,,voopoo uforce n1 mesh coil,0.09
vampirevape.co.uk,voopoo uforce coils - n2 ohm,voopoo,coil,not on VOS (reviewed),,VOS only stocks Uforce N1 mesh coils; the competitor's N2 coil head is a different build not listed.,0,,,8.99,1,VooPoo UForce Coils - N2 0.30 ohm,https://www.vampirevape.co.uk/voopoo-uforce-coils-n2-0-30-ohm,,voopoo uforce n1 mesh coil,0.15
vampirevape.co.uk,10Ml Concentrate Diy Kit,vampire vape,concentrate,not on VOS (reviewed),,"This is a DIY flavour-concentrate mixing kit; VOS's Vampire Vape range is ready-mixed e-liquid/nic salt/shortfill/pods only, no DIY concentrate kit.",0,,,11.08,2,10ml Concentrate DIY Kit,https://www.vampirevape.co.uk/10ml-concentrate-diy-kit,https://www.vampirevape.co.uk/30ml-concentrate-diy-kit,,
vampirevape.co.uk,Vampire Vape 1961 30Ml E-Liquid Concentrate,vampire vape,concentrate,not on VOS (reviewed),,Vampire Vape's 30ml E-Liquid Concentrate range is a distinct product line from VOS's 10ml e-liquid range; no 30ml format stocked by VOS.,1,tobacco,"strength: 0mg, 12mg, 18mg, 3mg, 6mg",9.99,1,Vampire Vape Tobacco 1961 30ml E-liquid Concentrate,https://www.vampirevape.co.uk/vampire-vape-tobacco-1961-30ml-e-liquid-concentrate,,,
vampirevape.co.uk,Vampire Vape 30Ml E-Liquid Concentrate,vampire vape,concentrate,not on VOS (reviewed),,Same as other Vampire Vape 30ml concentrate flavours - VOS does not carry the 30ml concentrate line.,71,applelicious; arctic fruit; attraction; banana; banoffee pie; bat; berry; berry menthol; black ice; black jack; blackcurrant; blood sukka; blueberry; bubblegum; caramel crunch; caramel latte; caribbean ice; cherry tobacco; cherry tree; coffee cake; cool blue slush; cool red lips; cool red slush; crushed candy; dawn; dusk; energy; fantasy; grape; hazelnut latte; heisenberg; heisenberg cola; heisenberg grape; heisenberg gum; heisenberg orange; ice menthol; kiwi cooler; mango paradise; parma violets; passion fruit splash; pear drops; peppermint rock; pineapple; pineapple dream; pineapple grapefruit fizz; pinkman; pinkman apple; pinkman blue raspberry; pinkman cherry; pinkman watermelon; pistachio milkshake; raspberry ripple ice cream; raspberry sorbet; red lips; rhubarb custard; rum tobacco; sherbet lemon; simply chocolate; spearmint; strawberry; strawberry burst; strawberry kiwi; strawberry milkshake; sweet tobacco; tropical island; vamp toes; vanilla cappuccino tobacco; vanilla tobacco; virginia tobacco; watermelon; white chocolate hazelnut tobacco,"strength: 0mg, 12mg, 18mg, 3mg, 6mg",3.99,76,Vampire Vape Heisenberg 30ml E-liquid Concentrate,https://www.vampirevape.co.uk/vampire-vape-heisenberg-30ml-e-liquid-concentrate,https://www.vampirevape.co.uk/vampire-vape-cool-blue-slush-30ml-e-liquid-concentrate https://www.vampirevape.co.uk/vampire-vape-heisenberg-10ml-e-liquid-concentrate https://www.vampirevape.co.uk/vampire-vape-cool-red-slush-30ml-e-liquid-concentrate,,
vampirevape.co.uk,Vampire Vape Concentrate Caramelised 30Ml,vampire vape,concentrate,not on VOS (reviewed),,Vampire Vape 30ml concentrate range not stocked by VOS.,1,banana pancake,"strength: 0mg, 12mg, 18mg, 3mg, 6mg",9.99,1,Vampire Vape Concentrate - Caramelised Banana Pancake - 30ml,https://www.vampirevape.co.uk/vampire-vape-concentrate-caramelised-banana-pancake-30ml,,,
vampirevape.co.uk,Vampire Vape York 30Ml E-Liquid Concentrate,vampire vape,concentrate,not on VOS (reviewed),,Vampire Vape 30ml concentrate range not stocked by VOS.,1,cheesecake,"strength: 0mg, 12mg, 18mg, 3mg, 6mg",9.99,1,Vampire Vape New York Cheesecake 30ml E-liquid Concentrate,https://www.vampirevape.co.uk/vampire-vape-new-york-cheesecake-30ml-e-liquid-concentrate,,,
vampirevape.co.uk,vampire vape catapult 30ml e-liquid concentrate,vampire vape,concentrate,not on VOS (reviewed),,Vampire Vape 30ml concentrate range not stocked by VOS.,0,,"strength: 0mg, 12mg, 18mg, 3mg, 6mg",9.99,1,Vampire Vape Catapult 30ml E-liquid Concentrate,https://www.vampirevape.co.uk/vampire-vape-catapult-30ml-e-liquid-concentrate,,,
vampirevape.co.uk,vampire vape dark passenger 30ml e-liquid concentrate,vampire vape,concentrate,not on VOS (reviewed),,Vampire Vape 30ml concentrate range not stocked by VOS.,0,,"strength: 0mg, 12mg, 18mg, 3mg, 6mg",9.99,1,Vampire Vape Dark Passenger 30ml E-liquid Concentrate,https://www.vampirevape.co.uk/vampire-vape-dark-passenger-30ml-e-liquid-concentrate,,,
vampirevape.co.uk,vampire vape fat gob 30ml e-liquid concentrate,vampire vape,concentrate,not on VOS (reviewed),,Vampire Vape 30ml concentrate range not stocked by VOS.,0,,"strength: 0mg, 12mg, 18mg, 3mg, 6mg",9.99,1,Vampire Vape Fat Gob 30ml E-liquid Concentrate,https://www.vampirevape.co.uk/vampire-vape-fat-gob-30ml-e-liquid-concentrate,,,
vampirevape.co.uk,vampire vape iced frappe 30ml e-liquid concentrate,vampire vape,concentrate,not on VOS (reviewed),,Vampire Vape 30ml concentrate range not stocked by VOS.,0,,"strength: 0mg, 12mg, 18mg, 3mg, 6mg",9.99,1,Vampire Vape Iced Frappe 30ml E-liquid Concentrate,https://www.vampirevape.co.uk/vampire-vape-iced-frappe-30ml-e-liquid-concentrate,,,
vampirevape.co.uk,vampire vape koolada 30ml e-liquid concentrate,vampire vape,concentrate,not on VOS (reviewed),,Vampire Vape 30ml concentrate range not stocked by VOS.,0,,"strength: 0mg, 12mg, 18mg, 3mg, 6mg",9.99,1,Vampire Vape Koolada 30ml E-liquid Concentrate,https://www.vampirevape.co.uk/vampire-vape-koolada-30ml-e-liquid-concentrate,,,
vampirevape.co.uk,vampire vape purple craze 30ml e-liquid concentrate,vampire vape,concentrate,not on VOS (reviewed),,Vampire Vape 30ml concentrate range not stocked by VOS.,0,,"strength: 0mg, 12mg, 18mg, 3mg, 6mg",9.99,1,Vampire Vape Purple Craze 30ml E-liquid Concentrate,https://www.vampirevape.co.uk/vampire-vape-purple-craze-30ml-e-liquid-concentrate,,,
vampirevape.co.uk,vampire vape purple craze ice 30ml e-liquid concentrate,vampire vape,concentrate,not on VOS (reviewed),,Vampire Vape 30ml concentrate range not stocked by VOS.,0,,"strength: 0mg, 12mg, 18mg, 3mg, 6mg",9.99,1,Vampire Vape Purple Craze Ice 30ml E-liquid Concentrate,https://www.vampirevape.co.uk/vampire-vape-purple-craze-ice-30ml-e-liquid-concentrate,,,
vampirevape.co.uk,vampire vape rainbow skull 30ml e-liquid concentrate,vampire vape,concentrate,not on VOS (reviewed),,Vampire Vape 30ml concentrate range not stocked by VOS.,0,,"strength: 0mg, 12mg, 18mg, 3mg, 6mg",9.99,1,Vampire Vape Rainbow Skull 30ml E-liquid Concentrate,https://www.vampirevape.co.uk/vampire-vape-rainbow-skull-30ml-e-liquid-concentrate,,,
vampirevape.co.uk,vampire vape root beer 30ml e-liquid concentrate,vampire vape,concentrate,not on VOS (reviewed),,Vampire Vape 30ml concentrate range not stocked by VOS.,0,,,9.99,1,Vampire Vape Root Beer 30ml E-liquid Concentrate,https://www.vampirevape.co.uk/vampire-vape-root-beer-30ml-e-liquid-concentrate,,,
vampirevape.co.uk,vampire vape smooth western v2 30ml e-liquid concentrate,vampire vape,concentrate,not on VOS (reviewed),,Vampire Vape 30ml concentrate range not stocked by VOS.,0,,"strength: 0mg, 12mg, 18mg, 3mg, 6mg",9.99,1,Vampire Vape Smooth Western V2 30ml E-liquid Concentrate,https://www.vampirevape.co.uk/vampire-vape-smooth-western-v2-30ml-e-liquid-concentrate,,,
vampirevape.co.uk,vampire vape tropical tsunami 30ml e-liquid concentrate,vampire vape,concentrate,not on VOS (reviewed),,Vampire Vape 30ml concentrate range not stocked by VOS.,0,,"strength: 0mg, 12mg, 18mg, 3mg, 6mg",9.99,1,Vampire Vape Tropical Tsunami 30ml E-liquid Concentrate,https://www.vampirevape.co.uk/vampire-vape-tropical-tsunami-30ml-e-liquid-concentrate,,,
vampirevape.co.uk,E-Liquid 0325,?,eliquid,not on VOS (reviewed),,"This is a promotional postcard listing scraped as a product, not an actual e-liquid VOS could stock.",1,promotional postcard vv,,999.0,1,Promotional Postcard VV E-Liquid 0325,https://www.vampirevape.co.uk/promotional-postcard-vv-e-liquid-0325,,,
vampirevape.co.uk,best of the best freebase e-liquids 10ml bundle,?,eliquid,not on VOS (reviewed),,"No matching branded 'Best of the Best' freebase e-liquid bundle in VOS's lists (brand unclear/'?', same_brand empty).",0,,,10.0,1,Best of the Best Freebase E-Liquids 10ml Bundle,https://www.vampirevape.co.uk/best-of-the-best-freebase-e-liquids-10ml-bundle,,,
vampirevape.co.uk,Pocket Fuel 50 50 10Ml E-Liquid,pocket fuel,eliquid,not on VOS (reviewed),,VOS does not stock the Pocket Fuel brand at all (same_brand list empty).,9,blue raspberry; cherry blast; cool spearmint; fresh strawberry; fruit bomb; golden tobacco; menthol mist; original tobacco; peppermint ice,"strength: 12mg, 18mg, 3mg, 6mg",2.99,9,Pocket Fuel 50/50 Blue Raspberry 10ml E-liquid,https://www.vampirevape.co.uk/pocket-fuel-50-50-blue-raspberry-10ml-e-liquid,https://www.vampirevape.co.uk/pocket-fuel-50-50-cherry-blast-10ml-e-liquid https://www.vampirevape.co.uk/pocket-fuel-50-50-cool-spearmint-10ml-e-liquid https://www.vampirevape.co.uk/pocket-fuel-50-50-fresh-strawberry-10ml-e-liquid,,
vampirevape.co.uk,Pocket Fuel 50 50 Rolling 10Ml E-Liquid,pocket fuel,eliquid,not on VOS (reviewed),,VOS does not stock the Pocket Fuel brand at all (same_brand list empty).,1,tobacco,"strength: 12mg, 18mg, 3mg, 6mg",2.99,1,Pocket Fuel 50/50 Rolling Tobacco 10ml E-liquid,https://www.vampirevape.co.uk/pocket-fuel-50-50-rolling-tobacco-10ml-e-liquid,,,
vampirevape.co.uk,10 X 10Ml Diy Empty,vampire vape,eliquid,not on VOS (reviewed),,Empty DIY mixing bottles are not an e-liquid product; VOS has no equivalent empty-bottle listing.,1,bottles,,1.99,1,10 x 10ml DIY Empty Bottles,https://www.vampirevape.co.uk/10-x-10ml-diy-empty-bottles,,,
vampirevape.co.uk,E-Liquid Taster Pack,vampire vape,eliquid,not on VOS (reviewed),,"Themed taster pack bundle, not sold as its own product on VOS.",1,summer,,12.0,1,Summer E-Liquid Taster Pack,https://www.vampirevape.co.uk/summer-e-liquid-taster-pack,,,
vampirevape.co.uk,Vampire Vape Tropical E-Liquid Bundle,vampire vape,eliquid,not on VOS (reviewed),,"Tropical multi-flavour bundle deal, not sold as its own product on VOS.",0,,,10.0,2,Vampire Vape Tropical E-Liquid Bundle ,https://www.vampirevape.co.uk/vampire-vape-tropical-e-liquid-bundle,https://www.vampirevape.co.uk/vampire-vape-new-tropical-e-liquid-bundle,,
vampirevape.co.uk,Vlads Vg 10Ml,vampire vape,eliquid,not on VOS (reviewed),,Vlads VG is a distinct Vampire Vape sub-range not present among VOS's listed Vampire Vape products.,2,blue gun; raspberry blast,"strength: 1.5mg, 3mg, 6mg",5.0,2,Vlads VG - Blue Gun - 10ml,https://www.vampirevape.co.uk/vlads-vg-blue-gun-10ml,https://www.vampirevape.co.uk/vlads-vg-raspberry-blast-10ml,,
vampirevape.co.uk,vampire vape berries e-liquid bundle,vampire vape,eliquid,not on VOS (reviewed),,"Berries multi-flavour bundle deal, not sold as its own product on VOS.",0,,,10.0,1,Vampire Vape Berries E-Liquid Bundle,https://www.vampirevape.co.uk/vampire-vape-berries-e-liquid-bundle,,,
vampirevape.co.uk,vampire vape dessert e-liquid bundle,vampire vape,eliquid,not on VOS (reviewed),,"Dessert multi-flavour bundle deal, not sold as its own product on VOS.",0,,,10.0,1,Vampire Vape Dessert E-Liquid Bundle ,https://www.vampirevape.co.uk/vampire-vape-dessert-e-liquid-bundle,,,
vampirevape.co.uk,vampire vape desserts e-liquid bundle,vampire vape,eliquid,not on VOS (reviewed),,"Desserts multi-flavour bundle deal (v2), not sold as its own product on VOS.",0,,,10.0,1,Vampire Vape Desserts E-liquid Bundle,https://www.vampirevape.co.uk/vampire-vape-new-desserts-e-liquid-bundle,,,
vampirevape.co.uk,vampire vape fruity e-liquid bundle,vampire vape,eliquid,not on VOS (reviewed),,"Fruity multi-flavour bundle deal, not sold as its own product on VOS.",0,,,10.0,1,Vampire Vape Fruity E-Liquid Bundle,https://www.vampirevape.co.uk/vampire-vape-fruity-e-liquid-bundle,,,
vampirevape.co.uk,vampire vape heisenberg e-liquid bundle,vampire vape,eliquid,not on VOS (reviewed),,"Heisenberg multi-flavour bundle deal, not sold as its own product on VOS.",0,,,10.0,1,Vampire Vape Heisenberg E-Liquid Bundle,https://www.vampirevape.co.uk/vampire-vape-heisenberg-e-liquid-bundle,,,
vampirevape.co.uk,vampire vape pinkman e-liquid bundle,vampire vape,eliquid,not on VOS (reviewed),,"Pinkman multi-flavour bundle deal, not sold as its own product on VOS.",0,,,10.0,1,Vampire Vape Pinkman E-Liquid Bundle,https://www.vampirevape.co.uk/vampire-vape-pinkman-e-liquid-bundle,,,
vampirevape.co.uk,vampire vape tobacco e-liquid bundle,vampire vape,eliquid,not on VOS (reviewed),,"Tobacco multi-flavour bundle deal, not sold as its own product on VOS.",0,,,10.0,1,Vampire Vape Tobacco E-Liquid Bundle,https://www.vampirevape.co.uk/vampire-vape-new-tobacco-e-liquid-bundle,,,
vampirevape.co.uk,vampire vape tobacco e-liquid bundle v1,vampire vape,eliquid,not on VOS (reviewed),,"Tobacco multi-flavour bundle deal (v1), not sold as its own product on VOS.",0,,,10.0,1,Vampire Vape Tobacco E-Liquid Bundle V1,https://www.vampirevape.co.uk/vampire-vape-tobacco-e-liquid-bundle,,,
vampirevape.co.uk,vlads vg - attraction fatal - 10ml,vampire vape,eliquid,not on VOS (reviewed),,Vlads VG is a distinct Vampire Vape sub-range not present among VOS's listed Vampire Vape products.,0,,"strength: 1.5mg, 3mg, 6mg",5.0,1,Vlads VG - Attraction Fatal - 10ml,https://www.vampirevape.co.uk/vlads-vg-attraction-fatal-10ml,,,
vampirevape.co.uk,vlads vg - black ice breaking point - 10ml,vampire vape,eliquid,not on VOS (reviewed),,Vlads VG is a distinct Vampire Vape sub-range not present among VOS's listed Vampire Vape products.,0,,"strength: 1.5mg, 3mg, 6mg",5.0,1,Vlads VG - Black Ice Breaking Point - 10ml,https://www.vampirevape.co.uk/vlads-vg-black-ice-breaking-point-10ml,,,
vampirevape.co.uk,vlads vg - loser - 10ml,vampire vape,eliquid,not on VOS (reviewed),,Vlads VG is a distinct Vampire Vape sub-range not present among VOS's listed Vampire Vape products.,0,,"strength: 1.5mg, 3mg, 6mg",5.0,1,Vlads VG - Loser - 10ml,https://www.vampirevape.co.uk/vlads-vg-loser-10ml,,,
vampirevape.co.uk,Vape Spot 10Ml E-Liquid,vape spot,eliquid,not on VOS (reviewed),,Vape Spot brand has no VOS listings (vos_same_brand empty).,14,apple; blackcurrant; blueberry; cola; fruit chill; lemon mango; menthol; pineapple; raspberry; rhubarb custard; spearmint; strawberry; tobacco; tropical,"strength: 12mg, 6mg",1.5,14,Vape Spot - Blueberry - 10ml E-liquid,https://www.vampirevape.co.uk/vape-spot-blueberry-10ml-e-liquid,https://www.vampirevape.co.uk/vape-spot-fruit-chill-10ml-e-liquid https://www.vampirevape.co.uk/vape-spot-lemon-and-mango-10ml-e-liquid https://www.vampirevape.co.uk/vape-spot-menthol-10ml-e-liquid,,
vampirevape.co.uk,Vape Spot Mix 10Ml E-Liquid,vape spot,eliquid,not on VOS (reviewed),,Vape Spot brand has no VOS listings (vos_same_brand empty).,1,berry,"strength: 12mg, 6mg",1.5,1,Vape Spot - Mixed Berries - 10ml E-Liquid,https://www.vampirevape.co.uk/vape-spot-mixed-berries-10ml-e-liquid,,,
vampirevape.co.uk,Vapouriz 50 50 10Ml E-Liquid,vapouriz,eliquid,not on VOS (reviewed),,Vapouriz brand has no VOS listings (vos_same_brand empty).,10,blue raspberry; blueberry; cool menthol; double menthol; fizzy cola; grape; ice mint; mango raspberry; raspberry apple; strawberry watermelon,"strength: 12mg, 3mg, 6mg",3.99,10,Vapouriz 50:50 Blue Raspberry 10ml E-liquid,https://www.vampirevape.co.uk/vapouriz-50-50-blue-raspberry-10ml-e-liquid,https://www.vampirevape.co.uk/vapouriz-50-50-blueberry-10ml-e-liquid https://www.vampirevape.co.uk/vapouriz-50-50-cool-menthol-10ml-e-liquid https://www.vampirevape.co.uk/vapouriz-50-50-double-menthol-10ml-e-liquid,,
vampirevape.co.uk,Vapouriz 50 50 Apple And Mix 10Ml E-Liquid,vapouriz,eliquid,not on VOS (reviewed),,Vapouriz brand has no VOS listings (vos_same_brand empty).,1,berry,"strength: 12mg, 3mg, 6mg",3.99,1,Vapouriz 50:50 Apple & Mixed Berries 10ml E-liquid,https://www.vampirevape.co.uk/vapouriz-50-50-apple-mixed-berries-10ml-e-liquid,,,
vampirevape.co.uk,Vapouriz Classic 10Ml E-Liquid,vapouriz,eliquid,not on VOS (reviewed),,Vapouriz brand has no VOS listings (vos_same_brand empty).,3,berry menthol; blackcurrant; pineapple,"strength: 0mg, 12mg, 18mg, 3mg, 6mg",3.99,3,Vapouriz Classic Berry Menthol 10ml E-liquid,https://www.vampirevape.co.uk/vapouriz-classic-berry-menthol-10ml-e-liquid,https://www.vampirevape.co.uk/vapouriz-classic-blackcurrant-10ml-e-liquid https://www.vampirevape.co.uk/vapouriz-classic-pineapple-10ml-e-liquid,,
vampirevape.co.uk,Vapouriz Premium 10Ml E-Liquid,vapouriz,eliquid,not on VOS (reviewed),,Vapouriz brand has no VOS listings (vos_same_brand empty).,14,berry smoothie; black cherry; blackberry grape; blue raspberry; blueberry; bubblegum; grape; ice mint; juicy apple; menthol special blend; raspberry; strawberry bliss; usa gold tobacco; virginia tobacco,"strength: 0mg, 12mg, 18mg, 3mg, 6mg",3.99,14,Vapouriz Premium Berry Smoothie 10ml E-liquid,https://www.vampirevape.co.uk/vapouriz-premium-berry-smoothie-10ml-e-liquid,https://www.vampirevape.co.uk/vapouriz-premium-black-cherry-10ml-e-liquid https://www.vampirevape.co.uk/vapouriz-premium-blackberry-grape-10ml-e-liquid https://www.vampirevape.co.uk/vapouriz-premium-blue-raspberry-10ml-e-liquid,,
vampirevape.co.uk,Vapouriz Premium Classic 10Ml E-Liquid,vapouriz,eliquid,not on VOS (reviewed),,Vapouriz brand has no VOS listings (vos_same_brand empty).,1,tobacco,"strength: 0mg, 12mg, 18mg, 3mg, 6mg",3.99,1,Vapouriz Premium Classic Tobacco 10ml E-liquid,https://www.vampirevape.co.uk/vapouriz-premium-classic-tobacco-10ml-e-liquid,,,
vampirevape.co.uk,Vapouriz Premium Millionaires 10Ml E-Liquid,vapouriz,eliquid,not on VOS (reviewed),,Vapouriz brand has no VOS listings (vos_same_brand empty).,1,menthol,"strength: 0mg, 12mg, 18mg, 3mg, 6mg",3.99,1,Vapouriz Premium Millionaires Menthol 10ml E-liquid,https://www.vampirevape.co.uk/vapouriz-premium-millionaires-menthol-10ml-e-liquid,,,
vampirevape.co.uk,vapouriz premium fruit tonic 10ml e-liquid,vapouriz,eliquid,not on VOS (reviewed),,Vapouriz brand has no VOS listings (vos_same_brand empty).,0,,"strength: 12mg, 18mg, 6mg",3.99,1,Vapouriz Premium Fruit Tonic 10ml E-liquid,https://www.vampirevape.co.uk/vapouriz-premium-fruit-tonic-10ml-e-liquid,,,
vampirevape.co.uk,Wick Liq Bar Juice 10Ml E-Liquid,wick liquor,eliquid,not on VOS (reviewed),,Wick Liquor brand has no VOS listings (vos_same_brand empty).,2,melon mojito; pineapple papaya,"strength: 10mg, 20mg, 5mg",2.95,2,Wick Liq Bar Juice - Melon Mojito - 10ml E-liquid,https://www.vampirevape.co.uk/wick-liq-bar-juice-melon-mojito-10ml-e-liquid,https://www.vampirevape.co.uk/wick-liq-bar-juice-pineapple-papaya-10ml-e-liquid,,
vampirevape.co.uk,Kit Blue,?,kit,not on VOS (reviewed),,Quawins Vstick Pro Kit not found among VOS products; no matching device appears even in lookalikes.,1,quawins vstick pro,,6.99,1,Quawins Vstick Pro Kit - Blue,https://www.vampirevape.co.uk/quawins-vstick-pro-kit-blue,,pro blue ivg smart max 10k vape kit,0.27
vampirevape.co.uk,Kit Gold,?,kit,not on VOS (reviewed),,Quawins Vstick Pro Kit not found among VOS products; no matching device appears even in lookalikes.,1,quawins vstick pro,,6.99,1,Quawins Vstick Pro Kit - Gold,https://www.vampirevape.co.uk/quawins-vstick-pro-kit-gold,,,
vampirevape.co.uk,Kit Silver,?,kit,not on VOS (reviewed),,Quawins Vstick Pro Kit not found among VOS products; no matching device appears even in lookalikes.,1,quawins vstick pro,,6.99,1,Quawins Vstick Pro Kit - Silver,https://www.vampirevape.co.uk/quawins-vstick-pro-kit-silver,,,
vampirevape.co.uk,Aspire Veynom Ex Kit,aspire,kit,not on VOS (reviewed),,"VOS stocks many Aspire kits but no Veynom EX; the closest is Veynom AIR, a different model.",0,,"colour: chrome blue fade, gold pink fade, gunmetal, metallic fade, teal purple fade",28.99,5,Aspire Veynom EX Kit - Gunmetal,https://www.vampirevape.co.uk/aspire-veynom-ex-kit-gunmetal,https://www.vampirevape.co.uk/aspire-veynom-ex-kit-chrome-blue-fade https://www.vampirevape.co.uk/aspire-veynom-ex-kit-teal-purple-fade https://www.vampirevape.co.uk/aspire-veynom-ex-kit-metallic-fade,aspire veynom air pod kit,0.4
vampirevape.co.uk,aspire magnum vape pod kit,aspire,kit,not on VOS (reviewed),,"VOS only sells replacement pods for Magnum, not the kit itself.",0,,,27.49,1,Aspire Magnum Vape Pod Kit,https://www.vampirevape.co.uk/aspire-magnum-vape-pod-kit,,,
vampirevape.co.uk,aspire nexi one vape pen kit,aspire,kit,not on VOS (reviewed),,No Aspire Nexi One kit in VOS's Aspire range.,0,,,10.99,1,Aspire Nexi One Vape Pen Kit,https://www.vampirevape.co.uk/aspire-nexi-one-vape-pen-kit,,aspire aio pockex pen kit,0.25
vampirevape.co.uk,aspire veynom ex kit - rainbow,aspire,kit,not on VOS (reviewed),,"VOS has Aspire Veynom AIR, not Veynom EX - different kit.",0,,,28.99,1,Aspire Veynom EX Kit - Rainbow,https://www.vampirevape.co.uk/aspire-veynom-ex-kit-rainbow,,aspire veynom air pod kit,0.35
vampirevape.co.uk,aspire veynom ex kit - silver,aspire,kit,not on VOS (reviewed),,"VOS has Aspire Veynom AIR, not Veynom EX - different kit.",0,,,28.99,1,Aspire Veynom EX Kit - Silver,https://www.vampirevape.co.uk/aspire-veynom-ex-kit-silver,,aspire veynom air pod kit,0.35
vampirevape.co.uk,Asvape Micro Pod Kit,asvape,kit,not on VOS (reviewed),,VOS does not stock the Asvape brand at all.,0,,colour: red blue resin,18.99,1,ASVape Micro Pod Kit - Red and Blue Resin,https://www.vampirevape.co.uk/asvape-micro-pod-kit-red-and-blue-resin,,,
vampirevape.co.uk,avomi cliq mini prefilled pod kit,avomi,kit,not on VOS (reviewed),,"VOS only carries Avomi Cliq 6000, not the separate Cliq Mini kit.",14,blueberry ice; blueberry sour raspberry; cola ice; fizzy cherry; lemon lime; menthol; orange soda; pineapple ice; raspberry blackcurrant; red raspberry; spearmint; strawberry ice; strawberry raspberry cherry ice; watermelon ice,,5.99,1,Avomi CLIQ Mini Prefilled Pod Kit,https://www.vampirevape.co.uk/avomi-cliq-mini-prefilled-pod-kit,,avomi cliq 6000 puff pod vape kit,0.3
vampirevape.co.uk,avomi pro prefilled pod kit,avomi,kit,not on VOS (reviewed),,"VOS only carries Avomi Cliq 6000, not the separate Avomi Pro kit.",6,blueberry sour raspberry; golden tobacco; lemon lime; mint ice; pineapple ice; spearmint,,5.99,1,Avomi Pro Prefilled Pod Kit,https://www.vampirevape.co.uk/avomi-pro-prefilled-pod-kit,,,
vampirevape.co.uk,dovpo ayce lite vape pod kit,dovpo,kit,not on VOS (reviewed),,VOS sells Dovpo Ayce Mini/Pro/7500 but not an Ayce Lite kit.,0,,,7.99,1,Dovpo Ayce Lite Vape Pod Kit,https://www.vampirevape.co.uk/dovpo-ayce-lite-vape-pod-kit,,dovpo ayce pro vape kit,0.4
vampirevape.co.uk,dovpo ayce mini 2 vape pod kit,dovpo,kit,not on VOS (reviewed),,"VOS has Dovpo Ayce Mini (gen 1), not the newer Ayce Mini 2.",0,,,13.99,1,Dovpo Ayce Mini 2 Vape Pod Kit,https://www.vampirevape.co.uk/dovpo-ayce-mini-2-vape-pod-kit,,dovpo ayce mini vape kit,0.4
vampirevape.co.uk,Freemax Maxus 200W Vape Kit,freemax,kit,not on VOS (reviewed),,"VOS only carries the 100W MaXus kit, not the 200W version.",0,,"colour: metal silver, resin blue yellow",42.99,2,Freemax MaXus 200w Vape Kit - Resin Blue Yellow,https://www.vampirevape.co.uk/freemax-maxus-200w-vape-kit-resin-blue-yellow,https://www.vampirevape.co.uk/freemax-maxus-200w-vape-kit-metal-silver,freemax maxus max pro kit,0.35
vampirevape.co.uk,Geekvape Wenax K2 Kit,geekvape,kit,not on VOS (reviewed),,"VOS carries Geekvape Wenax K1, not the newer Wenax K2.",0,,"colour: glossy gray, matte gunmetal",11.49,2,Geek Vape Wenax K2 Kit - Glossy Gray,https://www.vampirevape.co.uk/geek-vape-wenax-k2-kit-glossy-gray,https://www.vampirevape.co.uk/geek-vape-wenax-k2-kit-matte-gunmetal,geekvape wenax q2 pod vape kit,0.45
vampirevape.co.uk,geek vape aegis boost pro 2 kit - black,geekvape,kit,not on VOS (reviewed),,"VOS carries Aegis Boost Pro (gen 1) and its pods, not Boost Pro 2.",0,,,19.99,1,Geek Vape Aegis Boost Pro 2 Kit - Black,https://www.vampirevape.co.uk/geek-vape-aegis-boost-pro-2-kit-black,,geek vape aegis legend 2 vape kit,0.47
vampirevape.co.uk,geek vape aegis hero 5 vape kit,geekvape,kit,not on VOS (reviewed),,"VOS carries Aegis Hero Q / Hero 2, not Hero 5; only Hero replacement pods listed.",0,,,27.99,1,Geek Vape Aegis Hero 5 Vape Kit,https://www.vampirevape.co.uk/geek-vape-aegis-hero-5-vape-kit,,geekvape aegis legend 5 vape kit,0.57
vampirevape.co.uk,geek vape soul 2 vape pod kit,geekvape,kit,not on VOS (reviewed),,"VOS carries Geekvape Soul (gen 1) and its pods, not Soul 2.",0,,,15.99,1,Geek Vape Soul 2 Vape  Pod Kit,https://www.vampirevape.co.uk/geek-vape-soul-2-vape-pod-kit,,geek vape aegis legend 2 vape kit,0.4
vampirevape.co.uk,ijoy shogun kit - b-galactic hurricane,ijoy,kit,not on VOS (reviewed),,"VOS's only iJoy item is an unrelated disposable (Mars Cabin 2800), not the Shogun mod kit.",0,,,31.99,1,iJoy Shogun Kit - B-Galactic Hurricane,https://www.vampirevape.co.uk/ijoy-shogun-kit-b-galactic-hurricane,,,
vampirevape.co.uk,innokin eq vape pod kit - blue,innokin,kit,not on VOS (reviewed),,"VOS has EQS kit and separate EQ refill pods, but not the EQ kit itself.",0,,,15.99,1,Innokin EQ Vape Pod Kit - Blue,https://www.vampirevape.co.uk/innokin-eq-vape-pod-kit-blue,,,
vampirevape.co.uk,innokin foretex vape pod kit,innokin,kit,not on VOS (reviewed),,No Innokin Foretex kit found among VOS's Innokin range.,0,,,9.49,1,Innokin Foretex Vape Pod Kit,https://www.vampirevape.co.uk/innokin-foretex-vape-pod-kit,,,
vampirevape.co.uk,innokin plexus go vape pen kit,innokin,kit,not on VOS (reviewed),,VOS has no Innokin Plexus Go/Pro pen kit; only unrelated Scion Plexus coils and MVP pod kit turn up.,0,,,7.99,1,Innokin Plexus Go Vape Pen Kit,https://www.vampirevape.co.uk/innokin-plexus-go-vape-pen-kit,,innokin go s vape pen kit,0.4
vampirevape.co.uk,innokin plexus pro vape pen kit,innokin,kit,not on VOS (reviewed),,Same as Plexus Go - VOS sells Scion Plexus coils but not the Plexus Pro vape pen kit itself.,0,,,15.99,1,Innokin Plexus Pro Vape Pen Kit,https://www.vampirevape.co.uk/innokin-plexus-pro-vape-pen-kit,,innokin jem pen vape kit,0.35
vampirevape.co.uk,lost vape centaurus e40 max vape pod kit,lost vape,kit,not on VOS (reviewed),,"VOS carries Lost Vape Centaurus N100/N200, not the Centaurus E40 Max, a different model line.",0,,,19.99,1,Lost Vape Centaurus E40 Max Vape Pod Kit,https://www.vampirevape.co.uk/lost-vape-centaurus-e40-max-vape-pod-kit,,lost vape thelema elite 40 pod kit,0.4
vampirevape.co.uk,lost vape galaxy s360 vape pod kit,lost vape,kit,not on VOS (reviewed),,"VOS carries Lost Vape Galaxy T360, not Galaxy S360 - a different model.",0,,,10.99,1,Lost Vape Galaxy S360 Vape Pod Kit,https://www.vampirevape.co.uk/lost-vape-galaxy-s360-vape-pod-kit,,lost vape galaxy t360 pod vape kit,0.45
vampirevape.co.uk,lost vape kata vape pod kit,lost vape,kit,not on VOS (reviewed),,No Lost Vape Kata kit appears anywhere in VOS's Lost Vape lineup.,0,,,10.99,1,Lost Vape Kata Vape Pod Kit,https://www.vampirevape.co.uk/lost-vape-kata-vape-pod-kit,,,
vampirevape.co.uk,lost vape ursa nano 2 vape pod kit,lost vape,kit,not on VOS (reviewed),,"VOS has Ursa Nano (orig), Nano 3 and Nano S2, but no Ursa Nano 2 specifically.",0,,,9.99,1,Lost Vape Ursa Nano 2 Vape Pod Kit,https://www.vampirevape.co.uk/lost-vape-ursa-nano-2-vape-pod-kit,,lost vape ursa nano s2 pod kit [1000mah],0.45
vampirevape.co.uk,Nevoks Feelin 2 Vape Pod Kit,nevoks,kit,not on VOS (reviewed),,"VOS only stocks Nevoks A1 replacement pods, not the Nevoks Feelin 2 kit itself.",0,,"colour: crimson red, misty grey",12.99,2,Nevoks Feelin 2 Vape Pod Kit - Crimson Red,https://www.vampirevape.co.uk/nevoks-feelin-2-vape-pod-kit-crimson-red,https://www.vampirevape.co.uk/nevoks-feelin-2-vape-pod-kit-misty-grey,,
vampirevape.co.uk,Nevoks Feelin Ax Vape Pod Kit,nevoks,kit,not on VOS (reviewed),,"VOS only stocks Nevoks A1 replacement pods, not the Nevoks Feelin AX kit.",0,,colour: lake green,9.99,2,Nevoks Feelin AX Vape Pod Kit - Lake Green,https://www.vampirevape.co.uk/nevoks-feelin-ax-vape-pod-kit-lake-green,https://www.vampirevape.co.uk/nevoks-feelin-ax-vape-pod-kit,,
vampirevape.co.uk,nevoks feelin 2 vape pod kit - ice green,nevoks,kit,not on VOS (reviewed),,"Same Nevoks Feelin 2 kit (different colour); VOS has no Feelin 2 kit, only A1 pods.",0,,,12.99,1,Nevoks Feelin 2 Vape Pod Kit - Ice Green,https://www.vampirevape.co.uk/nevoks-feelin-2-vape-pod-kit-ice-green,,,
vampirevape.co.uk,nevoks feelin 2 vape pod kit - punch pink,nevoks,kit,not on VOS (reviewed),,"Same Nevoks Feelin 2 kit (different colour); VOS has no Feelin 2 kit, only A1 pods.",0,,,12.99,1,Nevoks Feelin 2 Vape Pod Kit - Punch Pink,https://www.vampirevape.co.uk/nevoks-feelin-2-vape-pod-kit-punch-pink,,,
vampirevape.co.uk,nevoks feelin 2 vape pod kit - royal purple,nevoks,kit,not on VOS (reviewed),,"Same Nevoks Feelin 2 kit (different colour); VOS has no Feelin 2 kit, only A1 pods.",0,,,12.99,1,Nevoks Feelin 2 Vape Pod Kit - Royal Purple,https://www.vampirevape.co.uk/nevoks-feelin-2-vape-pod-kit-royal-purple,,,
vampirevape.co.uk,orchid vape pod system kit - fuego,orchid,kit,not on VOS (reviewed),,VOS does not sell the Orchid brand at all (empty same-brand list).,0,,,12.99,1,Orchid Vape Pod System Kit - Fuego,https://www.vampirevape.co.uk/orchid-vape-pod-system-kit-fuego,,,
vampirevape.co.uk,orchid vape pod system kit - slobby,orchid,kit,not on VOS (reviewed),,VOS does not sell the Orchid brand at all (empty same-brand list).,0,,,12.99,1,Orchid Vape Pod System Kit - Slobby,https://www.vampirevape.co.uk/orchid-vape-pod-system-kit-slobby,,,
vampirevape.co.uk,Oxva Origin Se Kit,oxva,kit,not on VOS (reviewed),,"VOS has Oxva Origin 2 and Origin X accessories, but no Origin SE kit.",0,,colour: gradient green,10.99,1,OXVA Origin SE Kit - Gradient Green,https://www.vampirevape.co.uk/oxva-origin-se-kit-gradient-green,,oxva xlim se smart pod kit,0.35
vampirevape.co.uk,oxva origin se kit - magenta pink,oxva,kit,not on VOS (reviewed),,Same Origin SE kit (different colour) - VOS does not carry the Origin SE model.,0,,,10.99,1,OXVA Origin SE Kit - Magenta Pink,https://www.vampirevape.co.uk/oxva-origin-se-kit-magenta-pink,,oxva xlim se smart pod kit,0.23
vampirevape.co.uk,oxva origin se kit - tiffany blue,oxva,kit,not on VOS (reviewed),,Same Origin SE kit (different colour) - VOS does not carry the Origin SE model.,0,,,10.99,1,OXVA Origin SE Kit - Tiffany Blue,https://www.vampirevape.co.uk/oxva-origin-se-kit-tiffany-blue,,oxva xlim se smart pod kit,0.23
vampirevape.co.uk,oxva x vape pod kit,oxva,kit,not on VOS (reviewed),,No Oxva X kit on VOS; only unrelated Slimstick prefilled pods turn up.,0,,,19.99,1,OXVA X Vape Pod Kit,https://www.vampirevape.co.uk/oxva-x-vape-pod-kit,,,
vampirevape.co.uk,Smok X Priv Solo Kit,smok,kit,not on VOS (reviewed),,"VOS has Smok Priv N19, not the X-Priv Solo Kit - a different model.",0,,colour: pale blue,34.99,2,Smok X-Priv Solo Kit-Pale Blue,https://www.vampirevape.co.uk/smok-x-priv-solo-kit-pale-blue,https://www.vampirevape.co.uk/smok-x-priv-solo-vape-kit,smok mag solo vape kit,0.4
vampirevape.co.uk,smok mavic pro rf vape pod kit,smok,kit,not on VOS (reviewed),,No Smok Mavic Pro RF kit on VOS; only unrelated Novo/RPM/Nord 'Pro' products turn up.,0,,,5.99,1,Smok Mavic Pro RF Vape Pod Kit,https://www.vampirevape.co.uk/smok-mavic-pro-rf-vape-pod-kit,,smok nfix pro pod kit,0.35
vampirevape.co.uk,smok nfix mate kit-green,smok,kit,not on VOS (reviewed),,VOS sells Nfix and Nfix Pro pods/kits but not the separate Nfix Mate kit.,0,,,19.99,1,Smok Nfix Mate Kit-Green,https://www.vampirevape.co.uk/smok-nfix-mate-kit-green,,smok nfix pro pod kit,0.35
vampirevape.co.uk,smok nfix mate kit-grey,smok,kit,not on VOS (reviewed),,VOS sells Nfix and Nfix Pro pods/kits but not the separate Nfix Mate kit.,0,,,19.99,1,Smok Nfix Mate Kit-Grey,https://www.vampirevape.co.uk/smok-nfix-mate-kit-grey,,smok nfix pro pod kit,0.35
vampirevape.co.uk,smok nfix mate kit-silver,smok,kit,not on VOS (reviewed),,VOS sells Nfix and Nfix Pro pods/kits but not the separate Nfix Mate kit.,0,,,19.99,1,Smok Nfix Mate Kit-Silver,https://www.vampirevape.co.uk/smok-nfix-mate-kit-silver,,smok nfix pro pod kit,0.35
vampirevape.co.uk,smok ofrf nexmesh pod kit - silver,smok,kit,not on VOS (reviewed),,"VOS only stocks OFRF Nexmesh replacement coils, not the Nexmesh pod kit itself.",0,,,10.99,1,Smok OFRF Nexmesh POD Kit - Silver,https://www.vampirevape.co.uk/smok-ofrf-nexmesh-pod-kit-silver,,,
vampirevape.co.uk,smok propod gt kit - purple grey,smok,kit,not on VOS (reviewed),,"VOS sells the plain Smok PropOD pod vape kit, not the PropOD GT variant.",0,,,12.99,1,Smok PROPOD GT Kit - Purple Grey,https://www.vampirevape.co.uk/smok-propod-gt-kit-purple-grey,,Smok Propod Pod Vape Kit,0.55
vampirevape.co.uk,smok tfos vape pod kit,smok,kit,not on VOS (reviewed),,No Smok TFOS kit on VOS; lookalikes are unrelated Novo/Solus/Thiner/PropOD/Rigel kits.,0,,,10.99,1,Smok TFOS Vape Pod Kit,https://www.vampirevape.co.uk/smok-tfos-vape-pod-kit,,,
vampirevape.co.uk,smok zrex rf vape pod kit,smok,kit,not on VOS (reviewed),,No Smok Zrex / Zrex RF kit in VOS's Smok kit range.,0,,,4.99,1,Smok Zrex RF Vape Pod Kit,https://www.vampirevape.co.uk/smok-zrex-rf-vape-pod-kit,,,
vampirevape.co.uk,Uwell Caliburn And Ironfist L Vape Pod Kit,uwell,kit,not on VOS (reviewed),,Caliburn & Ironfist L collab kit is not among VOS's Caliburn kits.,0,,colour: metallic silver,15.99,1,Uwell Caliburn & Ironfist L Vape Pod Kit - Metallic Silver,https://www.vampirevape.co.uk/uwell-caliburn-ironfist-l-vape-pod-kit-metallic-silver,,uwell caliburn g pod kit,0.3
vampirevape.co.uk,Uwell Whirl F Vape Pod Kit,uwell,kit,not on VOS (reviewed),,Whirl F kit itself is not listed; VOS only has Whirl coils/pods (refill parts).,0,,colour: champagne,11.99,1,Uwell Whirl F Vape Pod Kit - Champagne,https://www.vampirevape.co.uk/uwell-whirl-f-vape-pod-kit-champagne,,,
vampirevape.co.uk,uwell caliburn & ironfist l vape pod kit - coral red,uwell,kit,not on VOS (reviewed),,Caliburn & Ironfist L collab kit is not among VOS's Caliburn kits.,0,,,15.99,1,Uwell Caliburn & Ironfist L Vape Pod Kit - Coral Red,https://www.vampirevape.co.uk/uwell-caliburn-ironfist-l-vape-pod-kit-coral-red,,uwell caliburn g pod kit,0.15
vampirevape.co.uk,uwell caliburn whirl f vape pod kit - green,uwell,kit,not on VOS (reviewed),,Caliburn Whirl F combo kit is not among VOS's Caliburn kits.,0,,,17.99,1,Uwell Caliburn Whirl F Vape Pod Kit - Green,https://www.vampirevape.co.uk/uwell-caliburn-whirl-f-vape-pod-kit-green,,uwell caliburn g pod kit,0.2
vampirevape.co.uk,uwell crown m vape pod kit - black,uwell,kit,not on VOS (reviewed),,Crown M kit not listed; VOS only has Crown 4/D/X kits and Crown M replacement pods.,0,,,20.99,1,Uwell Crown M Vape Pod Kit - Black,https://www.vampirevape.co.uk/uwell-crown-m-vape-pod-kit-black,,uwell crown d pod vape kit,0.3
vampirevape.co.uk,uwell crown m vape pod kit - blue,uwell,kit,not on VOS (reviewed),,Crown M kit not listed; VOS only has Crown 4/D/X kits and Crown M replacement pods.,0,,,20.99,1,Uwell Crown M Vape Pod Kit - Blue,https://www.vampirevape.co.uk/uwell-crown-m-vape-pod-kit-blue,,uwell crown d pod vape kit,0.3
vampirevape.co.uk,uwell crown m vape pod kit - brown,uwell,kit,not on VOS (reviewed),,Crown M kit not listed; VOS only has Crown 4/D/X kits and Crown M replacement pods.,0,,,20.99,1,Uwell Crown M Vape Pod Kit - Brown,https://www.vampirevape.co.uk/uwell-crown-m-vape-pod-kit-brown,,uwell crown d pod vape kit,0.3
vampirevape.co.uk,uwell crown m vape pod kit - orange,uwell,kit,not on VOS (reviewed),,Crown M kit not listed; VOS only has Crown 4/D/X kits and Crown M replacement pods.,0,,,20.99,1,Uwell Crown M Vape Pod Kit - Orange,https://www.vampirevape.co.uk/uwell-crown-m-vape-pod-kit-orange,,uwell crown d pod vape kit,0.3
vampirevape.co.uk,uwell kalmia vape pod kit,uwell,kit,not on VOS (reviewed),,Uwell Kalmia kit is not in VOS's Uwell range.,0,,,6.99,1,Uwell Kalmia Vape Pod Kit,https://www.vampirevape.co.uk/uwell-kalmia-vape-pod-kit,,,
vampirevape.co.uk,uwell marsupod vape kit - blue / black,uwell,kit,not on VOS (reviewed),,Uwell Marsupod kit is not in VOS's Uwell range.,0,,,12.99,1,Uwell Marsupod Vape Kit - Blue / Black,https://www.vampirevape.co.uk/uwell-marsupod-vape-kit-blue-black,,,
vampirevape.co.uk,uwell marsupod vape kit - grey,uwell,kit,not on VOS (reviewed),,Uwell Marsupod kit is not in VOS's Uwell range.,0,,,12.99,1,Uwell Marsupod Vape Kit - Grey,https://www.vampirevape.co.uk/uwell-marsupod-vape-kit-grey,,,
vampirevape.co.uk,uwell marsupod vape kit - white,uwell,kit,not on VOS (reviewed),,Uwell Marsupod kit is not in VOS's Uwell range.,0,,,12.99,1,Uwell Marsupod Vape Kit - White,https://www.vampirevape.co.uk/uwell-marsupod-vape-kit-white,,,
vampirevape.co.uk,uwell sculptor vape pod kit - black,uwell,kit,not on VOS (reviewed),,Uwell Sculptor kit is not in VOS's Uwell range.,0,,,12.99,1,Uwell Sculptor Vape Pod Kit - Black,https://www.vampirevape.co.uk/uwell-sculptor-vape-pod-kit-black,,,
vampirevape.co.uk,uwell sculptor vape pod kit - bronze,uwell,kit,not on VOS (reviewed),,Uwell Sculptor kit is not in VOS's Uwell range.,0,,,12.99,1,Uwell Sculptor Vape Pod Kit - Bronze,https://www.vampirevape.co.uk/uwell-sculptor-vape-pod-kit-bronze,,,
vampirevape.co.uk,uwell sculptor vape pod kit - copper,uwell,kit,not on VOS (reviewed),,Uwell Sculptor kit is not in VOS's Uwell range.,0,,,12.99,1,Uwell Sculptor Vape Pod Kit - Copper,https://www.vampirevape.co.uk/uwell-sculptor-vape-pod-kit-copper,,,
vampirevape.co.uk,uwell sculptor vape pod kit - grey,uwell,kit,not on VOS (reviewed),,Uwell Sculptor kit is not in VOS's Uwell range.,0,,,12.99,1,Uwell Sculptor Vape Pod Kit - Grey,https://www.vampirevape.co.uk/uwell-sculptor-vape-pod-kit-grey,,,
vampirevape.co.uk,uwell sculptor vape pod kit - silver,uwell,kit,not on VOS (reviewed),,Uwell Sculptor kit is not in VOS's Uwell range.,0,,,12.99,1,Uwell Sculptor Vape Pod Kit - Silver,https://www.vampirevape.co.uk/uwell-sculptor-vape-pod-kit-silver,,,
vampirevape.co.uk,uwell viscore neo prefilled pod kit,uwell,kit,not on VOS (reviewed),,Viscore Neo is a different generation from VOS's Viscore 8000 kit and Viscore Pro+ 40k.,15,blue sour blackcurrant; blue sour lemonade; blue sour peach; blueberry sour raspberry; cherry blast; fresh mint; fruit mix; lemon lime; milky strawberry; mr blue; orange bru; pineapple ice; sakura grape; strawberry kiwi; watermelon ice,,6.99,1,Uwell Viscore Neo Prefilled Pod Kit,https://www.vampirevape.co.uk/uwell-viscore-neo-prefilled-pod-kit,,uwell viscore 8000 puffs prefilled pod kit 8000 puff vape,0.3
vampirevape.co.uk,uwell whirl f vape pod kit - black,uwell,kit,not on VOS (reviewed),,Whirl F kit itself is not listed; VOS only has Whirl coils/pods (refill parts).,0,,,11.99,1,Uwell Whirl F Vape Pod Kit - Black,https://www.vampirevape.co.uk/uwell-whirl-f-vape-pod-kit-black,,,
vampirevape.co.uk,uwell whirl f vape pod kit - blue,uwell,kit,not on VOS (reviewed),,Whirl F kit itself is not listed; VOS only has Whirl coils/pods (refill parts).,0,,,11.99,1,Uwell Whirl F Vape Pod Kit - Blue,https://www.vampirevape.co.uk/uwell-whirl-f-vape-pod-kit-blue,,,
vampirevape.co.uk,E-Liquid Diy Kit,vampire vape,kit,not on VOS (reviewed),,"VOS does not sell a Vampire Vape E-liquid DIY kit, only finished e-liquids/pods/nic salts.",1,large,,11.88,2,Large E-liquid DIY Kit,https://www.vampirevape.co.uk/large-e-liquid-diy-kit,https://www.vampirevape.co.uk/longfill-diy-kit,,
vampirevape.co.uk,mini mix diy kit,vampire vape,kit,not on VOS (reviewed),,VOS does not sell a Vampire Vape DIY mixing kit; lookalikes are unrelated mini pod kits from other brands.,0,,,21.0,1,Mini Mix DIY Kit,https://www.vampirevape.co.uk/mini-mix-diy-kit,,,
vampirevape.co.uk,vaporesso gen 80 s kit - itank 2 version - brown,vaporesso,kit,not on VOS (reviewed),,"VOS only sells the Gen 80 S bare mod/battery, not the full Gen 80 S vape kit with tank.",0,,,21.99,1,Vaporesso Gen 80 S Kit - iTank 2 Version - Brown,https://www.vampirevape.co.uk/vaporesso-gen-80-s-kit-itank-2-version-brown,,vaporesso 80s gen vape kit,0.2
vampirevape.co.uk,vaporesso gen 80 s kit - itank 2 version - neon orange,vaporesso,kit,not on VOS (reviewed),,"VOS only sells the Gen 80 S bare mod/battery, not the full Gen 80 S vape kit with tank.",0,,,21.99,1,Vaporesso Gen 80 S Kit - iTank 2 Version - Neon Orange,https://www.vampirevape.co.uk/vaporesso-gen-80-s-kit-itank-2-version-neon-orange,,vaporesso 80s gen vape kit,0.17
vampirevape.co.uk,vaporesso gtx one pro vape kit,vaporesso,kit,not on VOS (reviewed),,"GTX One Pro is a different tier from VOS's base GTX 0ne kit, and VOS only lists the Pro as a bare mod, not a full kit.",0,,,29.99,1,Vaporesso GTX One Pro Vape Kit,https://www.vampirevape.co.uk/vaporesso-gtx-one-pro-vape-kit,,vaporesso luxe x pro vape kit,0.35
vampirevape.co.uk,Vladdin Classic Kit,vladdin,kit,not on VOS (reviewed),,VOS does not stock the Vladdin brand at all (no same-brand matches).,0,,colour: scarlet red,6.49,1,Vladdin Classic Kit - Scarlet Red,https://www.vampirevape.co.uk/vladdin-classic-kit-scarlet-red,,,
vampirevape.co.uk,vladdin classic kit - navy blue,vladdin,kit,not on VOS (reviewed),,"VOS does not stock the Vladdin brand; lookalikes are all different brands (Oxva, Geekvape, Hayati, IVG, etc.).",0,,,6.49,1,Vladdin Classic Kit - Navy Blue,https://www.vampirevape.co.uk/vladdin-classic-kit-navy-blue,,,
vampirevape.co.uk,vladdin classic kit - space grey,vladdin,kit,not on VOS (reviewed),,VOS does not stock the Vladdin brand; lookalikes are all different brands.,0,,,6.49,1,Vladdin Classic Kit - Space Grey,https://www.vampirevape.co.uk/vladdin-classic-kit-space-grey,,,
vampirevape.co.uk,Voopoo Vmate Pro Kit,voopoo,kit,not on VOS (reviewed),,"VOS has plain Vmate and Vmate Max/I2 but no Vmate Pro, a different generation of the Vmate kit.",0,,colour: dawn blue,13.99,1,VooPoo VMATE Pro Kit - Dawn Blue,https://www.vampirevape.co.uk/voopoo-vmate-pro-kit-dawn-blue,,voopoo drag x pro kit,0.4
vampirevape.co.uk,voopoo vinci e80 vape pod kit,voopoo,kit,not on VOS (reviewed),,"VOS has Vinci E120 but not Vinci E80, a different model in the Vinci range.",0,,,26.99,1,VooPoo Vinci E80 Vape Pod Kit,https://www.vampirevape.co.uk/voopoo-vinci-e80-vape-pod-kit,,voopoo vinci s vape pod kit,0.3
vampirevape.co.uk,voopoo vinci spark 220 vape kit,voopoo,kit,not on VOS (reviewed),,"No Vinci Spark 220 on VOS; only Vinci 2, 3, E120, S, Q, Royal Edition etc. are listed.",0,,,41.49,1,VooPoo Vinci Spark 220 Vape Kit,https://www.vampirevape.co.uk/voopoo-vinci-spark-220-vape-kit,,voopoo vinci royal edition pod starter kit,0.25
vampirevape.co.uk,voopoo vinci spark100 vape kit,voopoo,kit,not on VOS (reviewed),,No Vinci Spark100 on VOS; different model from the Vinci variants VOS carries.,0,,,39.49,1,VooPoo Vinci Spark100 Vape Kit,https://www.vampirevape.co.uk/voopoo-vinci-spark100-vape-kit,,voopoo vinci royal edition pod starter kit,0.25
vampirevape.co.uk,voopoo vmate pro kit - gold,voopoo,kit,not on VOS (reviewed),,VOS has plain Vmate and Vmate Max/I2 but no Vmate Pro.,0,,,13.99,1,VooPoo VMATE Pro Kit - Gold,https://www.vampirevape.co.uk/voopoo-vmate-pro-kit-gold,,voopoo drag x pro kit,0.35
vampirevape.co.uk,voopoo vmate pro kit - mint blue,voopoo,kit,not on VOS (reviewed),,VOS has plain Vmate and Vmate Max/I2 but no Vmate Pro.,0,,,13.99,1,VooPoo VMATE Pro Kit - Mint Blue,https://www.vampirevape.co.uk/voopoo-vmate-pro-kit-mint-blue,,voopoo drag x pro kit,0.32
vampirevape.co.uk,voopoo vmate pro kit - pink,voopoo,kit,not on VOS (reviewed),,VOS has plain Vmate and Vmate Max/I2 but no Vmate Pro.,0,,,13.99,1,VooPoo VMATE Pro Kit - Pink,https://www.vampirevape.co.uk/voopoo-vmate-pro-kit-pink,,voopoo drag x pro kit,0.35
vampirevape.co.uk,voopoo vmate pro kit - red,voopoo,kit,not on VOS (reviewed),,VOS has plain Vmate and Vmate Max/I2 but no Vmate Pro.,0,,,13.99,1,VooPoo VMATE Pro Kit - Red,https://www.vampirevape.co.uk/voopoo-vmate-pro-kit-red,,voopoo drag x pro kit,0.35
vampirevape.co.uk,voopoo vmate pro power edition vape pod kit,voopoo,kit,not on VOS (reviewed),,"Vmate Pro Power Edition is a different variant; VOS only lists Vmate, Vmate Max and Vmate I2.",0,,,13.99,1,VooPoo Vmate Pro Power Edition Vape Pod Kit,https://www.vampirevape.co.uk/voopoo-vmate-pro-power-edition-vape-pod-kit,,voopoo drag x pro kit,0.35
vampirevape.co.uk,rinecoe jellybox 80w mod-amber,?,mod,not on VOS (reviewed),,VOS does not stock the Rinecoe/Jellybox brand; lookalikes are unrelated mod brands.,0,,,28.99,1,Rinecoe Jellybox 80W Mod-Amber,https://www.vampirevape.co.uk/rinecoe-jellybox-80w-mod-amber,,rincoe jellybox lite vape pod kit,0.17
vampirevape.co.uk,lost vape centaurus m200 mod,lost vape,mod,not on VOS (reviewed),,"VOS sells Lost Vape Centaurus N100/N200 kits, not the M200 mod-only model.",0,,,35.99,1,Lost Vape Centaurus M200 Mod,https://www.vampirevape.co.uk/lost-vape-centaurus-m200-mod,,lost vape centaurus n200 vape kit,0.45
vampirevape.co.uk,smok x-priv plus mod,smok,mod,not on VOS (reviewed),,VOS's Smok range has G-Priv models but no X-Priv Plus mod.,0,,,35.99,1,Smok X-Priv Plus Mod ,https://www.vampirevape.co.uk/smok-x-priv-plus-mod,,smok priv n19 vape kit price,0.2
vampirevape.co.uk,voopoo vinci spark 220 mod,voopoo,mod,not on VOS (reviewed),,"No Vinci Spark 220 mod on VOS; only other Vinci models (2, 3, E120, royal edition) are listed.",0,,,35.99,1,VooPoo Vinci Spark 220 Mod,https://www.vampirevape.co.uk/voopoo-vinci-spark-220-mod,,voopoo vinci royal edition pod starter kit,0.25
vampirevape.co.uk,voopoo vinci spark100 mod,voopoo,mod,not on VOS (reviewed),,No Vinci Spark100 mod on VOS; different model from the Vinci variants VOS carries.,0,,,32.99,1,VooPoo Vinci Spark100 Mod,https://www.vampirevape.co.uk/voopoo-vinci-spark100-mod,,voopoo vinci royal edition pod starter kit,0.25
vampirevape.co.uk,best of the best nic salts 10ml bundle,?,nicsalt,not on VOS (reviewed),,Competitor-specific multi-brand bundle product with no equivalent VOS listing.,0,,,10.0,1,Best of the Best Nic Salts 10ml Bundle,https://www.vampirevape.co.uk/best-of-the-best-nic-salts-10ml-bundle,,,
vampirevape.co.uk,nic salts taster pack,?,nicsalt,not on VOS (reviewed),,Competitor-specific taster pack product with no equivalent VOS listing.,0,,,16.0,1,Nic Salts Taster Pack ,https://www.vampirevape.co.uk/nic-salts-taster-pack,,,
vampirevape.co.uk,10 x 30ml empty bottles,?,other,not on VOS (reviewed),,"Plain empty 30ml bottles accessory; VOS lookalikes are unrelated Riot Squad e-liquids sold with bottles, not empty bottles.",0,,,2.99,1,10 x 30ml Empty Bottles,https://www.vampirevape.co.uk/10-x-30ml-empty-bottles,,,
vampirevape.co.uk,aspire atlantis gt acrylic tube,aspire,other,not on VOS (reviewed),,Aspire Atlantis GT replacement acrylic tube is not among VOS's Aspire accessories; no matching Atlantis GT tube listed.,0,,,3.99,1,Aspire Atlantis GT Acrylic Tube,https://www.vampirevape.co.uk/aspire-atlantis-gt-acrylic-tube,,pockex pyrex tube by aspire,0.23
vampirevape.co.uk,aspire breeze charging dock,aspire,other,not on VOS (reviewed),,"No Aspire Breeze charging dock on VOS; the only lookalike is a Juul2 dock, a different brand/device.",0,,,12.99,1,Aspire Breeze Charging Dock,https://www.vampirevape.co.uk/aspire-breeze-charging-dock,,,
vampirevape.co.uk,avomi pro bundle,avomi,other,not on VOS (reviewed),,'Avomi Pro' is a different model line from the Avomi Cliq 6000/pods VOS actually stocks.,0,,,12.49,1,Avomi Pro Bundle,https://www.vampirevape.co.uk/avomi-pro-bundle,,,
vampirevape.co.uk,eleaf istick p100 510 adaptor,eleaf,other,not on VOS (reviewed),,Eleaf iStick P100 510 adaptor accessory not among VOS's Eleaf products (no P100 device or adaptor listed).,0,,,3.99,1,Eleaf iStick P100 510 Adaptor,https://www.vampirevape.co.uk/eleaf-istick-p100-510-adaptor,,,
vampirevape.co.uk,oxva origin x rba - 1pk,oxva,other,not on VOS (reviewed),,"OXVA Origin X RBA (rebuildable deck) is not listed; VOS only has Origin X 510 adaptor, coils and XL pods, a different accessory type.",0,,,6.99,1,OXVA Origin X RBA - 1PK,https://www.vampirevape.co.uk/oxva-origin-x-rba-1pk,,oxva origin x 510 adaptor,0.4
vampirevape.co.uk,perlz nicotine perlz - berry,perlz,other,not on VOS (reviewed),,Perlz nicotine pouches are a different product form to VOS's nicotine strips lookalikes; no Perlz brand on VOS.,3,berry moderate 30pk; berry strong 10pk; berry strong 30pk,,2.5,1,Perlz Nicotine Perlz - Berry,https://www.vampirevape.co.uk/perlz-nicotine-perlz-berry,,,
vampirevape.co.uk,perlz nicotine perlz - mint,perlz,other,not on VOS (reviewed),,Perlz nicotine pouches are a different product form to VOS's nicotine strips lookalikes; no Perlz brand on VOS.,4,mint moderate 10pk; mint moderate 30pk; mint strong 10pk; mint strong 30pk,,2.5,1,Perlz Nicotine Perlz - Mint,https://www.vampirevape.co.uk/perlz-nicotine-perlz-mint,,,
vampirevape.co.uk,base mix 50vg/50pg 500ml,vampire vape,other,not on VOS (reviewed),,No Vampire Vape 500ml base mix (unflavoured VG/PG mixing liquid) found among VOS's Vampire Vape or lookalike products.,0,,,7.0,1,Base Mix 50VG/50PG 500ml,https://www.vampirevape.co.uk/base-mix-50vg-50pg-500ml,,,
vampirevape.co.uk,base mix 70vg/30pg 500ml,vampire vape,other,not on VOS (reviewed),,"VOS has no Vampire Vape DIY base mix (70/30 VG/PG) listing, only flavoured e-liquid/nic salt/shortfill ranges.",0,,,7.0,1,Base Mix 70VG/30PG 500ml,https://www.vampirevape.co.uk/base-mix-70vg-30pg-500ml,,,
vampirevape.co.uk,pg (propylene glycol),vampire vape,other,not on VOS (reviewed),,VOS has no Vampire Vape PG (DIY mixing base) product listed.,0,,,4.0,1,PG (Propylene Glycol),https://www.vampirevape.co.uk/vv-pg-propylene-glycol,,,
vampirevape.co.uk,uwell caliburn koko prime panel - blue,vampire vape,other,not on VOS (reviewed),,"Uwell Caliburn KoKo Prime replacement panel (cosmetic accessory) is not sold separately on VOS, only the full kit.",0,,,2.99,1,Uwell Caliburn KoKo Prime Panel - Blue,https://www.vampirevape.co.uk/uwell-caliburn-koko-prime-panel-blue,,,
vampirevape.co.uk,uwell caliburn koko prime panel - green,vampire vape,other,not on VOS (reviewed),,"Uwell Caliburn KoKo Prime replacement panel (cosmetic accessory) is not sold separately on VOS, only the full kit.",0,,,2.99,1,Uwell Caliburn KoKo Prime Panel - Green,https://www.vampirevape.co.uk/uwell-caliburn-koko-prime-panel-green,,,
vampirevape.co.uk,uwell caliburn koko prime panel - pink,vampire vape,other,not on VOS (reviewed),,"Uwell Caliburn KoKo Prime replacement panel (cosmetic accessory) is not sold separately on VOS, only the full kit.",0,,,2.99,1,Uwell Caliburn KoKo Prime Panel - Pink,https://www.vampirevape.co.uk/uwell-caliburn-koko-prime-panel-pink,,,
vampirevape.co.uk,uwell caliburn koko prime panel - white,vampire vape,other,not on VOS (reviewed),,"Uwell Caliburn KoKo Prime replacement panel (cosmetic accessory) is not sold separately on VOS, only the full kit.",0,,,2.99,1,Uwell Caliburn KoKo Prime Panel - White,https://www.vampirevape.co.uk/uwell-caliburn-koko-prime-panel-white,,,
vampirevape.co.uk,uwell caliburn koko prime panel - yellow,vampire vape,other,not on VOS (reviewed),,"Uwell Caliburn KoKo Prime replacement panel (cosmetic accessory) is not sold separately on VOS, only the full kit.",0,,,2.99,1,Uwell Caliburn KoKo Prime Panel - Yellow,https://www.vampirevape.co.uk/uwell-caliburn-koko-prime-panel-yellow,,,
vampirevape.co.uk,vampire vape best sellers bundle,vampire vape,other,not on VOS (reviewed),,A curated 'best sellers bundle' of multiple items has no equivalent single VOS listing; the only lookalike is an unrelated out-of-stock disposable.,0,,,15.0,1,Vampire Vape Best Sellers Bundle,https://www.vampirevape.co.uk/vampire-vape-best-sellers-bundle,,,
vampirevape.co.uk,vg (vegetable glycerin),vampire vape,other,not on VOS (reviewed),,VOS has no Vampire Vape VG (DIY mixing base) product listed.,0,,,4.0,1,VG (Vegetable Glycerin),https://www.vampirevape.co.uk/vg-vegetable-glycerin,,,
vampirevape.co.uk,voopoo argus klyc replacement cap,voopoo,other,not on VOS (reviewed),,VOS sells the VooPoo Argus Klyc vape kit but not a standalone replacement cap accessory for it.,0,,,3.99,1,VooPoo Argus Klyc Replacement Cap,https://www.vampirevape.co.uk/voopoo-argus-klyc-replacement-cap,,,
vampirevape.co.uk,Refill Pods,?,pods,not on VOS (reviewed),,No Vapouriz VPOD Pro replacement pods on VOS; lookalikes are unrelated 'Pro' pods from other brands.,1,vapouriz vpod pro,"strength: 0mg, 12mg, 18mg, 3mg, 6mg",3.99,1,Vapouriz VPOD Pro Replacement Pods - 2PK,https://www.vampirevape.co.uk/vapouriz-vpod-pro-replacement-pods-2pk,,,
vampirevape.co.uk,aspire breeze 2 replacement pod - 1pk,aspire,pods,not on VOS (reviewed),,"VOS sells Aspire Breeze/Breeze 2 replacement COILS, not replacement pods for the Breeze 2 - different part.",0,,,4.49,1,Aspire Breeze 2 Replacement Pod - 1PK,https://www.vampirevape.co.uk/aspire-breeze-2-replacement-pod-1pk,,,
vampirevape.co.uk,aspire favostix replacement pods - 3pk,aspire,pods,not on VOS (reviewed),,No Aspire Favostix product (kit or pods) appears anywhere in VOS's Aspire range.,0,,,6.99,1,Aspire Favostix Replacement Pods - 3PK,https://www.vampirevape.co.uk/aspire-favostix-replacement-pods-3pk,,,
vampirevape.co.uk,aspire flexus aio empty replacement pod - 1pk,aspire,pods,not on VOS (reviewed),,VOS sells pods for Flexus Blok/Pro/Q/Stik but not the Flexus AIO model - different device in the Flexus family.,0,,,3.29,1,Aspire Flexus AIO Empty Replacement Pod - 1PK,https://www.vampirevape.co.uk/aspire-flexus-aio-empty-replacement-pod-1pk,,aspire flexus blok replacement pods aspire vape pods,0.4
vampirevape.co.uk,aspire minican plus replacement pods - 2pk,aspire,pods,not on VOS (reviewed),,"VOS has no Aspire Minican Plus replacement pods; only Minican 3 pods are listed, a different generation.",0,,,4.99,1,Aspire Minican Plus Replacement Pods - 2PK,https://www.vampirevape.co.uk/aspire-minican-plus-replacement-pods-2pk,,aspire minican 3 empty replacement pod,0.2
vampirevape.co.uk,aspire minican replacement pods - 2pk,aspire,pods,not on VOS (reviewed),,"VOS has no plain Minican replacement pods; only Minican 3 pods and a Minican 2 kit exist, different generations/forms.",0,,,3.99,1,Aspire Minican Replacement Pods - 2PK,https://www.vampirevape.co.uk/aspire-minican-replacement-pods-2pk,,aspire minican 3 empty replacement pod,0.3
vampirevape.co.uk,aspire nautilus prime replacement pod - 1pk,aspire,pods,not on VOS (reviewed),,"VOS sells a Nautilus Prime RBA (rebuildable coil head), not a standard replacement pod - different form.",0,,,1.99,1,Aspire Nautilus Prime Replacement Pod - 1PK,https://www.vampirevape.co.uk/aspire-nautilus-prime-replacement-pod-1pk,,,
vampirevape.co.uk,aspire nexi prefilled pods - 20mg - 3pk,aspire,pods,not on VOS (reviewed),,No Aspire Nexi product appears anywhere in VOS's Aspire range.,1,caramel tobacco,,5.99,1,Aspire Nexi Prefilled Pods - 20mg - 3PK,https://www.vampirevape.co.uk/aspire-nexi-prefilled-pods-20mg-3pk,,,
vampirevape.co.uk,aspire veynom air replacement pods - 2pk,aspire,pods,not on VOS (reviewed),,VOS sells the Aspire Veynom Air pod kit but not standalone replacement pods for it - different form.,0,,,2.49,1,Aspire Veynom Air Replacement Pods - 2PK,https://www.vampirevape.co.uk/aspire-veynom-air-replacement-pod-2pk,,,
vampirevape.co.uk,aspire veynom empty replacement pod - 1pk,aspire,pods,not on VOS (reviewed),,No Aspire Veynom empty replacement pod listed on VOS.,0,,,2.69,1,Aspire Veynom Empty Replacement Pod - 1PK,https://www.vampirevape.co.uk/aspire-veynom-empty-replacement-pod-1pk,,,
vampirevape.co.uk,asvape micro replacement pods - 3pk,asvape,pods,not on VOS (reviewed),,No ASVape brand or Micro pods on VOS; lookalikes are unrelated pods from other brands.,0,,,6.99,1,ASVape Micro Replacement Pods - 3PK,https://www.vampirevape.co.uk/asvape-micro-replacement-pods-3pk,,,
vampirevape.co.uk,avomi pro prefilled pods - 2pk,avomi,pods,not on VOS (reviewed),,VOS only sells Avomi Cliq pods/kit; no Avomi 'Pro' pod variant listed - different model.,12,blueberry; blueberry sour raspberry; fizzy cherry; golden tobacco; lemon lime; mint ice; pineapple ice; raspberry blackcurrant; spearmint; strawberry ice; triple mango; watermelon ice,,5.99,1,Avomi Pro Prefilled Pods - 2PK,https://www.vampirevape.co.uk/avomi-pro-prefilled-pods-2pk,,,
vampirevape.co.uk,dovpo ayce zytek 2.0 replacement pods - 3pk,dovpo,pods,not on VOS (reviewed),,"VOS sells other Dovpo Ayce products (kits, disposable, nic salts) but no 'Ayce Zytek 2.0' replacement pods.",0,,,7.99,1,Dovpo Ayce Zytek 2.0 Replacement Pods - 3PK,https://www.vampirevape.co.uk/dovpo-ayce-zytek-2-0-replacement-pods-3pk,,,
vampirevape.co.uk,freemax maxpod replacement pod - 1.0 ohm - 1pk,freemax,pods,not on VOS (reviewed),,"VOS sells Freemax MaxPod 3 (mesh) replacement pods/kit, but not the plain 1.0ohm MaxPod pod - different generation.",0,,,0.99,1,Freemax MaxPod Replacement Pod - 1.0 ohm - 1PK,https://www.vampirevape.co.uk/freemax-maxpod-replacement-pod-1-0-ohm-1pk,,,
vampirevape.co.uk,geek vape aegis boost 2 replacement pod - 1pk,geekvape,pods,not on VOS (reviewed),,VOS has many Geek Vape Aegis pods/kits but no replacement pod specifically for the Aegis Boost 2.,0,,,4.99,1,Geek Vape Aegis Boost 2 Replacement Pod - 1PK,https://www.vampirevape.co.uk/geek-vape-aegis-boost-2-replacement-pod-1pk,,geekvape aegis boost pro 6ml replacement pods,0.3
vampirevape.co.uk,geek vape e100 pods - gold - 2ml - 2pk,geekvape,pods,not on VOS (reviewed),,"VOS has no Geek Vape E100 pods listed, only unrelated E100i/M100/S100 kits.",0,,,4.99,1,Geek Vape E100 Pods - Gold - 2ml - 2PK,https://www.vampirevape.co.uk/geek-vape-e100-pods-gold-2ml-2pk,,,
vampirevape.co.uk,geek vape frenzy replacement pod - 1pk,geekvape,pods,not on VOS (reviewed),,No Geek Vape Frenzy product of any kind appears in VOS's Geek Vape range.,0,,,5.59,1,Geek Vape Frenzy Replacement Pod - 1PK,https://www.vampirevape.co.uk/geek-vape-frenzy-replacement-pod-1pk,,,
vampirevape.co.uk,geek vape obelisk 60 replacement pod - 1pk,geekvape,pods,not on VOS (reviewed),,"VOS sells Obelisk 65 replacement pods, a different model number/generation than the competitor's Obelisk 60.",0,,,6.79,1,Geek Vape Obelisk 60 Replacement Pod - 1PK,https://www.vampirevape.co.uk/geek-vape-obelisk-60-replacement-pod-1pk,,geekvape obelisk 65 replacement pods pack of 1,0.2
vampirevape.co.uk,geek vape s replacement pods - 0.8ohm - 2pk,geekvape,pods,not on VOS (reviewed),,"VOS has no Geek Vape 'S' pod listing, only unrelated Soul pods.",0,,,3.99,1,Geek Vape S Replacement Pods - 0.8ohm - 2PK,https://www.vampirevape.co.uk/geek-vape-s-replacement-pods-0-8ohm-2pk,,,
vampirevape.co.uk,geek vape s replacement pods - 1.2ohm - 2pk,geekvape,pods,not on VOS (reviewed),,"VOS has no Geek Vape 'S' pod listing, only unrelated Soul pods.",0,,,3.99,1,Geek Vape S Replacement Pods - 1.2ohm - 2PK,https://www.vampirevape.co.uk/geek-vape-s-replacement-pods-1-2ohm-2pk,,,
vampirevape.co.uk,innokin foretex replacement pods - 3pk,innokin,pods,not on VOS (reviewed),,No Innokin Foretex product appears anywhere in VOS's Innokin range.,0,,,5.49,1,Innokin Foretex Replacement Pods - 3PK,https://www.vampirevape.co.uk/innokin-foretex-replacement-pods-3pk,,,
vampirevape.co.uk,innokin plexus replacement pods - 2pk,innokin,pods,not on VOS (reviewed),,"No Innokin Plexus replacement pods on VOS; only Scion Plexus coils (a different, coil-only product) and PZPulse pods exist.",0,,,4.99,1,Innokin Plexus Replacement Pods - 2PK,https://www.vampirevape.co.uk/innokin-plexus-replacement-pods-2pk,,,
vampirevape.co.uk,joyetech evio grip replacement pods - 2pk,joyetech,pods,not on VOS (reviewed),,VOS has a Joyetech EVIO Box pod kit but no replacement pods for the EVIO Grip specifically.,0,,,3.49,1,Joyetech EVIO GRIP Replacement Pods - 2PK,https://www.vampirevape.co.uk/joyetech-evio-grip-replacement-pods-2pk,,,
vampirevape.co.uk,lost vape kata replacement pods - 2pk,lost vape,pods,not on VOS (reviewed),,"No Lost Vape Kata product on VOS; lookalikes are unrelated brands (Lost Temple, Lost Mary).",0,,,7.6,1,Lost Vape Kata Replacement Pods - 2PK,https://www.vampirevape.co.uk/lost-vape-kata-replacement-pods-2pk,,,
vampirevape.co.uk,lost vape ub aio replacement pod - 1pk,lost vape,pods,not on VOS (reviewed),,VOS sells 'UB' branded coils (Ultra Boost coil series) but no pod/cartridge specifically for the UB AIO device.,0,,,3.49,1,Lost Vape UB AIO Replacement Pod - 1PK,https://www.vampirevape.co.uk/lost-vape-ub-aio-replacement-pod-1pk,,,
vampirevape.co.uk,oxva origin se replacement pods - 2pk,oxva,pods,not on VOS (reviewed),,"VOS has Origin X pods and Origin 2 kit but no Origin SE replacement pods, a different device variant.",0,,,2.69,1,OXVA Origin SE Replacement Pods - 2PK,https://www.vampirevape.co.uk/oxva-origin-se-replacement-pods-2pk,,oxva origin x replacement xl pods,0.4
vampirevape.co.uk,oxva unione replacement pod - 1pk,oxva,pods,not on VOS (reviewed),,"VOS sells OXVA Unione replacement coils, but not the replacement pod/cartridge itself.",0,,,3.49,1,OXVA UNIONE Replacement Pod - 1PK,https://www.vampirevape.co.uk/oxva-unione-replacement-pod-1pk,,,
vampirevape.co.uk,oxva vprime 2 replacement pods - 2pk,oxva,pods,not on VOS (reviewed),,"VOS sells the VPrime 2 kit and original VPrime replacement pods, but not replacement pods specifically for VPrime 2.",0,,,7.99,1,OXVA VPrime 2 Replacement Pods - 2PK,https://www.vampirevape.co.uk/oxva-vprime-2-replacement-pods-2pk,,oxva vprime replacement pods pack of 2,0.3
vampirevape.co.uk,smok fetch mini replacement pods - 2pk,smok,pods,not on VOS (reviewed),,VOS has Fetch Pro RPM pods but nothing for the Fetch Mini specifically.,0,,,2.49,1,Smok Fetch Mini Replacement Pods - 2PK,https://www.vampirevape.co.uk/smok-fetch-mini-replacement-pods-2pk,,Refill Pods,0.45
vampirevape.co.uk,smok mavic pro rf replacement pods - 3pk,smok,pods,not on VOS (reviewed),,No Smok Mavic Pro RF product appears anywhere in VOS's Smok range.,0,,,5.89,1,Smok Mavic Pro RF Replacement Pods - 3PK,https://www.vampirevape.co.uk/smok-mavic-pro-rf-replacement-pod-3pk,,Refill Pods,0.45
vampirevape.co.uk,smok nord 6 replacement pods - 2pk,smok,pods,not on VOS (reviewed),,VOS sells a Nord 6 vape kit but no Nord 6 replacement pods; existing pods are for Nord 2/4/5/X only.,0,,,3.22,1,Smok Nord 6 Replacement Pods - 2PK,https://www.vampirevape.co.uk/smok-nord-6-replacement-pods-2pk,,Smok Nord Refill Pods,0.3
vampirevape.co.uk,smok novo m replacement pods - 3pk,smok,pods,not on VOS (reviewed),,VOS sells Novo 2/2X/4/5/X replacement pods but nothing for a 'Novo M' model.,0,,,6.99,1,Smok Novo M Replacement Pods - 3PK,https://www.vampirevape.co.uk/smok-novo-m-replacement-pods-3pk,,smok novo x replacement pods pack of 3,0.45
vampirevape.co.uk,smok pozz pro replacement pods - 3pk,smok,pods,not on VOS (reviewed),,No Smok POZZ Pro product appears anywhere in VOS's Smok range.,0,,,2.99,1,Smok POZZ Pro Replacement Pods - 3PK,https://www.vampirevape.co.uk/smok-pozz-pro-replacement-pods-3pk,,Refill Pods,0.45
vampirevape.co.uk,smok rpm c replacement pods - 3pk,smok,pods,not on VOS (reviewed),,"No RPM C pods on VOS; only the RPM C pod kit (device) is listed, not the pods.",0,,,5.99,1,Smok RPM C Replacement Pods - 3PK,https://www.vampirevape.co.uk/smok-rpm-c-replacement-pods-3pk,,smok rpm 2 replacement pods pack of 3,0.3
vampirevape.co.uk,smok solus 2 replacement pods - 3pk,smok,pods,not on VOS (reviewed),,"No Solus 2 replacement pods on VOS; only the Solus pod kit (device) is listed, not pods.",0,,,6.49,1,Smok Solus 2 Replacement Pods - 3PK,https://www.vampirevape.co.uk/smok-solus-2-replacement-pods-3pk,,smok nord 2 replacement pods,0.4
vampirevape.co.uk,uwell caliburn & ironfist l empty replacement pods - 2pk,uwell,pods,not on VOS (reviewed),,No Caliburn & Ironfist L pods on VOS; the listed Caliburn pods are for other specific models.,0,,,2.99,1,Uwell Caliburn & Ironfist L Empty Replacement Pods - 2PK,https://www.vampirevape.co.uk/uwell-caliburn-ironfist-l-empty-replacement-pods-2pk,,uwell caliburn g replacement pods,0.3
vampirevape.co.uk,uwell crown d replacement pods - 2pk,uwell,pods,not on VOS (reviewed),,"VOS has Crown B, Crown M and generic Crown pods but no Crown D pods; lookalike is a Crown D kit not pods.",0,,,4.49,1,Uwell Crown D Replacement Pods - 2PK,https://www.vampirevape.co.uk/uwell-crown-d-replacement-pods-2pk,,uwell crown replacement pods,0.45
vampirevape.co.uk,uwell viscore neo 6k prefilled pods - 2pk,uwell,pods,not on VOS (reviewed),,"VOS sells Viscore 8000 and Viscore Pro+ prefilled pods, not the Viscore Neo 6K version.",15,blue sour blackcurrant; blue sour lemonade; blue sour peach; blueberry sour raspberry; cherry blast; fresh mint; fruit mix; lemon lime; milky strawberry; mr blue; orange bru; pineapple ice; sakura grape; strawberry kiwi; watermelon ice,,4.29,1,Uwell Viscore Neo 6K Prefilled Pods - 2PK,https://www.vampirevape.co.uk/uwell-viscore-neo-6k-prefilled-pods-2pk,,Refill Pods,0.45
vampirevape.co.uk,voopoo doric galaxy replacement pods - 2pk,voopoo,pods,not on VOS (reviewed),,VOS has Doric 60 kit but no Doric Galaxy replacement pods.,0,,resistance: 0.7ohm,4.89,1,VooPoo Doric Galaxy Replacement Pods - 2PK,https://www.vampirevape.co.uk/voopoo-doric-galaxy-replacement-pods-2pk,,,
vampirevape.co.uk,voopoo finic fish pod - 1.6ohm - 4pk,voopoo,pods,not on VOS (reviewed),,No Voopoo Finic Fish pod listed anywhere among VOS Voopoo products.,0,,,3.99,1,Voopoo Finic Fish Pod - 1.6Ohm - 4PK,https://www.vampirevape.co.uk/voopoo-finic-fish-pod-1-6ohm-4pk,,,
vampirevape.co.uk,voopoo vinci s replacement pods - 2pk,voopoo,pods,not on VOS (reviewed),,"VOS has generic Vinci, Vinci 3 and Vinci V2 pods but no Vinci S specific pods; lookalike is the Vinci S kit not pods.",0,,,5.95,1,VooPoo Vinci S Replacement Pods - 2PK,https://www.vampirevape.co.uk/voopoo-vinci-s-replacement-pods-2pk,,voopoo vinci replacement pods pack of 3,0.45
vampirevape.co.uk,wismec r80 cartridge - 1pk,wismec,pods,not on VOS (reviewed),,VOS does not carry the Wismec brand at all.,0,,,3.99,1,Wismec R80 Cartridge - 1PK,https://www.vampirevape.co.uk/wismec-r80-cartridge-1pk,,,
vampirevape.co.uk,Clew Pouches,clew,pouch,not on VOS (reviewed),,VOS does not carry the Clew nicotine pouch brand.,5,blueberry; coffee; cool mint; menthol; watermelon,"strength: 10mg, 15mg, 20mg, 5mg",3.95,5,Clew Nicotine Pouches - Blueberry - 20PK,https://www.vampirevape.co.uk/clew-nicotine-pouches-blueberry-20pk,https://www.vampirevape.co.uk/clew-nicotine-pouches-coffee-20pk https://www.vampirevape.co.uk/clew-nicotine-pouches-cool-mint-20pk https://www.vampirevape.co.uk/clew-nicotine-pouches-menthol-20pk,,
vampirevape.co.uk,clew nicotine pouches - wintergreen - 20pk,clew,pouch,not on VOS (reviewed),,VOS does not carry the Clew nicotine pouch brand.,0,,"strength: 15mg, 20mg, 5mg",3.95,1,Clew Nicotine Pouches - Wintergreen - 20PK,https://www.vampirevape.co.uk/clew-nicotine-pouches-wintergreen-20pk,,,
vampirevape.co.uk,Edge Pouches,edge,pouch,not on VOS (reviewed),,VOS does not carry the Edge nicotine pouch brand.,5,mango; mint; spearmint; strawberry; watermelon,"strength: 12mg, 3mg, 6mg, 9mg",4.95,5,Edge Nicotine Pouches - Mango - 20PK,https://www.vampirevape.co.uk/edge-nicotine-pouches-mango-20pk,https://www.vampirevape.co.uk/edge-nicotine-pouches-mint-20pk https://www.vampirevape.co.uk/edge-nicotine-pouches-spearmint-20pk https://www.vampirevape.co.uk/edge-nicotine-pouches-strawberry-20pk,,
vampirevape.co.uk,Helwit Pouches,helwit,pouch,not on VOS (reviewed),,VOS does not carry the Helwit nicotine pouch brand.,10,banana; blueberry; cherry; cola; menthol; mocha; orange; strawberry; violet; watermelon,"strength: 15mg, 7mg, 9mg",3.95,10,Helwit Nicotine Pouches - Banana - 20PK,https://www.vampirevape.co.uk/helwit-nic-pouch-banana-20pk,https://www.vampirevape.co.uk/helwit-nic-pouch-blueberry-20pk https://www.vampirevape.co.uk/helwit-nic-pouch-cherry-20pk https://www.vampirevape.co.uk/helwit-nic-pouch-cola-20pk,,
vampirevape.co.uk,helwit nicotine pouches - salmiak - 20pk,helwit,pouch,not on VOS (reviewed),,VOS does not carry the Helwit nicotine pouch brand.,0,,strength: 7mg,3.95,1,Helwit Nicotine Pouches - Salmiak - 20PK,https://www.vampirevape.co.uk/helwit-nic-pouch-salmiak-20pk,,,
vampirevape.co.uk,Xqs Pouches,xqs,pouch,not on VOS (reviewed),,VOS does not carry the XQS nicotine pouch brand.,4,arctic freeze; black cherry; citrus cooling; strawberry kiwi,"strength: 11.2mg, 8mg",4.99,4,XQS Nicotine Pouches - Arctic Freeze - 20PK,https://www.vampirevape.co.uk/xqs-nicotine-pouches-arctic-freeze-20pk,https://www.vampirevape.co.uk/xqs-nicotine-pouches-black-cherry-20pk https://www.vampirevape.co.uk/xqs-nicotine-pouches-citrus-cooling-20pk https://www.vampirevape.co.uk/xqs-nicotine-pouches-strawberry-kiwi-20pk,,
vampirevape.co.uk,Xqs Pouches Berrynana,xqs,pouch,not on VOS (reviewed),,VOS does not carry the XQS nicotine pouch brand.,1,twist,strength: 8mg,4.99,1,XQS Nicotine Pouches - Berrynana Twist - 20PK,https://www.vampirevape.co.uk/xqs-nicotine-pouches-berrynana-twist-20pk,,,
vampirevape.co.uk,Double Drip 100Ml Shortfill E-Liquid,double drip,shortfill,not on VOS (reviewed),,"VOS only has Double Drip 50ml shortfill, not the 100ml shortfill size line.",5,blueberry sour raspberry; pineapple ice; strawberry kiwi; strawberry raspberry cherry ice; watermelon,"strength: 0mg, 12mg, 18mg, 3mg, 6mg",14.99,5,Double Drip Blueberry Sour Raspberry 100ml Shortfill E-liquid,https://www.vampirevape.co.uk/double-drip-blueberry-sour-raspberry-100ml-shortfill-e-liquid,https://www.vampirevape.co.uk/double-drip-pineapple-ice-100ml-shortfill-e-liquid https://www.vampirevape.co.uk/double-drip-strawberry-kiwi-100ml-shortfill-e-liquid https://www.vampirevape.co.uk/double-drip-strawberry-raspberry-cherry-ice-100ml-shortfill-e-liquid,,
vampirevape.co.uk,Pocket Fuel 50Ml Shortfill E-Liquid,pocket fuel,shortfill,not on VOS (reviewed),,VOS does not carry the Pocket Fuel brand.,5,black ice; blue raspberry; lemon papaya; menthol mist; raspberry apple,,9.99,5,Pocket Fuel Black Ice 50ml Shortfill E-liquid,https://www.vampirevape.co.uk/pocket-fuel-black-ice-50ml-shortfill-e-liquid,https://www.vampirevape.co.uk/pocket-fuel-blue-raspberry-50ml-shortfill-e-liquid https://www.vampirevape.co.uk/pocket-fuel-lemon-papaya-50ml-shortfill-e-liquid https://www.vampirevape.co.uk/pocket-fuel-menthol-mist-50ml-shortfill-e-liquid,,
vampirevape.co.uk,Pocket Fuel Ultra 50Ml Shortfill E-Liquid,pocket fuel,shortfill,not on VOS (reviewed),,Pocket Fuel is not a brand VOS carries at all.,2,berry; berry ice,,9.99,2,Pocket Fuel Ultra Berry 50ml Shortfill E-liquid,https://www.vampirevape.co.uk/pocket-fuel-ultra-berry-50ml-shortfill-e-liquid,https://www.vampirevape.co.uk/pocket-fuel-ultra-berry-ice-50ml-shortfill-e-liquid,,
vampirevape.co.uk,Bar Salts 100Ml Shortfill E-Liquid,vampire vape,shortfill,not on VOS (reviewed),,"VOS only has Vampire Vape Bar Salts as 10ml nic salt bottles, not this 100ml shortfill format.",10,blue raspberry lemonade; blue sour raspberry; cola; grape; kiwi passion fruit guava; lemon lime; pineapple ice; pink lemonade; strawberry ice; watermelon,"strength: 0mg, 10mg, 12mg, 18mg, 20mg, 3mg, 5mg, 6mg",15.99,10,Bar Salts Blue Razz Lemonade 100ml Shortfill E-liquid,https://www.vampirevape.co.uk/bar-salts-blue-razz-lemonade-100ml-shortfill-e-liquid,https://www.vampirevape.co.uk/bar-salts-blue-sour-raspberry-100ml-shortfill-e-liquid https://www.vampirevape.co.uk/bar-salts-cola-100ml-shortfill-e-liquid https://www.vampirevape.co.uk/bar-salts-grape-100ml-shortfill-e-liquid,,
vampirevape.co.uk,Vampire Vape 50Ml Shortfill E-Liquid,vampire vape,shortfill,not on VOS (reviewed),,VOS's only Vampire Vape shortfills are Koncept XIX and Shortz; this core slush-flavour 50ml range is not among them.,10,blue cocktail; cool blue slush; cool green slush; cool red slush; cool yellow slush; grapefruit sunrise; highland soda; purple fusion; rhubarb ginger; watermelon mojito,"strength: 0mg, 10mg, 12mg, 18mg, 20mg, 3mg, 6mg",11.99,10,Vampire Vape Cool Green Slush 50ml Shortfill E-liquid,https://www.vampirevape.co.uk/vampire-vape-cool-green-slush-50ml-shortfill-e-liquid,https://www.vampirevape.co.uk/vampire-vape-cool-red-slush-50ml-shortfill-e-liquid https://www.vampirevape.co.uk/vampire-vape-cool-blue-slush-50ml-shortfill-e-liquid https://www.vampirevape.co.uk/vampire-vape-cool-yellow-slush-50ml-shortfill-e-liquid,,
vampirevape.co.uk,Vampire Vape 70 30 50Ml Shortfill E-Liquid,vampire vape,shortfill,not on VOS (reviewed),,"The classic Heisenberg-style 70/30 range is not one of VOS's two stocked Vampire Vape shortfill lines (Koncept XIX, Shortz).",20,all day grape; blood sukka; caramel latte; cherry tobacco; cool watermelon; heisenberg; kiwi cooler; mango paradise; passion fruit splash; pineapple dream; pinkman; pistachio milkshake; raspberry ripple ice cream; rum tobacco; simply blackcurrant; smooth tobacco; sweet lemon pie; tropical mango; vanilla cappuccino tobacco; white chocolate hazelnut tobacco,"strength: 0mg, 12mg, 18mg, 3mg, 6mg",11.99,34,Vampire Vape 70/30 Heisenberg 50ml Shortfill E-liquid,https://www.vampirevape.co.uk/vampire-vape-70-30-heisenberg-50ml-shortfill-e-liquid,https://www.vampirevape.co.uk/vampire-vape-70-30-pinkman-50ml-shortfill-e-liquid https://www.vampirevape.co.uk/vampire-vape-70-30-all-day-grape-50ml-shortfill-e-liquid https://www.vampirevape.co.uk/vampire-vape-70-30-smooth-tobacco-50ml-shortfill-e-liquid,,
vampirevape.co.uk,Vampire Vape 70 30 Caramelised 50Ml Shortfill E-Liquid,vampire vape,shortfill,not on VOS (reviewed),,70/30 Caramelised sub-range is not among VOS's Vampire Vape shortfill listings.,1,banana pancake,"strength: 0mg, 12mg, 18mg, 3mg, 6mg",11.99,2,Vampire Vape 70/30 Caramelised Banana Pancake 50ml Shortfill E-liquid,https://www.vampirevape.co.uk/vampire-vape-70-30-caramelised-banana-pancake-50ml-shortfill-e-liquid,https://www.vampirevape.co.uk/vampire-vape-70-30-caramelised-banana-pancake-100ml-shortfill-e-liquid,,
vampirevape.co.uk,Vampire Vape 70 30 Catapult 50Ml Shortfill E-Liquid,vampire vape,shortfill,not on VOS (reviewed),,70/30 Catapult flavour/range is not among VOS's Vampire Vape shortfill listings.,0,,"strength: 0mg, 12mg, 18mg, 3mg, 6mg",11.99,2,Vampire Vape 70/30 Catapult 50ml Shortfill E-liquid,https://www.vampirevape.co.uk/vampire-vape-70-30-catapult-50ml-shortfill-e-liquid,https://www.vampirevape.co.uk/vampire-vape-70-30-catapult-100ml-shortfill-e-liquid,,
vampirevape.co.uk,Vampire Vape 70 30 Purple Craze 50Ml Shortfill E-Liquid,vampire vape,shortfill,not on VOS (reviewed),,70/30 Purple Craze is not among VOS's Vampire Vape shortfill listings.,0,,"strength: 0mg, 12mg, 18mg, 3mg, 6mg",11.99,2,Vampire Vape 70/30 Purple Craze 50ml Shortfill E-liquid,https://www.vampirevape.co.uk/vampire-vape-70-30-purple-craze-50ml-shortfill-e-liquid,https://www.vampirevape.co.uk/vampire-vape-70-30-purple-craze-100ml-shortfill-e-liquid,,
vampirevape.co.uk,Vampire Vape 70 30 Purple Craze Ice 50Ml Shortfill E-Liquid,vampire vape,shortfill,not on VOS (reviewed),,70/30 Purple Craze Ice is not among VOS's Vampire Vape shortfill listings.,0,,"strength: 0mg, 12mg, 18mg, 3mg, 6mg",11.99,2,Vampire Vape 70/30 Purple Craze Ice 50ml Shortfill E-liquid,https://www.vampirevape.co.uk/vampire-vape-70-30-purple-craze-ice-50ml-shortfill-e-liquid,https://www.vampirevape.co.uk/vampire-vape-70-30-purple-craze-ice-100ml-shortfill-e-liquid,,
vampirevape.co.uk,base mix 50vg/50pg 100ml,vampire vape,shortfill,not on VOS (reviewed),,No unflavoured 50VG/50PG base mix product among VOS's Vampire Vape listings.,0,,,3.5,1,Base Mix 50VG/50PG 100ml,https://www.vampirevape.co.uk/base-mix-50vg-50pg-100ml,,,
vampirevape.co.uk,base mix 70vg/30pg 100ml,vampire vape,shortfill,not on VOS (reviewed),,No unflavoured 70VG/30PG base mix product among VOS's Vampire Vape listings.,0,,,3.5,1,Base Mix 70VG/30PG 100ml,https://www.vampirevape.co.uk/base-mix-70vg-30pg-100ml,,,
vampirevape.co.uk,vampire vape sourade 50ml shortfill e-liquid,vampire vape,shortfill,not on VOS (reviewed),,Sourade flavour/range is not among VOS's Vampire Vape shortfill listings.,0,,"strength: 0mg, 12mg, 18mg, 3mg, 6mg",11.99,1,Vampire Vape Sourade 50ml Shortfill E-liquid,https://www.vampirevape.co.uk/vampire-vape-sourade-50ml-shortfill-e-liquid,,,
vampirevape.co.uk,vampire vape strawbizzle 50ml shortfill e-liquid,vampire vape,shortfill,not on VOS (reviewed),,Strawbizzle flavour/range is not among VOS's Vampire Vape shortfill listings.,0,,"strength: 0mg, 12mg, 18mg, 3mg, 6mg",11.99,1,Vampire Vape Strawbizzle 50ml Shortfill E-liquid,https://www.vampirevape.co.uk/vampire-vape-strawbizzle-50ml-shortfill-e-liquid,,,
vampirevape.co.uk,smoant rda - purple,?,tank,not on VOS (reviewed),,Smoant RDA not sold by VOS; lookalikes are unrelated purple-coloured devices/e-liquids.,0,,,6.99,1,Smoant RDA - Purple,https://www.vampirevape.co.uk/smoant-rda-purple,,,
vampirevape.co.uk,smoant rda - stainless steel,?,tank,not on VOS (reviewed),,Smoant RDA not sold by VOS; the only lookalike is unrelated OXVA replacement pods.,0,,,6.99,1,Smoant RDA - Stainless Steel,https://www.vampirevape.co.uk/smoant-rda-stainless-steel,,,
vampirevape.co.uk,e-bossvape blizz rda,e boss vape,tank,not on VOS (reviewed),,E-BossVape brand and RDA type not sold by VOS at all.,0,,,19.99,1,E-BossVape Blizz RDA,https://www.vampirevape.co.uk/e-bossvape-blizz-rda,,,
vampirevape.co.uk,famovape yup rda - black,famovape,tank,not on VOS (reviewed),,Famovape brand not sold by VOS; lookalikes are unrelated black-coloured products.,0,,,9.99,1,Famovape Yup RDA - Black,https://www.vampirevape.co.uk/famovape-yup-rda-black,,,
vampirevape.co.uk,famovape yup rda - blue,famovape,tank,not on VOS (reviewed),,Famovape brand not sold by VOS; lookalikes are unrelated blue-coloured products.,0,,,9.99,1,Famovape Yup RDA - Blue,https://www.vampirevape.co.uk/famovape-yup-rda-blue,,,
vampirevape.co.uk,famovape yup rda - rainbow,famovape,tank,not on VOS (reviewed),,Famovape brand not sold by VOS; lookalikes are unrelated rainbow-coloured products.,0,,,9.99,1,Famovape Yup RDA - Rainbow,https://www.vampirevape.co.uk/famovape-yup-rda-rainbow,,,
vampirevape.co.uk,famovape yup rda - stainless steel,famovape,tank,not on VOS (reviewed),,Famovape brand not sold by VOS.,0,,,9.99,1,Famovape Yup RDA - Stainless Steel,https://www.vampirevape.co.uk/famovape-yup-rda-stainless-steel,,,
vampirevape.co.uk,freemax fireluke 4 tank - silver,freemax,tank,not on VOS (reviewed),,VOS stocks Freemax Fireluke 2 and 3 tanks but not the Fireluke 4 (different generation).,0,,,21.99,1,FreeMax Fireluke 4 Tank - Silver,https://www.vampirevape.co.uk/freemax-fireluke-4-tank-silver,,freemax fireluke 2 tank,0.15
vampirevape.co.uk,freemax fireluke 4 vape tank,freemax,tank,not on VOS (reviewed),,"Same as Fireluke 4 Tank listing - VOS only has Fireluke 2 and 3, not 4.",0,,,18.99,1,FreeMax Fireluke 4 Vape Tank,https://www.vampirevape.co.uk/freemax-fireluke-4-vape-tank,,freemax fireluke 2 tank,0.2
vampirevape.co.uk,Geekvape Talo X Rda,geekvape,tank,not on VOS (reviewed),,"VOS's Geekvape range has no RDA/RBA rebuildable products at all, only tanks, pod kits and mods.",0,,colour: gunmetal,9.99,1,Geek Vape TALO X RDA - Gunmetal,https://www.vampirevape.co.uk/geek-vape-talo-x-rda-gunmetal,,,
vampirevape.co.uk,geek vape boost atomiser - rba,geekvape,tank,not on VOS (reviewed),,No Geekvape RBA/atomiser rebuild product among VOS's Geekvape listings.,0,,,8.49,1,Geek Vape Boost Atomiser - RBA,https://www.vampirevape.co.uk/geek-vape-boost-atomiser-rba,,,
vampirevape.co.uk,geek vape subohm 5 vape tank,geekvape,tank,not on VOS (reviewed),,"No 'Subohm 5' tank among VOS's Geekvape listings (has Z Max, Zeus, Obelisk etc. but not this model).",0,,,21.99,1,Geek Vape Subohm 5 Vape Tank,https://www.vampirevape.co.uk/geek-vape-subohm-5-vape-tank,,,
vampirevape.co.uk,geek vape talo x rda - blue,geekvape,tank,not on VOS (reviewed),,VOS's Geekvape range has no RDA products.,0,,,9.99,1,Geek Vape TALO X RDA - Blue,https://www.vampirevape.co.uk/geek-vape-talo-x-rda-blue,,,
vampirevape.co.uk,geek vape talo x rda - gold,geekvape,tank,not on VOS (reviewed),,VOS's Geekvape range has no RDA products.,0,,,9.99,1,Geek Vape TALO X RDA - Gold,https://www.vampirevape.co.uk/geek-vape-talo-x-rda-gold,,,
vampirevape.co.uk,geek vape talo x rda - rainbow,geekvape,tank,not on VOS (reviewed),,VOS's Geekvape range has no RDA products.,0,,,9.99,1,Geek Vape TALO X RDA - Rainbow,https://www.vampirevape.co.uk/geek-vape-talo-x-rda-rainbow,,,
vampirevape.co.uk,geek vape z fli vape tank,geekvape,tank,not on VOS (reviewed),,"No 'Z Fli' tank among VOS's Geekvape listings (has Z Nano 2, Z Max, Zeus Nano etc. but not this model).",0,,,17.99,1,Geek Vape Z Fli Vape Tank,https://www.vampirevape.co.uk/geek-vape-z-fli-vape-tank,,,
vampirevape.co.uk,geek vape z subohm se vape tank,geekvape,tank,not on VOS (reviewed),,No 'Z Subohm SE' tank among VOS's Geekvape listings (has Z Max sub ohm and Z MTL but not this specific model).,0,,,20.99,1,Geek Vape Z Subohm SE Vape Tank,https://www.vampirevape.co.uk/geek-vape-z-subohm-se-vape-tank,,,
vampirevape.co.uk,horizontech falcon mini vape tank,horizon tech,tank,not on VOS (reviewed),,"VOS has no HorizonTech Falcon Mini tank, only Falcon 2/King/Aquila/Sakerz lines.",0,,,19.99,1,HorizonTech Falcon Mini Vape Tank,https://www.vampirevape.co.uk/horizontech-falcon-mini-vape-tank,,horizontech falcon 2 replacement tank,0.2
vampirevape.co.uk,horizontech falcon mini vape tank artisan edition,horizon tech,tank,not on VOS (reviewed),,No Falcon Mini (Artisan Edition) tank listed among VOS HorizonTech products.,0,,,20.99,1,HorizonTech Falcon Mini Vape Tank Artisan Edition,https://www.vampirevape.co.uk/horizontech-falcon-mini-vape-tank-artisan-edition,,horizontech falcon 2 replacement tank,0.15
vampirevape.co.uk,Ijoy - Rdta 5-S,ijoy,tank,not on VOS (reviewed),,"VOS only sells an iJoy disposable pod kit, no iJoy RDTA 5-S tank.",0,,,26.99,1,IJOY - RDTA 5-S,https://www.vampirevape.co.uk/ijoy-rdta-5-s,,,
vampirevape.co.uk,ijoy katana tank - b-aurora blue,ijoy,tank,not on VOS (reviewed),,No iJoy Katana tank on VOS; only an unrelated iJoy disposable and other-brand lookalike tanks.,0,,,9.99,1,iJoy Katana Tank - B-Aurora Blue,https://www.vampirevape.co.uk/ijoy-katana-tank-b-aurora-blue,,,
vampirevape.co.uk,ijoy katana tank - rc-splendor,ijoy,tank,not on VOS (reviewed),,Same as other Katana Tank colourway; VOS has no iJoy Katana tank.,0,,,9.99,1,iJoy Katana Tank - RC-Splendor,https://www.vampirevape.co.uk/ijoy-katana-tank-rc-splendor,,,
vampirevape.co.uk,innokin axiom m21 tank - silver,innokin,tank,not on VOS (reviewed),,VOS's Innokin tank range has no Axiom M21 tank.,0,,,9.49,1,Innokin Axiom M21 Tank - Silver,https://www.vampirevape.co.uk/innokin-axiom-m21-tank-silver,,,
vampirevape.co.uk,innokin iclear 30s replacement atomiser (pack of 5) - 2.1 ohm,innokin,tank,not on VOS (reviewed),,VOS does not carry Innokin iClear 30S replacement atomisers.,0,,,11.99,1,Innokin iClear 30S Replacement Atomiser (Pack of 5) - 2.1 ohm,https://www.vampirevape.co.uk/innokin-iclear-30s-replacement-atomiser-pack-of-5-2-1-ohm,,,
vampirevape.co.uk,innokin t18 2 vape tank,innokin,tank,not on VOS (reviewed),,"VOS sells the Endura T18II as a full vape kit, not a standalone T18 2 tank; T18E tanks are a different generation.",0,,,8.99,1,Innokin T18 2 Vape Tank,https://www.vampirevape.co.uk/innokin-t18-2-vape-tank,,innokin zenith ii replacement tank,0.2
vampirevape.co.uk,lost vape centaurus sub ohm vape tank,lost vape,tank,not on VOS (reviewed),,"VOS only sells Centaurus as complete N100/N200 kits, not a standalone Centaurus sub ohm tank.",0,,,18.99,1,Lost Vape Centaurus Sub Ohm Vape Tank,https://www.vampirevape.co.uk/lost-vape-centaurus-sub-ohm-vape-tank,,,
vampirevape.co.uk,lost vape ub lite vape tank,lost vape,tank,not on VOS (reviewed),,VOS sells UB Lite replacement coils but no standalone UB Lite tank.,0,,,10.99,1,Lost Vape UB Lite Vape Tank,https://www.vampirevape.co.uk/lost-vape-ub-lite-vape-tank,,,
vampirevape.co.uk,ofrf nexmesh sub ohm tank - black,ofrf,tank,not on VOS (reviewed),,"VOS only sells OFRF NexMesh mesh coil strips, not the NexMesh sub ohm tank itself.",0,,,12.99,1,OFRF NexMesh Sub Ohm Tank - Black,https://www.vampirevape.co.uk/ofrf-nexmesh-sub-ohm-tank-black,,,
vampirevape.co.uk,ofrf nexmesh sub ohm tank - blue,ofrf,tank,not on VOS (reviewed),,"Same as other NexMesh tank colourways; VOS only has the mesh coil strips, not the tank.",0,,,12.99,1,OFRF NexMesh Sub Ohm Tank - Blue,https://www.vampirevape.co.uk/ofrf-nexmesh-sub-ohm-tank-blue,,,
vampirevape.co.uk,ofrf nexmesh sub ohm tank - gold,ofrf,tank,not on VOS (reviewed),,"Same as other NexMesh tank colourways; VOS only has the mesh coil strips, not the tank.",0,,,12.99,1,OFRF NexMesh Sub Ohm Tank - Gold,https://www.vampirevape.co.uk/ofrf-nexmesh-sub-ohm-tank-gold,,,
vampirevape.co.uk,ofrf nexmesh sub ohm tank - rainbow,ofrf,tank,not on VOS (reviewed),,"Same as other NexMesh tank colourways; VOS only has the mesh coil strips, not the tank.",0,,,12.99,1,OFRF NexMesh Sub Ohm Tank - Rainbow,https://www.vampirevape.co.uk/ofrf-nexmesh-sub-ohm-tank-rainbow,,,
vampirevape.co.uk,ofrf nexmesh sub ohm tank - red,ofrf,tank,not on VOS (reviewed),,"Same as other NexMesh tank colourways; VOS only has the mesh coil strips, not the tank.",0,,,13.99,1,OFRF NexMesh Sub Ohm Tank - Red,https://www.vampirevape.co.uk/ofrf-nexmesh-sub-ohm-tank-red,,,
vampirevape.co.uk,ofrf nexmesh sub ohm tank - white,ofrf,tank,not on VOS (reviewed),,"Same as other NexMesh tank colourways; VOS only has the mesh coil strips, not the tank.",0,,,13.99,1,OFRF NexMesh Sub Ohm Tank - White,https://www.vampirevape.co.uk/ofrf-nexmesh-sub-ohm-tank-white,,,
vampirevape.co.uk,Smok Stick N18 Tank,smok,tank,not on VOS (reviewed),,"VOS only sells the Stick N18 as a full vape kit, not the tank on its own.",0,,"colour: matte black, matte blue, matte gold, matte green, matte red",4.49,5,Smok Stick N18 Tank - Matte Red,https://www.vampirevape.co.uk/smok-stick-n18-tank-matte-red,https://www.vampirevape.co.uk/smok-stick-n18-tank-matte-blue https://www.vampirevape.co.uk/smok-stick-n18-tank-matte-green https://www.vampirevape.co.uk/smok-stick-n18-tank-matte-black,smok tfv18 mini sub-ohm tank,0.4
vampirevape.co.uk,Smok Stick R22 Tank,smok,tank,not on VOS (reviewed),,"VOS only sells the Stick R22 as a full vape kit (currently out of stock), not the tank alone.",0,,"colour: matte black, matte blue, matte gold, matte green, matte red",3.49,5,Smok Stick R22 Tank-Matte Blue,https://www.vampirevape.co.uk/smok-stick-r22-tank-matte-blue,https://www.vampirevape.co.uk/smok-stick-r22-tank-matte-gold https://www.vampirevape.co.uk/smok-stick-r22-tank-matte-black https://www.vampirevape.co.uk/smok-stick-r22-tank-matte-red,,
vampirevape.co.uk,smok stick n18 tank - 7 colour,smok,tank,not on VOS (reviewed),,"Same Stick N18 tank issue; VOS only sells the full kit, not the standalone tank.",0,,,4.49,1,Smok Stick N18 Tank - 7 Colour,https://www.vampirevape.co.uk/smok-stick-n18-tank-7-colour,,smok tfv18 mini sub-ohm tank,0.07
vampirevape.co.uk,smok stick n18 tank - stainless steel,smok,tank,not on VOS (reviewed),,"Same Stick N18 tank issue; VOS only sells the full kit, not the standalone tank.",0,,,4.49,1,Smok Stick N18 Tank - Stainless Steel,https://www.vampirevape.co.uk/smok-stick-n18-tank-stainless-steel,,smok tfv18 mini sub-ohm tank,0.4
vampirevape.co.uk,smok stick r22 tank - 7 colour,smok,tank,not on VOS (reviewed),,"Same Stick R22 tank issue; VOS only sells the full kit, not the standalone tank.",0,,,3.49,1,Smok Stick R22 Tank - 7 Colour,https://www.vampirevape.co.uk/smok-stick-r22-tank-7-colour,,,
vampirevape.co.uk,smok stick r22 tank - stainless steel,smok,tank,not on VOS (reviewed),,"Same Stick R22 tank issue; VOS only sells the full kit, not the standalone tank.",0,,,3.49,1,Smok Stick R22 Tank - Stainless Steel,https://www.vampirevape.co.uk/smok-stick-r22-tank-stainless-steel,,,
vampirevape.co.uk,smok t-air subtank - gold,smok,tank,not on VOS (reviewed),,VOS's Smok tank range has no T-Air Subtank.,0,,,12.99,1,Smok T-Air Subtank - Gold,https://www.vampirevape.co.uk/smok-t-air-subtank-gold,,,
vampirevape.co.uk,smok tf-d subtank,smok,tank,not on VOS (reviewed),,VOS sells TF-RPM tank and TF BF-mesh coils but no TF-D Subtank.,0,,,15.99,1,Smok TF-D Subtank,https://www.vampirevape.co.uk/smok-tf-d-subtank,,tf-rpm vape tank by smok,0.2
vampirevape.co.uk,tecc specter vape tank,tecc,tank,not on VOS (reviewed),,VOS sells no TECC brand tanks; only other-brand lookalikes.,0,,,14.49,1,TECC Specter Vape Tank,https://www.vampirevape.co.uk/tecc-specter-vape-tank,,,
vampirevape.co.uk,uwell whirl s vape tank,uwell,tank,not on VOS (reviewed),,"VOS has many Uwell products but no Whirl S tank (only Whirl S coils, Whirl S2 pods, and Whirl coils).",0,,,3.49,1,Uwell Whirl S Vape Tank,https://www.vampirevape.co.uk/uwell-whirl-s-vape-tank,,uwell whirl 2 sub-ohm tank,0.15
vampirevape.co.uk,vandyvape kylin mini rta,vandy vape,tank,not on VOS (reviewed),,"Only Vandy Vape item on VOS is Jackaroo pod coils, not the Kylin Mini RTA tank.",0,,,25.99,1,VandyVape Kylin Mini RTA,https://www.vampirevape.co.uk/vandyvape-kylin-mini-rta,,,
vampirevape.co.uk,vandyvape phobia rda - gold,vandy vape,tank,not on VOS (reviewed),,"Only Vandy Vape item on VOS is Jackaroo pod coils, not the Phobia RDA.",0,,,14.99,1,VandyVape Phobia RDA - Gold,https://www.vampirevape.co.uk/vandyvape-phobia-rda-gold,,,
vampirevape.co.uk,vandyvape phobia rda - rainbow,vandy vape,tank,not on VOS (reviewed),,"Only Vandy Vape item on VOS is Jackaroo pod coils, not the Phobia RDA.",0,,,14.99,1,VandyVape Phobia RDA - Rainbow,https://www.vampirevape.co.uk/vandyvape-phobia-rda-rainbow,,,
vampirevape.co.uk,vandyvape phobia rda - stainless steel,vandy vape,tank,not on VOS (reviewed),,"Only Vandy Vape item on VOS is Jackaroo pod coils, not the Phobia RDA.",0,,,14.99,1,VandyVape Phobia RDA - Stainless Steel,https://www.vampirevape.co.uk/vandyvape-phobia-rda-stainless-steel,,,
vampirevape.co.uk,vaporesso itank 2 protector - green,vaporesso,tank,not on VOS (reviewed),,VOS sells the iTank and iTank 2 tanks but no separate iTank 2 Protector accessory.,0,,,0.99,1,Vaporesso iTank 2 Protector - Green,https://www.vampirevape.co.uk/vaporesso-itank-2-protector-green,,vaporesso itank sub ohm tank,0.1
vampirevape.co.uk,vaporesso itank 2 protector - yellow,vaporesso,tank,not on VOS (reviewed),,VOS sells the iTank and iTank 2 tanks but no separate iTank 2 Protector accessory.,0,,,0.99,1,Vaporesso iTank 2 Protector - Yellow,https://www.vampirevape.co.uk/vaporesso-itank-2-protector-yellow,,vaporesso itank sub ohm tank,0.1
vampirevape.co.uk,vaporesso itank t,vaporesso,tank,not on VOS (reviewed),,"VOS has iTank and iTank 2, but no iTank T (a different generation).",0,,,19.99,1,Vaporesso iTank T,https://www.vampirevape.co.uk/vaporesso-itank-t,,vaporesso itank sub ohm tank,0.2
vampirevape.co.uk,vaporesso itank t dual mesh,vaporesso,tank,not on VOS (reviewed),,No iTank T Dual Mesh (or any iTank T) product on VOS.,0,,,18.99,1,Vaporesso iTank T Dual Mesh,https://www.vampirevape.co.uk/vaporesso-itank-t-dual-mesh,,vaporesso itank sub ohm tank,0.15
vampirevape.co.uk,vaporesso xtank t vape tank,vaporesso,tank,not on VOS (reviewed),,"VOS's only X Tank item is a replacement pod, not the XTank T tank itself, and T is a different generation.",0,,,12.99,1,Vaporesso XTank T Vape Tank,https://www.vampirevape.co.uk/vaporesso-xtank-t-vape-tank,,,
vampirevape.co.uk,vgod pro drip rda,vgod,tank,not on VOS (reviewed),,VOS does not carry the VGOD brand.,0,,,44.99,1,VGOD Pro Drip RDA ,https://www.vampirevape.co.uk/vgod-pro-drip-rda,,,
vampirevape.co.uk,Voopoo Pnp X Pod Tank Mtl,voopoo,tank,not on VOS (reviewed),,VOS sells PnP-X replacement pods/coils but not the PnP X Pod Tank device itself.,0,,colour: gray,5.49,1,VooPoo PnP X Pod Tank (MTL) - Gray,https://www.vampirevape.co.uk/voopoo-pnp-x-pod-tank-mtl-gray,,,
vampirevape.co.uk,voopoo pnp x pod tank (mtl) - silver,voopoo,tank,not on VOS (reviewed),,VOS sells PnP-X replacement pods/coils but not the PnP X Pod Tank device itself.,0,,,5.49,1,VooPoo PnP X Pod Tank (MTL) - Silver,https://www.vampirevape.co.uk/voopoo-pnp-x-pod-tank-mtl-silver,,,
vampirevape.co.uk,voopoo pnp x pod vape tank (dtl),voopoo,tank,not on VOS (reviewed),,VOS sells PnP-X replacement pods/coils but not the PnP X Pod Vape Tank device itself.,0,,,7.99,1,VooPoo PnP X Pod Vape Tank (DTL),https://www.vampirevape.co.uk/voopoo-pnp-x-pod-vape-tank-dtl,,,
vampirevape.co.uk,voopoo pnp-x pod tank - blue,voopoo,tank,not on VOS (reviewed),,VOS sells PnP-X replacement pods/coils but not the PnP-X Pod Tank device itself.,0,,,5.49,1,VooPoo PnP-X Pod Tank - Blue,https://www.vampirevape.co.uk/voopoo-pnp-x-pod-tank-blue,,,
vampirevape.co.uk,voopoo uforce-x nano vape tank,voopoo,tank,not on VOS (reviewed),,"VOS has Uforce N1 coils and Drag Nano 2 kit/pods, but no Uforce-X Nano tank.",0,,,13.99,1,VooPoo Uforce-X Nano Vape Tank,https://www.vampirevape.co.uk/voopoo-uforce-x-nano-vape-tank,,,
vampirevape.co.uk,voopoo uforce-x vape tank,voopoo,tank,not on VOS (reviewed),,"VOS has Uforce N1 coils and Drag X2 kit, but no Uforce-X tank.",0,,,16.99,1,VooPoo Uforce-X Vape Tank,https://www.vampirevape.co.uk/voopoo-uforce-x-vape-tank,,,
vampirevape.co.uk,vpdam gokon bf rda,vpdam,tank,not on VOS (reviewed),,VOS does not carry the Vpdam brand.,0,,,18.99,1,Vpdam GoKon BF RDA,https://www.vampirevape.co.uk/vpdam-gokon-bf-rda,,,
vampirevape.co.uk,wismec reux mini vape tank,wismec,tank,not on VOS (reviewed),,VOS does not carry the Wismec brand.,0,,,13.99,1,Wismec Reux Mini Vape Tank,https://www.vampirevape.co.uk/wismec-reux-mini-vape-tank,,,
vampirevape.co.uk,double drip coil sauce fizzy cherry cola bottles 10ml e-liquid,double drip,coil,"unsure - possible VOS match, check",https://vapeonlinestore.co.uk/products/double-drip-50-50-e-liquid-10ml,VOS has a Double Drip 10ml e-liquid line labelled '50/50 nic salt' which may or may not be the same as this 10ml freebase bottle line.,0,,"strength: 3mg, 6mg",3.99,1,Double Drip Coil Sauce Fizzy Cherry Cola Bottles 10ml E-liquid,https://www.vampirevape.co.uk/double-drip-coil-sauce-fizzy-cherry-cola-bottles-10ml-e-liquid,,,
vampirevape.co.uk,lost vape ultra boost coil - m3 0.15ohm - 5pk,lost vape,coil,"unsure - possible VOS match, check",,Competitor lists a plain 'Ultra Boost' coil (no version suffix); VOS has Ultra Boost V2 and Pro but it's unclear if these are the same generation.,0,,,4.99,1,Lost Vape Ultra Boost Coil - M3 0.15ohm - 5PK,https://www.vampirevape.co.uk/lost-vape-ultra-boost-coil-m3-0-15ohm-5pk,,Lost Vape Ultra Boost V2 Coils Replacement,0.24
vampirevape.co.uk,lost vape ultra boost coil - mtl 1.0ohm - 5pk,lost vape,coil,"unsure - possible VOS match, check",,Same ambiguity as the M3 variant - plain 'Ultra Boost' MTL coil vs VOS's V2/Pro coil lines.,0,,,4.99,1,Lost Vape Ultra Boost Coil - MTL 1.0ohm - 5PK,https://www.vampirevape.co.uk/lost-vape-ultra-boost-coil-mtl-1-0ohm-5pk,,lost vape ultra boost pro coils pack of 3,0.51
vampirevape.co.uk,vaporesso gti coils - 5pk,vaporesso,coil,"unsure - possible VOS match, check",,"VOS lists many Vaporesso coil lines (GT, GTM, GTR, GTX, Luxe etc.) but no coil explicitly named 'GTi', so can't confirm a match.",0,,,7.49,1,Vaporesso GTi Coils - 5PK,https://www.vampirevape.co.uk/vaporesso-gti-coils-5pk,,,
vampirevape.co.uk,avomi cliq mini bundle,avomi,other,"unsure - possible VOS match, check",,Unclear whether 'Cliq Mini' is the same device as VOS's Avomi Cliq 6000 or a distinct smaller model.,0,,,15.99,1,Avomi Cliq Mini Bundle ,https://www.vampirevape.co.uk/cliq-mini-bundle,,,
vampirevape.co.uk,vampire 10k bundle,vampire vape,other,"unsure - possible VOS match, check",https://vapeonlinestore.co.uk/products/vampire-vape-10k,"VOS sells the Vampire Vape 10K kit and pods individually, but it's unclear if this promotional 'bundle' SKU (device+extras) matches any single VOS listing.",0,,,15.99,1,Vampire 10K Bundle,https://www.vampirevape.co.uk/vampire-10k-bundle,,,
vampirevape.co.uk,avomi fliq prefilled pods - 20mg - 2pk,avomi,pods,"unsure - possible VOS match, check",https://vapeonlinestore.co.uk/products/avomi-cliq-prefilled-pods,"VOS sells Avomi Cliq prefilled pods, but this competitor line is named 'FLIQ' - unclear if same device renamed or a genuinely different Avomi model.",19,banana sorbet; blue raspberry lemonade; blueberry fusion; blueberry sour raspberry; cherry ice; citrus fusion; cuban tobacco; fizzy cherry; lemon lime; lemon lime cola; lemon tangerine ice; menthol; menthol tobacco; red apple ice; soft mint; strawberry ice; strawberry raspberry cherry ice; tropical punch; watermelon ice,,4.95,1,Avomi FLIQ Prefilled Pods - 20mg - 2PK,https://www.vampirevape.co.uk/avomi-fliq-prefilled-pods-20mg-2pk,,,
vampirevape.co.uk,voopoo vmate v2 replacement pods - 2pk,voopoo,pods,"unsure - possible VOS match, check",https://vapeonlinestore.co.uk/products/voopoo-vthru-pods-pack-of-2,VOS has generic Vthru/Vmate pods but it's unclear if these fit the newer Vmate V2 specifically.,0,,,4.89,1,VooPoo Vmate V2 Replacement Pods - 2PK,https://www.vampirevape.co.uk/voopoo-vmate-v2-replacement-pods-2pk,,voopoo vinci v2 refillable pods pack of 3,0.4
vampirevape.co.uk,Vampire Vape Koncept 70 30 50Ml,vampire vape,shortfill,"unsure - possible VOS match, check",https://vapeonlinestore.co.uk/products/vampire-vape-koncept-xix-shortfill-50ml-e-liquid,VOS's 'Koncept XIX' shortfill shares the Koncept range name but it's unclear if it's the same 70/30 line/flavour set as this competitor listing.,1,mango paradise,,11.99,1,Vampire Vape Koncept 70/30 - Mango Paradise - 50ml,https://www.vampirevape.co.uk/vampire-vape-koncept-70-30-mango-paradise-50ml,,vampire vape koncept xix shortfill 50ml e-liquid,0.15
vampirevape.co.uk,horizontech sakerz tank - stainless steel,horizon tech,tank,"unsure - possible VOS match, check",https://vapeonlinestore.co.uk/products/sakerz-master-tank-by-horizontech,Unclear if VOS's 'Sakerz Master Tank' is the same tank or a separate upgraded version from this 'Sakerz Tank'.,0,,,20.99,1,Horizontech Sakerz Tank - Stainless Steel,https://www.vampirevape.co.uk/horizontech-sakerz-tank-stainless-steel,,sakerz master tank by horizontech,0.35
vampirevape.co.uk,innokin zenith m vape tank,innokin,tank,"unsure - possible VOS match, check",https://vapeonlinestore.co.uk/products/innokin-zenith-minimal-tank,Unclear whether 'Zenith M' refers to the VOS-listed Zenith Minimal tank or a different Zenith variant.,0,,,15.99,1,Innokin Zenith M Vape Tank,https://www.vampirevape.co.uk/innokin-zenith-m-vape-tank,,innokin zenith ii replacement tank,0.3
