competitor,competitor_product,vos_product,vos_url,score,confidence,competitor_url
vampirevape.co.uk,smok tfv12 coils v12-t6,tfv12 coils - 3 pack by smok,https://vapeonlinestore.co.uk/products/tfv12-coils-3-pack-by-smok,1.0,reviewed,https://www.vampirevape.co.uk/smok-tfv12-coils-v12-t6
vampirevape.co.uk,freemax maxpod replacement coils - 1.5 ohm,freemax maxpod ns mesh replacement coils uk,https://vapeonlinestore.co.uk/products/maxpod-ns-mesh-replacement-coils-by-freemax,1.0,reviewed,https://www.vampirevape.co.uk/freemax-maxpod-replacement-coils-1-5-ohm
vampirevape.co.uk,smok tfv12 coils v12-t8,tfv12 coils - 3 pack by smok,https://vapeonlinestore.co.uk/products/tfv12-coils-3-pack-by-smok,1.0,reviewed,https://www.vampirevape.co.uk/smok-tfv12-coils-v12-t8
vampirevape.co.uk,aspire pockex aio - blue,aspire aio pockex pen kit,https://vapeonlinestore.co.uk/products/aio-pockex-aspire-pen-kit,1.0,reviewed,https://www.vampirevape.co.uk/aspire-pockex-aio-blue
vampirevape.co.uk,horizontech falcon coils (3 pack)-m triple ohm,Horizontech Falcon Coils,https://vapeonlinestore.co.uk/products/falcon-coils-3-pack-by-horizontech,1.0,reviewed,https://www.vampirevape.co.uk/horizontech-falcon-coils-3-pack-m-triple-0-15-ohm
vampirevape.co.uk,aspire avp replacement pods - 2pk,aspire avp replacement pods,https://vapeonlinestore.co.uk/products/aspire-avp-replacement-pods,1.0,high,https://www.vampirevape.co.uk/aspire-avp-pods-pack-of-2
vampirevape.co.uk,Smok Infinix Kit,smok infinix pod kit,https://vapeonlinestore.co.uk/products/smok-infinix-pod-kit,1.0,high,https://www.vampirevape.co.uk/smok-infinix-kit-gunmetal
vampirevape.co.uk,Freemax Fireluke 2 Tank,freemax fireluke 2 tank,https://vapeonlinestore.co.uk/products/freemax-fireluke-2-tank,1.0,high,https://www.vampirevape.co.uk/freemax-fireluke-2-tank-metal-green
vampirevape.co.uk,Freemax Fireluke 3 Tank,Freemax - Fireluke 3 - Tank,https://vapeonlinestore.co.uk/products/freemax-fireluke-3-tank,1.0,high,https://www.vampirevape.co.uk/freemax-fireluke-3-tank-resin-black
vampirevape.co.uk,horizontech falcon 2 replacement glass - 2ml,Horizontech Falcon 2 Eu,https://vapeonlinestore.co.uk/products/horizontech-falcon-2-eu-glass,1.0,reviewed,https://www.vampirevape.co.uk/horizontech-falcon-2-replacement-glass-2ml
vampirevape.co.uk,smok tfv16 lite tank-stainless steel,smok tfv16 lite 2ml vape tank sub-ohm vaping,https://vapeonlinestore.co.uk/products/tfv16-lite-sub-ohm-tank-by-smok,1.0,reviewed,https://www.vampirevape.co.uk/smok-tfv16-lite-tank-stainless-steel
vampirevape.co.uk,Pod Kit Red,horizontech magico nic salt stick kit,https://vapeonlinestore.co.uk/products/horizontech-magico-nic-salt-stick-kit,1.0,reviewed,https://www.vampirevape.co.uk/magico-pod-kit-red
vampirevape.co.uk,Freebase Vape Juice 10Ml Vampire Vape,Vampire Vape 10Ml E-Liquid,https://vapeonlinestore.co.uk/products/pack-of-10-vampire-vape-10ml-e-liquid,1.0,high,https://www.vampirevape.co.uk/vampire-vape-dawn-10ml-e-liquid
vampirevape.co.uk,Nic Salt Vape Juice 10Ml Vampire Vape,Vampire Vape 10Ml E-Liquid,https://vapeonlinestore.co.uk/products/pack-of-10-vampire-vape-10ml-e-liquid,1.0,high,https://www.vampirevape.co.uk/vampire-vape-nic-salt-pinkman-10ml-e-liquid
vampirevape.co.uk,Vampire Vape 70 30 10Ml E-Liquid,Vampire Vape 10Ml E-Liquid,https://vapeonlinestore.co.uk/products/pack-of-10-vampire-vape-10ml-e-liquid,1.0,reviewed,https://www.vampirevape.co.uk/vampire-vape-heisenberg-70-30-10ml-e-liquid
vampirevape.co.uk,1961 Freebase Vape Juice 10Ml Vampire Vape,Vampire Vape 10Ml E-Liquid,https://vapeonlinestore.co.uk/products/pack-of-10-vampire-vape-10ml-e-liquid,1.0,reviewed,https://www.vampirevape.co.uk/vampire-vape-tobacco-1961-10ml-e-liquid
vampirevape.co.uk,eleaf istick 10w,eleaf mini istick 10w box mod,https://vapeonlinestore.co.uk/products/eleaf-mini-istick-10w-mod,1.0,reviewed,https://www.vampirevape.co.uk/eleaf-istick-10w
vampirevape.co.uk,eleaf istick 20w,eleaf istick 20w mod,https://vapeonlinestore.co.uk/products/eleaf-istick-20w-mod,1.0,reviewed,https://www.vampirevape.co.uk/eleaf-istick-20w
vampirevape.co.uk,innokin endura t22e vape kit,Innokin Endura T22E Vape Kit,https://vapeonlinestore.co.uk/products/innokin-endura-t22e-vape-kit,1.0,high,https://www.vampirevape.co.uk/innokin-endura-t22e-vape-kit
vampirevape.co.uk,aspire k3 vape tank,aspire k3 tank replacement,https://vapeonlinestore.co.uk/products/aspire-k3-tank,1.0,high,https://www.vampirevape.co.uk/aspire-k3-vape-tank
vampirevape.co.uk,smok p - baby t12 light coils - 5pk,smok v8 baby t12 replacement vape coils,https://vapeonlinestore.co.uk/products/tfv8-t12-baby-coils-by-smok,1.0,reviewed,https://www.vampirevape.co.uk/smok-p-baby-t12-light-coils-5pk
vampirevape.co.uk,innokin prism t20s vape tank,innokin prism t20s replacement vape tank,https://vapeonlinestore.co.uk/products/innokin-prism-t20s-tank,1.0,high,https://www.vampirevape.co.uk/innokin-prism-t20s-vape-tank
vampirevape.co.uk,innokin ez watt vape kit,innokin ez.watt vape starter kit,https://vapeonlinestore.co.uk/products/innokin-ez-watt-kit,1.0,high,https://www.vampirevape.co.uk/innokin-ez-watt-vape-kit
vampirevape.co.uk,innokin zlide vape tank,innokin zlide replacement tank,https://vapeonlinestore.co.uk/products/zlide-vape-tank-by-innokin,1.0,high,https://www.vampirevape.co.uk/innokin-zlide-vape-tank
vampirevape.co.uk,innokin adept zlide vape kit,innokin zlide adept vape kit,https://vapeonlinestore.co.uk/products/zlide-adept-vape-kit,1.0,high,https://www.vampirevape.co.uk/innokin-adept-zlide-vape-kit
vampirevape.co.uk,horizontech falcon 2 vape tank,horizontech falcon 2 replacement tank,https://vapeonlinestore.co.uk/products/falcon-2-vape-tank-by-horizontech,1.0,high,https://www.vampirevape.co.uk/horizontech-falcon-2-vape-tank
vampirevape.co.uk,geek vape zeus sub ohm vape tank,geekvape zeus sub ohm replacement tank,https://vapeonlinestore.co.uk/products/zeus-sub-ohm-vape-tank-by-geek-vape,1.0,high,https://www.vampirevape.co.uk/geek-vape-zeus-sub-ohm-vape-tank
vampirevape.co.uk,innokin go s vape tank,innokin go-s disposable tank,https://vapeonlinestore.co.uk/products/go-s-disposable-tank-by-innokin,1.0,high,https://www.vampirevape.co.uk/innokin-go-s-vape-tank
vampirevape.co.uk,smok vape pen v2 vape pen kit,smok vape pen v2 kit,https://vapeonlinestore.co.uk/products/smok-vape-pen-v2,1.0,high,https://www.vampirevape.co.uk/smok-vape-pen-v2-vape-pen-kit
vampirevape.co.uk,smok nord 4 vape pod kit,smok nord 4 pod kit,https://vapeonlinestore.co.uk/products/smok-nord-4-pod-kit,1.0,high,https://www.vampirevape.co.uk/smok-nord-4-vape-pod-kit
vampirevape.co.uk,aspire pockex coils - 5pk,Aspire Pockex Coils,https://vapeonlinestore.co.uk/products/aspire-pockex-coils-5-pack,1.0,high,https://www.vampirevape.co.uk/aspire-pockex-coils-5pk
vampirevape.co.uk,smok nord coils - 5pk,smok nord replacement coils pack of 5,https://vapeonlinestore.co.uk/products/smok-nord-coils,1.0,high,https://www.vampirevape.co.uk/smok-nord-coils-5pk
vampirevape.co.uk,horizontech falcon coils - 3pk,Horizontech Falcon Coils,https://vapeonlinestore.co.uk/products/falcon-coils-3-pack-by-horizontech,1.0,high,https://www.vampirevape.co.uk/horizontech-falcon-coils-3pk
vampirevape.co.uk,Voopoo Pnp Coils,Voopoo Pnp Coils,https://vapeonlinestore.co.uk/products/voopoo-pnp-replacement-coils,1.0,high,https://www.vampirevape.co.uk/voopoo-pnp-coils-5pk
vampirevape.co.uk,smok rpm coils - 5pk,smok rpm replacement coils pack of 5,https://vapeonlinestore.co.uk/products/smok-rpm-replacement-coils,1.0,high,https://www.vampirevape.co.uk/smok-rpm-coils-5pk
vampirevape.co.uk,smok nord 2 replacement pods - 3pk,smok nord 2 replacement pods,https://vapeonlinestore.co.uk/products/smok-nord-2-replacement,1.0,high,https://www.vampirevape.co.uk/smok-nord-2-replacement-pods-3pk
vampirevape.co.uk,horizontech falcon 2 coils - 3pk,horizontech falcon 2 replacement coils pack of 3,https://vapeonlinestore.co.uk/products/falcon-2-tank-replacement-coils-by-horizontech,1.0,high,https://www.vampirevape.co.uk/horizontech-falcon-2-coils-3pk
vampirevape.co.uk,aspire nautilus coils - 5pk,Aspire Nautilus X Coils Of Each,https://vapeonlinestore.co.uk/products/nautilus-x-coils-5-pack-by-aspire,1.0,high,https://www.vampirevape.co.uk/aspire-nautilus-coils-5pk
vampirevape.co.uk,innokin isub coils - 5pk,innokin isub tank replacement coils,https://vapeonlinestore.co.uk/products/innokin-isub-coils-pack-of-5,1.0,high,https://www.vampirevape.co.uk/innokin-isub-coils-5pk
vampirevape.co.uk,aspire nautilus x u-tech coils - 5pk,Aspire Nautilus X Coils Of Each,https://vapeonlinestore.co.uk/products/nautilus-x-coils-5-pack-by-aspire,1.0,reviewed,https://www.vampirevape.co.uk/aspire-nautilus-x-u-tech-coils-5pk
vampirevape.co.uk,smok vape pen 22 coils - 5pk,smok vape pen 22 coils,https://vapeonlinestore.co.uk/products/smok-vape-pen-22-coils-pack-of-5,1.0,high,https://www.vampirevape.co.uk/smok-vape-pen-22-coils-5pk
vampirevape.co.uk,vaporesso gt core coils - 3pk,vaporesso gt core coils [pack of 3],https://vapeonlinestore.co.uk/products/vaporesso-gt-coils-pack-of-3,1.0,high,https://www.vampirevape.co.uk/vaporesso-gt-core-coils-3pk
vampirevape.co.uk,aspire breeze and breeze 2 coils - 5pk,aspire breeze/breeze 2 replacement coils pack of 5,https://vapeonlinestore.co.uk/products/breeze-breeze-2-coils-5-pack-by-aspire,1.0,high,https://www.vampirevape.co.uk/aspire-breeze-and-breeze-2-coils-5pk
vampirevape.co.uk,innokin jem coils - 5pk,innokin jem replacement vape coils pack of 5,https://vapeonlinestore.co.uk/products/innokin-jem-coils-pack-of-5,1.0,high,https://www.vampirevape.co.uk/innokin-jem-coils-5pk
vampirevape.co.uk,joyetech exceed edge replacement pods - 5pk,exceed edge tank cartridges - 5 pack by joyetech,https://vapeonlinestore.co.uk/products/exceed-edge-tank-cartridges-5-pack-by-joyetech,1.0,reviewed,https://www.vampirevape.co.uk/joyetech-exceed-edge-replacement-pods-5pk
vampirevape.co.uk,smok tfv-mini v2 coils - 3pk,smok tfv-mini v2 replacement coils [pack of 3],https://vapeonlinestore.co.uk/products/smok-mini-v2-coils-pack-of-3,1.0,high,https://www.vampirevape.co.uk/smok-tfv-mini-v2-coils-3pk
vampirevape.co.uk,Smok Novo Refill Pods,smok novo x replacement pods pack of 3,https://vapeonlinestore.co.uk/products/smok-novo-x-replacement-pods,1.0,high,https://www.vampirevape.co.uk/smok-novo-replacement-pods-3pk
vampirevape.co.uk,smok rpm 2 coils - 5pk,smok rpm 2 replacement coils pack of 5,https://vapeonlinestore.co.uk/products/smok-rpm-2-coils,1.0,high,https://www.vampirevape.co.uk/smok-rpm-2-coils-5pk
vampirevape.co.uk,aspire bp60 coils - 5pk,aspire bp replacement coils pack of 5,https://vapeonlinestore.co.uk/products/bp-replacement-coils-by-aspire,1.0,reviewed,https://www.vampirevape.co.uk/aspire-bp60-coils-5pk
vampirevape.co.uk,geek vape b series coils - 5pk,geekvape b series coil [pack of 5],https://vapeonlinestore.co.uk/products/geekvape-b-series-coils-pack-of-5,1.0,high,https://www.vampirevape.co.uk/geek-vape-b-series-coils-5pk
vampirevape.co.uk,aspire odan coils - 3pk,aspire odan replacement coils: the flavor-chaser's secret weapon,https://vapeonlinestore.co.uk/products/odan-replacement-coils-by-aspire,1.0,reviewed,https://www.vampirevape.co.uk/aspire-odan-coils-3pk
vampirevape.co.uk,uwell valyrian 2 coils - 2pk,uwell valyrian 2 replacement coils [pack of 2],https://vapeonlinestore.co.uk/products/uwell-valyrian-2-coils-pack-of-2,1.0,high,https://www.vampirevape.co.uk/uwell-valyrian-2-coils-2pk
vampirevape.co.uk,freemax fireluke 2 coils - 5pk,freemax fireluke 2 replacement coils,https://vapeonlinestore.co.uk/products/freemax-fireluke-2-coils,1.0,high,https://www.vampirevape.co.uk/freemax-fireluke-2-coils-5pk
vampirevape.co.uk,oxva origin x 510 adapter,oxva origin x 510 adaptor,https://vapeonlinestore.co.uk/products/oxva-origin-x-510-adaptor,1.0,reviewed,https://www.vampirevape.co.uk/oxva-origin-x-510-adapter
vampirevape.co.uk,smok ipx 80 vape pod kit,smok ipx 80 pod kit,https://vapeonlinestore.co.uk/products/smok-ipx-80-pod-kit,1.0,high,https://www.vampirevape.co.uk/smok-ipx-80-vape-pod-kit
vampirevape.co.uk,vaporesso gtx coils - 5pk,vaporesso gtx coils pack of 5,https://vapeonlinestore.co.uk/products/vaporesso-gtx-coils-pack-of-5,1.0,high,https://www.vampirevape.co.uk/vaporesso-gtx-coils-5pk
vampirevape.co.uk,Voopoo Pnp Refill Pods,Voopoo Pnp X Refill Pods,https://vapeonlinestore.co.uk/products/pnp-x-replacement-pod-by-voopoo,1.0,high,https://www.vampirevape.co.uk/voopoo-pnp-replacement-pods-2pk
vampirevape.co.uk,voopoo tpp pod - silver - 2pk,Tpp X Pod Tank By Voopoo,https://vapeonlinestore.co.uk/products/tpp-x-pod-tank-by-voopoo,1.0,reviewed,https://www.vampirevape.co.uk/voopoo-tpp-pod-silver-2pk
vampirevape.co.uk,Voopoo Tpp Pod,Tpp X Pod Tank By Voopoo,https://vapeonlinestore.co.uk/products/tpp-x-pod-tank-by-voopoo,1.0,reviewed,https://www.vampirevape.co.uk/voopoo-tpp-pod-gunmetal-2pk
vampirevape.co.uk,voopoo tpp coils - 3pk,tpp replacement coils by voopoo,https://vapeonlinestore.co.uk/products/tpp-replacement-coils-by-voopoo,1.0,high,https://www.vampirevape.co.uk/voopoo-tpp-coils-3pk
vampirevape.co.uk,smok ipx 80 replacement pods - 3pk,smok ipx 80 rpm 2 replacement pods,https://vapeonlinestore.co.uk/products/smok-ipx-80-rpm-2-replacement-pods,1.0,reviewed,https://www.vampirevape.co.uk/smok-ipx-80-replacement-pods-3pk
vampirevape.co.uk,vaporesso luxe q replacement pods - 4pk,vaporesso luxe q mesh 2ml replacement pod,https://vapeonlinestore.co.uk/products/luxe-q-replacement-pods-by-vaporesso,1.0,high,https://www.vampirevape.co.uk/vaporesso-luxe-q-replacement-pods-4pk
vampirevape.co.uk,smok novo 4 replacement pods - 3pk,smok novo 4 empty replacement pods pack of 3,https://vapeonlinestore.co.uk/products/smok-novo-4-replacement-pods,1.0,high,https://www.vampirevape.co.uk/smok-novo-4-replacement-pods-3pk
vampirevape.co.uk,smok lp1 coils - 5pk,smok lp1 replacement coils pack of 5,https://vapeonlinestore.co.uk/products/lp1-replacement-coils-by-smok,1.0,high,https://www.vampirevape.co.uk/smok-lp1-coils-5pk
vampirevape.co.uk,smok novo 2 replacement pods - 3pk,Smok Novo 2 Refill Pods,https://vapeonlinestore.co.uk/products/novo-2-replacement-pods-by-smok,1.0,high,https://www.vampirevape.co.uk/smok-novo-2-replacement-pods-3pk
vampirevape.co.uk,geek vape aegis legend 2 l200 vape kit,geek vape aegis legend 2 vape kit,https://vapeonlinestore.co.uk/products/geek-vape-aegis-legend-2-vape-kit,1.0,reviewed,https://www.vampirevape.co.uk/geek-vape-aegis-legend-2-l200-vape-kit
vampirevape.co.uk,aspire nautilus 3 vape tank,aspire nautilus 3 replacement tank,https://vapeonlinestore.co.uk/products/nautilus-3-vape-tank-by-aspire,1.0,high,https://www.vampirevape.co.uk/aspire-nautilus-3-vape-tank
vampirevape.co.uk,aspire zelos 3 vape kit,aspire zelos 3 vape kit,https://vapeonlinestore.co.uk/products/zelos-3-aspire-vape-kit,1.0,high,https://www.vampirevape.co.uk/aspire-zelos-3-vape-kit
vampirevape.co.uk,aspire zelos 3 mod,aspire zelos 3 vape kit,https://vapeonlinestore.co.uk/products/zelos-3-aspire-vape-kit,1.0,high,https://www.vampirevape.co.uk/aspire-zelos-3-mod
vampirevape.co.uk,double drip coil sauce cherry cream soda 50ml shortfill e-liquid,double drip shortfill 50ml e -liquid,https://vapeonlinestore.co.uk/products/double-drip-shortfill-50ml-e-liquid,1.0,reviewed,https://www.vampirevape.co.uk/double-drip-coil-sauce-cherry-cream-soda-50ml-shortfill-e-liquid
vampirevape.co.uk,Double Drip Coils Sauce Crystal Mist 50Ml Shortfill E-Liquid,double drip shortfill 50ml e -liquid,https://vapeonlinestore.co.uk/products/double-drip-shortfill-50ml-e-liquid,1.0,reviewed,https://www.vampirevape.co.uk/double-drip-coil-sauce-crystal-mist-50ml-shortfill-e-liquid
vampirevape.co.uk,double drip coil sauce fizzy cherry cola 50ml shortfill e-liquid,double drip shortfill 50ml e -liquid,https://vapeonlinestore.co.uk/products/double-drip-shortfill-50ml-e-liquid,1.0,reviewed,https://www.vampirevape.co.uk/double-drip-coil-sauce-fizzy-cherry-cola-50ml-shortfill-e-liquid
vampirevape.co.uk,double drip coil sauce lemon sherbet 50ml shortfill e-liquid,double drip shortfill 50ml e -liquid,https://vapeonlinestore.co.uk/products/double-drip-shortfill-50ml-e-liquid,1.0,reviewed,https://www.vampirevape.co.uk/double-drip-coil-sauce-lemon-sherbet-50ml-shortfill-e-liquid
vampirevape.co.uk,Double Drip Coils Sauce Mango Raspberry Ice Cream 50Ml Shortfill E-Liquid,double drip shortfill 50ml e -liquid,https://vapeonlinestore.co.uk/products/double-drip-shortfill-50ml-e-liquid,1.0,reviewed,https://www.vampirevape.co.uk/double-drip-coil-sauce-mango-raspberry-ice-cream-50ml-shortfill-e-liquid
vampirevape.co.uk,double drip coil sauce mango tropic 50ml shortfill e-liquid,double drip shortfill 50ml e -liquid,https://vapeonlinestore.co.uk/products/double-drip-shortfill-50ml-e-liquid,1.0,reviewed,https://www.vampirevape.co.uk/double-drip-coil-sauce-mango-tropic-50ml-shortfill-e-liquid
vampirevape.co.uk,Double Drip Coils Sauce Orange And Mango Chill 50Ml Shortfill E-Liquid,double drip shortfill 50ml e -liquid,https://vapeonlinestore.co.uk/products/double-drip-shortfill-50ml-e-liquid,1.0,reviewed,https://www.vampirevape.co.uk/double-drip-coil-sauce-orange-mango-chill-50ml-shortfill-e-liquid
vampirevape.co.uk,Double Drip Coils Sauce Sherbet Rainbow 50Ml Shortfill E-Liquid,double drip shortfill 50ml e -liquid,https://vapeonlinestore.co.uk/products/double-drip-shortfill-50ml-e-liquid,1.0,reviewed,https://www.vampirevape.co.uk/double-drip-coil-sauce-sherbet-rainbow-50ml-shortfill-e-liquid
vampirevape.co.uk,Double Drip Coils Sauce Strawberry Banana Waffle 50Ml Shortfill E-Liquid,double drip shortfill 50ml e -liquid,https://vapeonlinestore.co.uk/products/double-drip-shortfill-50ml-e-liquid,1.0,reviewed,https://www.vampirevape.co.uk/double-drip-coil-sauce-strawberry-banana-waffle-50ml-shortfill-e-liquid
vampirevape.co.uk,Double Drip Coils Sauce Strawberry Laces And Sherbet 50Ml Shortfill E-Liquid,double drip shortfill 50ml e -liquid,https://vapeonlinestore.co.uk/products/double-drip-shortfill-50ml-e-liquid,1.0,reviewed,https://www.vampirevape.co.uk/double-drip-coil-sauce-strawberry-laces-sherbet-50ml-shortfill-e-liquid
vampirevape.co.uk,Double Drip Coils Sauce Super Berry Sherbet 50Ml Shortfill E-Liquid,double drip shortfill 50ml e -liquid,https://vapeonlinestore.co.uk/products/double-drip-shortfill-50ml-e-liquid,1.0,reviewed,https://www.vampirevape.co.uk/double-drip-coil-sauce-super-berry-sherbet-50ml-shortfill-e-liquid
vampirevape.co.uk,Double Drip Coils Sauce Twisted Ice Cream 50Ml Shortfill E-Liquid,double drip shortfill 50ml e -liquid,https://vapeonlinestore.co.uk/products/double-drip-shortfill-50ml-e-liquid,1.0,reviewed,https://www.vampirevape.co.uk/double-drip-coil-sauce-twisted-ice-cream-50ml-shortfill-e-liquid
vampirevape.co.uk,Double Drip Nic Salt 10Ml E-Liquid,double drip 50/50 10ml nic salt e-liquid,https://vapeonlinestore.co.uk/products/double-drip-50-50-e-liquid-10ml,1.0,reviewed,https://www.vampirevape.co.uk/double-drip-nic-salts-cherry-bakewell-10ml-e-liquid
vampirevape.co.uk,Double Drip Nic Salt Crystal 10Ml E-Liquid,double drip 50/50 10ml nic salt e-liquid,https://vapeonlinestore.co.uk/products/double-drip-50-50-e-liquid-10ml,1.0,reviewed,https://www.vampirevape.co.uk/double-drip-nic-salts-crystal-mist-10ml-e-liquid
vampirevape.co.uk,Double Drip 50 50 10Ml E-Liquid,double drip 50/50 10ml nic salt e-liquid,https://vapeonlinestore.co.uk/products/double-drip-50-50-e-liquid-10ml,1.0,high,https://www.vampirevape.co.uk/double-drip-50-50-blackberry-grape-10ml-e-liquid
vampirevape.co.uk,double drip coil sauce raspberry sherbet 10ml e-liquid,double drip 50/50 10ml nic salt e-liquid,https://vapeonlinestore.co.uk/products/double-drip-50-50-e-liquid-10ml,1.0,reviewed,https://www.vampirevape.co.uk/double-drip-coil-sauce-raspberry-sherbet-10ml-e-liquid
vampirevape.co.uk,Uwell Caliburn Refill Pods,uwell caliburn x empty replacement pods pack of 2,https://vapeonlinestore.co.uk/products/uwells-caliburn-x-empty-cartridge-2-pack,1.0,high,https://www.vampirevape.co.uk/uwell-caliburn-replacement-pods-4pk
vampirevape.co.uk,smok lp2 coils - 5pk,smok lp2 replacement coils cheap pack of 5,https://vapeonlinestore.co.uk/products/smok-lp2-coils-pack-of-5,1.0,high,https://www.vampirevape.co.uk/smok-lp2-coils-5pk
vampirevape.co.uk,uwell caliburn g coils - 4pk,caliburn g & g2 replacement coils by uwell pack of 4,https://vapeonlinestore.co.uk/products/caliburn-g-replacement-coils-by-uwell,1.0,reviewed,https://www.vampirevape.co.uk/uwell-caliburn-g-coils-4pk
vampirevape.co.uk,eleaf ec coils - 5pk,eleaf ec ijust 2 coils,https://vapeonlinestore.co.uk/products/eleaf-ec-ijust-2-coils,1.0,reviewed,https://www.vampirevape.co.uk/eleaf-ec-coils-5pk
vampirevape.co.uk,smok nord 4 replacement pods - 3pk,smok nord 4 replacement pods,https://vapeonlinestore.co.uk/products/smok-nord-4-replacement,1.0,high,https://www.vampirevape.co.uk/smok-nord-4-replacement-pods-3pk
vampirevape.co.uk,uwell caliburn a2 replacement pods - 4pk,uwell caliburn a2 replacement pods pack of 4,https://vapeonlinestore.co.uk/products/uwell-caliburn-a2-pod,1.0,high,https://www.vampirevape.co.uk/uwell-caliburn-a2-replacement-pods-4pk
vampirevape.co.uk,smok g-priv pod - rpm 2 - 3 pk,smok g priv replacement pods pack of 3,https://vapeonlinestore.co.uk/products/smok-g-priv-replacement-pods,1.0,reviewed,https://www.vampirevape.co.uk/smok-g-priv-pod-rpm-2-3-pk
vampirevape.co.uk,smok rpm 2 replacement pods - 3pk,smok rpm 2 replacement pods pack of 3,https://vapeonlinestore.co.uk/products/smok-rpm-2-pods,1.0,high,https://www.vampirevape.co.uk/smok-rpm-2-replacement-pods-3pk
vampirevape.co.uk,freemax ms mesh coils - 5pk,freemax marvos ms mesh replacement coils,https://vapeonlinestore.co.uk/products/freemax-marvos-ms-mesh-replacement-coils,1.0,reviewed,https://www.vampirevape.co.uk/freemax-ms-mesh-coils-5pk
vampirevape.co.uk,voopoo ito coils - 5pk,voopoo ito replacement coils [pack of 5],https://vapeonlinestore.co.uk/products/voopoo-ito-coils-pack-of-5,1.0,high,https://www.vampirevape.co.uk/voopoo-ito-coils-5pk
vampirevape.co.uk,Voopoo Ito Empty Refill Pods,Voopoo Ito X Refill Pods,https://vapeonlinestore.co.uk/products/voopoo-ito-x-pod,1.0,high,https://www.vampirevape.co.uk/voopoo-ito-replacement-pods-2pk
vampirevape.co.uk,geek vape obelisk 65 replacement pod - 1pk,geekvape obelisk 65 replacement pods pack of 1,https://vapeonlinestore.co.uk/products/geekvape-obelisk-65-replacement-pods,1.0,high,https://www.vampirevape.co.uk/geek-vape-obelisk-65-replacement-pod-1pk
vampirevape.co.uk,aspire af mesh coils - 5pk,aspire af mesh replacement coils,https://vapeonlinestore.co.uk/products/aspire-af-mesh-coils-pack-of-5,1.0,reviewed,https://www.vampirevape.co.uk/aspire-af-mesh-coils-5pk
vampirevape.co.uk,smok nord pro coils - 5pk,smok nord pro replacement coils pack of 5,https://vapeonlinestore.co.uk/products/nord-pro-coils-smok,1.0,high,https://www.vampirevape.co.uk/smok-nord-pro-coils-5pk
vampirevape.co.uk,uwell valyrian iii coils - 2pk,uwell valyrian 3 replacement coils pack of 2,https://vapeonlinestore.co.uk/products/valyrian-3-coils-2-pack-by-uwell,1.0,high,https://www.vampirevape.co.uk/uwell-valyrian-iii-coils-2pk
vampirevape.co.uk,geek vape h45 replacement pods - 2pk,geekvape h45 (hero 2) replacement pod,https://vapeonlinestore.co.uk/products/geekvape-h45-hero-2-pod,1.0,reviewed,https://www.vampirevape.co.uk/geek-vape-h45-replacement-pods-2pk
vampirevape.co.uk,smok rpm 5 vape pod kit,smok rpm 5 pod kit price online vape kits,https://vapeonlinestore.co.uk/products/smok-rpm-5-pod-kit,1.0,high,https://www.vampirevape.co.uk/smok-rpm5-vape-pod-kit
vampirevape.co.uk,smok rpm 5 replacement pods - 3pk,smok rpm 5 replacement pods,https://vapeonlinestore.co.uk/products/smok-rpm-5-replacement-pods,1.0,high,https://www.vampirevape.co.uk/smok-rpm-5-replacement-pods-3pk
vampirevape.co.uk,vaporesso gen 200 mod,vaporesso gen 200 vape kit,https://vapeonlinestore.co.uk/products/vaporesso-vape-kit-gen-200,1.0,high,https://www.vampirevape.co.uk/vaporesso-gen-200-mod
vampirevape.co.uk,smok rpm 3 coils - 5pk,smok rpm 3 coils pack of 5,https://vapeonlinestore.co.uk/products/smok-rpm-3-coils-pack-of-5,1.0,high,https://www.vampirevape.co.uk/smok-rpm-3-coils-5pk
vampirevape.co.uk,vaporesso gen air 40 replacement pods - 2pk,vaporesso gen air 40 replacement pod,https://vapeonlinestore.co.uk/products/vaporesso-gen-air-40-pod,1.0,high,https://www.vampirevape.co.uk/vaporesso-gen-air-40-replacement-pods-2pk
vampirevape.co.uk,Voopoo Drag Q Kit,voopoo drag q pod kit,https://vapeonlinestore.co.uk/products/voopoo-drag-q-pod-kit,1.0,high,https://www.vampirevape.co.uk/voopoo-drag-q-kit-marsala
vampirevape.co.uk,innokin gomax vape tank,innokin gomax vape tank,https://vapeonlinestore.co.uk/products/innokin-go-max-tank,1.0,high,https://www.vampirevape.co.uk/innokin-gomax-vape-tank
vampirevape.co.uk,innokin gozee mod,innokin gozee vape kit,https://vapeonlinestore.co.uk/products/innokin-gozee-vape-kit,1.0,high,https://www.vampirevape.co.uk/innokin-gozee-mod
vampirevape.co.uk,innokin go z vape tank,go z tank by innokin,https://vapeonlinestore.co.uk/products/go-z-tank-by-innokin,1.0,high,https://www.vampirevape.co.uk/innokin-go-z-vape-tank
vampirevape.co.uk,smok nord 5 vape pod kit,smok nord 5 vape kit,https://vapeonlinestore.co.uk/products/smok-nord-5-vape-kit,1.0,high,https://www.vampirevape.co.uk/smok-nord-5-vape-pod-kit
vampirevape.co.uk,smok nord 5 replacement pods - 3pk,smok nord 5 replacement pods,https://vapeonlinestore.co.uk/products/smok-nord-5-replacement-pod,1.0,high,https://www.vampirevape.co.uk/smok-nord-5-replacement-pods-3pk
vampirevape.co.uk,horizontech aquila tank-stainless steel,horizontech aquila sub ohm tank all colours available,https://vapeonlinestore.co.uk/products/horizontech-aquila-tank,1.0,reviewed,https://www.vampirevape.co.uk/horizontech-aquila-tank-stainless-steel
vampirevape.co.uk,horizontech aquila tank-blue,horizontech aquila sub ohm tank all colours available,https://vapeonlinestore.co.uk/products/horizontech-aquila-tank,1.0,reviewed,https://www.vampirevape.co.uk/horizontech-aquila-tank-blue
vampirevape.co.uk,horizontech aquila coils - 3pk,horizontech aquila replacement coils,https://vapeonlinestore.co.uk/products/horizontech-aquila-replacement-coils,1.0,high,https://www.vampirevape.co.uk/horizontech-aquila-coils-3pk
vampirevape.co.uk,vaporesso luxe x replacement pods - 2pk,vaporesso luxe x replacement pods pack of 2,https://vapeonlinestore.co.uk/products/vaporesso-luxe-x-replacement-pods,1.0,high,https://www.vampirevape.co.uk/vaporesso-luxe-x-replacement-pods-2pk
vampirevape.co.uk,voopoo mtl pnp replacement pods - 2pk,voopoo pnp mtl replacement pods pack of 2,https://vapeonlinestore.co.uk/products/voopoo-pnp-mtl-replacement-pods,1.0,high,https://www.vampirevape.co.uk/voopoo-mtl-pnp-replacement-pods-2pk
vampirevape.co.uk,Oxva Origin 2 Kit,oxva origin 2 pod kit price,https://vapeonlinestore.co.uk/products/oxva-origin-2-pod-kit,1.0,high,https://www.vampirevape.co.uk/oxva-origin-2-kit-gunmetal
vampirevape.co.uk,voopoo argus mt vape kit,voopoo argus mt vape kit,https://vapeonlinestore.co.uk/products/voopoo-argus-mt-vape-kit,1.0,high,https://www.vampirevape.co.uk/voopoo-argus-mt-vape-kit
vampirevape.co.uk,double drip nic salts berry blitz 10ml e-liquid,double drip 50/50 10ml nic salt e-liquid,https://vapeonlinestore.co.uk/products/double-drip-50-50-e-liquid-10ml,1.0,reviewed,https://www.vampirevape.co.uk/double-drip-nic-salts-berry-blitz-10ml-e-liquid
vampirevape.co.uk,smok ta coils - 5pk,smok ta coils,https://vapeonlinestore.co.uk/products/smok-ta-coils,1.0,high,https://www.vampirevape.co.uk/smok-ta-coils-5pk
vampirevape.co.uk,vaporesso luxe xr empty replacement pods - 2pk,Vaporesso Luxe X And Xr Refill Pods,https://vapeonlinestore.co.uk/products/vaporesso-luxe-x-xr-replacement-pods,1.0,high,https://www.vampirevape.co.uk/vaporesso-luxe-xr-empty-replacement-pods-2pk
vampirevape.co.uk,uwell caliburn a3 replacement pods - 4pk,uwell caliburn a3 replacement pods pack of 4,https://vapeonlinestore.co.uk/products/uwell-caliburn-a3-replacement-pods,1.0,high,https://www.vampirevape.co.uk/uwell-caliburn-a3-replacement-pods-4pk
vampirevape.co.uk,smok rpm 85 & rpm 100 empty pods - rpm2 - 2ml - 3pk,smok rpm 2 replacement pods pack of 3,https://vapeonlinestore.co.uk/products/smok-rpm-2-pods,1.0,reviewed,https://www.vampirevape.co.uk/smok-rpm-85-rpm-100-empty-pods-rpm2-2ml-3pk
vampirevape.co.uk,Vape Bar Salts Cola 10Ml E-Liquid,vampire vape bar salts 10ml e-liquid juice,https://vapeonlinestore.co.uk/products/vampire-vape-bar-salts-10ml,1.0,reviewed,https://www.vampirevape.co.uk/vampire-vape-bar-salts-cola-10ml-e-liquid
vampirevape.co.uk,Vape Bar Salts Grape 10Ml E-Liquid,vampire vape bar salts 10ml e-liquid juice,https://vapeonlinestore.co.uk/products/vampire-vape-bar-salts-10ml,1.0,reviewed,https://www.vampirevape.co.uk/vampire-vape-bar-salts-grape-10ml-e-liquid
vampirevape.co.uk,Vape Bar Salts Kiwi Passion Fruit Guava 10Ml E-Liquid,vampire vape bar salts 10ml e-liquid juice,https://vapeonlinestore.co.uk/products/vampire-vape-bar-salts-10ml,1.0,reviewed,https://www.vampirevape.co.uk/vampire-vape-bar-salts-kiwi-passion-fruit-guava-10ml-e-liquid
vampirevape.co.uk,Vape Bar Salts Nrg Ice 10Ml E-Liquid,vampire vape bar salts 10ml e-liquid juice,https://vapeonlinestore.co.uk/products/vampire-vape-bar-salts-10ml,1.0,reviewed,https://www.vampirevape.co.uk/vampire-vape-bar-salts-nrg-ice-10ml-e-liquid
vampirevape.co.uk,Vape Bar Salts Pink Lemonade 10Ml E-Liquid,vampire vape bar salts 10ml e-liquid juice,https://vapeonlinestore.co.uk/products/vampire-vape-bar-salts-10ml,1.0,reviewed,https://www.vampirevape.co.uk/vampire-vape-bar-salts-pink-lemonade-10ml-e-liquid
vampirevape.co.uk,Vape Bar Salts Strawberry Ice 10Ml E-Liquid,vampire vape bar salts 10ml e-liquid juice,https://vapeonlinestore.co.uk/products/vampire-vape-bar-salts-10ml,1.0,reviewed,https://www.vampirevape.co.uk/vampire-vape-bar-salts-strawberry-ice-10ml-e-liquid
vampirevape.co.uk,Vape Bar Salts Watermelon 10Ml E-Liquid,vampire vape bar salts 10ml e-liquid juice,https://vapeonlinestore.co.uk/products/vampire-vape-bar-salts-10ml,1.0,reviewed,https://www.vampirevape.co.uk/vampire-vape-bar-salts-watermelon-10ml-e-liquid
vampirevape.co.uk,vaporesso xros 3 mini vape pod kit,Vaporesso Xros 3 Mini Pod Vape Kit,https://vapeonlinestore.co.uk/products/vaporesso-xros-3-mini-pod-kit,1.0,high,https://www.vampirevape.co.uk/vaporesso-xros-3-mini-vape-pod-kit
vampirevape.co.uk,aspire gotek x kit-translucent royal blue,Aspire Gotek X Pod Kit,https://vapeonlinestore.co.uk/products/aspire-gotek-x-pod-kit,1.0,reviewed,https://www.vampirevape.co.uk/aspire-gotek-x-kit-translucent-royal-blue
vampirevape.co.uk,Aspire Gotek X Vape Pod Kit,Aspire Gotek X Pod Kit,https://vapeonlinestore.co.uk/products/aspire-gotek-x-pod-kit,1.0,high,https://www.vampirevape.co.uk/aspire-gotek-x-vape-pod-kit
vampirevape.co.uk,voopoo argus empty replacement pods - 2pk,voopoo argus replacement pods,https://vapeonlinestore.co.uk/products/argus-replacement-pods-by-voopoo,1.0,high,https://www.vampirevape.co.uk/voopoo-argus-empty-replacement-pods-2pk
vampirevape.co.uk,Oxva Xlim C Kit,oxva xlim c vape kit,https://vapeonlinestore.co.uk/products/oxva-xlim-c-vape-kit,1.0,high,https://www.vampirevape.co.uk/oxva-xlim-c-kit-black-camo
vampirevape.co.uk,lost vape thelema mini vape kit,lost vape thelema mini vape kit,https://vapeonlinestore.co.uk/products/lost-vape-thelema-mini-vape-kit,1.0,high,https://www.vampirevape.co.uk/lost-vape-thelema-mini-vape-kit
vampirevape.co.uk,Uwell Caliburn Tenet Vape Pod Kit,uwell caliburn tenet vape kit,https://vapeonlinestore.co.uk/products/uwell-caliburn-tenet-pod-kit,1.0,high,https://www.vampirevape.co.uk/uwell-caliburn-tenet-vape-pod-kit-iron-gray
vampirevape.co.uk,innokin endura t20-s kit-blue,innokin endura t20 s vape pen kit,https://vapeonlinestore.co.uk/products/innokin-vape-pen-endura-t20-s,1.0,reviewed,https://www.vampirevape.co.uk/innokin-endura-t20-s-kit-blue
vampirevape.co.uk,innokin endura t20-s vape pen kit,innokin endura t20 s vape pen kit,https://vapeonlinestore.co.uk/products/innokin-vape-pen-endura-t20-s,1.0,high,https://www.vampirevape.co.uk/innokin-endura-t20-s-vape-pen-kit
vampirevape.co.uk,Innokin Klypse Pod Kit,innokin klypse pod kit,https://vapeonlinestore.co.uk/products/innokin-klypse-pod-kit,1.0,high,https://www.vampirevape.co.uk/innokin-klypse-pod-kit-charcoal-black
vampirevape.co.uk,innokin klypse pod kit - chartreuse yellow-green,innokin klypse pod kit,https://vapeonlinestore.co.uk/products/innokin-klypse-pod-kit,1.0,reviewed,https://www.vampirevape.co.uk/innokin-klypse-pod-kit-chartreuse-yellow-green
vampirevape.co.uk,innokin endura apex vape pen kit,innokin endura apex 18w vape kit,https://vapeonlinestore.co.uk/products/innokin-endura-apex-vape-kit,1.0,reviewed,https://www.vampirevape.co.uk/innokin-endura-apex-vape-pen-kit
vampirevape.co.uk,Vape Bar Salts Blue Raspberry Lemonade 10Ml E-Liquid,vampire vape bar salts 10ml e-liquid juice,https://vapeonlinestore.co.uk/products/vampire-vape-bar-salts-10ml,1.0,reviewed,https://www.vampirevape.co.uk/vampire-vape-bar-salts-blue-razz-lemonade-10ml-e-liquid
vampirevape.co.uk,Vape Bar Salts Blue Sour Raspberry 10Ml E-Liquid,vampire vape bar salts 10ml e-liquid juice,https://vapeonlinestore.co.uk/products/vampire-vape-bar-salts-10ml,1.0,reviewed,https://www.vampirevape.co.uk/vampire-vape-bar-salts-blue-sour-raspberry-10ml-e-liquid
vampirevape.co.uk,Vape Bar Salts Blueberry 10Ml E-Liquid,vampire vape bar salts 10ml e-liquid juice,https://vapeonlinestore.co.uk/products/vampire-vape-bar-salts-10ml,1.0,reviewed,https://www.vampirevape.co.uk/vampire-vape-bar-salts-blueberry-10ml-e-liquid
vampirevape.co.uk,Vape Bar Salts Cherry Raspberry Strawberry Ice 10Ml E-Liquid,vampire vape bar salts 10ml e-liquid juice,https://vapeonlinestore.co.uk/products/vampire-vape-bar-salts-10ml,1.0,reviewed,https://www.vampirevape.co.uk/vampire-vape-bar-salts-cherry-raspberry-strawberry-ice-10ml-e-liquid
vampirevape.co.uk,Vape Bar Salts Mango 10Ml E-Liquid,vampire vape bar salts 10ml e-liquid juice,https://vapeonlinestore.co.uk/products/vampire-vape-bar-salts-10ml,1.0,reviewed,https://www.vampirevape.co.uk/vampire-vape-bar-salts-mango-10ml-e-liquid
vampirevape.co.uk,ske crystal plus prefilled pods - 20mg - 2pk,Ske Plus Prefilled Pods 20Mg,https://vapeonlinestore.co.uk/products/ske-crystal-plus-pre-filled-pods-20mg,1.0,high,https://www.vampirevape.co.uk/ske-crystal-plus-prefilled-pods-20mg-2pk
vampirevape.co.uk,geek vape m coils - 5pk,geekvape m series coils – maximum clouds for the z max tank (pack of 5),https://vapeonlinestore.co.uk/products/geekvape-m-series-coils-pack-of-5,1.0,reviewed,https://www.vampirevape.co.uk/geek-vape-m-coils-5pk
vampirevape.co.uk,Smok Novo 5 Kit,smok novo 5 vape pod kit,https://vapeonlinestore.co.uk/products/smok-novo-5-vape-pod-kit,1.0,high,https://www.vampirevape.co.uk/smok-novo-5-kit-green-blue-cobra
vampirevape.co.uk,smok novo 5 replacement pods - 3pk,smok novo 5 replacement pods,https://vapeonlinestore.co.uk/products/smok-novo-5-replacement-pods,1.0,high,https://www.vampirevape.co.uk/smok-novo-5-replacement-pods-3pk
vampirevape.co.uk,aspire tsx replacement pods - 2pk,aspire cyber s/x tsx replacement pods pack of 2,https://vapeonlinestore.co.uk/products/aspire-cyber-s-x-tsx-replacement-pods,1.0,reviewed,https://www.vampirevape.co.uk/aspire-tsx-replacement-pods-2pk
vampirevape.co.uk,aspire tg replacement pods - 2pk,aspire tg replacement pods pack of 2,https://vapeonlinestore.co.uk/products/aspire-tg-replacement-pods,1.0,high,https://www.vampirevape.co.uk/aspire-tg-replacement-pods-2pk
vampirevape.co.uk,oxva xlim v3 top fill replacement pods - 3pk,oxva xlim v3 (top fill) replacement pod cartridges,https://vapeonlinestore.co.uk/products/oxva-xlim-v3-pods,1.0,high,https://www.vampirevape.co.uk/oxva-xlim-v3-top-fill-cartridge-3pk
vampirevape.co.uk,innokin prism apex vape tank,innokin prism apex tank,https://vapeonlinestore.co.uk/products/innokin-prism-apex-tank,1.0,high,https://www.vampirevape.co.uk/innokin-prism-apex-vape-tank
vampirevape.co.uk,innokin z force vape tank,innokin z force vape replacement tank,https://vapeonlinestore.co.uk/products/z-force-vape-tank-by-innokin,1.0,high,https://www.vampirevape.co.uk/innokin-z-force-vape-tank
vampirevape.co.uk,innokin mvp replacement pods - 3pk,innokin mvp replacement pods: the reliable workhorse for mtl vapers,https://vapeonlinestore.co.uk/products/mvp-replacement-pods-by-innokin,1.0,reviewed,https://www.vampirevape.co.uk/innokin-mvp-replacement-pods-3pk
vampirevape.co.uk,innokin sceptre coils - 5pk,innokin sceptre replacement coils pack of 5,https://vapeonlinestore.co.uk/products/innokin-sceptre-replacement-coils,1.0,high,https://www.vampirevape.co.uk/innokin-sceptre-coils-5pk
vampirevape.co.uk,geek vape sonder q vape pod kit,geekvape sonder q pod vape kit,https://vapeonlinestore.co.uk/products/geekvape-sonder-q-pod-kit,1.0,high,https://www.vampirevape.co.uk/geek-vape-sonder-q-vape-pod-kit
vampirevape.co.uk,elfbar elfa pro pod kit rechargeable,elf bar elfa pro prefilled pod vape kit price,https://vapeonlinestore.co.uk/products/elf-bar-elfa-pro-pod-kit,1.0,high,https://www.vampirevape.co.uk/elfbar-elfa-pro-prefilled-vape-kit
vampirevape.co.uk,elfbar elfa pro prefilled pods - 20mg - 2pk,Elfa Pro 20Mg Prefilled Pods,https://vapeonlinestore.co.uk/products/apple-peach-elfa-pro-prefilled-pods,1.0,high,https://www.vampirevape.co.uk/elfbar-elfa-pro-prefilled-pods-20mg-2pk
vampirevape.co.uk,uwell caliburn a3s replacement pods - 4pk,uwell caliburn a3s replacement pods,https://vapeonlinestore.co.uk/products/uwell-caliburn-a3s-replacement-pods,1.0,high,https://www.vampirevape.co.uk/uwell-caliburn-a3s-replacement-pods-4pk
vampirevape.co.uk,Innokin Klypse Zip Kit,innokin klypse zip kit,https://vapeonlinestore.co.uk/products/innokin-klypse-zip-kit,1.0,high,https://www.vampirevape.co.uk/innokin-klypse-zip-kit-graphite
vampirevape.co.uk,freemax marvos crc replacement pod - 1pk,freemax marvos crc replacement pod,https://vapeonlinestore.co.uk/products/freemax-marvos-crc-replacement-pod,1.0,high,https://www.vampirevape.co.uk/freemax-marvos-crc-replacement-pod-1pk
vampirevape.co.uk,Oxva Artio Kit,oxva artio pod kit price,https://vapeonlinestore.co.uk/products/oxva-artio-pod-kit,1.0,high,https://www.vampirevape.co.uk/oxva-artio-kit-gunmetal
vampirevape.co.uk,innokin endura t22 pro vape kit,innokin endura t22 pro vape kit,https://vapeonlinestore.co.uk/products/innokin-endura-t22-pro-kit,1.0,high,https://www.vampirevape.co.uk/innokin-endura-t22-pro-vape-kit
vampirevape.co.uk,Aspire Bp Stik Kit,aspire bp stik pod kit,https://vapeonlinestore.co.uk/products/aspire-bp-stik-pod-kit,1.0,high,https://www.vampirevape.co.uk/aspire-bp-stik-kit-aqua-fade
vampirevape.co.uk,aspire bp stik replacement pod - 1pk,aspire bp stik replacement pods pack of 1,https://vapeonlinestore.co.uk/products/aspire-bp-stik-replacement-pods,1.0,high,https://www.vampirevape.co.uk/aspire-bp-stik-replacement-pod-1pk
vampirevape.co.uk,Voopoo Argus P1 Pod Kit,voopoo argus p1 pod vape kit,https://vapeonlinestore.co.uk/products/voopoo-argus-p1-pod-kit,1.0,high,https://www.vampirevape.co.uk/voopoo-argus-p1-pod-kit-bright-yellow
vampirevape.co.uk,voopoo pnp replacement pods ii - 2pk,voopoo pnp ii replacement pods,https://vapeonlinestore.co.uk/products/voopoo-pnp-ii-replacement-pod,1.0,high,https://www.vampirevape.co.uk/voopoo-pnp-replacement-pods-ii-black-2pk
vampirevape.co.uk,lost vape ub mini coils - 5pk,Lost Vape Ub Mini Coils,https://vapeonlinestore.co.uk/products/lost-vape-ub-mini-coils,1.0,high,https://www.vampirevape.co.uk/lost-vape-ub-mini-coils-5pk
vampirevape.co.uk,uwell caliburn g3 vape pod kit,uwell caliburn g3 pod vape kit,https://vapeonlinestore.co.uk/products/uwell-caliburn-g3-pod-kit,1.0,high,https://www.vampirevape.co.uk/uwell-caliburn-g3-vape-pod-kit
vampirevape.co.uk,vaporesso luxe q2 vape pod kit,vaporesso luxe q2 pod kit,https://vapeonlinestore.co.uk/products/vaporesso-luxe-q2-pod-kit,1.0,high,https://www.vampirevape.co.uk/vaporesso-luxe-q2-vape-pod-kit
vampirevape.co.uk,vaporesso eco nano replacement pods - 2pk,vaporesso eco nano replacement pods pack of 2,https://vapeonlinestore.co.uk/products/vaporesso-eco-nano-replacement-pods,1.0,high,https://www.vampirevape.co.uk/vaporesso-eco-nano-replacement-pods-2pk
vampirevape.co.uk,Geekvape Aegis Q Kit,geekvape aegis q kit,https://vapeonlinestore.co.uk/products/geekvape-aegis-q-kit,1.0,high,https://www.vampirevape.co.uk/geek-vape-aegis-q-kit-gray
vampirevape.co.uk,Freemax M Pro 3 Replacement,Freemax M Pro 3 Replacement,https://vapeonlinestore.co.uk/products/freemax-m-pro-3-replacement-glass,1.0,high,https://www.vampirevape.co.uk/freemax-m-pro-3-replacement-glass
vampirevape.co.uk,Voopoo Argus P1S Kit,voopoo argus p1s pod kit,https://vapeonlinestore.co.uk/products/voopoo-argus-p1s-pod-kit,1.0,high,https://www.vampirevape.co.uk/voopoo-argus-p1s-kit-cyber-black
vampirevape.co.uk,Vape Bar Salts Cherry Ice 10Ml E-Liquid,vampire vape bar salts 10ml e-liquid juice,https://vapeonlinestore.co.uk/products/vampire-vape-bar-salts-10ml,1.0,reviewed,https://www.vampirevape.co.uk/vampire-vape-bar-salts-cherry-ice-10ml-e-liquid
vampirevape.co.uk,Vape Bar Salts Cherry Cola 10Ml E-Liquid,vampire vape bar salts 10ml e-liquid juice,https://vapeonlinestore.co.uk/products/vampire-vape-bar-salts-10ml,1.0,reviewed,https://www.vampirevape.co.uk/vampire-vape-bar-salts-cherry-cola-10ml-e-liquid
vampirevape.co.uk,Vape Bar Salts Lemon And Lime 10Ml E-Liquid,vampire vape bar salts 10ml e-liquid juice,https://vapeonlinestore.co.uk/products/vampire-vape-bar-salts-10ml,1.0,reviewed,https://www.vampirevape.co.uk/vampire-vape-bar-salts-lemon-lime-10ml-e-liquid
vampirevape.co.uk,Vape Bar Salts Menthol 10Ml E-Liquid,vampire vape bar salts 10ml e-liquid juice,https://vapeonlinestore.co.uk/products/vampire-vape-bar-salts-10ml,1.0,reviewed,https://www.vampirevape.co.uk/vampire-vape-bar-salts-menthol-10ml-e-liquid
vampirevape.co.uk,Vape Bar Salts Pineapple Ice 10Ml E-Liquid,vampire vape bar salts 10ml e-liquid juice,https://vapeonlinestore.co.uk/products/vampire-vape-bar-salts-10ml,1.0,reviewed,https://www.vampirevape.co.uk/vampire-vape-bar-salts-pineapple-ice-10ml-e-liquid
vampirevape.co.uk,Vape Bar Salts Banana Ice 10Ml E-Liquid,vampire vape bar salts 10ml e-liquid juice,https://vapeonlinestore.co.uk/products/vampire-vape-bar-salts-10ml,1.0,reviewed,https://www.vampirevape.co.uk/vampire-vape-bar-salts-banana-ice-10ml-e-liquid
vampirevape.co.uk,uwell caliburn explorer empty replacement pods - 2pk,uwell caliburn explorer replacement pods,https://vapeonlinestore.co.uk/products/uwell-caliburn-explorer-replacement-pods,1.0,high,https://www.vampirevape.co.uk/uwell-caliburn-explorer-empty-replacement-pods-2pk
vampirevape.co.uk,Uwell Caliburn Explorer Vape Pod Kit,uwell caliburn explorer pod vape kit,https://vapeonlinestore.co.uk/products/uwell-caliburn-explorer-pod-vape-kit,1.0,high,https://www.vampirevape.co.uk/uwell-caliburn-explorer-vape-pod-kit-orange-and-black
vampirevape.co.uk,ske crystal plus prefilled vape kit,ske crystal plus prefilled vape pod kit,https://vapeonlinestore.co.uk/products/ske-crystal-plus-pod-kit,1.0,high,https://www.vampirevape.co.uk/ske-crystal-plus-prefilled-vape-kit
vampirevape.co.uk,voopoo drag s2 pod kit,voopoo drag s2 pod vape kit,https://vapeonlinestore.co.uk/products/voopoo-drag-s2-pod-kit,1.0,high,https://www.vampirevape.co.uk/voopoo-drag-s2-vape-pod-kit
vampirevape.co.uk,Voopoo Drag Vape Pod Kit,Voopoo Drag Vape Kit,https://vapeonlinestore.co.uk/products/voopoo-drag-x2-kit,1.0,high,https://www.vampirevape.co.uk/voopoo-drag-x2-vape-pod-kit
vampirevape.co.uk,Geekvape Wenax Q Mini Kit,Geekvape Wenax Q Mini Pod Kit,https://vapeonlinestore.co.uk/products/gradient-purple-geekvape-wenax-q-mini-pod-kit,1.0,high,https://www.vampirevape.co.uk/geek-vape-wenax-q-mini-kit-turquoise
vampirevape.co.uk,vaporesso luxe xr max vape pod kit,Vaporesso Luxe Xr Max Pod Kit,https://vapeonlinestore.co.uk/products/pink-vaporesso-luxe-xr-max-pod-kit,1.0,high,https://www.vampirevape.co.uk/vaporesso-luxe-xr-max-vape-pod-kit
vampirevape.co.uk,smok fetch pro replacement pods - rgc - 3pk,smok fetch pro rpm replacement pods,https://vapeonlinestore.co.uk/products/smok-fetch-pro-rpm-replacement-pods,1.0,reviewed,https://www.vampirevape.co.uk/smok-fetch-pro-replacement-pods-rgc-3pk
vampirevape.co.uk,aspire gotek pro vape pod kit,aspire gotek pro starter kit,https://vapeonlinestore.co.uk/products/aspire-gotek-pro-kit,1.0,high,https://www.vampirevape.co.uk/aspire-gotek-pro-vape-pod-kit
vampirevape.co.uk,vaporesso xros pro vape pod kit,Vaporesso Xros Pro Pod Vape Kit,https://vapeonlinestore.co.uk/products/vaporesso-xros-pro-pod-kit,1.0,high,https://www.vampirevape.co.uk/vaporesso-xros-pro-vape-pod-kit
vampirevape.co.uk,smok novo pro vape pod kit,smok novo pro pod kit,https://vapeonlinestore.co.uk/products/smok-novo-pro-pod-kit,1.0,high,https://www.vampirevape.co.uk/smok-novo-pro-vape-pod-kit
vampirevape.co.uk,Kit Silver,Pod Vape Kit 1800Mah Big Battery,https://vapeonlinestore.co.uk/products/smok-tech247-pod-vape-kit,1.0,reviewed,https://www.vampirevape.co.uk/smok-tech247-kit-silver
vampirevape.co.uk,Kit Red Black,Pod Vape Kit 1800Mah Big Battery,https://vapeonlinestore.co.uk/products/smok-tech247-pod-vape-kit,1.0,reviewed,https://www.vampirevape.co.uk/smok-tech247-kit-red-black
vampirevape.co.uk,Kit Pink Purple,Pod Vape Kit 1800Mah Big Battery,https://vapeonlinestore.co.uk/products/smok-tech247-pod-vape-kit,1.0,reviewed,https://www.vampirevape.co.uk/smok-tech247-kit-pink-purple
vampirevape.co.uk,Innokin Klypse Mecha Kit,innokin klypse mecha pod vape kit,https://vapeonlinestore.co.uk/products/innokin-klypse-mecha-pod-vape-kit,1.0,high,https://www.vampirevape.co.uk/innokin-klypse-mecha-kit-gold-glow
vampirevape.co.uk,voopoo argus pro 2 vape kit,voopoo argus pro 2 pod vape kit,https://vapeonlinestore.co.uk/products/voopoo-argus-pro-2-pod-kit,1.0,high,https://www.vampirevape.co.uk/voopoo-argus-pro-2-vape-kit
vampirevape.co.uk,Uwell Crown X Vape Pod Kit,uwell crown x pod vape kit,https://vapeonlinestore.co.uk/products/uwell-crown-x-pod-vape-kit,1.0,high,https://www.vampirevape.co.uk/uwell-crown-x-vape-pod-kit-forest-dawn
vampirevape.co.uk,uwell crown x empty replacement pods - 2pk,uwell crown replacement pods,https://vapeonlinestore.co.uk/products/crown-replacement-pods-by-uwell,1.0,high,https://www.vampirevape.co.uk/uwell-crown-x-empty-replacement-pods-2pk
vampirevape.co.uk,uwell crown m empty replacement pods - 2pk,uwell crown m replacement empty pod cartridges uwell vape pods,https://vapeonlinestore.co.uk/products/uwell-crown-m-replacement-pods,1.0,high,https://www.vampirevape.co.uk/uwell-crown-m-empty-replacement-pods-2pk
vampirevape.co.uk,geek vape zeus glass - 2ml,zeus replacement glass by geek vape,https://vapeonlinestore.co.uk/products/zeus-replacement-glass-by-geek-vape,1.0,high,https://www.vampirevape.co.uk/geek-vape-zeus-glass-2ml
vampirevape.co.uk,smok fetch pro replacement pods - rpm - 3pk,smok fetch pro rpm replacement pods,https://vapeonlinestore.co.uk/products/smok-fetch-pro-rpm-replacement-pods,1.0,high,https://www.vampirevape.co.uk/smok-fetch-pro-replacement-pods-rpm-3pk
vampirevape.co.uk,innokin vcap replacement pods - 1pk,innokin vcap replacement 2ml pods,https://vapeonlinestore.co.uk/products/innokin-vcap-replacement-pods,1.0,high,https://www.vampirevape.co.uk/innokin-vcap-replacement-pods-1pk
vampirevape.co.uk,aspire flexus pro replacement pods,aspire flexus pro replacement pods,https://vapeonlinestore.co.uk/products/aspire-flexus-pro-replacement-pods,1.0,high,https://www.vampirevape.co.uk/aspire-flexus-pro-replacement-pods
vampirevape.co.uk,gold bar reload prefilled vape kit,gold bar reload prefilled pod kit 20mg,https://vapeonlinestore.co.uk/products/gold-bar-600-puffs-prefilled-pod-kit,1.0,high,https://www.vampirevape.co.uk/gold-bar-reload-prefilled-vape-kit
vampirevape.co.uk,gold bar reload refill prefilled pods - 2pk,gold bar 600 puffs prefilled replacement pods pack of 2,https://vapeonlinestore.co.uk/products/gold-bar-600-puffs-prefilled-replacement-pods,1.0,reviewed,https://www.vampirevape.co.uk/gold-bar-reload-refill-prefilled-pods-2pk
vampirevape.co.uk,voopoo argus p2 vape pod kit,voopoo argus p2 vape pod kit,https://vapeonlinestore.co.uk/products/voopoo-argus-p2-vape-pod-kit,1.0,high,https://www.vampirevape.co.uk/voopoo-argus-p2-vape-pod-kit
vampirevape.co.uk,Voopoo Argus G2 Kit,voopoo argus g2 pod vape kit,https://vapeonlinestore.co.uk/products/argus-g2-pod-vape-kit,1.0,high,https://www.vampirevape.co.uk/voopoo-argus-g2-kit-iris-blue
vampirevape.co.uk,geek vape aegis legend 3 vape kit,geekvape aegis legend 3 kit,https://vapeonlinestore.co.uk/products/geekvape-aegis-legend-3-kit,1.0,high,https://www.vampirevape.co.uk/geek-vape-aegis-legend-3-vape-kit
vampirevape.co.uk,oxva xlim go vape pod kit,oxva xlim go pod starter kit,https://vapeonlinestore.co.uk/products/oxva-xlim-go-pod-kit,1.0,high,https://www.vampirevape.co.uk/oxva-xlim-go-vape-pod-kit
vampirevape.co.uk,vaporesso xros 4 vape pod kit,vaporesso xros 4 pod kit,https://vapeonlinestore.co.uk/products/vaporesso-xros-4-pod-kit,1.0,high,https://www.vampirevape.co.uk/vaporesso-xros-4-vape-pod-kit
vampirevape.co.uk,vaporesso xros 4 mini vape pod kit,vaporesso xros 4 mini pod kit,https://vapeonlinestore.co.uk/products/vaporesso-xros-4-mini-pod-kit,1.0,high,https://www.vampirevape.co.uk/vaporesso-xros-4-mini-vape-pod-kit
vampirevape.co.uk,Bar Salts 10Ml E-Liquid Concentrate,vampire vape bar salts 10ml e-liquid juice,https://vapeonlinestore.co.uk/products/vampire-vape-bar-salts-10ml,1.0,reviewed,https://www.vampirevape.co.uk/bar-salts-blue-razz-lemonade-10ml-e-liquid-concentrate
vampirevape.co.uk,voopoo argus e40 vape pod kit,voopoo argus e40 pod vape kit,https://vapeonlinestore.co.uk/products/voopoo-argus-e40-pod-kit,1.0,high,https://www.vampirevape.co.uk/voopoo-argus-e40-vape-pod-kit
vampirevape.co.uk,vaporesso luxe x corex 2.0 mesh replacement pods - 2pk,vaporesso luxe x corex 2.0 replacement pods,https://vapeonlinestore.co.uk/products/vaporesso-luxe-x-corex-2-0-pods,1.0,high,https://www.vampirevape.co.uk/vaporesso-luxe-x-corex-2-0-mesh-replacement-pods-2pk
vampirevape.co.uk,lost mary 4 in 1 prefilled vape kit,Edition Lost Mary 4In1 Pod Kit,https://vapeonlinestore.co.uk/products/pineapple-edition-lost-mary-4-in-1,1.0,high,https://www.vampirevape.co.uk/lost-mary-4-in-1-prefilled-vape-kit
vampirevape.co.uk,uwell caliburn g3 lite vape pod kit,uwell caliburn g3 lite vape kit,https://vapeonlinestore.co.uk/products/uwell-caliburn-g3-lite-pod-kit,1.0,high,https://www.vampirevape.co.uk/uwell-caliburn-g3-lite-vape-pod-kit
vampirevape.co.uk,Innokin Endura 5 Vape Pod Kit,Innokin Endura 5 Pod Kit,https://vapeonlinestore.co.uk/products/innokin-endura-v-pod-kit,1.0,high,https://www.vampirevape.co.uk/innokin-endura-v-vape-pod-kit
vampirevape.co.uk,voopoo vmate top fill replacement pods - 2pk,voopoo vthru and vmate replacement pods,https://vapeonlinestore.co.uk/products/voopoo-vthru-pods-pack-of-2,1.0,reviewed,https://www.vampirevape.co.uk/voopoo-vmate-top-fill-replacement-pod-2pk
vampirevape.co.uk,geek vape aegis legend 3 mod,geekvape aegis legend 3 kit,https://vapeonlinestore.co.uk/products/geekvape-aegis-legend-3-kit,1.0,high,https://www.vampirevape.co.uk/geek-vape-aegis-legend-3-mod
vampirevape.co.uk,Voopoo Drag 5 Kit,voopoo drag 5 vape kit,https://vapeonlinestore.co.uk/products/voopoo-drag-5-vape-kit,1.0,high,https://www.vampirevape.co.uk/voopoo-drag-5-kit-gradient-blue
vampirevape.co.uk,Voopoo Drag 5 Mod,voopoo drag 5 vape kit,https://vapeonlinestore.co.uk/products/voopoo-drag-5-vape-kit,1.0,high,https://www.vampirevape.co.uk/voopoo-drag-5-mod-gradient-blue
vampirevape.co.uk,voopoo argus a vape pod kit,Voopoo Argus A Pod Vape Kit,https://vapeonlinestore.co.uk/products/voopoo-argus-a-pod-vape-kit,1.0,high,https://www.vampirevape.co.uk/voopoo-argus-a-vape-pod-kit
vampirevape.co.uk,dojo blast 6000 prefilled vape kit,vaporesso dojo blast 6000 puffs vape kit,https://vapeonlinestore.co.uk/products/vaporesso-dojo-blast-6000-vape-kit,1.0,high,https://www.vampirevape.co.uk/dojo-blast-6000-prefilled-vape-kit
vampirevape.co.uk,oxva xlim pro 2 vape pod kit,oxva xlim pro 2 pod vape kit,https://vapeonlinestore.co.uk/products/oxva-xlim-pro-2-pod-vape-kit,1.0,high,https://www.vampirevape.co.uk/oxva-xlim-pro-2-vape-pod-kit
vampirevape.co.uk,dojo blast 6000 pod & refill - 20mg,vaporesso dojo blast 6000 prefilled pods,https://vapeonlinestore.co.uk/products/vaporesso-dojo-blast-6000-prefilled-pods,1.0,high,https://www.vampirevape.co.uk/dojo-blast-6000-prefilled-pod-refill-20mg
vampirevape.co.uk,Geekvape Wenax Q Pro Kit,geekvape wenax q pro pod kit,https://vapeonlinestore.co.uk/products/geekvape-wenax-q-pro-pod-kit,1.0,high,https://www.vampirevape.co.uk/geek-vape-wenax-q-pro-kit-azure-blue
vampirevape.co.uk,uwell caliburn g3 pro vape pod kit,uwell caliburn g3 pro pod kit,https://vapeonlinestore.co.uk/products/uwell-caliburn-g3-pro-pod-kit,1.0,high,https://www.vampirevape.co.uk/uwell-caliburn-g3-pro-vape-pod-kit
vampirevape.co.uk,Pablo Pouches 24Mg,pablo 50mg nicotine pouches,https://vapeonlinestore.co.uk/products/pablo-50mg-nicotine-pouches,1.0,high,https://www.vampirevape.co.uk/pablo-nic-pouches-ice-cold-24mg
vampirevape.co.uk,Killa Pouches 16Mg,killa nicotine pouches next day delivery,https://vapeonlinestore.co.uk/products/killa-nicotine-pouches,1.0,reviewed,https://www.vampirevape.co.uk/killa-nic-pouches-bubblegum-16mg
vampirevape.co.uk,Killa Pouches Extra Strong 16Mg,killa nicotine pouches next day delivery,https://vapeonlinestore.co.uk/products/killa-nicotine-pouches,1.0,reviewed,https://www.vampirevape.co.uk/killa-nicotine-pouch-cold-mint-extra-strong-16mg
vampirevape.co.uk,Killa Pouches Cold X Extra Strong 16Mg,killa nicotine pouches next day delivery,https://vapeonlinestore.co.uk/products/killa-nicotine-pouches,1.0,reviewed,https://www.vampirevape.co.uk/killa-nic-pouches-cold-x-mint-extra-strong-16mg
vampirevape.co.uk,geek vape soul vape pod kit,geekvape soul pod kit,https://vapeonlinestore.co.uk/products/geekvape-soul-pod-kit,1.0,high,https://www.vampirevape.co.uk/geek-vape-soul-vape-pod-kit
vampirevape.co.uk,geek vape soul replacement pods - 2pk,geek vape soul replacement pods,https://vapeonlinestore.co.uk/products/geek-vape-soul-pods,1.0,high,https://www.vampirevape.co.uk/geek-vape-soul-replacement-pods-2pk
vampirevape.co.uk,vaporesso xros 4 nano vape pod kit,vaporesso xros 4 nano pod vape kit,https://vapeonlinestore.co.uk/products/vaporesso-xros-4-nano-pod-kit,1.0,high,https://www.vampirevape.co.uk/vaporesso-xros-4-nano-vape-pod-kit
vampirevape.co.uk,Smok Novo Gt Box Vape Pod Kit,Smok Novo Gt Box Pod Vape Kit,https://vapeonlinestore.co.uk/products/smok-novo-gt-box-pod-kit,1.0,high,https://www.vampirevape.co.uk/smok-novo-gt-box-vape-pod-kit
vampirevape.co.uk,geek vape aegis solo 3 vape kit,geekvape aegis solo 3 vape kit,https://vapeonlinestore.co.uk/products/geekvape-aegis-solo-3-vape-kit,1.0,high,https://www.vampirevape.co.uk/geek-vape-aegis-solo-3-vape-kit
vampirevape.co.uk,geek vape aegis solo 3 mod,geekvape aegis solo 3 vape kit,https://vapeonlinestore.co.uk/products/geekvape-aegis-solo-3-vape-kit,1.0,high,https://www.vampirevape.co.uk/geek-vape-aegis-solo-3-mod
vampirevape.co.uk,aspire pixo vape pod kit,aspire pixo pod vape kit,https://vapeonlinestore.co.uk/products/aspire-pixo-pod-vape-kit,1.0,high,https://www.vampirevape.co.uk/aspire-pixo-vape-pod-kit
vampirevape.co.uk,aspire pixo replacement pods - 2pk,aspire pixo 3ml pods pack of 2,https://vapeonlinestore.co.uk/products/aspire-pixo-pods,1.0,high,https://www.vampirevape.co.uk/aspire-pixo-replacement-pods-2pk
vampirevape.co.uk,Geekvape Obelisk Tank,geekvape obelisk tank replacement,https://vapeonlinestore.co.uk/products/geekvape-obelisk-tank,1.0,high,https://www.vampirevape.co.uk/geek-vape-obelisk-tank-gunmetal
vampirevape.co.uk,vaporesso luxe xr pod kit,vaporesso luxe xr kit,https://vapeonlinestore.co.uk/products/vaporesso-luxe-xr-kit,1.0,high,https://www.vampirevape.co.uk/vaporesso-luxe-xr-pod-kit
vampirevape.co.uk,lost vape ursa nano pod kit,lost vape ursa nano pod kit uk,https://vapeonlinestore.co.uk/products/ursa-nano-pod-kit-by-lost-vape,1.0,high,https://www.vampirevape.co.uk/lost-vape-ursa-nano-pod-kit
vampirevape.co.uk,innokin adept zlide mod,innokin zlide adept vape kit,https://vapeonlinestore.co.uk/products/zlide-adept-vape-kit,1.0,high,https://www.vampirevape.co.uk/innokin-adept-zlide-mod
vampirevape.co.uk,innokin endura t18e vape tank,innokin endura t18e replacement tank,https://vapeonlinestore.co.uk/products/innokin-endura-t18e-replacement-tank,1.0,high,https://www.vampirevape.co.uk/innokin-endura-t18e-vape-tank
vampirevape.co.uk,horizontech sakerz master vape tank,sakerz master tank by horizontech,https://vapeonlinestore.co.uk/products/sakerz-master-tank-by-horizontech,1.0,high,https://www.vampirevape.co.uk/horizontech-sakerz-master-vape-tank
vampirevape.co.uk,geek vape sonder q 2 vape pod kit,geekvape sonder q2 pod vape kit,https://vapeonlinestore.co.uk/products/geekvape-sonder-q2-pod-vape-kit,1.0,high,https://www.vampirevape.co.uk/geek-vape-sonder-q-2-vape-pod-kit
vampirevape.co.uk,oxva vprime vape pod kit,oxva v prime kit pod kit 2600mah,https://vapeonlinestore.co.uk/products/oxva-v-prime-kit-pod-kit,1.0,reviewed,https://www.vampirevape.co.uk/oxva-vprime-vape-pod-kit
vampirevape.co.uk,oxva vprime replacement pods - 2pk,oxva vprime replacement pods pack of 2,https://vapeonlinestore.co.uk/products/oxva-vprime-replacement-pods,1.0,high,https://www.vampirevape.co.uk/oxva-vprime-replacement-pods-2pk
vampirevape.co.uk,geek vape aegis hero q vape pod kit,geek vape aegis hero q vape pod kit,https://vapeonlinestore.co.uk/products/geek-vape-aegis-hero-q-pod-kit,1.0,high,https://www.vampirevape.co.uk/geek-vape-aegis-hero-q-vape-pod-kit
vampirevape.co.uk,geek vape aegis boost 3 vape kit,geekvape aegis boost 3 pod vape kit,https://vapeonlinestore.co.uk/products/geekvape-aegis-boost-3-pod-vape-kit,1.0,high,https://www.vampirevape.co.uk/geek-vape-aegis-boost-3-vape-kit
vampirevape.co.uk,uwell caliburn g3 pro koko vape pod kit,uwell caliburn g3 pro koko vape pod kit,https://vapeonlinestore.co.uk/products/uwell-caliburn-g3-pro-koko,1.0,high,https://www.vampirevape.co.uk/uwell-caliburn-g3-pro-koko-vape-pod-kit
vampirevape.co.uk,vaporesso armour g vape kit,vaporesso armour g vape pod kit,https://vapeonlinestore.co.uk/products/vaporesso-armour-g-vape-kit,1.0,high,https://www.vampirevape.co.uk/vaporesso-armour-g-vape-kit
vampirevape.co.uk,vaporesso armour g series empty replacement pods - 2pk,vaporesso armour g / gs replacement pods pack of 2,https://vapeonlinestore.co.uk/products/vaporesso-armour-g-gs-replacement-pods,1.0,reviewed,https://www.vampirevape.co.uk/vaporesso-armour-g-series-empty-replacement-pods-2pk
vampirevape.co.uk,oxva xlim ez replacement pods - 3pk,oxva xlim ez replacement pods,https://vapeonlinestore.co.uk/products/oxva-xlim-ez-replacement-pods,1.0,high,https://www.vampirevape.co.uk/oxva-xlim-ez-replacement-pods-3pk
vampirevape.co.uk,elfbar dual10k prefilled vape kit,Elf Bar Dual 10000 Prefilled Pods Kit,https://vapeonlinestore.co.uk/products/elf-bar-dual-10k-puff-vape,1.0,high,https://www.vampirevape.co.uk/elfbar-dual10k-prefilled-vape-kit
vampirevape.co.uk,ske crystal cl6000 prefilled vape kit,ske crystal cl6000 prefilled pod vape kit,https://vapeonlinestore.co.uk/products/ske-crystal-cl6000-prefilled-pod-vape-kit,1.0,high,https://www.vampirevape.co.uk/ske-crystal-cl6000-prefilled-vape-kit
vampirevape.co.uk,ske crystal cl6000 pod & refill,ske crystal cl6000 replacement pods pack of 1,https://vapeonlinestore.co.uk/products/ske-crystal-cl6000-pods,1.0,high,https://www.vampirevape.co.uk/ske-crystal-cl6000-prefilled-pod
vampirevape.co.uk,Snu Pouches,snu nicotine pouches,https://vapeonlinestore.co.uk/products/snu-nicotine-pouches,1.0,high,https://www.vampirevape.co.uk/snu-nic-pouches-triple-mango-20pk
vampirevape.co.uk,elux cyberover 6k prefilled vape kit,elux cyberover 6k vape,https://vapeonlinestore.co.uk/products/elux-cyberover-6000,1.0,reviewed,https://www.vampirevape.co.uk/elux-cyberover-6k-prefilled-vape-kit
vampirevape.co.uk,uwell viscore 8000 pod & refill,uwell viscore 8000 puffs prefilled vape pods 20mg,https://vapeonlinestore.co.uk/products/uwell-viscore-8000-prefilled-pods,1.0,high,https://www.vampirevape.co.uk/uwell-viscore-8000-prefilled-pod-refill
vampirevape.co.uk,vampire vape heisenberg nic salt bundle,vampire vape max 10ml nic salts,https://vapeonlinestore.co.uk/products/vampire-vape-max-10ml,1.0,reviewed,https://www.vampirevape.co.uk/vampire-vape-heisenberg-nic-salt-bundle
vampirevape.co.uk,best of the best bar salts bundle,vampire vape bar salts 10ml e-liquid juice,https://vapeonlinestore.co.uk/products/vampire-vape-bar-salts-10ml,1.0,high,https://www.vampirevape.co.uk/best-of-the-best-bar-salts-bundle
vampirevape.co.uk,lost vape centaurus n200 mod,lost vape centaurus n200 vape kit,https://vapeonlinestore.co.uk/products/lost-vape-centaurus-n200-vape-kit,1.0,high,https://www.vampirevape.co.uk/lost-vape-centaurus-n200-mod
vampirevape.co.uk,lost vape centaurus n200 vape kit,lost vape centaurus n200 vape kit,https://vapeonlinestore.co.uk/products/lost-vape-centaurus-n200-vape-kit,1.0,high,https://www.vampirevape.co.uk/lost-vape-centaurus-n200-vape-kit
vampirevape.co.uk,elfbar elfx pro classic edition vape pod kit,elfbar elfx pro classic edition pod kit,https://vapeonlinestore.co.uk/products/elfbar-elfx-pro-classic-edition-pod-kit,1.0,high,https://www.vampirevape.co.uk/elfbar-elfx-pro-classic-edition-vape-pod-kit
vampirevape.co.uk,Vape Bar Salts Passion Fruit Peach Lemon 10Ml E-Liquid,vampire vape bar salts 10ml e-liquid juice,https://vapeonlinestore.co.uk/products/vampire-vape-bar-salts-10ml,1.0,reviewed,https://www.vampirevape.co.uk/vampire-vape-bar-salts-passionfruit-peach-lemon-10ml-e-liquid
vampirevape.co.uk,Vape Bar Salts Cherry Raspberry Apple 10Ml E-Liquid,vampire vape bar salts 10ml e-liquid juice,https://vapeonlinestore.co.uk/products/vampire-vape-bar-salts-10ml,1.0,reviewed,https://www.vampirevape.co.uk/vampire-vape-bar-salts-cherry-raspberry-apple-10ml-e-liquid
vampirevape.co.uk,Vape Bar Salts Dragonfruit Raspberry Grape 10Ml E-Liquid,vampire vape bar salts 10ml e-liquid juice,https://vapeonlinestore.co.uk/products/vampire-vape-bar-salts-10ml,1.0,reviewed,https://www.vampirevape.co.uk/vampire-vape-bar-salts-dragonfruit-raspberry-grape-10ml-e-liquid
vampirevape.co.uk,Vape Bar Salts Blueberry Raspberry Strawberry 10Ml E-Liquid,vampire vape bar salts 10ml e-liquid juice,https://vapeonlinestore.co.uk/products/vampire-vape-bar-salts-10ml,1.0,reviewed,https://www.vampirevape.co.uk/vampire-vape-bar-salts-blueberry-raspberry-strawberry-10ml-e-liquid
vampirevape.co.uk,Vape Bar Salts Peach Pineapple Watermelon 10Ml E-Liquid,vampire vape bar salts 10ml e-liquid juice,https://vapeonlinestore.co.uk/products/vampire-vape-bar-salts-10ml,1.0,reviewed,https://www.vampirevape.co.uk/vampire-vape-bar-salts-peach-pineapple-watermelon-10ml-e-liquid
vampirevape.co.uk,Vape Bar Salts Fizzy Orange 10Ml E-Liquid,vampire vape bar salts 10ml e-liquid juice,https://vapeonlinestore.co.uk/products/vampire-vape-bar-salts-10ml,1.0,reviewed,https://www.vampirevape.co.uk/vampire-vape-bar-salts-fizzy-orange-10ml-e-liquid
vampirevape.co.uk,geek vape digi pro vape pod kit,geekvape digi pro pod mod kit,https://vapeonlinestore.co.uk/products/geekvape-digi-pro-pod-mod-kit,1.0,high,https://www.vampirevape.co.uk/geek-vape-digi-pro-vape-pod-kit
vampirevape.co.uk,geek vape digi max vape pod kit,geekvape digi max pod mod kit,https://vapeonlinestore.co.uk/products/geekvape-digi-max-pod-mod-kit,1.0,high,https://www.vampirevape.co.uk/geek-vape-digi-max-vape-pod-kit
vampirevape.co.uk,avomi cliq 6000 puff pod vape kit - 20mg,avomi cliq 6000 puff pod vape kit,https://vapeonlinestore.co.uk/products/avomi-cliq-6000,1.0,high,https://www.vampirevape.co.uk/avomi-cliq-prefilled-pod-vape-kit-20mg
vampirevape.co.uk,Avomi Cliq Prefilled Pods,avomi cliq prefilled replacement pods,https://vapeonlinestore.co.uk/products/avomi-cliq-prefilled-pods,1.0,high,https://www.vampirevape.co.uk/avomi-cliq-prefilled-pods-1pk
vampirevape.co.uk,innokin coolfire pzpulse vape kit,innokin coolfire pzpulse pod vape kit,https://vapeonlinestore.co.uk/products/innokin-coolfire-pzpulse-pod-kit,1.0,high,https://www.vampirevape.co.uk/innokin-coolfire-pzpulse-vape-kit
vampirevape.co.uk,innokin pzpulse empty replacement pod - 1pk,innokin pzpulse empty replacement pod,https://vapeonlinestore.co.uk/products/innokin-pzpulse-replacement-pod,1.0,high,https://www.vampirevape.co.uk/innokin-pzpulse-empty-replacement-pod-1pk
vampirevape.co.uk,lost vape centaurus n100 vape kit,lost vape centaurus n100 vape kit,https://vapeonlinestore.co.uk/products/lost-vape-centaurus-n100-vape-kit,1.0,high,https://www.vampirevape.co.uk/lost-vape-centaurus-n100-vape-kit
vampirevape.co.uk,lost vape centaurus n100 mod,lost vape centaurus n100 vape kit,https://vapeonlinestore.co.uk/products/lost-vape-centaurus-n100-vape-kit,1.0,high,https://www.vampirevape.co.uk/lost-vape-centaurus-n100-mod
vampirevape.co.uk,vaporesso armour max vape kit with itank t,vaporesso armour max vape kit,https://vapeonlinestore.co.uk/products/vaporesso-armour-max-vape-kit,1.0,reviewed,https://www.vampirevape.co.uk/vaporesso-armour-max-vape-kit-itank-t-version
vampirevape.co.uk,vaporesso armour s vape kit with itank t,vaporesso armour s kit,https://vapeonlinestore.co.uk/products/vaporesso-armour-s-kit,1.0,reviewed,https://www.vampirevape.co.uk/vaporesso-armour-s-vape-kit-itank-t-version
vampirevape.co.uk,geek vape wenax q ultra vape pod kit,geekvape wenax q ultra vape kit,https://vapeonlinestore.co.uk/products/geekvape-wenax-q-ultra,1.0,high,https://www.vampirevape.co.uk/geek-vape-wenax-q-ultra-vape-pod-kit
vampirevape.co.uk,oxva oneo replacement pods - 3pk,oxva oneo replacement pod cartridges pack of 3,https://vapeonlinestore.co.uk/products/oxva-oneo-pod-cartridges,1.0,high,https://www.vampirevape.co.uk/oxva-oneo-replacement-pods-3pk
vampirevape.co.uk,voopoo argus z2 vape pod kit,voopoo argus z2 vape kit,https://vapeonlinestore.co.uk/products/voopoo-argus-z2-vape-kit,1.0,high,https://www.vampirevape.co.uk/voopoo-argus-z2-vape-pod-kit
vampirevape.co.uk,allo pava horiz ultra vape pod kit,pava allo horiz ultra vape kit,https://vapeonlinestore.co.uk/products/pava-allo-horiz-ultra,1.0,high,https://www.vampirevape.co.uk/allo-pava-horiz-ultra-vape-pod-kit
vampirevape.co.uk,allo pava horiz replacement pods - 3pk,allo pava horiz replacement pods pack of 3,https://vapeonlinestore.co.uk/products/allo-pava-horiz-replacement-pods,1.0,high,https://www.vampirevape.co.uk/allo-pava-horiz-replacement-pods-3pk
vampirevape.co.uk,voopoo vinci e120 vape pod kit,voopoo vinci e120 pod vape kit,https://vapeonlinestore.co.uk/products/voopoo-vinci-e120-pod-vape-kit,1.0,high,https://www.vampirevape.co.uk/voopoo-vinci-e120-vape-pod-kit
vampirevape.co.uk,lost mary bm600 prefilled vape kit,Lost Mary Bm600 Prefilled Reusable Pod Kit,https://vapeonlinestore.co.uk/products/lost-mary-bm600-disposable-vape,1.0,high,https://www.vampirevape.co.uk/lost-mary-bm600-prefilled-vape-kit-20mg
vampirevape.co.uk,lost mary bm600 prefilled pods - 2pk,lost mary bm600 prefilled replacement pods pack of 2,https://vapeonlinestore.co.uk/products/lost-mary-bm600-prefilled-pods,1.0,high,https://www.vampirevape.co.uk/lost-mary-bm600-prefilled-pods-2pk
vampirevape.co.uk,horizontech talons replacement pods - 2pk,horizontech talons replacement pods pack of 2,https://vapeonlinestore.co.uk/products/horizon-tech-talons-replacement-pods,1.0,high,https://www.vampirevape.co.uk/horizontech-talons-replacement-pods-2pk
vampirevape.co.uk,lost mary nera 30k prefilled vape kit,Lost Mary Nera 30000 Puffs Pod Kit,https://vapeonlinestore.co.uk/products/box-of-10-lost-mary-nera-30k,1.0,high,https://www.vampirevape.co.uk/lost-mary-nera-30k-prefilled-vape-kit
vampirevape.co.uk,lost mary nera15k prefilled pods,box of 10 lost mary nera 15k puffs prefilled replacement pods,https://vapeonlinestore.co.uk/products/box-of-10-lost-mary-nera-pods,1.0,high,https://www.vampirevape.co.uk/lost-mary-nera15k-prefilled-pods
vampirevape.co.uk,ske crystal pro 600 prefilled vape kit,ske crystal pro 600 puffs 20mg reusable vape pod kit,https://vapeonlinestore.co.uk/products/ske-crystal-pro-600,1.0,high,https://www.vampirevape.co.uk/ske-crystal-pro-600-prefilled-vape-kit-20mg
vampirevape.co.uk,ske crystal pro 600 prefilled pods - 2pk,ske 600 pro prefilled replacement pods,https://vapeonlinestore.co.uk/products/ske-600-pro-pre-filled-pods,1.0,high,https://www.vampirevape.co.uk/ske-crystal-pro-600-prefilled-pods-20mg-2pk
vampirevape.co.uk,innokin endura v pro vape pod kit,innokin endura v pro vape pod kit,https://vapeonlinestore.co.uk/products/innokin-endura-v-pro-vape-pod-kit,1.0,high,https://www.vampirevape.co.uk/innokin-endura-v-pro-vape-pod-kit
vampirevape.co.uk,innokin coolfire z80 nex vape kit,innokin coolfire z80 nex vape tank kit,https://vapeonlinestore.co.uk/products/innokin-coolfire-z80-nex-vape-tank-kit,1.0,high,https://www.vampirevape.co.uk/innokin-coolfire-z80-nex-vape-kit
vampirevape.co.uk,innokin coolfire z80 nex mod,innokin coolfire z80 nex vape tank kit,https://vapeonlinestore.co.uk/products/innokin-coolfire-z80-nex-vape-tank-kit,1.0,high,https://www.vampirevape.co.uk/innokin-coolfire-z80-nex-mod
vampirevape.co.uk,lost vape thelema elite s vape kit,lost vape thelema elite s vape kit,https://vapeonlinestore.co.uk/products/lost-vape-thelema-elite-s-vape-kit,1.0,high,https://www.vampirevape.co.uk/lost-vape-thelema-elite-s-vape-kit
vampirevape.co.uk,voopoo argus g3 vape pod kit,voopoo argus g3 pod vape kit,https://vapeonlinestore.co.uk/products/voopoo-argus-g3,1.0,high,https://www.vampirevape.co.uk/voopoo-argus-g3-vape-pod-kit
vampirevape.co.uk,Dojo Blast 10000 Prefilled Vape Kit,Vaporesso Dojo Blast 10000 Prefilled Pods Vape Kit,https://vapeonlinestore.co.uk/products/vaporesso-dojo-blast-10k,1.0,high,https://www.vampirevape.co.uk/dojo-blast-10k-prefilled-vape-kit
vampirevape.co.uk,vaporesso vibe vape pod kit,vaporesso vibe vape kit,https://vapeonlinestore.co.uk/products/vaporesso-vibe-vape-kit,1.0,high,https://www.vampirevape.co.uk/vaporesso-vibe-pod-kit
vampirevape.co.uk,vaporesso vibe se vape pod kit,vaporesso vibe se pod vape kit,https://vapeonlinestore.co.uk/products/vaporesso-vibe-se-pod-vape-kit,1.0,high,https://www.vampirevape.co.uk/vaporesso-vibe-se-pod-kit
vampirevape.co.uk,Lost Mary Bm6000 Prefilled Vape Kit,Lost Mary Bm6000 Prefilled Pods Vape Kit,https://vapeonlinestore.co.uk/products/triple-mango-lost-mary-bm6000,1.0,high,https://www.vampirevape.co.uk/lost-mary-bm6000-prefilled-vape-kit
vampirevape.co.uk,Lost Mary Bm6000 Prefilled Pods 20Mg,Lost Mary Bm6000 Refill Pods,https://vapeonlinestore.co.uk/products/lost-mary-bm6000-prefilled-replacement-pods,1.0,high,https://www.vampirevape.co.uk/lost-mary-bm6000-prefilled-pod-1pk
vampirevape.co.uk,titan x prefilled vape kit,Titan Prefilled Pods Kit,https://vapeonlinestore.co.uk/products/box-of-10-titan-10000,1.0,high,https://www.vampirevape.co.uk/titan-x-prefilled-starter-pod-kit
vampirevape.co.uk,vaporesso vibe dual mesh smart pod - 2pk,vaporesso vibe dual smart replacement pods,https://vapeonlinestore.co.uk/products/vaporesso-vibe-dual-smart-replacement-pods,1.0,high,https://www.vampirevape.co.uk/vaporesso-vibe-dual-mesh-smart-pod-2pk
vampirevape.co.uk,Ske Bar Prefilled Vape Kit,Ske Bar 600 Compliant Prefilled Pods Kit,https://vapeonlinestore.co.uk/products/crystal-bar-600-puffs-20mg-disposable-vape-device,1.0,reviewed,https://www.vampirevape.co.uk/ske-crystal-bar-prefilled-vape-kit
vampirevape.co.uk,voopoo argus top fill v2 replacement pods - 3pk,voopoo argus top-fill v2 pod cartridges,https://vapeonlinestore.co.uk/products/voopoo-argus-top-fill-v2-pod-cartridges,1.0,high,https://www.vampirevape.co.uk/voopoo-argus-top-fill-cartridge-v2-3pk
vampirevape.co.uk,uwell caliburn g4 vape pod kit,uwell caliburn g4 vape kit,https://vapeonlinestore.co.uk/products/uwell-caliburn-g4-vape-kit,1.0,high,https://www.vampirevape.co.uk/uwell-caliburn-g4-vape-pod-kit
vampirevape.co.uk,elfbar 600 prefilled replacement pods 2pk,elf bar 600 prefilled pods,https://vapeonlinestore.co.uk/products/elf-bar-600-prefilled-pods,1.0,high,https://www.vampirevape.co.uk/elfbar-600-prefilled-replacement-pods-2pk
vampirevape.co.uk,elfbar 600 prefilled pod kit,Elf Bar 600 Puffs 20Mg Reusable Vape Pod Kit,https://vapeonlinestore.co.uk/products/elf-bar-600-puffs-disposable-vape,1.0,high,https://www.vampirevape.co.uk/elfbar-600-prefilled-pod-kit
vampirevape.co.uk,vozol ace go vape pod kit,vozol ace go vape pod kit,https://vapeonlinestore.co.uk/products/vozol-ace-go-vape-pod-kit,1.0,high,https://www.vampirevape.co.uk/vozol-ace-go-vape-pod-kit
vampirevape.co.uk,vozol ace max vape pod kit,vozol ace max pod kit,https://vapeonlinestore.co.uk/products/vozol-ace-max-pod-kit,1.0,high,https://www.vampirevape.co.uk/vozol-ace-max-vape-pod-kit
vampirevape.co.uk,oxva xlim sq pro 2 vape pod kit,oxva xlim sq pro 2 pod vape kit,https://vapeonlinestore.co.uk/products/oxva-xlim-sq-pro-2-pod-vape-kit,1.0,high,https://www.vampirevape.co.uk/oxva-xlim-sq-pro-2-vape-pod-kit
vampirevape.co.uk,eleaf iveni vape pod kit,eleaf iveni vape pod kit,https://vapeonlinestore.co.uk/products/eleaf-iveni-vape-pod-kit,1.0,high,https://www.vampirevape.co.uk/eleaf-iveni-vape-pod-kit
vampirevape.co.uk,eleaf iveni replacement pods - 2pk,eleaf iveni replacement pods,https://vapeonlinestore.co.uk/products/eleaf-iveni-replacement-pods,1.0,high,https://www.vampirevape.co.uk/eleaf-iveni-replacement-pods-2pk
vampirevape.co.uk,vaporesso xros 5 vape pod kit,vaporesso xros 5 pod vape kit,https://vapeonlinestore.co.uk/products/vaporesso-xros-5,1.0,high,https://www.vampirevape.co.uk/vaporesso-xros-5-vape-pod-kit
vampirevape.co.uk,vaporesso xros 5 mini vape pod kit,vaporesso xros 5 mini pod vape kit,https://vapeonlinestore.co.uk/products/vaporesso-xros-5-mini,1.0,high,https://www.vampirevape.co.uk/vaporesso-xros-5-mini-vape-pod-kit
vampirevape.co.uk,voopoo argus g3 mini vape pod kit,voopoo argus g3 mini pod kit,https://vapeonlinestore.co.uk/products/voopoo-argus-g3-mini,1.0,high,https://www.vampirevape.co.uk/voopoo-argus-g3-mini-vape-pod-kit
vampirevape.co.uk,Nordic Spirit Pouches,nordic spirit nicotine pouches,https://vapeonlinestore.co.uk/products/nordic-spirit-nicotine-pouches,1.0,high,https://www.vampirevape.co.uk/nordic-spirit-nic-pouch-forest-berries-20pk
vampirevape.co.uk,innokin ne-mo vape pod kit,innokin ne-mo vape pod kit,https://vapeonlinestore.co.uk/products/innokin-ne-mo-pod-kit,1.0,high,https://www.vampirevape.co.uk/innokin-ne-mo-vape-pod-kit
vampirevape.co.uk,innokin n replacement pods - 3pk,innokin n replacement pods - pack of 3,https://vapeonlinestore.co.uk/products/innokin-n-replacement-pods,1.0,high,https://www.vampirevape.co.uk/innokin-n-replacement-pods-3pk
vampirevape.co.uk,uwell caliburn g4 mini vape pod kit,uwell caliburn g4 mini pod kit,https://vapeonlinestore.co.uk/products/uwell-caliburn-g4-mini-pod-kit,1.0,high,https://www.vampirevape.co.uk/uwell-caliburn-g4-mini-vape-pod-kit
vampirevape.co.uk,ske bar prefilled pods - 1pk,ske bar prefilled replacement pods pack of 1,https://vapeonlinestore.co.uk/products/ske-bar-600-prefilled-pod,1.0,high,https://www.vampirevape.co.uk/ske-bar-prefilled-replacement-pod
vampirevape.co.uk,smok arco digi vape pod kit,smok arco digi pod kit,https://vapeonlinestore.co.uk/products/smok-arco-digi-pod-kit,1.0,high,https://www.vampirevape.co.uk/smok-arco-digi-vape-pod-kit
vampirevape.co.uk,voopoo argus klyc vape pod kit,voopoo argus klyc vape kit,https://vapeonlinestore.co.uk/products/voopoo-argus-klyc-vape-kit,1.0,high,https://www.vampirevape.co.uk/voopoo-argus-klyc-vape-pod-kit
vampirevape.co.uk,Elf Bar Elf Pouches,elf bar elf nicotine pouches,https://vapeonlinestore.co.uk/products/elf-nicotine-pouches,1.0,high,https://www.vampirevape.co.uk/elfbar-elf-nic-pouches-blueberry-raspberry-20pk
vampirevape.co.uk,vaporesso luxe xr max 2 vape kit,vaporesso luxe xr max 2 kit,https://vapeonlinestore.co.uk/products/vaporesso-luxe-xr-max-2-kit,1.0,high,https://www.vampirevape.co.uk/vaporesso-luxe-xr-max-2-kit
vampirevape.co.uk,oxva xlim top-fill ss replacement pods - 3pk,oxva xlim stainless steel (ss) replacement pods (3-pack),https://vapeonlinestore.co.uk/products/oxva-xlim-stainless-steel-replacement-pods,1.0,reviewed,https://www.vampirevape.co.uk/oxva-xlim-top-fill-ss-replacement-pods-3pk
vampirevape.co.uk,freemax rexa lite vape pod kit,freemax rexa lite vape pod kit,https://vapeonlinestore.co.uk/products/freemax-rexa-lite-vape-pod-kit,1.0,high,https://www.vampirevape.co.uk/freemax-rexa-lite-vape-pod-kit
vampirevape.co.uk,freemax rexa nano vape pod kit,freemax rexa nano vape pod kit,https://vapeonlinestore.co.uk/products/freemax-rexa-nano-vape-pod-kit,1.0,high,https://www.vampirevape.co.uk/freemax-rexa-nano-vape-pod-kit
vampirevape.co.uk,freemax rexa pro vape pod kit,freemax rexa pro vape pod kit,https://vapeonlinestore.co.uk/products/freemax-rexa-pro-vape-pod-kit,1.0,high,https://www.vampirevape.co.uk/freemax-rexa-pro-vape-pod-kit
vampirevape.co.uk,freemax rexa s vape pod kit,freemax rexa s vape pod kit,https://vapeonlinestore.co.uk/products/freemax-rexa-s,1.0,high,https://www.vampirevape.co.uk/freemax-rexa-s-vape-pod-kit
vampirevape.co.uk,freemax rexa smart vape pod kit,freemax rexa smart vape pod kit,https://vapeonlinestore.co.uk/products/freemax-rexa-smart-vape-pod-kit,1.0,high,https://www.vampirevape.co.uk/freemax-rexa-smart-vape-pod-kit
vampirevape.co.uk,freemax rexa sq vape pod kit,freemax rexa sq vape pod kit,https://vapeonlinestore.co.uk/products/freemax-rexa-sq-vape-pod-kit,1.0,high,https://www.vampirevape.co.uk/freemax-rexa-sq-vape-pod-kit
vampirevape.co.uk,pixl duo 12 prefilled pods,pixl duo 12 replacement pods,https://vapeonlinestore.co.uk/products/pixl-duo-12-replacement-pods,1.0,high,https://www.vampirevape.co.uk/pixl-duo-12-prefilled-replacement-pods-2pk
vampirevape.co.uk,pixl 8000 prefilled pods - 1pk,pixl 8000 prefilled pods pack of 1,https://vapeonlinestore.co.uk/products/pixl-8000-prefilled-pods,1.0,high,https://www.vampirevape.co.uk/pixl-8000-prefilled-replacement-pods-1pk
vampirevape.co.uk,pixl 8000 prefilled vape kit,pixl 8000 prefilled pod vape kit,https://vapeonlinestore.co.uk/products/pixl-8000,1.0,high,https://www.vampirevape.co.uk/pixl-8000-prefilled-pod-kit
vampirevape.co.uk,voopoo vinci e replacement pods - 2pk,voopoo vinci replacement pods pack of 3,https://vapeonlinestore.co.uk/products/voopoo-vinci-replacement-pods,1.0,high,https://www.vampirevape.co.uk/voopoo-vinci-replacement-pods-2pk
vampirevape.co.uk,Fumi Pouches,fumi nicotine pouches,https://vapeonlinestore.co.uk/products/fumi-nicotine-pouches,1.0,high,https://www.vampirevape.co.uk/fumi-nicotine-pouches-fiery-mango-20pk
vampirevape.co.uk,geek vape aegis legend 5 vape kit,geekvape aegis legend 5 vape kit,https://vapeonlinestore.co.uk/products/geekvape-aegis-legend-5-vape-kit,1.0,high,https://www.vampirevape.co.uk/geek-vape-aegis-legend-5-vape-kit
vampirevape.co.uk,geek vape aegis legend 5 vape mod,geekvape aegis legend 5 vape kit,https://vapeonlinestore.co.uk/products/geekvape-aegis-legend-5-vape-kit,1.0,high,https://www.vampirevape.co.uk/geek-vape-aegis-legend-5-vape-mod
vampirevape.co.uk,smok arco e1 vape pod kit,smok arco e1 pod kit,https://vapeonlinestore.co.uk/products/smok-arco-e1-pod-kit,1.0,high,https://www.vampirevape.co.uk/smok-arco-e1-pod-kit
vampirevape.co.uk,elfbar plus50 prefilled pods 1pk,elf bar plus 50 prefilled pods,https://vapeonlinestore.co.uk/products/elf-bar-plus-50-pods,1.0,high,https://www.vampirevape.co.uk/elfbar-plus50-prefilled-pods-1pk
vampirevape.co.uk,innokin coolfire p60 vape pod kit,innokin coolfire p60 pod kit,https://vapeonlinestore.co.uk/products/innokin-coolfire-p60,1.0,high,https://www.vampirevape.co.uk/innokin-coolfire-p60-vape-pod-kit
vampirevape.co.uk,innokin coolfire p60 replacement pods - 2pk,innokin coolfire p60 replacement pods,https://vapeonlinestore.co.uk/products/innokin-coolfire-p60-replacement-pod,1.0,high,https://www.vampirevape.co.uk/innokin-coolfire-p60-replacement-pods-2pk
vampirevape.co.uk,oxva nexlim go vape pod kit,oxva nexlim go pod vape kit,https://vapeonlinestore.co.uk/products/oxva-nexlim-go-kit,1.0,high,https://www.vampirevape.co.uk/oxva-nexlim-go-vape-pod-kit
vampirevape.co.uk,voopoo argus matrix vape pod kit,voopoo argus matrix pod kit,https://vapeonlinestore.co.uk/products/voopoo-argus-matrix-pod-kit,1.0,high,https://www.vampirevape.co.uk/voopoo-argus-matrix-pod-kit
vampirevape.co.uk,oxva slimstick prefilled vape kit,oxva slimstick prefilled pod kit,https://vapeonlinestore.co.uk/products/oxva-slimstick-prefilled-pod-kit,1.0,high,https://www.vampirevape.co.uk/oxva-slimstick-prefilled-vape-kit
vampirevape.co.uk,oxva slimstick prefilled pods - 2pk,oxva slimstick prefilled pods,https://vapeonlinestore.co.uk/products/oxva-slimstick-prefilled-pods,1.0,high,https://www.vampirevape.co.uk/oxva-slimstick-prefilled-pods-2pk
vampirevape.co.uk,geek vape wenax q 2 vape pod kit,geekvape wenax q2 pod vape kit,https://vapeonlinestore.co.uk/products/geekvape-wenax-q2,1.0,high,https://www.vampirevape.co.uk/geek-vape-wenax-q-2-pod-kit
vampirevape.co.uk,double drip 10k prefilled vape kit,double drip 10k prefilled pod kit,https://vapeonlinestore.co.uk/products/double-drip-10k,1.0,high,https://www.vampirevape.co.uk/double-drip-10k-prefilled-pod-kit
vampirevape.co.uk,double drip 10k prefilled pod - 1pk,double drip 10k refill pod,https://vapeonlinestore.co.uk/products/double-drip-10k-refill-pod,1.0,high,https://www.vampirevape.co.uk/double-drip-10k-replacement-prefilled-pod-1pk
vampirevape.co.uk,lost vape ursa epoch pro vape pod kit,lost vape ursa epoch pro vape pod kit,https://vapeonlinestore.co.uk/products/lost-vape-ursa-epoch-pro-vape-kit,1.0,high,https://www.vampirevape.co.uk/lost-vape-ursa-epoch-pro-vape-pod-kit
vampirevape.co.uk,lost vape ursa v3 replacement pods - 3pk,lost vape ursa v3 replacement pods pack of 3,https://vapeonlinestore.co.uk/products/lost-vape-ursa-v3-replacement-pods,1.0,high,https://www.vampirevape.co.uk/lost-vape-ursa-v3-replacement-pods-3pk
vampirevape.co.uk,aspire zelos m80 vape kit,aspire zelos m80 vape kit,https://vapeonlinestore.co.uk/products/aspire-zelos-m80-vape-kit,1.0,high,https://www.vampirevape.co.uk/aspire-zelos-m80-vape-kit
vampirevape.co.uk,aspire zelos m80 vape mod,aspire zelos m80 vape mod,https://vapeonlinestore.co.uk/products/aspire-zelos-m80-vape-mod,1.0,high,https://www.vampirevape.co.uk/aspire-zelos-m80-vape-mod
vampirevape.co.uk,aspire nautilus 3sr vape tank,aspire nautilus 3sr replacement tank,https://vapeonlinestore.co.uk/products/aspire-nautilus-3sr-tank,1.0,high,https://www.vampirevape.co.uk/aspire-nautilus-3sr-vape-tank
vampirevape.co.uk,elfbar af5500 prefilled vape kit,Elf Bar Af5500 Prefilled Pods Kit,https://vapeonlinestore.co.uk/products/elf-bar-af5000-disposable-vape-kit,1.0,high,https://www.vampirevape.co.uk/elfbar-af5500-prefilled-vape-kit
vampirevape.co.uk,vaporesso gtx one pro vape mod,vaporesso gtx one pro vape mod,https://vapeonlinestore.co.uk/products/vaporesso-gtx-one-pro-mod,1.0,high,https://www.vampirevape.co.uk/vaporesso-gtx-one-pro-vape-mod
vampirevape.co.uk,lost vape galaxy t360 vape pod kit,lost vape galaxy t360 pod vape kit,https://vapeonlinestore.co.uk/products/lost-vape-galaxy-t360-pod-vape-kit,1.0,high,https://www.vampirevape.co.uk/lost-vape-galaxy-t360-vape-pod-kit
vampirevape.co.uk,oxva xlim go 2 vape pod kit,oxva xlim go 2 pod vape kit,https://vapeonlinestore.co.uk/products/oxva-xlim-go-2,1.0,high,https://www.vampirevape.co.uk/oxva-xlim-go-2-vape-pod-kit
vampirevape.co.uk,Velo Pouches,velo nicotine pouches,https://vapeonlinestore.co.uk/products/velo-nicotine-pouches,1.0,high,https://www.vampirevape.co.uk/velo-nicotine-pouches-crispy-peppermint-20pk
vampirevape.co.uk,Velo Pouches Mini,velo nicotine pouches,https://vapeonlinestore.co.uk/products/velo-nicotine-pouches,1.0,reviewed,https://www.vampirevape.co.uk/velo-nicotine-pouches-mini-purple-grape-20pk
vampirevape.co.uk,vaporesso xros pro 2 vape pod kit,vaporesso xros pro 2 pod vape kit,https://vapeonlinestore.co.uk/products/vaporesso-xros-pro-2,1.0,high,https://www.vampirevape.co.uk/vaporesso-xros-pro-2-vape-pod-kit
vampirevape.co.uk,vaporesso xros corex 3.0 mesh replacement pods - 4pk,vaporesso xros corex 3.0 replacement pods,https://vapeonlinestore.co.uk/products/vaporesso-xros-corex-3-0-replacement-pods,1.0,high,https://www.vampirevape.co.uk/vaporesso-xros-corex-3-0-mesh-replacement-pods-4pk
vampirevape.co.uk,ske crystal cl2000 prefilled pod vape kit,ske crystal cl2000 prefilled pod kit,https://vapeonlinestore.co.uk/products/ske-crystal-cl2000,1.0,high,https://www.vampirevape.co.uk/ske-crystal-cl2000-prefilled-pod-vape-kit
vampirevape.co.uk,ske crystal cl2000 prefilled pods,ske cl2000 refill pods,https://vapeonlinestore.co.uk/products/ske-cl2000-pods,1.0,high,https://www.vampirevape.co.uk/ske-crystal-cl2000-prefilled-pods
vampirevape.co.uk,oxva xlim pro 3 vape pod kit,oxva xlim pro 3 pod kit,https://vapeonlinestore.co.uk/products/oxva-xlim-pro-3,1.0,high,https://www.vampirevape.co.uk/oxva-xlim-pro-3-vape-pod-kit
vampirevape.co.uk,oxva xlim 3 ultra vape pod kit,oxva xlim 3 ultra kit,https://vapeonlinestore.co.uk/products/oxva-xlim-3-ultra-kit,1.0,high,https://www.vampirevape.co.uk/oxva-xlim-3-ultra-vape-pod-kit
vampirevape.co.uk,dojo blast 2000 go v2 prefilled vape kit bundle,vaporesso dojo blast 2000 go puffs pod kit,https://vapeonlinestore.co.uk/products/vaporesso-dojo-blast-2000-go-pod-kit,1.0,reviewed,https://www.vampirevape.co.uk/dojo-blast-2000-go-v2-prefilled-vape-kit-bundle
vampirevape.co.uk,voopoo drag s3 vape kit,voopoo drag s3 vape kit,https://vapeonlinestore.co.uk/products/voopoo-drag-s3-vape-kit,1.0,high,https://www.vampirevape.co.uk/voopoo-drag-s3-vape-pod-kit
vampirevape.co.uk,vampire 10k prefilled pod kit,vampire vape 10k prefilled pod kit,https://vapeonlinestore.co.uk/products/vampire-vape-10k,1.0,high,https://www.vampirevape.co.uk/vampire-vape-10k-prefilled-pod-kit
vampirevape.co.uk,vampire 10k prefilled pods,vampire vape 10k prefilled pods,https://vapeonlinestore.co.uk/products/vampire-vape-10k-pods,1.0,high,https://www.vampirevape.co.uk/vampire-vape-10k-prefilled-pods
vampirevape.co.uk,Hayati Pouches,hayati nicotine pouches,https://vapeonlinestore.co.uk/products/hayati-nicotine-pouches,1.0,high,https://www.vampirevape.co.uk/hayati-nicotine-pouches-coffee-20pk
vampirevape.co.uk,uwell caliburn g4 pro koko vape pod kit,uwell caliburn g4 pro koko pod vape kit,https://vapeonlinestore.co.uk/products/uwell-caliburn-g4-pro-koko,1.0,high,https://www.vampirevape.co.uk/uwell-caliburn-g4-pro-koko-vape-pod-kit
vampirevape.co.uk,uwell caliburn g4 classic vape pod kit,uwell caliburn g4 classic vape pod kit,https://vapeonlinestore.co.uk/products/uwell-caliburn-g4-classic,1.0,high,https://www.vampirevape.co.uk/uwell-caliburn-g4-classic-vape-pod-kit
vampirevape.co.uk,smok novo classy vape pod kit,smok novo classy pod vape kit,https://vapeonlinestore.co.uk/products/smok-novo-classy-pod-vape-kit,1.0,high,https://www.vampirevape.co.uk/smok-novo-classy-vape-pod-kit
vampirevape.co.uk,elfbar joinone 15k prefilled pod kit,elf bar joinone 15 classic prefilled pod kit + free pod,https://vapeonlinestore.co.uk/products/elf-bar-joinone15-classic,1.0,reviewed,https://www.vampirevape.co.uk/elfbar-joinone-15-classic-prefilled-kit
vampirevape.co.uk,titan pro 15k prefilled starter kit,titan pro 15k puffs prefilled pod kit,https://vapeonlinestore.co.uk/products/titan-pro-15k,1.0,high,https://www.vampirevape.co.uk/titan-pro-prefilled-starter-kit
vampirevape.co.uk,titan pro 15k prefilled pods,titan pro 15k refill pod,https://vapeonlinestore.co.uk/products/titan-pro-15k-refill-pod,1.0,high,https://www.vampirevape.co.uk/titan-pro-refill-pods
vampirevape.co.uk,innokin kwik 35k prefilled pod kit,innokin kwik 35k prefilled pod kit,https://vapeonlinestore.co.uk/products/innokin-kwik-35k,1.0,high,https://www.vampirevape.co.uk/innokin-kwik-35k-prefilled-pod-kit
vampirevape.co.uk,innokin kwik 35k prefilled pods - 2pk,innokin kwik 35k prefilled pods,https://vapeonlinestore.co.uk/products/innokin-kwik-35k-pods,1.0,high,https://www.vampirevape.co.uk/innokin-kwik-35k-prefilled-pods-2pk
vampirevape.co.uk,double drip 10k bundle,double drip 10k prefilled pod kit,https://vapeonlinestore.co.uk/products/double-drip-10k,1.0,reviewed,https://www.vampirevape.co.uk/double-drip-10k-bundle
vampirevape.co.uk,vaporesso armour ultra vape kit,vaporesso armour ultra vape kit,https://vapeonlinestore.co.uk/products/vaporesso-armour-ultra-vape,1.0,high,https://www.vampirevape.co.uk/vaporesso-armour-ultra-vape-kit
vampirevape.co.uk,vaporesso armour ultra vape mod,vaporesso armour ultra vape kit,https://vapeonlinestore.co.uk/products/vaporesso-armour-ultra-vape,1.0,high,https://www.vampirevape.co.uk/vaporesso-armour-ultra-vape-mod
vampirevape.co.uk,elfbar elfx mega vape pod kit,elf bar elfx mega pod vape kit,https://vapeonlinestore.co.uk/products/elf-bar-elfx-mega,1.0,high,https://www.vampirevape.co.uk/elfbar-elfx-mega-kit
vampirevape.co.uk,vaporesso xros 5 nano vape pod kit,vaporesso xros 5 nano pod kit,https://vapeonlinestore.co.uk/products/vaporesso-xros-5-nano,1.0,high,https://www.vampirevape.co.uk/vaporesso-xros-5-nano-vape-pod-kit
vampirevape.co.uk,voopoo argus p3 vape pod kit,voopoo argus p3 vape kit,https://vapeonlinestore.co.uk/products/voopoo-argus-p3-vape-kit,1.0,high,https://www.vampirevape.co.uk/voopoo-argus-p3-vape-pod-kit
vampirevape.co.uk,aspire magnum replacement pods - 2pk,aspire magnum replacement pods (2-pack),https://vapeonlinestore.co.uk/products/aspire-magnum-replacement-pods,1.0,high,https://www.vampirevape.co.uk/aspire-magnum-replacement-pods-2pk
vampirevape.co.uk,dojo blast 30k pro prefilled vape kit,vaporesso dojo blast 30k pro pod kit,https://vapeonlinestore.co.uk/products/vaporesso-dojo-blast-30k-pro-pod-kit,1.0,high,https://www.vampirevape.co.uk/dojo-blast-30k-pro-prefilled-vape-kit
vampirevape.co.uk,vaporesso luxe x3 vape kit,Vaporesso Luxe X Pod Kit,https://vapeonlinestore.co.uk/products/vaporesso-luxe-x-pod-kit,1.0,high,https://www.vampirevape.co.uk/vaporesso-luxe-x3-kit
vampirevape.co.uk,innokin klypse v2 replacement pods - 3pk,innokin klypse v2 replacement pods,https://vapeonlinestore.co.uk/products/innokin-klypse-v2-pods,1.0,high,https://www.vampirevape.co.uk/innokin-klypse-v2-replacement-pods-3pk
vampirevape.co.uk,innokin klypse plus vape pod kit,innokin klypse plus vape pod kit,https://vapeonlinestore.co.uk/products/innokin-klypse-plus-pod-kit,1.0,high,https://www.vampirevape.co.uk/innokin-klypse-plus-vape-pod-kit
vampirevape.co.uk,geek vape aegis force replacement pods - 2pk,geekvape aegis force replacement pods,https://vapeonlinestore.co.uk/products/geekvape-aegis-force-pods,1.0,high,https://www.vampirevape.co.uk/geek-vape-aegis-force-replacement-pods-2pk
vampirevape.co.uk,geek vape aegis force vape kit,geekvape aegis force vape kit,https://vapeonlinestore.co.uk/products/geekvape-aegis-force-vape-kit,1.0,high,https://www.vampirevape.co.uk/geek-vape-aegis-force-vape-kit
vampirevape.co.uk,aspire gotek x replacement pods - 2pk,aspire gotek x replacement pods pack of 2,https://vapeonlinestore.co.uk/products/aspire-gotek-x-replacement-pods,1.0,high,https://www.vampirevape.co.uk/aspire-gotek-replacement-pods-2pk
vampirevape.co.uk,uwell caliburn g5 lite vape pod kit,uwell caliburn g5 lite pod vape kit,https://vapeonlinestore.co.uk/products/uwell-caliburn-g5-lite,1.0,high,https://www.vampirevape.co.uk/uwell-caliburn-g5-lite-vape-pod-kit
vampirevape.co.uk,smok novo 6 vape pod kit,smok novo 6 pod vape kit,https://vapeonlinestore.co.uk/products/smok-novo-6-pod-kit,1.0,high,https://www.vampirevape.co.uk/smok-novo-6-vape-pod-kit
vampirevape.co.uk,smok novo 6 ultra vape pod kit,smok novo 6 ultra vape kit,https://vapeonlinestore.co.uk/products/smok-novo-6-ultra-vape-kit,1.0,high,https://www.vampirevape.co.uk/smok-novo-6-ultra-vape-pod-kit
vampirevape.co.uk,uwell caliburn g5 lite se vape pod kit,uwell caliburn g5 lite se vape kit,https://vapeonlinestore.co.uk/products/uwell-caliburn-g5-lite-se-vape-kit,1.0,high,https://www.vampirevape.co.uk/uwell-caliburn-g5-lite-se-vape-pod-kit
vampirevape.co.uk,voopoo vinci s vape pod kit,voopoo vinci s vape pod kit,https://vapeonlinestore.co.uk/products/voopoo-vinci-s-vape-pod-kit,1.0,high,https://www.vampirevape.co.uk/voopoo-vinci-s-vape-pod-kit
vampirevape.co.uk,Vampire Vape Max 10Ml Nic Salt E-Liquid,vampire vape max 10ml nic salts,https://vapeonlinestore.co.uk/products/vampire-vape-max-10ml,1.0,high,https://www.vampirevape.co.uk/vampire-vape-max-banana-ice-10ml-nic-salt-e-liquid
vampirevape.co.uk,oxva xlim go lite vape pod kit,oxva xlim go lite pod kit,https://vapeonlinestore.co.uk/products/oxva-xlim-go-lite-pod-kit,1.0,high,https://www.vampirevape.co.uk/oxva-xlim-go-lite-kit
vampirevape.co.uk,voopoo drag 6 vape kit,voopoo drag 6 vape kit,https://vapeonlinestore.co.uk/products/voopoo-drag-6-vape-kit,1.0,high,https://www.vampirevape.co.uk/voopoo-drag-6-kit
vampirevape.co.uk,voopoo drag 6 vape mod,voopoo drag 6 vape kit,https://vapeonlinestore.co.uk/products/voopoo-drag-6-vape-kit,1.0,high,https://www.vampirevape.co.uk/voopoo-drag-6-mod
vampirevape.co.uk,vaporesso vibe se 2 kit,vaporesso vibe se 2 pod kit,https://vapeonlinestore.co.uk/products/vaporesso-vibe-se-2-pod-kit,1.0,high,https://www.vampirevape.co.uk/vaporesso-vibe-se-2-kit
vampirevape.co.uk,elfbar elfx 2 vape pod kit,elf bar elfx 2 pod kit,https://vapeonlinestore.co.uk/products/elf-bar-elfx-2,1.0,high,https://www.vampirevape.co.uk/elfbar-elfx-2-0-pod-kit
vampirevape.co.uk,aspire loomix vape pod kit,aspire loomix vape pod kit,https://vapeonlinestore.co.uk/products/aspire-loomix-pod-kit,1.0,reviewed,https://www.vampirevape.co.uk/aspire-loomix-vape-pod-kit
vampirevape.co.uk,Nordic Spirit Pouches Strong,nordic spirit nicotine pouches,https://vapeonlinestore.co.uk/products/nordic-spirit-nicotine-pouches,1.0,reviewed,https://www.vampirevape.co.uk/nordic-spirit-nicotine-pouches-icy-peppermint-extra-strong-20pk
vampirevape.co.uk,aspire loomix replacement pods - 2pk,aspire loomix replacement pods,https://vapeonlinestore.co.uk/products/aspire-loomix-pods,1.0,high,https://www.vampirevape.co.uk/aspire-loomix-replacement-pods-2pk
vampirevape.co.uk,elfbar plus 12 prefilled vape kit,elf bar plus 12000 prefilled pod kit,https://vapeonlinestore.co.uk/products/elf-bar-plus-12000,1.0,reviewed,https://www.vampirevape.co.uk/elfbar-plus-12-prefilled-vape-kit
vampirevape.co.uk,elfbar plus 12 prefilled pod + refill,elf bar plus 12000 prefilled pod kit,https://vapeonlinestore.co.uk/products/elf-bar-plus-12000,1.0,reviewed,https://www.vampirevape.co.uk/elfbar-plus-12-prefilled-pod-refill
vampirevape.co.uk,smok nord 6 vape kit,smok nord 6 vape kit,https://vapeonlinestore.co.uk/products/smok-nord-6-vape-kit,1.0,high,https://www.vampirevape.co.uk/smok-nord-6-vape-kit
vampirevape.co.uk,smok rpm4 meshed coils - 5pk,smok rpm 4 meshed coils,https://vapeonlinestore.co.uk/products/smok-rpm-4-coils,1.0,high,https://www.vampirevape.co.uk/smok-rpm4-meshed-coils-5pk
vampirevape.co.uk,sinowatt battery - 30sp 18650 (3000mah 15a),sinowatt 30sp 18650 3000mah 15a rechargeable battery,https://vapeonlinestore.co.uk/products/sinowatt-30sp-18650-3000mah-15a-rechargeable-battery,1.0,high,https://www.vampirevape.co.uk/sinowatt-battery-30sp-18650-3000mah-15a
vampirevape.co.uk,voopoo argus g4 vape pod kit,voopoo argus g4 vape kit,https://vapeonlinestore.co.uk/products/voopoo-argus-g4-vape-kit,1.0,high,https://www.vampirevape.co.uk/voopoo-argus-g4-kit
vampirevape.co.uk,voopoo argus g4 mini kit,voopoo argus g4 mini vape kit,https://vapeonlinestore.co.uk/products/voopoo-argus-g4-mini-vape-kit,1.0,high,https://www.vampirevape.co.uk/voopoo-argus-g4-mini-kit
vampirevape.co.uk,uwell caliburn g5 vape pod kit,uwell caliburn g5 pod vape kit,https://vapeonlinestore.co.uk/products/uwell-caliburn-g5-pod-kit,1.0,high,https://www.vampirevape.co.uk/uwell-caliburn-g5-kit
vampirevape.co.uk,pablo silver nicotine pouches - 10mg - 20pk,pablo silver edition nicotine pouches,https://vapeonlinestore.co.uk/products/pablo-silver-edition-nicotine-pouches,1.0,high,https://www.vampirevape.co.uk/pablo-silver-nicotine-pouches-10mg-20pk
vampirevape.co.uk,oxva nexlim 2 vape kit,oxva nexlim 2 vape kit,https://vapeonlinestore.co.uk/products/oxva-nexlim-2-vape-kit,1.0,high,https://www.vampirevape.co.uk/oxva-nexlim-2-vape-kit
vampirevape.co.uk,oxva nexlim 2 mini vape pod kit,oxva nexlim 2 mini vape kit,https://vapeonlinestore.co.uk/products/oxva-nexlim-2-mini-vape-kit,1.0,high,https://www.vampirevape.co.uk/oxva-nexlim-2-mini-vape-kit
vampirevape.co.uk,geek vape sonder q3 vape kit,geekvape sonder q3 pod vape kit,https://vapeonlinestore.co.uk/products/geekvape-sonder-q3-vape-kit,1.0,high,https://www.vampirevape.co.uk/geek-vape-sonder-q3-vape-kit
vampirevape.co.uk,oxva nexlim v2 replacement pods - 3pk,oxva nexlim replacement pods pack of 3,https://vapeonlinestore.co.uk/products/oxva-nexlim-replacement-pods,1.0,reviewed,https://www.vampirevape.co.uk/oxva-nexlim-v2-replacement-pods-3pk
vampirevape.co.uk,geek vape aegis mini 5 vape kit,geekvape aegis mini 5 vape kit,https://vapeonlinestore.co.uk/products/geekvape-aegis-mini-5,1.0,high,https://www.vampirevape.co.uk/geek-vape-aegis-mini-5-vape-kit
vampirevape.co.uk,geek vape aegis mini 5 vape mod,geekvape aegis mini 5 vape kit,https://vapeonlinestore.co.uk/products/geekvape-aegis-mini-5,1.0,high,https://www.vampirevape.co.uk/geek-vape-aegis-mini-5-vape-mod
vampirevape.co.uk,vaporesso xros mini retro vape kit,vaporesso xros mini retro pod kit,https://vapeonlinestore.co.uk/products/vaporesso-xros-mini-retro-pod-kit,1.0,high,https://www.vampirevape.co.uk/vaporesso-xros-mini-retro-vape-kit
vampirevape.co.uk,vaporesso xros 6 mini vape kit,vaporesso xros 6 mini pod vape kit,https://vapeonlinestore.co.uk/products/vaporesso-xros-6-mini-pod-kit,1.0,high,https://www.vampirevape.co.uk/vaporesso-xros-6-mini-vape-kit
vampirevape.co.uk,vaporesso xros 6 vape kit,vaporesso xros 6 pod vape kit,https://vapeonlinestore.co.uk/products/vaporesso-xros-6-pod-kit,1.0,high,https://www.vampirevape.co.uk/vaporesso-xros-6-vape-kit
vampirevape.co.uk,dojo blast 10k prefilled vape pod - 10mg,Vaporesso Dojo Blast 10000 Prefilled Pods,https://vapeonlinestore.co.uk/products/vaporesso-dojo-blast-10k-pods,1.0,reviewed,https://www.vampirevape.co.uk/dojo-blast-10k-prefilled-vape-pod-10mg
vampirevape.co.uk,Pyne Pod Nic Salt 10Ml E-Liquid,pyne pod 10ml nic salts,https://vapeonlinestore.co.uk/products/pyne-pod-10ml,1.0,high,https://www.vampirevape.co.uk/pyne-pod-nic-salt-sakura-grape-10ml-e-liquid
vampirevape.co.uk,oxva vprime 2 pod kit,oxva vprime 2 pod kit,https://vapeonlinestore.co.uk/products/oxva-vprime-2,1.0,high,https://www.vampirevape.co.uk/oxva-vprime-2-pod-kit
vampirevape.co.uk,dojo blast 7k fresh prefilled pod kit,vaporesso dojo blast 7k fresh prefilled pod kit,https://vapeonlinestore.co.uk/products/vaporesso-dojo-blast-7k-fresh,1.0,reviewed,https://www.vampirevape.co.uk/dojo-blast-7k-fresh-prefilled-pod-kit
vampirevape.co.uk,dojo blast 10k fresh prefilled pod kit,Vaporesso Dojo Blast 10000 Prefilled Pods Vape Kit,https://vapeonlinestore.co.uk/products/vaporesso-dojo-blast-10k,1.0,reviewed,https://www.vampirevape.co.uk/dojo-blast-10k-fresh-prefilled-pod-kit
vampirevape.co.uk,dojo blast 10k fresh prefilled pod,Vaporesso Dojo Blast 10000 Prefilled Pods,https://vapeonlinestore.co.uk/products/vaporesso-dojo-blast-10k-pods,1.0,reviewed,https://www.vampirevape.co.uk/dojo-blast-10k-fresh-prefilled-pod
vampirevape.co.uk,geek vape u replacement pods - 3pk,geekvape u replacement pods pack of 3,https://vapeonlinestore.co.uk/products/geekvape-u-replacement-pods,0.9,high,https://www.vampirevape.co.uk/geek-vape-u-replacement-pods-3pk
vampirevape.co.uk,geek vape q replacement pods - 3pk,geekvape q replacement pods pack of 3,https://vapeonlinestore.co.uk/products/geekvape-q-replacement-pods,0.9,high,https://www.vampirevape.co.uk/geek-vape-q-replacement-pods-3pk
vampirevape.co.uk,Refill Pods,Refill Pods,https://vapeonlinestore.co.uk/products/smok-tech247-replacement-pods,0.9,high,https://www.vampirevape.co.uk/smok-tech247-empty-replacement-pod-2pk
vampirevape.co.uk,geek vape j replacement pods - 2pk,geekvape j 2ml replacement pods pack of 2,https://vapeonlinestore.co.uk/products/geekvape-j-2ml-replacement-pods,0.9,high,https://www.vampirevape.co.uk/geek-vape-j-replacement-pods-2pk
vampirevape.co.uk,dojo blast 2000 go prefilled transparent pod and refill,vaporesso dojo blast 2000 go prefilled replacement pods,https://vapeonlinestore.co.uk/products/vaporesso-dojo-blast-2000-go-prefilled-replacement-pods,0.88,high,https://www.vampirevape.co.uk/dojo-blast-2000-go-prefilled-transparent-pod-and-refill
vampirevape.co.uk,dojo blast 2000 go transparent prefilled vape kit,vaporesso dojo blast 2000 go puffs pod kit,https://vapeonlinestore.co.uk/products/vaporesso-dojo-blast-2000-go-pod-kit,0.88,high,https://www.vampirevape.co.uk/dojo-blast-2000-go-transparent-prefilled-vape-kit
vampirevape.co.uk,innokin endura t18 ii kit-blue,innokin endura t18ii vape kit,https://vapeonlinestore.co.uk/products/innokin-vape-pen-kit-t18-ll,0.85,high,https://www.vampirevape.co.uk/innokin-endura-t18-ii-kit-blue
vampirevape.co.uk,innokin endura t18 ii vape pen kit,innokin endura t18ii vape kit,https://vapeonlinestore.co.uk/products/innokin-vape-pen-kit-t18-ll,0.85,high,https://www.vampirevape.co.uk/innokin-endura-t18-ii-vape-pen-kit
vampirevape.co.uk,Lost Vape Ursa Nano S 2 Vape Kit,lost vape ursa nano s2 pod kit [1000mah],https://vapeonlinestore.co.uk/products/lost-vape-ursa-nano-s2-pod-kit,0.85,high,https://www.vampirevape.co.uk/lost-vape-ursa-nano-s-2-vape-kit
vampirevape.co.uk,uwell caliburn g4 pro vape pod kit,uwell caliburn g4 pro koko pod vape kit,https://vapeonlinestore.co.uk/products/uwell-caliburn-g4-pro-koko,0.85,high,https://www.vampirevape.co.uk/uwell-caliburn-g4-pro-vape-pod-kit
vampirevape.co.uk,hayati pro ultra 25k prefilled vape kit,Hayati Pro Ultra Plus 25000 Prefilled Pods Kit,https://vapeonlinestore.co.uk/products/hayati-pro-ultra,0.85,high,https://www.vampirevape.co.uk/hayati-pro-ultra-25k-prefilled-kit
vampirevape.co.uk,hayati pro ultra 25k prefilled pod & refill,Hayati Pro Ultra Plus 25000 Replacement Refill Pods,https://vapeonlinestore.co.uk/products/hayati-pro-ultra-plus-pods,0.85,high,https://www.vampirevape.co.uk/hayati-pro-ultra-25k-prefilled-pod-refill
vampirevape.co.uk,Smok Vape Pen 22 Replacement,Buy Smok Vape Pen 22 Replacement,https://vapeonlinestore.co.uk/products/vape-pen-22-glass-by-smok,0.8,medium,https://www.vampirevape.co.uk/smok-vape-pen-22-replacement-glass
vampirevape.co.uk,innokin scion ii 2ml tank - black,innokin scion ii 2ml tank,https://vapeonlinestore.co.uk/products/scion-2-vape-tank-by-innokin,0.8,medium,https://www.vampirevape.co.uk/innokin-scion-ii-2ml-tank-black
vampirevape.co.uk,innokin scion ii 2ml tank - rainbow,innokin scion ii 2ml tank,https://vapeonlinestore.co.uk/products/scion-2-vape-tank-by-innokin,0.8,medium,https://www.vampirevape.co.uk/innokin-scion-ii-2ml-tank-rainbow
vampirevape.co.uk,innokin ez watt kit-blue,innokin ez.watt vape starter kit,https://vapeonlinestore.co.uk/products/innokin-ez-watt-kit,0.8,medium,https://www.vampirevape.co.uk/innokin-ez-watt-kit-blue
vampirevape.co.uk,smok trinity alpha replacement pod - rainbow,Smok Trinity Alpha Replacement Vape Pods,https://vapeonlinestore.co.uk/products/smok-trinity-alpha-replacement-1,0.8,medium,https://www.vampirevape.co.uk/smok-trinity-alpha-replacement-pod-rainbow
vampirevape.co.uk,smok trinity alpha replacement pod - gold,Smok Trinity Alpha Replacement Vape Pods,https://vapeonlinestore.co.uk/products/smok-trinity-alpha-replacement-1,0.8,medium,https://www.vampirevape.co.uk/smok-trinity-alpha-replacement-pod-gold
vampirevape.co.uk,innokin adept zlide kit-white,innokin zlide adept vape kit,https://vapeonlinestore.co.uk/products/zlide-adept-vape-kit,0.8,medium,https://www.vampirevape.co.uk/innokin-adept-zlide-kit-white
vampirevape.co.uk,innokin endura t22e starter kit - blue,Innokin Endura T22E Vape Kit,https://vapeonlinestore.co.uk/products/innokin-endura-t22e-vape-kit,0.8,medium,https://www.vampirevape.co.uk/innokin-endura-t22e-starter-kit-blue
vampirevape.co.uk,Innokin Endura T18E Vape Pen Kit,Innokin Endura T18 X Vape Kit,https://vapeonlinestore.co.uk/products/innokin-endura-t18-x-kit,0.8,medium,https://www.vampirevape.co.uk/innokin-endura-t18e-vape-pen-kit
vampirevape.co.uk,aspire pockex vape pen kit,aspire aio pockex pen kit,https://vapeonlinestore.co.uk/products/aio-pockex-aspire-pen-kit,0.8,medium,https://www.vampirevape.co.uk/aspire-pockex-vape-pen-kit
vampirevape.co.uk,freemax fireluke 2 tx coils - 5pk,freemax fireluke 2 replacement coils,https://vapeonlinestore.co.uk/products/freemax-fireluke-2-coils,0.8,medium,https://www.vampirevape.co.uk/freemax-fireluke-2-tx-coils-5pk
vampirevape.co.uk,lost vape ultra boost coils - 5pk,lost vape ultra boost pro coils pack of 3,https://vapeonlinestore.co.uk/products/lost-vape-ultra-boost-pro-coils,0.8,medium,https://www.vampirevape.co.uk/lost-vape-ultra-boost-coils-5pk
vampirevape.co.uk,smok ipx80 kit-blue,smok ipx 80 pod kit,https://vapeonlinestore.co.uk/products/smok-ipx-80-pod-kit,0.8,medium,https://www.vampirevape.co.uk/smok-ipx80-kit-blue
vampirevape.co.uk,aspire zelos 3 kit-red,aspire zelos 3 vape kit,https://vapeonlinestore.co.uk/products/zelos-3-aspire-vape-kit,0.8,medium,https://www.vampirevape.co.uk/aspire-zelos-3-kit-red
vampirevape.co.uk,smok nord 50w pods - rpm - 3pk,smok nord 50w replacement pods,https://vapeonlinestore.co.uk/products/smok-nord-50w-pods,0.8,medium,https://www.vampirevape.co.uk/smok-nord-50w-pods-rpm-3pk
vampirevape.co.uk,smok novo 4 mini replacement pods - 3pk,smok novo 4 empty replacement pods pack of 3,https://vapeonlinestore.co.uk/products/smok-novo-4-replacement-pods,0.8,medium,https://www.vampirevape.co.uk/smok-novo-4-mini-replacement-pods-3pk
vampirevape.co.uk,oxva origin 2 kit - black,oxva origin 2 pod kit price,https://vapeonlinestore.co.uk/products/oxva-origin-2-pod-kit,0.8,medium,https://www.vampirevape.co.uk/oxva-origin-2-kit-black
vampirevape.co.uk,voopoo pnp tw/dw coils - 5pk,voopoo- pnp tw replacement coils pack of 5,https://vapeonlinestore.co.uk/products/voopoo-pnp-tw-replacement-coil,0.8,medium,https://www.vampirevape.co.uk/voopoo-pnp-tw-dw-coils-5pk
vampirevape.co.uk,Uwell Caliburn Tenet Koko Vape Pod Kit,uwell caliburn tenet vape kit,https://vapeonlinestore.co.uk/products/uwell-caliburn-tenet-pod-kit,0.8,medium,https://www.vampirevape.co.uk/uwell-caliburn-tenet-koko-vape-pod-kit-black-white
vampirevape.co.uk,voopoo vinci 3 replacement pods - 2pk,voopoo vinci 3 replacement xl pods pack of 2,https://vapeonlinestore.co.uk/products/voopoo-vinci-3-replacement-pods,0.8,medium,https://www.vampirevape.co.uk/voopoo-vinci-3-replacement-pods-2pk
vampirevape.co.uk,innokin klypse zip kit - pearl,innokin klypse zip kit,https://vapeonlinestore.co.uk/products/innokin-klypse-zip-kit,0.8,medium,https://www.vampirevape.co.uk/innokin-klypse-zip-kit-pearl
vampirevape.co.uk,innokin klypse zip kit - purple,innokin klypse zip kit,https://vapeonlinestore.co.uk/products/innokin-klypse-zip-kit,0.8,medium,https://www.vampirevape.co.uk/innokin-klypse-zip-kit-purple
vampirevape.co.uk,innokin klypse zip kit - mint,innokin klypse zip kit,https://vapeonlinestore.co.uk/products/innokin-klypse-zip-kit,0.8,medium,https://www.vampirevape.co.uk/innokin-klypse-zip-kit-mint
vampirevape.co.uk,aspire bp stik kit - black,aspire bp stik pod kit,https://vapeonlinestore.co.uk/products/aspire-bp-stik-pod-kit,0.8,medium,https://www.vampirevape.co.uk/aspire-bp-stik-kit-black
vampirevape.co.uk,aspire bp stik kit - blue,aspire bp stik pod kit,https://vapeonlinestore.co.uk/products/aspire-bp-stik-pod-kit,0.8,medium,https://www.vampirevape.co.uk/aspire-bp-stik-kit-blue
vampirevape.co.uk,aspire bp stik kit-purple,aspire bp stik pod kit,https://vapeonlinestore.co.uk/products/aspire-bp-stik-pod-kit,0.8,medium,https://www.vampirevape.co.uk/aspire-bp-stik-kit-purple
vampirevape.co.uk,aspire bp stik kit - red,aspire bp stik pod kit,https://vapeonlinestore.co.uk/products/aspire-bp-stik-pod-kit,0.8,medium,https://www.vampirevape.co.uk/aspire-bp-stik-kit-red
vampirevape.co.uk,Uwell Caliburn Gz2 Vape Pod Kit,uwell caliburn a2 pod starter vape kit,https://vapeonlinestore.co.uk/products/uwell-caliburn-a2-pod-vape-kit,0.8,medium,https://www.vampirevape.co.uk/uwell-caliburn-gz2-vape-pod-kit-blue-black
vampirevape.co.uk,innokin endura m18 kit - black,innokin endura m18 pod kit,https://vapeonlinestore.co.uk/products/innokin-endura-m18-pod-kit,0.8,medium,https://www.vampirevape.co.uk/innokin-endura-m18-kit-black
vampirevape.co.uk,innokin endura m18 kit - silver,innokin endura m18 pod kit,https://vapeonlinestore.co.uk/products/innokin-endura-m18-pod-kit,0.8,medium,https://www.vampirevape.co.uk/innokin-endura-m18-kit-silver
vampirevape.co.uk,innokin endura m18 kit - purple,innokin endura m18 pod kit,https://vapeonlinestore.co.uk/products/innokin-endura-m18-pod-kit,0.8,medium,https://www.vampirevape.co.uk/innokin-endura-m18-kit-purple
vampirevape.co.uk,innokin endura m18 kit - blue,innokin endura m18 pod kit,https://vapeonlinestore.co.uk/products/innokin-endura-m18-pod-kit,0.8,medium,https://www.vampirevape.co.uk/innokin-endura-m18-kit-blue
vampirevape.co.uk,Innokin Klypse Mecha Kit Moonshadow,innokin klypse mecha pod vape kit,https://vapeonlinestore.co.uk/products/innokin-klypse-mecha-pod-vape-kit,0.8,medium,https://www.vampirevape.co.uk/innokin-klypse-mecha-kit-moonshadow-ink
vampirevape.co.uk,uwell caliburn explorer vape pod kit - black,uwell caliburn explorer pod vape kit,https://vapeonlinestore.co.uk/products/uwell-caliburn-explorer-pod-vape-kit,0.8,medium,https://www.vampirevape.co.uk/uwell-caliburn-explorer-vape-pod-kit-black
vampirevape.co.uk,uwell caliburn explorer vape pod kit - silver,uwell caliburn explorer pod vape kit,https://vapeonlinestore.co.uk/products/uwell-caliburn-explorer-pod-vape-kit,0.8,medium,https://www.vampirevape.co.uk/uwell-caliburn-explorer-vape-pod-kit-silver
vampirevape.co.uk,innokin zenith minimal tank - rainbow,innokin zenith minimal replacement tank,https://vapeonlinestore.co.uk/products/innokin-zenith-minimal-tank,0.8,medium,https://www.vampirevape.co.uk/innokin-zenith-minimal-tank-rainbow
vampirevape.co.uk,smok nord gt kit - cyan,smok nord gt vape kit,https://vapeonlinestore.co.uk/products/smok-nord-gt-kit,0.8,medium,https://www.vampirevape.co.uk/smok-nord-gt-kit-cyan
vampirevape.co.uk,voopoo vmate max vape pod kit,voopoo vmate max 30w pod vape kit,https://vapeonlinestore.co.uk/products/voopoo-vmate-max-pod-vape-kit,0.8,medium,https://www.vampirevape.co.uk/voopoo-vmate-max-vape-pod-kit
vampirevape.co.uk,voopoo vmate i2 vape pod kit,voopoo vmate i2 small pod kit,https://vapeonlinestore.co.uk/products/voopoo-vmate-i2-small-pod-kit,0.8,medium,https://www.vampirevape.co.uk/voopoo-vmate-i2-vape-pod-kit
vampirevape.co.uk,vaporesso eco nano pro vape pod kit,vaporesso eco nano pod vape kit,https://vapeonlinestore.co.uk/products/vaporesso-eco-nano-vape-kit,0.8,medium,https://www.vampirevape.co.uk/vaporesso-eco-nano-pro-vape-pod-kit
vampirevape.co.uk,smok tfv12 prince coils - 3pk,tfv12 coils - 3 pack by smok,https://vapeonlinestore.co.uk/products/tfv12-coils-3-pack-by-smok,0.8,medium,https://www.vampirevape.co.uk/smok-tfv12-prince-coils-3pk
vampirevape.co.uk,horizontech talons 3 starter vape pod kit,horizontech talons 3 pod kit [1500mah],https://vapeonlinestore.co.uk/products/horizontech-talons-3-pod-kit,0.8,medium,https://www.vampirevape.co.uk/horizontech-talons-3-starter-vape-pod-kit
vampirevape.co.uk,elfliq elfa turbo vape pod kit,elfliq elfa turbo refillable pod vape kit,https://vapeonlinestore.co.uk/products/elfliq-elfa-turbo-vape-kit,0.8,medium,https://www.vampirevape.co.uk/elfliq-elfa-turbo-vape-pod-kit
vampirevape.co.uk,lost vape ursa cap pro vape pod kit,lost vape ursa cap pod vape kit,https://vapeonlinestore.co.uk/products/lost-vape-ursa-cap-pod-vape-kit,0.8,medium,https://www.vampirevape.co.uk/lost-vape-ursa-cap-pro-vape-pod-kit
vampirevape.co.uk,Aspire Nautilus Mini Replacement,aspire nautilus mini replacement glass aspire glass replacement,https://vapeonlinestore.co.uk/products/mini-nautilus-glass-tank-by-aspire,0.8,medium,https://www.vampirevape.co.uk/aspire-nautilus-mini-replacement-glass
vampirevape.co.uk,elfbar elfx dual mesh 2.0 replacement pod - 3pk,elf bar elfx 2.0 replacement pods,https://vapeonlinestore.co.uk/products/elf-bar-elfx-2-pods,0.8,medium,https://www.vampirevape.co.uk/elfbar-elfx-dual-mesh-replacement-pod-2-0-2ml-3pk
vampirevape.co.uk,uwell caliburn gpp alpha replacement pods - 4pk,uwell caliburn gpp replacement pods,https://vapeonlinestore.co.uk/products/uwell-caliburn-gpp-replacement-pods,0.8,medium,https://www.vampirevape.co.uk/uwell-caliburn-gpp-alpha-replacement-pods-4pk
vampirevape.co.uk,smok tfv16 lite coils / conical mesh 3pack-0.15ohm mesh,smok tfv16 lite replacement coils pack of 3,https://vapeonlinestore.co.uk/products/tfv16-lite-replacement-coils-3-pack-by-smok,0.76,medium,https://www.vampirevape.co.uk/smok-tfv16-lite-coils-conical-mesh-3pack-0-15ohm-mesh
vampirevape.co.uk,smok tfv16 lite coils / conical mesh 3pack-0.2ohm mesh,smok tfv16 lite replacement coils pack of 3,https://vapeonlinestore.co.uk/products/tfv16-lite-replacement-coils-3-pack-by-smok,0.76,medium,https://www.vampirevape.co.uk/smok-tfv16-lite-coils-conical-mesh-3pack-0-2ohm-mesh
vampirevape.co.uk,vaporesso xros 3 nano kit-bondi blue,vaporesso xros 3 nano vape kit,https://vapeonlinestore.co.uk/products/vaporesso-xros-3-nano-vape-kit,0.76,medium,https://www.vampirevape.co.uk/vaporesso-xros-3-nano-kit-bondi-blue
vampirevape.co.uk,aspire minican 3 pro kit - dark purple,aspire minican 3 pro vape kit,https://vapeonlinestore.co.uk/products/aspire-minican-3-pro,0.76,medium,https://www.vampirevape.co.uk/aspire-minican-3-pro-kit-dark-purple
vampirevape.co.uk,vaporesso xros series corex 2.0 version replacement pods - 4pk,vaporesso xros corex 2.0 replacement pods,https://vapeonlinestore.co.uk/products/vaporesso-xros-pods-pack-of-2,0.76,medium,https://www.vampirevape.co.uk/vaporesso-xros-series-corex-2-0-version-replacement-pods-4pk
vampirevape.co.uk,uwell caliburn g3 lite vape pod kit-ice blue,uwell caliburn g3 lite vape kit,https://vapeonlinestore.co.uk/products/uwell-caliburn-g3-lite-pod-kit,0.76,medium,https://www.vampirevape.co.uk/uwell-caliburn-g3-lite-vape-pod-kit-ice-blue
vampirevape.co.uk,lost vape ursa nano 3 vape pod kit,lost vape ursa nano 3 pod kit 30w [1200mah],https://vapeonlinestore.co.uk/products/lost-vape-ursa-nano-3-pod-kit,0.76,medium,https://www.vampirevape.co.uk/lost-vape-ursa-nano-3-vape-pod-kit
vampirevape.co.uk,vaporesso dojo blast 10k & 30k prefilled pods,Vaporesso Dojo Blast 10000 Prefilled Pods,https://vapeonlinestore.co.uk/products/vaporesso-dojo-blast-10k-pods,0.75,medium,https://www.vampirevape.co.uk/vaporesso-dojo-blast-10k-prefilled-pod
vampirevape.co.uk,hayati pro max plus prefilled pod & refill,Hayati Pro Max Plus 6000 Replacement Refill Pods,https://vapeonlinestore.co.uk/products/hayati-pro-max-plus-6000-replacement-pods,0.75,medium,https://www.vampirevape.co.uk/hayati-pro-max-plus-prefilled-pod-refill
vampirevape.co.uk,hayati pro max plus prefilled vape kit,Hayati Pro Max Plus 6000 Prefilled Pods Kit,https://vapeonlinestore.co.uk/products/hayati-pro-max-plus-6000,0.75,medium,https://www.vampirevape.co.uk/hayati-pro-max-plus-prefilled-vape-kit
vampirevape.co.uk,innokin scion coils (pack of 3) - 0.5 ohm,innokin scion replacement vape coils [pack of 3],https://vapeonlinestore.co.uk/products/innokin-scion-coils-pack-of-3,0.7,medium,https://www.vampirevape.co.uk/innokin-scion-coils-pack-of-3-0-5-ohm
vampirevape.co.uk,smok nord replacement coils - 0.6 ohm mesh - 5pk,smok nord replacement coils pack of 5,https://vapeonlinestore.co.uk/products/smok-nord-coils,0.7,medium,https://www.vampirevape.co.uk/smok-nord-replacement-coils-0-6-ohm-mesh-5pk
vampirevape.co.uk,smok v8-x4 coils (pack of 3),smok v8 x-baby replacement coils pack of 3,https://vapeonlinestore.co.uk/products/smok-v8-x-baby-coils,0.7,medium,https://www.vampirevape.co.uk/smok-v8-x4-coils-pack-of-3
vampirevape.co.uk,smok novo replacement pods - 1.5 ohm - 3pk,smok novo x replacement pods pack of 3,https://vapeonlinestore.co.uk/products/smok-novo-x-replacement-pods,0.7,medium,https://www.vampirevape.co.uk/smok-novo-replacement-pods-1-5-ohm-3pk
vampirevape.co.uk,aspire bvc coils - 5pk,aspire nautilus bvc replacement coils pack of 5,https://vapeonlinestore.co.uk/products/nautilus-bvc-coil-by-aspire,0.7,medium,https://www.vampirevape.co.uk/aspire-bvc-coils-5pk
vampirevape.co.uk,innokin t18e coils - 5pk,Innokin Endura T18 Coils,https://vapeonlinestore.co.uk/products/endura-t18-coils-5-pack-by-innokin,0.7,medium,https://www.vampirevape.co.uk/innokin-t18e-coils-5pk
vampirevape.co.uk,innokin t20-s coils - 5pk,innokin prism s t20s coils pack of 5,https://vapeonlinestore.co.uk/products/prism-s-t20s-coils-5-pack-by-innokin,0.7,medium,https://www.vampirevape.co.uk/innokin-t20-s-coils-5pk
vampirevape.co.uk,smok thallo empty pods-rpm,smok thallo replacement pods,https://vapeonlinestore.co.uk/products/smok-thallo-pods,0.7,medium,https://www.vampirevape.co.uk/smok-thallo-empty-pods-rpm
vampirevape.co.uk,horizontech sakerz vape tank,sakerz master tank by horizontech,https://vapeonlinestore.co.uk/products/sakerz-master-tank-by-horizontech,0.7,medium,https://www.vampirevape.co.uk/horizontech-sakerz-vape-tank
vampirevape.co.uk,geek vape aegis coils - 5pk,aegis boost pod & coil pack by geek vape,https://vapeonlinestore.co.uk/products/aegis-boost-pod-coil-pack-by-geek-vape,0.7,medium,https://www.vampirevape.co.uk/geek-vape-aegis-coils-5pk
vampirevape.co.uk,geek vape aegis 1fc vape pen kit,geekvape 1fc pod kit price,https://vapeonlinestore.co.uk/products/aegis-1-fc-pod-kit-by-geek-vape,0.7,medium,https://www.vampirevape.co.uk/geek-vape-aegis-1fc-vape-pen-kit
vampirevape.co.uk,innokin eqs kit - grey,innokin eqs pod vape kit,https://vapeonlinestore.co.uk/products/innokin-eqs-pod-vape-kit,0.7,medium,https://www.vampirevape.co.uk/innokin-eqs-kit-grey
vampirevape.co.uk,innokin eqs kit - purple,innokin eqs pod vape kit,https://vapeonlinestore.co.uk/products/innokin-eqs-pod-vape-kit,0.7,medium,https://www.vampirevape.co.uk/innokin-eqs-kit-purple
vampirevape.co.uk,smok nord pro replacement pods - 3pk,Smok Nord Refill Pods,https://vapeonlinestore.co.uk/products/refillable-pod-for-smok-nord,0.7,medium,https://www.vampirevape.co.uk/smok-nord-pro-replacement-pods-3pk
vampirevape.co.uk,vaporesso moti x replacement pods - 2pk,vaporesso moti x mini replacement pod,https://vapeonlinestore.co.uk/products/vaporesso-moti-x-mini-replacement-pod,0.7,medium,https://www.vampirevape.co.uk/vaporesso-moti-x-replacement-pods-2pk
vampirevape.co.uk,voopoo ito-x pod - black- 1pk,Voopoo Ito X Refill Pods,https://vapeonlinestore.co.uk/products/voopoo-ito-x-pod,0.7,medium,https://www.vampirevape.co.uk/voopoo-ito-x-pod-black-1pk
vampirevape.co.uk,uwell caliburn a2s replacement pods - 4pk,uwell caliburn a2s side fill replacement pods pack of 4,https://vapeonlinestore.co.uk/products/uwell-caliburn-a2s-replacement-pods,0.7,medium,https://www.vampirevape.co.uk/uwell-caliburn-a2s-replacement-pods-4pk
vampirevape.co.uk,innokin endura t18 x kit-navy blue,Innokin Endura T18 X Vape Kit,https://vapeonlinestore.co.uk/products/innokin-endura-t18-x-kit,0.7,medium,https://www.vampirevape.co.uk/innokin-endura-t18-x-kit-navy-blue
vampirevape.co.uk,oxva origin 2 kit - black red,oxva origin 2 pod kit price,https://vapeonlinestore.co.uk/products/oxva-origin-2-pod-kit,0.7,medium,https://www.vampirevape.co.uk/oxva-origin-2-kit-black-red
vampirevape.co.uk,oxva origin 2 kit - stainless steel,oxva origin 2 pod kit price,https://vapeonlinestore.co.uk/products/oxva-origin-2-pod-kit,0.7,medium,https://www.vampirevape.co.uk/oxva-origin-2-kit-stainless-steel
vampirevape.co.uk,oxva origin 2 kit - sunset blue,oxva origin 2 pod kit price,https://vapeonlinestore.co.uk/products/oxva-origin-2-pod-kit,0.7,medium,https://www.vampirevape.co.uk/oxva-origin-2-kit-sunset-blue
vampirevape.co.uk,voopoo argus xt kit - lime green,voopoo argus xt vape kit,https://vapeonlinestore.co.uk/products/voopoo-argus-xt-vape-kit,0.7,medium,https://www.vampirevape.co.uk/voopoo-argus-xt-kit-lime-green
vampirevape.co.uk,voopoo argus xt kit-silver grey,voopoo argus xt vape kit,https://vapeonlinestore.co.uk/products/voopoo-argus-xt-vape-kit,0.7,medium,https://www.vampirevape.co.uk/voopoo-argus-xt-kit-silver-grey
vampirevape.co.uk,uwell crown d vape pod kit - blue,uwell crown d pod vape kit,https://vapeonlinestore.co.uk/products/uwell-crown-d-pod-vape-kit,0.7,medium,https://www.vampirevape.co.uk/uwell-crown-d-vape-pod-kit-blue
vampirevape.co.uk,uwell crown d vape pod kit - grey,uwell crown d pod vape kit,https://vapeonlinestore.co.uk/products/uwell-crown-d-pod-vape-kit,0.7,medium,https://www.vampirevape.co.uk/uwell-crown-d-vape-pod-kit-grey
vampirevape.co.uk,uwell crown d vape pod kit - green,uwell crown d pod vape kit,https://vapeonlinestore.co.uk/products/uwell-crown-d-pod-vape-kit,0.7,medium,https://www.vampirevape.co.uk/uwell-crown-d-vape-pod-kit-green
vampirevape.co.uk,uwell crown d vape pod kit - purple,uwell crown d pod vape kit,https://vapeonlinestore.co.uk/products/uwell-crown-d-pod-vape-kit,0.7,medium,https://www.vampirevape.co.uk/uwell-crown-d-vape-pod-kit-purple
vampirevape.co.uk,uwell crown d vape pod kit - red,uwell crown d pod vape kit,https://vapeonlinestore.co.uk/products/uwell-crown-d-pod-vape-kit,0.7,medium,https://www.vampirevape.co.uk/uwell-crown-d-vape-pod-kit-red
vampirevape.co.uk,uwell caliburn tenet vape pod kit - carbon black,uwell caliburn tenet vape kit,https://vapeonlinestore.co.uk/products/uwell-caliburn-tenet-pod-kit,0.7,medium,https://www.vampirevape.co.uk/uwell-caliburn-tenet-vape-pod-kit-carbon-black
vampirevape.co.uk,uwell caliburn tenet vape pod kit - copper red,uwell caliburn tenet vape kit,https://vapeonlinestore.co.uk/products/uwell-caliburn-tenet-pod-kit,0.7,medium,https://www.vampirevape.co.uk/uwell-caliburn-tenet-vape-pod-kit-copper-red
vampirevape.co.uk,uwell caliburn tenet koko vape pod kit - copper,uwell caliburn tenet vape kit,https://vapeonlinestore.co.uk/products/uwell-caliburn-tenet-pod-kit,0.7,medium,https://www.vampirevape.co.uk/uwell-caliburn-tenet-koko-vape-pod-kit-copper
vampirevape.co.uk,uwell caliburn tenet koko vape pod kit - grey,uwell caliburn tenet vape kit,https://vapeonlinestore.co.uk/products/uwell-caliburn-tenet-pod-kit,0.7,medium,https://www.vampirevape.co.uk/uwell-caliburn-tenet-koko-vape-pod-kit-gray
vampirevape.co.uk,innokin coolfire z60 zlide top vape kit,innokin coolfire z60 vape kit,https://vapeonlinestore.co.uk/products/innokin-coolfire-z60-kit,0.7,medium,https://www.vampirevape.co.uk/innokin-coolfire-z60-zlide-top-vape-kit
vampirevape.co.uk,geek vape wenax q vape pod kit,Geekvape Wenax Q Mini Pod Kit,https://vapeonlinestore.co.uk/products/gradient-purple-geekvape-wenax-q-mini-pod-kit,0.7,medium,https://www.vampirevape.co.uk/geek-vape-wenax-q-vape-pod-kit
vampirevape.co.uk,oxva artio kit-black,oxva artio pod kit price,https://vapeonlinestore.co.uk/products/oxva-artio-pod-kit,0.7,medium,https://www.vampirevape.co.uk/oxva-artio-kit-black
vampirevape.co.uk,oxva artio kit - purple,oxva artio pod kit price,https://vapeonlinestore.co.uk/products/oxva-artio-pod-kit,0.7,medium,https://www.vampirevape.co.uk/oxva-artio-kit-purple
vampirevape.co.uk,aspire bp stik kit - rose gold,aspire bp stik pod kit,https://vapeonlinestore.co.uk/products/aspire-bp-stik-pod-kit,0.7,medium,https://www.vampirevape.co.uk/aspire-bp-stik-kit-rose-gold
vampirevape.co.uk,uwell caliburn gz2 vape pod kit - black,uwell caliburn a2 pod starter vape kit,https://vapeonlinestore.co.uk/products/uwell-caliburn-a2-pod-vape-kit,0.7,medium,https://www.vampirevape.co.uk/uwell-caliburn-gz2-vape-pod-kit-black
vampirevape.co.uk,uwell caliburn gz2 vape pod kit - red,uwell caliburn a2 pod starter vape kit,https://vapeonlinestore.co.uk/products/uwell-caliburn-a2-pod-vape-kit,0.7,medium,https://www.vampirevape.co.uk/uwell-caliburn-gz2-vape-pod-kit-red
vampirevape.co.uk,uwell caliburn gz2 vape pod kit - silver,uwell caliburn a2 pod starter vape kit,https://vapeonlinestore.co.uk/products/uwell-caliburn-a2-pod-vape-kit,0.7,medium,https://www.vampirevape.co.uk/uwell-caliburn-gz2-vape-pod-kit-silver
vampirevape.co.uk,Smok Propod Gt Kit,Smok Propod Pod Vape Kit,https://vapeonlinestore.co.uk/products/smok-propod-pod-kit,0.7,medium,https://www.vampirevape.co.uk/smok-propod-gt-kit-peacock-green
vampirevape.co.uk,innokin endura m18 kit - midnight green,innokin endura m18 pod kit,https://vapeonlinestore.co.uk/products/innokin-endura-m18-pod-kit,0.7,medium,https://www.vampirevape.co.uk/innokin-endura-m18-kit-midnight-green
vampirevape.co.uk,geek vape aegis q kit - red,geekvape aegis q kit,https://vapeonlinestore.co.uk/products/geekvape-aegis-q-kit,0.7,medium,https://www.vampirevape.co.uk/geek-vape-aegis-q-kit-red
vampirevape.co.uk,geek vape aegis q kit - silver,geekvape aegis q kit,https://vapeonlinestore.co.uk/products/geekvape-aegis-q-kit,0.7,medium,https://www.vampirevape.co.uk/geek-vape-aegis-q-kit-silver
vampirevape.co.uk,geek vape aegis q kit - blue,geekvape aegis q kit,https://vapeonlinestore.co.uk/products/geekvape-aegis-q-kit,0.7,medium,https://www.vampirevape.co.uk/geek-vape-aegis-q-kit-blue
vampirevape.co.uk,innokin klypse mecha kit - stardust silver,innokin klypse mecha pod vape kit,https://vapeonlinestore.co.uk/products/innokin-klypse-mecha-pod-vape-kit,0.7,medium,https://www.vampirevape.co.uk/innokin-klypse-mecha-kit-stardust-silver
vampirevape.co.uk,smok nord gt empty replacement pod - 3pk,Smok Nord Refill Pods,https://vapeonlinestore.co.uk/products/refillable-pod-for-smok-nord,0.7,medium,https://www.vampirevape.co.uk/smok-nord-gt-empty-replacement-pod-3pk
vampirevape.co.uk,uwell caliburn gk3 vape pod kit - red,uwell caliburn a3 pod kit,https://vapeonlinestore.co.uk/products/uwell-caliburn-a3-pod-kit,0.7,medium,https://www.vampirevape.co.uk/uwell-caliburn-gk3-vape-pod-kit-red
vampirevape.co.uk,uwell caliburn gk3 kit - silver,uwell caliburn a3 pod kit,https://vapeonlinestore.co.uk/products/uwell-caliburn-a3-pod-kit,0.7,medium,https://www.vampirevape.co.uk/uwell-caliburn-gk3-kit-silver
vampirevape.co.uk,innokin klypse mecha kit - rainbow fusion,innokin klypse mecha pod vape kit,https://vapeonlinestore.co.uk/products/innokin-klypse-mecha-pod-vape-kit,0.7,medium,https://www.vampirevape.co.uk/innokin-klypse-mecha-kit-rainbow-fusion
vampirevape.co.uk,innokin pzp coils - 3pk,innokin pzp max replacement coils pack of 3,https://vapeonlinestore.co.uk/products/innokin-pzp-max-replacement-coils,0.7,medium,https://www.vampirevape.co.uk/innokin-pzp-coils-3pk
vampirevape.co.uk,uwell crown x vape pod kit - red,uwell crown x pod vape kit,https://vapeonlinestore.co.uk/products/uwell-crown-x-pod-vape-kit,0.7,medium,https://www.vampirevape.co.uk/uwell-crown-x-vape-pod-kit-red
vampirevape.co.uk,uwell crown x vape pod kit - blue,uwell crown x pod vape kit,https://vapeonlinestore.co.uk/products/uwell-crown-x-pod-vape-kit,0.7,medium,https://www.vampirevape.co.uk/uwell-crown-x-vape-pod-kit-blue
vampirevape.co.uk,uwell crown x vape pod kit - green,uwell crown x pod vape kit,https://vapeonlinestore.co.uk/products/uwell-crown-x-pod-vape-kit,0.7,medium,https://www.vampirevape.co.uk/uwell-crown-x-vape-pod-kit-green
vampirevape.co.uk,voopoo argus pnp x empty replacement pods - 2pk,Voopoo Pnp X Refill Pods,https://vapeonlinestore.co.uk/products/pnp-x-replacement-pod-by-voopoo,0.7,medium,https://www.vampirevape.co.uk/voopoo-argus-pnp-x-empty-replacement-pods-2pk
vampirevape.co.uk,innokin klypse pro vape pod kit,innokin klypse pod kit,https://vapeonlinestore.co.uk/products/innokin-klypse-pod-kit,0.7,medium,https://www.vampirevape.co.uk/innokin-klypse-pro-vape-pod-kit
vampirevape.co.uk,geek vape obelisk tank - silver,geekvape obelisk tank replacement,https://vapeonlinestore.co.uk/products/geekvape-obelisk-tank,0.7,medium,https://www.vampirevape.co.uk/geek-vape-obelisk-tank-silver
vampirevape.co.uk,vaporesso armour s kit - yellow,vaporesso armour s kit,https://vapeonlinestore.co.uk/products/vaporesso-armour-s-kit,0.7,medium,https://www.vampirevape.co.uk/vaporesso-armour-s-kit-yellow
vampirevape.co.uk,innokin trine se vape pod kit,innokin trine pod vape kit,https://vapeonlinestore.co.uk/products/innokin-trine-pod-kit,0.7,medium,https://www.vampirevape.co.uk/innokin-trine-se-vape-pod-kit
vampirevape.co.uk,vaporesso armour g kit-blue,vaporesso armour g vape pod kit,https://vapeonlinestore.co.uk/products/vaporesso-armour-g-vape-kit,0.7,medium,https://www.vampirevape.co.uk/vaporesso-armour-g-kit-blue
vampirevape.co.uk,freemax evox vape pod kit,freemax evox refillable pod kit,https://vapeonlinestore.co.uk/products/freemax-evox-pod-kit,0.7,medium,https://www.vampirevape.co.uk/freemax-evox-vape-pod-kit
vampirevape.co.uk,oxva nexlim series vape pod kit,oxva nexlim pod vape kit,https://vapeonlinestore.co.uk/products/oxva-nexlim-pod-vape-kit,0.7,medium,https://www.vampirevape.co.uk/oxva-nexlim-series-vape-pod-kit
vampirevape.co.uk,oxva nexlim series replacement pods - 3pk,oxva nexlim replacement pods pack of 3,https://vapeonlinestore.co.uk/products/oxva-nexlim-replacement-pods,0.7,medium,https://www.vampirevape.co.uk/oxva-nexlim-series-cartridge-3pk
vampirevape.co.uk,smok novo slr replacement pods - 3pk,smok novo x replacement pods pack of 3,https://vapeonlinestore.co.uk/products/smok-novo-x-replacement-pods,0.7,medium,https://www.vampirevape.co.uk/smok-novo-slr-replacement-pods-3pk
vampirevape.co.uk,voopoo vinci pnp-x empty replacement pods - 2pk,Voopoo Pnp X Refill Pods,https://vapeonlinestore.co.uk/products/pnp-x-replacement-pod-by-voopoo,0.7,medium,https://www.vampirevape.co.uk/voopoo-vinci-pnp-x-empty-replacement-pod-2pk
vampirevape.co.uk,aspire cyber gt vape kit,aspire cyber x pod vape kit price,https://vapeonlinestore.co.uk/products/aspire-cyber-x-pod-vape-kit,0.7,medium,https://www.vampirevape.co.uk/aspire-cyber-gt-vape-kit
vampirevape.co.uk,lost vape e plus dual mesh pod - 3pk,lost vape e-plus replacement cartridge pods,https://vapeonlinestore.co.uk/products/lost-vape-e-plus-replacement-pods,0.7,medium,https://www.vampirevape.co.uk/lost-vape-e-plus-dual-mesh-pod-3pk
vampirevape.co.uk,geek vape digi q vista vape pod kit,geekvape digi q pod vape kit,https://vapeonlinestore.co.uk/products/geekvape-digi-q-pod-vape-kit,0.7,medium,https://www.vampirevape.co.uk/geek-vape-digi-q-vista-vape-kit
vampirevape.co.uk,freemax rexa replacement pods - 3pk,Freemax Rexa Duomax Refill Pods,https://vapeonlinestore.co.uk/products/freemax-rexa-duomax-replacement-pods,0.7,medium,https://www.vampirevape.co.uk/freemax-rexa-replacement-pods-3pk
vampirevape.co.uk,pixl duo 12 prefilled vape kit,pixl duo 12 6000 puffs pod kit,https://vapeonlinestore.co.uk/products/pixl-duo-12-disposable-vape-kit-20mg,0.7,medium,https://www.vampirevape.co.uk/pixl-duo-12-prefilled-vape-kit
vampirevape.co.uk,lost mary nera15k prefilled pods-juicy peach,box of 10 lost mary nera 15k puffs prefilled replacement pods,https://vapeonlinestore.co.uk/products/box-of-10-lost-mary-nera-pods,0.7,medium,https://www.vampirevape.co.uk/lost-mary-nera15k-prefilled-pods-juicy-peach
vampirevape.co.uk,avomi cliq mini prefilled pods,avomi cliq prefilled replacement pods,https://vapeonlinestore.co.uk/products/avomi-cliq-prefilled-pods,0.7,medium,https://www.vampirevape.co.uk/avomi-cliq-mini-prefilled-pods
vampirevape.co.uk,voopoo argus snap cartridge - 3pk,voopoo argus replacement pods,https://vapeonlinestore.co.uk/products/argus-replacement-pods-by-voopoo,0.7,medium,https://www.vampirevape.co.uk/voopoo-argus-snap-cartridge-3pk
vampirevape.co.uk,vampire vape max best of both e-liquid bundle,vampire vape max 10ml nic salts,https://vapeonlinestore.co.uk/products/vampire-vape-max-10ml,0.7,medium,https://www.vampirevape.co.uk/vampire-vape-max-best-of-both-e-liquid-bundle
vampirevape.co.uk,smok novo axis vape pod kit,smok novo x kit,https://vapeonlinestore.co.uk/products/smok-novo-x-pod-kit,0.7,medium,https://www.vampirevape.co.uk/smok-novo-axis-kit
vampirevape.co.uk,vaporesso xros 4 mini vape pod kit - space grey - 0.4ohm version,vaporesso xros 4 mini pod kit,https://vapeonlinestore.co.uk/products/vaporesso-xros-4-mini-pod-kit,0.66,low,https://www.vampirevape.co.uk/vaporesso-xros-4-mini-vape-pod-kit-space-grey
vampirevape.co.uk,vaporesso xros 4 mini vape pod kit - champagne gold - 0.4ohm version,vaporesso xros 4 mini pod kit,https://vapeonlinestore.co.uk/products/vaporesso-xros-4-mini-pod-kit,0.66,low,https://www.vampirevape.co.uk/vaporesso-xros-4-minivape-pod-kit-champagne-gold
vampirevape.co.uk,vaporesso xros 4 mini vape pod kit - ice blue - 0.4ohm version,vaporesso xros 4 mini pod kit,https://vapeonlinestore.co.uk/products/vaporesso-xros-4-mini-pod-kit,0.66,low,https://www.vampirevape.co.uk/vaporesso-xros-4-mini-kit-ice-blue-1
vampirevape.co.uk,vaporesso xros 4 mini vape pod kit - ice purple - 0.4ohm version,vaporesso xros 4 mini pod kit,https://vapeonlinestore.co.uk/products/vaporesso-xros-4-mini-pod-kit,0.66,low,https://www.vampirevape.co.uk/vaporesso-xros-4-mini-vape-pod-kit-ice-purple
vampirevape.co.uk,innokin coolfire z60 zlide top kit-blue,innokin coolfire z60 vape kit,https://vapeonlinestore.co.uk/products/innokin-coolfire-z60-kit,0.64,low,https://www.vampirevape.co.uk/innokin-coolfire-z60-zlide-top-kit-blue
vampirevape.co.uk,vaporesso luxe q2 se kit - mint green,vaporesso luxe q2 pod kit,https://vapeonlinestore.co.uk/products/vaporesso-luxe-q2-pod-kit,0.64,low,https://www.vampirevape.co.uk/vaporesso-luxe-q2-se-kit-mint-green
vampirevape.co.uk,vaporesso luxe q2 se kit - pearl white,vaporesso luxe q2 pod kit,https://vapeonlinestore.co.uk/products/vaporesso-luxe-q2-pod-kit,0.64,low,https://www.vampirevape.co.uk/vaporesso-luxe-q2-se-kit-pearl-white
vampirevape.co.uk,vaporesso luxe q2 se kit - digital blue,vaporesso luxe q2 pod kit,https://vapeonlinestore.co.uk/products/vaporesso-luxe-q2-pod-kit,0.64,low,https://www.vampirevape.co.uk/vaporesso-luxe-q2-se-kit-digital-blue
vampirevape.co.uk,vaporesso luxe q2 se kit - fashion black,vaporesso luxe q2 pod kit,https://vapeonlinestore.co.uk/products/vaporesso-luxe-q2-pod-kit,0.64,low,https://www.vampirevape.co.uk/vaporesso-luxe-q2-se-kit-fashion-black
vampirevape.co.uk,vaporesso luxe xr max - single pod version-blue (single pod version),Vaporesso Luxe X And Xr Refill Pods,https://vapeonlinestore.co.uk/products/vaporesso-luxe-x-xr-replacement-pods,0.64,low,https://www.vampirevape.co.uk/vaporesso-luxe-xr-max-single-pod-version-blue-single-pod-version
vampirevape.co.uk,vaporesso luxe xr max - single pod version-red (single pod version),Vaporesso Luxe X And Xr Refill Pods,https://vapeonlinestore.co.uk/products/vaporesso-luxe-x-xr-replacement-pods,0.64,low,https://www.vampirevape.co.uk/vaporesso-luxe-xr-max-single-pod-version-red-single-pod-version
vampirevape.co.uk,vaporesso xros pro vape pod kit - green - 0.4ohm version,Vaporesso Xros Pro Pod Vape Kit,https://vapeonlinestore.co.uk/products/vaporesso-xros-pro-pod-kit,0.64,low,https://www.vampirevape.co.uk/vaporesso-xros-pro-vape-pod-kit-green
vampirevape.co.uk,vaporesso xros pro vape pod kit - orange - 0.4ohm version,Vaporesso Xros Pro Pod Vape Kit,https://vapeonlinestore.co.uk/products/vaporesso-xros-pro-pod-kit,0.64,low,https://www.vampirevape.co.uk/vaporesso-xros-pro-vape-pod-kit-orange
vampirevape.co.uk,vaporesso xros pro vape pod kit - silver - 0.4ohm version,Vaporesso Xros Pro Pod Vape Kit,https://vapeonlinestore.co.uk/products/vaporesso-xros-pro-pod-kit,0.64,low,https://www.vampirevape.co.uk/vaporesso-xros-pro-vape-pod-kit-silver
vampirevape.co.uk,smok tfv16 lite tank-black,smok tfv16 lite 2ml vape tank sub-ohm vaping,https://vapeonlinestore.co.uk/products/tfv16-lite-sub-ohm-tank-by-smok,0.6,low,https://www.vampirevape.co.uk/smok-tfv16-lite-tank-black
vampirevape.co.uk,smok tfv16 lite tank-purple,smok tfv16 lite 2ml vape tank sub-ohm vaping,https://vapeonlinestore.co.uk/products/tfv16-lite-sub-ohm-tank-by-smok,0.6,low,https://www.vampirevape.co.uk/smok-tfv16-lite-tank-purple
vampirevape.co.uk,smok tfv16 lite tank-gold,smok tfv16 lite 2ml vape tank sub-ohm vaping,https://vapeonlinestore.co.uk/products/tfv16-lite-sub-ohm-tank-by-smok,0.6,low,https://www.vampirevape.co.uk/smok-tfv16-lite-tank-gold
vampirevape.co.uk,oxva origin x unicoil - 1.0ohm mesh - 5pk,oxva origin x replacement coils pack of 5,https://vapeonlinestore.co.uk/products/oxva-origin-x-coils-pack-of-5,0.6,low,https://www.vampirevape.co.uk/oxva-origin-x-unicoil-1-0ohm-mesh-5pk
vampirevape.co.uk,innokin endura prism t18/t22 coils - 5pk,innokin endura t18e / t22e pro 1.7 ohm replacement coils,https://vapeonlinestore.co.uk/products/t18e-pro-replacement-coils-by-innokin,0.6,low,https://www.vampirevape.co.uk/innokin-endura-prism-t18-t22-coils-5pk
vampirevape.co.uk,Aspire Pockex Replacement,pockex pyrex tube by aspire,https://vapeonlinestore.co.uk/products/pockex-pyrex-tube-by-aspire,0.6,low,https://www.vampirevape.co.uk/aspire-pockex-replacement-glass
vampirevape.co.uk,smok rpm replacement pods - 3pk,smok fetch pro rpm replacement pods,https://vapeonlinestore.co.uk/products/smok-fetch-pro-rpm-replacement-pods,0.6,low,https://www.vampirevape.co.uk/smok-rpm-replacement-pods-3pk
vampirevape.co.uk,geek vape aegis boost plus replacement pod - 1pk,geek vape aegis pod cartridge,https://vapeonlinestore.co.uk/products/geek-vape-aegis-pod-cartridge,0.6,low,https://www.vampirevape.co.uk/geek-vape-aegis-boost-plus-replacement-pod-1pk
vampirevape.co.uk,Aspire Nautilus,nautilus prime rba by aspire,https://vapeonlinestore.co.uk/products/nautilus-prime-rba-by-aspire,0.6,low,https://www.vampirevape.co.uk/aspire-nautilus-nano-glass
vampirevape.co.uk,innokin eqs kit - coral pink,innokin eqs pod vape kit,https://vapeonlinestore.co.uk/products/innokin-eqs-pod-vape-kit,0.6,low,https://www.vampirevape.co.uk/innokin-eqs-kit-coral-pink
vampirevape.co.uk,innokin eqs kit - sky blue,innokin eqs pod vape kit,https://vapeonlinestore.co.uk/products/innokin-eqs-pod-vape-kit,0.6,low,https://www.vampirevape.co.uk/innokin-eqs-kit-sky-blue
vampirevape.co.uk,geek vape wenax m1 replacement pods - 4pk,geekvape wenax m1 replacement pods – the no-fuss mtl essential (pack of 4),https://vapeonlinestore.co.uk/products/geekvape-wenax-m1-replacement-pods,0.6,low,https://www.vampirevape.co.uk/geek-vape-wenax-m1-replacement-pods-4pk
vampirevape.co.uk,uwell aeglos empty pod 2ml - 1pk,Refill Pods,https://vapeonlinestore.co.uk/products/caliburn-x-replacement-pods,0.6,low,https://www.vampirevape.co.uk/uwell-aeglos-empty-pod-2ml-1pk
vampirevape.co.uk,smok mag empty pod - 2ml - 3pk,Refill Pods,https://vapeonlinestore.co.uk/products/smok-tech247-replacement-pods,0.6,low,https://www.vampirevape.co.uk/smok-mag-empty-pod-2ml-3pk
vampirevape.co.uk,smok propod gt kit - pink,Smok Propod Pod Vape Kit,https://vapeonlinestore.co.uk/products/smok-propod-pod-kit,0.6,low,https://www.vampirevape.co.uk/smok-propod-gt-kit-pink
vampirevape.co.uk,vaporesso luxe xr max - single pod version - glacier blue,Vaporesso Luxe X And Xr Refill Pods,https://vapeonlinestore.co.uk/products/vaporesso-luxe-x-xr-replacement-pods,0.6,low,https://www.vampirevape.co.uk/vaporesso-luxe-xr-max-single-pod-version-glacier-blue
vampirevape.co.uk,Kit,smok fortis vape kit,https://vapeonlinestore.co.uk/products/smok-fortis-vape-kit,0.6,low,https://www.vampirevape.co.uk/smok-tech247-kit-green-gradient
vampirevape.co.uk,uwell crown x vape pod kit - sunrise sky,uwell crown x pod vape kit,https://vapeonlinestore.co.uk/products/uwell-crown-x-pod-vape-kit,0.6,low,https://www.vampirevape.co.uk/uwell-crown-x-vape-pod-kit-sunrise-sky
vampirevape.co.uk,smok solus replacement pods - 3pk,Refill Pods,https://vapeonlinestore.co.uk/products/smok-tech247-replacement-pods,0.6,low,https://www.vampirevape.co.uk/smok-solus-replacement-pods-3pk
vampirevape.co.uk,smok d-coils - 5pk,smok d- coil series replacement coils pack of 5,https://vapeonlinestore.co.uk/products/smok-d-coil-series-replacement-coils,0.6,low,https://www.vampirevape.co.uk/smok-d-coils-5pk
vampirevape.co.uk,avomi cliq prefilled pod kit bundle,avomi cliq 6000 puff pod vape kit,https://vapeonlinestore.co.uk/products/avomi-cliq-6000,0.6,low,https://www.vampirevape.co.uk/avomi-cliq-prefilled-pod-kit-bundle
vampirevape.co.uk,smok arco replacement pods - 3pk,Refill Pods,https://vapeonlinestore.co.uk/products/smok-tech247-replacement-pods,0.6,low,https://www.vampirevape.co.uk/smok-arco-pods-3pk
vampirevape.co.uk,gold bar xl pod & refill,gold bar xl 10k puff refill pods,https://vapeonlinestore.co.uk/products/gold-bar-xl-10k-prefilled-pods,0.6,low,https://www.vampirevape.co.uk/gold-bar-xl-prefilled-replacement-pods
vampirevape.co.uk,gold bar xl starter prefilled vape kit,gold bar xl 10k prefilled pod kit,https://vapeonlinestore.co.uk/products/gold-bar-xl-10000,0.6,low,https://www.vampirevape.co.uk/gold-bar-xl-starter-prefilled-vape-kit
vampirevape.co.uk,lost mary nera15k prefilled pods-kiwi passion fruit guava,box of 10 lost mary nera 15k puffs prefilled replacement pods,https://vapeonlinestore.co.uk/products/box-of-10-lost-mary-nera-pods,0.6,low,https://www.vampirevape.co.uk/lost-mary-nera15k-prefilled-pods-kiwi-passion-fruit-guava
vampirevape.co.uk,smok tfos replacement pods - 2pk,Refill Pods,https://vapeonlinestore.co.uk/products/smok-tech247-replacement-pods,0.6,low,https://www.vampirevape.co.uk/smok-tfos-replacement-pods-2pk
vampirevape.co.uk,smok novo meshed clx replacement pods - 3pk,smok novo x replacement pods pack of 3,https://vapeonlinestore.co.uk/products/smok-novo-x-replacement-pods,0.6,low,https://www.vampirevape.co.uk/smok-novo-meshed-clx-replacement-pods-3pk
vampirevape.co.uk,geek vape b series coils 5 pack - fast dispatch,geekvape b series coil [pack of 5],https://vapeonlinestore.co.uk/products/geekvape-b-series-coils-pack-of-5,0.6,low,https://www.vampirevape.co.uk/geek-vape-b-series-coils-5-pack-fast-dispatch
vampirevape.co.uk,vampire vape max fruit fusion e-liquid bundle,vampire vape max 10ml nic salts,https://vapeonlinestore.co.uk/products/vampire-vape-max-10ml,0.6,low,https://www.vampirevape.co.uk/vampire-vape-max-fruit-fusion-e-liquid-bundle
vampirevape.co.uk,vampire vape max summer mix e-liquid bundle,vampire vape max 10ml nic salts,https://vapeonlinestore.co.uk/products/vampire-vape-max-10ml,0.6,low,https://www.vampirevape.co.uk/vampire-vape-max-summer-mix-e-liquid-bundle
vampirevape.co.uk,vampire vape max fruit coolers e-liquid bundle,vampire vape max 10ml nic salts,https://vapeonlinestore.co.uk/products/vampire-vape-max-10ml,0.6,low,https://www.vampirevape.co.uk/vampire-vape-max-fruit-coolers-e-liquid-bundle
vampirevape.co.uk,voopoo argus multi-ohm replacement pods - 3pk,voopoo argus replacement pods,https://vapeonlinestore.co.uk/products/argus-replacement-pods-by-voopoo,0.6,low,https://www.vampirevape.co.uk/voopoo-argus-multi-ohm-replacement-pods-3pk
vampirevape.co.uk,smok novo axis ez vape pod kit,smok novo x kit,https://vapeonlinestore.co.uk/products/smok-novo-x-pod-kit,0.6,low,https://www.vampirevape.co.uk/smok-novo-axis-ez-kit
vampirevape.co.uk,smok novo slr 2.0 replacement pods - 3pk,smok novo x replacement pods pack of 3,https://vapeonlinestore.co.uk/products/smok-novo-x-replacement-pods,0.6,low,https://www.vampirevape.co.uk/smok-novo-slr-2-0-replacement-pods-3pk
vampirevape.co.uk,10Ml E-Liquid,Vampire Vape 10Ml E-Liquid,https://vapeonlinestore.co.uk/products/pack-of-10-vampire-vape-10ml-e-liquid,0.6,low,https://www.vampirevape.co.uk/nicit-up-10ml-e-liquid
